expense_key,report_id,employee_id,employee_name,department,cost_center,submit_date,trip_start_date,trip_end_date,expense_type,travel_class,vendor_name,origin_city,origin_iata,destination_city,destination_iata,distance_km,distance_unit,nights,amount,currency,amount_inr,exchange_rate,booking_platform,purpose,approved_by,approval_date,reimbursement_status
EXP-0000001,RPT-202301-0001,EMP-1009,Sunita Gupta,Sales,CC-SALES-02,2023-01-19,2023-01-10,2023-01-11,Airfare,Economy,Vistara,Mumbai,BOM,Bangalore,BLR,,KM,,300,INR,300,1.0,Concur,Product Launch,MGR-S01,2023-01-20,APPROVED
EXP-0000002,RPT-202301-0001,EMP-1009,Sunita Gupta,Sales,CC-SALES-02,2023-01-19,2023-01-10,2023-01-11,Hotel,,Hyatt Regency Bangalore,,,Bangalore,BLR,,,1,5500,INR,5500,1.0,Concur,Product Launch,MGR-S01,2023-01-20,APPROVED
EXP-0000003,RPT-202301-0001,EMP-1009,Sunita Gupta,Sales,CC-SALES-02,2023-01-19,2023-01-10,2023-01-11,Ground Transport,,Grab,Bangalore,,Bangalore,BLR,54.9,KM,,1143,INR,1143,1.0,Concur,Product Launch,MGR-S01,2023-01-20,APPROVED
EXP-0000004,RPT-202301-0001,EMP-1009,Sunita Gupta,Sales,CC-SALES-02,2023-01-19,2023-01-10,2023-01-11,Ground Transport,,Local Taxi,,,Bangalore,BLR,24.5,KM,,400,INR,400,1.0,Concur,Product Launch,MGR-S01,2023-01-20,APPROVED
EXP-0000005,RPT-202301-0001,EMP-1009,Sunita Gupta,Sales,CC-SALES-02,2023-01-19,2023-01-10,2023-01-11,Ground Transport,,Meru Cabs,Bangalore,,Bangalore,BLR,34.0,KM,,615,INR,615,1.0,Concur,Product Launch,MGR-S01,2023-01-20,APPROVED
EXP-0000006,RPT-202301-0002,EMP-1003,Amit Patel,Finance,CC-FIN-01,2023-01-09,2023-01-04,2023-01-05,Airfare,Business,Qatar Airways,Delhi,DEL,Bangalore,BLR,,KM,,800,INR,800,1.0,Concur,Budget Review,MGR-F01,,PENDING
EXP-0000007,RPT-202301-0002,EMP-1003,Amit Patel,Finance,CC-FIN-01,2023-01-09,2023-01-04,2023-01-05,Hotel,,Radisson Blu Bangalore,,,Bangalore,BLR,,,1,9000,INR,9000,1.0,Concur,Budget Review,MGR-F01,,PENDING
EXP-0000008,RPT-202301-0002,EMP-1003,Amit Patel,Finance,CC-FIN-01,2023-01-09,2023-01-04,2023-01-05,Ground Transport,,Ola,Bangalore,,Bangalore,BLR,38.2,KM,,1100,INR,1100,1.0,Concur,Budget Review,MGR-F01,,PENDING
EXP-0000009,RPT-202301-0002,EMP-1003,Amit Patel,Finance,CC-FIN-01,2023-01-09,2023-01-04,2023-01-05,Ground Transport,,Careem,,,Bangalore,BLR,25.8,KM,,592,INR,592,1.0,Concur,Budget Review,MGR-F01,,PENDING
EXP-0000010,RPT-202301-0003,EMP-1019,Pooja Desai,Operations,CC-OPS-01,2023-01-30,2023-01-19,2023-01-22,Airfare,Economy,IndiGo,Chennai,,Amsterdam,AMS,,KM,,6900,INR,6900,1.0,Concur,Sales Pitch,MGR-O01,2023-02-03,APPROVED
EXP-0000011,RPT-202301-0003,EMP-1019,Pooja Desai,Operations,CC-OPS-01,2023-01-30,2023-01-19,2023-01-22,Hotel,,Marriott Amsterdam,,,Amsterdam,AMS,,,3,39500,INR,39500,1.0,Concur,Sales Pitch,MGR-O01,2023-02-03,APPROVED
EXP-0000012,RPT-202301-0003,EMP-1019,Pooja Desai,Operations,CC-OPS-01,2023-01-30,2023-01-19,2023-01-22,Ground Transport,,Ola,Amsterdam,,Amsterdam,AMS,26.1,KM,,779,INR,779,1.0,Concur,Sales Pitch,MGR-O01,2023-02-03,APPROVED
EXP-0000013,RPT-202301-0003,EMP-1019,Pooja Desai,Operations,CC-OPS-01,2023-01-30,2023-01-19,2023-01-22,Ground Transport,,Metro Rail,,,Amsterdam,AMS,21.5,KM,,485,INR,485,1.0,Concur,Sales Pitch,MGR-O01,2023-02-03,APPROVED
EXP-0000014,RPT-202301-0003,EMP-1019,Pooja Desai,Operations,CC-OPS-01,2023-01-30,2023-01-19,2023-01-22,Ground Transport,,Yellow Cab,Amsterdam,,Amsterdam,AMS,41.0,KM,,649,INR,649,1.0,Concur,Sales Pitch,MGR-O01,2023-02-03,APPROVED
EXP-0000015,RPT-202302-0004,EMP-1004,Sneha Reddy,HR,CC-HR-01,2023-02-05,2023-01-27,2023-01-28,Airfare,Economy,Vistara,Delhi,DEL,Kolkata,CCU,,KM,,400,INR,400,1.0,Concur,Team Offsite,MGR-H01,2023-02-09,APPROVED
EXP-0000016,RPT-202302-0004,EMP-1004,Sneha Reddy,HR,CC-HR-01,2023-02-05,2023-01-27,2023-01-28,Hotel,,Taj Hotels Kolkata,,,Kolkata,CCU,,,1,5000,INR,5000,1.0,Concur,Team Offsite,MGR-H01,2023-02-09,APPROVED
EXP-0000017,RPT-202302-0004,EMP-1004,Sneha Reddy,HR,CC-HR-01,2023-02-05,2023-01-27,2023-01-28,Ground Transport,,Yellow Cab,Kolkata,,Kolkata,CCU,10.4,KM,,170,INR,170,1.0,Concur,Team Offsite,MGR-H01,2023-02-09,APPROVED
EXP-0000018,RPT-202302-0004,EMP-1004,Sneha Reddy,HR,CC-HR-01,2023-02-05,2023-01-27,2023-01-28,Ground Transport,,Yellow Cab,,,Kolkata,CCU,15.1,KM,,315,INR,315,1.0,Concur,Team Offsite,MGR-H01,2023-02-09,APPROVED
EXP-0000019,RPT-202302-0004,EMP-1004,Sneha Reddy,HR,CC-HR-01,2023-02-05,2023-01-27,2023-01-28,Ground Transport,,Meru Cabs,Kolkata,,Kolkata,CCU,14.6,KM,,406,INR,406,1.0,Concur,Team Offsite,MGR-H01,2023-02-09,APPROVED
EXP-0000020,RPT-202301-0005,EMP-1009,Sunita Gupta,Sales,CC-SALES-02,2023-01-11,2023-01-06,2023-01-08,Airfare,Economy,Etihad,Mumbai,BOM,Ahmedabad,AMD,,KM,,100,INR,100,1.0,Concur,Budget Review,MGR-S01,2023-01-15,APPROVED
EXP-0000021,RPT-202301-0005,EMP-1009,Sunita Gupta,Sales,CC-SALES-02,2023-01-11,2023-01-06,2023-01-08,Hotel,,Westin Ahmedabad,,,Ahmedabad,AMD,,,2,13000,INR,13000,1.0,Concur,Budget Review,MGR-S01,2023-01-15,APPROVED
EXP-0000022,RPT-202301-0005,EMP-1009,Sunita Gupta,Sales,CC-SALES-02,2023-01-11,2023-01-06,2023-01-08,Ground Transport,,Yellow Cab,Ahmedabad,,Ahmedabad,AMD,36.9,KM,,1044,INR,1044,1.0,Concur,Budget Review,MGR-S01,2023-01-15,APPROVED
EXP-0000023,RPT-202301-0005,EMP-1009,Sunita Gupta,Sales,CC-SALES-02,2023-01-11,2023-01-06,2023-01-08,Ground Transport,,Local Taxi,,,Ahmedabad,AMD,38.0,KM,,738,INR,738,1.0,Concur,Budget Review,MGR-S01,2023-01-15,APPROVED
EXP-0000024,RPT-202301-0006,EMP-1010,Ravi Krishnan,Operations,CC-OPS-02,2023-01-08,2023-01-03,2023-01-07,Airfare,Economy,Air India,Chennai,MAA,Delhi,DEL,,KM,,400,INR,400,1.0,Concur,Sales Pitch,MGR-O01,,REJECTED
EXP-0000025,RPT-202301-0006,EMP-1010,Ravi Krishnan,Operations,CC-OPS-02,2023-01-08,2023-01-03,2023-01-07,Hotel,,JW Marriott Delhi,,,Delhi,DEL,,,4,30000,INR,30000,1.0,Concur,Sales Pitch,MGR-O01,,REJECTED
EXP-0000026,RPT-202301-0006,EMP-1010,Ravi Krishnan,Operations,CC-OPS-02,2023-01-08,2023-01-03,2023-01-07,Ground Transport,,Local Taxi,Delhi,,Delhi,DEL,14.9,KM,,372,INR,372,1.0,Concur,Sales Pitch,MGR-O01,,REJECTED
EXP-0000027,RPT-202302-0007,EMP-1015,Kavita Joshi,HR,CC-HR-01,2023-02-06,2023-01-27,2023-01-30,Airfare,Business,Lufthansa,Delhi,DEL,Amsterdam,AMS,,KM,,12600,INR,12600,1.0,Concur,Audit Review,MGR-H01,2023-02-07,APPROVED
EXP-0000028,RPT-202302-0007,EMP-1015,Kavita Joshi,HR,CC-HR-01,2023-02-06,2023-01-27,2023-01-30,Hotel,,Sheraton Amsterdam,,,Amsterdam,AMS,,,3,57500,INR,57500,1.0,Concur,Audit Review,MGR-H01,2023-02-07,APPROVED
EXP-0000029,RPT-202302-0007,EMP-1015,Kavita Joshi,HR,CC-HR-01,2023-02-06,2023-01-27,2023-01-30,Ground Transport,,Yellow Cab,Amsterdam,,Amsterdam,AMS,53.7,KM,,1414,INR,1414,1.0,Concur,Audit Review,MGR-H01,2023-02-07,APPROVED
EXP-0000030,RPT-202302-0007,EMP-1015,Kavita Joshi,HR,CC-HR-01,2023-02-06,2023-01-27,2023-01-30,Ground Transport,,Black Cab,,,Amsterdam,AMS,54.3,KM,,1440,INR,1440,1.0,Concur,Audit Review,MGR-H01,2023-02-07,APPROVED
EXP-0000031,RPT-202302-0008,EMP-1013,Nisha Verma,Engineering,CC-ENG-01,2023-02-02,2023-01-24,2023-01-28,Airfare,Economy,IndiGo,Bangalore,BLR,Chennai,MAA,,KM,,100,INR,100,1.0,Concur,Audit Review,MGR-E01,2023-02-04,APPROVED
EXP-0000032,RPT-202302-0008,EMP-1013,Nisha Verma,Engineering,CC-ENG-01,2023-02-02,2023-01-24,2023-01-28,Hotel,,Hilton Chennai,,,Chennai,MAA,,,4,22000,INR,22000,1.0,Concur,Audit Review,MGR-E01,2023-02-04,APPROVED
EXP-0000033,RPT-202302-0008,EMP-1013,Nisha Verma,Engineering,CC-ENG-01,2023-02-02,2023-01-24,2023-01-28,Ground Transport,,Uber,Chennai,,Chennai,MAA,35.2,KM,,886,INR,886,1.0,Concur,Audit Review,MGR-E01,2023-02-04,APPROVED
EXP-0000034,RPT-202302-0008,EMP-1013,Nisha Verma,Engineering,CC-ENG-01,2023-02-02,2023-01-24,2023-01-28,Ground Transport,,Metro Rail,,,Chennai,MAA,33.7,KM,,938,INR,938,1.0,Concur,Audit Review,MGR-E01,2023-02-04,APPROVED
EXP-0000035,RPT-202302-0008,EMP-1013,Nisha Verma,Engineering,CC-ENG-01,2023-02-02,2023-01-24,2023-01-28,Ground Transport,,Rapido,Chennai,,Chennai,MAA,15.4,KM,,391,INR,391,1.0,Concur,Audit Review,MGR-E01,2023-02-04,APPROVED
EXP-0000036,RPT-202301-0009,EMP-1009,Sunita Gupta,Sales,CC-SALES-02,2023-01-30,2023-01-22,2023-01-23,Airfare,Economy,IndiGo,Mumbai,BOM,Pune,PNQ,,KM,,0,INR,0,1.0,Concur,Training Program,MGR-S01,2023-02-02,APPROVED
EXP-0000037,RPT-202301-0009,EMP-1009,Sunita Gupta,Sales,CC-SALES-02,2023-01-30,2023-01-22,2023-01-23,Hotel,,Marriott Pune,,,Pune,PNQ,,,1,4500,INR,4500,1.0,Concur,Training Program,MGR-S01,2023-02-02,APPROVED
EXP-0000038,RPT-202301-0009,EMP-1009,Sunita Gupta,Sales,CC-SALES-02,2023-01-30,2023-01-22,2023-01-23,Ground Transport,,Ola,Pune,,Pune,PNQ,28.2,KM,,838,INR,838,1.0,Concur,Training Program,MGR-S01,2023-02-02,APPROVED
EXP-0000039,RPT-202301-0009,EMP-1009,Sunita Gupta,Sales,CC-SALES-02,2023-01-30,2023-01-22,2023-01-23,Ground Transport,,Careem,,,Pune,PNQ,29.3,KM,,488,INR,488,1.0,Concur,Training Program,MGR-S01,2023-02-02,APPROVED
EXP-0000040,RPT-202301-0010,EMP-1005,Vikram Nair,Operations,CC-OPS-01,2023-01-27,2023-01-21,2023-01-24,Airfare,Economy,Singapore Airlines,Chennai,,Ahmedabad,AMD,,KM,,400,INR,400,1.0,Concur,Vendor Meeting,MGR-O01,,PENDING
EXP-0000041,RPT-202301-0010,EMP-1005,Vikram Nair,Operations,CC-OPS-01,2023-01-27,2023-01-21,2023-01-24,Hotel,,ITC Hotels Ahmedabad,,,Ahmedabad,AMD,,,3,20500,INR,20500,1.0,Concur,Vendor Meeting,MGR-O01,,PENDING
EXP-0000042,RPT-202301-0010,EMP-1005,Vikram Nair,Operations,CC-OPS-01,2023-01-27,2023-01-21,2023-01-24,Ground Transport,,Metro Rail,Ahmedabad,,Ahmedabad,AMD,43.2,KM,,780,INR,780,1.0,Concur,Vendor Meeting,MGR-O01,,PENDING
EXP-0000043,RPT-202301-0011,EMP-1011,Anjali Singh,Marketing,CC-MKT-01,2023-01-30,2023-01-19,2023-01-23,Airfare,Economy,Go First,Mumbai,BOM,Bangalore,BLR,,KM,,300,INR,300,1.0,Concur,Legal Negotiation,MGR-M01,2023-02-01,APPROVED
EXP-0000044,RPT-202301-0011,EMP-1011,Anjali Singh,Marketing,CC-MKT-01,2023-01-30,2023-01-19,2023-01-23,Hotel,,Radisson Blu Bangalore,,,Bangalore,BLR,,,4,30000,INR,30000,1.0,Concur,Legal Negotiation,MGR-M01,2023-02-01,APPROVED
EXP-0000045,RPT-202301-0011,EMP-1011,Anjali Singh,Marketing,CC-MKT-01,2023-01-30,2023-01-19,2023-01-23,Ground Transport,,Careem,Bangalore,,Bangalore,BLR,40.1,KM,,806,INR,806,1.0,Concur,Legal Negotiation,MGR-M01,2023-02-01,APPROVED
EXP-0000046,RPT-202301-0011,EMP-1011,Anjali Singh,Marketing,CC-MKT-01,2023-01-30,2023-01-19,2023-01-23,Ground Transport,,Meru Cabs,,,Bangalore,BLR,18.6,KM,,419,INR,419,1.0,Concur,Legal Negotiation,MGR-M01,2023-02-01,APPROVED
EXP-0000047,RPT-202301-0011,EMP-1011,Anjali Singh,Marketing,CC-MKT-01,2023-01-30,2023-01-19,2023-01-23,Ground Transport,,Rapido,Bangalore,,Bangalore,BLR,21.4,KM,,577,INR,577,1.0,Concur,Legal Negotiation,MGR-M01,2023-02-01,APPROVED
EXP-0000048,RPT-202301-0012,EMP-1012,Mohit Sharma,Finance,CC-FIN-01,2023-01-19,2023-01-10,2023-01-14,Airfare,Economy,SpiceJet,Delhi,DEL,Ahmedabad,AMD,,KM,,200,INR,200,1.0,Concur,Training Program,MGR-F01,2023-01-23,APPROVED
EXP-0000049,RPT-202301-0012,EMP-1012,Mohit Sharma,Finance,CC-FIN-01,2023-01-19,2023-01-10,2023-01-14,Hotel,,Taj Hotels Ahmedabad,,,Ahmedabad,AMD,,,4,21000,INR,21000,1.0,Concur,Training Program,MGR-F01,2023-01-23,APPROVED
EXP-0000050,RPT-202301-0012,EMP-1012,Mohit Sharma,Finance,CC-FIN-01,2023-01-19,2023-01-10,2023-01-14,Ground Transport,,Black Cab,Ahmedabad,,Ahmedabad,AMD,36.2,KM,,778,INR,778,1.0,Concur,Training Program,MGR-F01,2023-01-23,APPROVED
EXP-0000051,RPT-202301-0012,EMP-1012,Mohit Sharma,Finance,CC-FIN-01,2023-01-19,2023-01-10,2023-01-14,Ground Transport,,Ola,,,Ahmedabad,AMD,37.8,KM,,959,INR,959,1.0,Concur,Training Program,MGR-F01,2023-01-23,APPROVED
EXP-0000052,RPT-202301-0013,EMP-1015,Kavita Joshi,HR,CC-HR-01,2023-01-28,2023-01-16,2023-01-21,Airfare,Business,Emirates,Delhi,DEL,Amsterdam,AMS,,KM,,12800,INR,12800,1.0,Concur,Legal Negotiation,MGR-H01,2023-02-01,APPROVED
EXP-0000053,RPT-202301-0013,EMP-1015,Kavita Joshi,HR,CC-HR-01,2023-01-28,2023-01-16,2023-01-21,Hotel,,Sofitel Amsterdam,,,Amsterdam,AMS,,,5,63000,INR,63000,1.0,Concur,Legal Negotiation,MGR-H01,2023-02-01,APPROVED
EXP-0000054,RPT-202301-0013,EMP-1015,Kavita Joshi,HR,CC-HR-01,2023-01-28,2023-01-16,2023-01-21,Ground Transport,,Yellow Cab,Amsterdam,,Amsterdam,AMS,52.6,KM,,1135,INR,1135,1.0,Concur,Legal Negotiation,MGR-H01,2023-02-01,APPROVED
EXP-0000055,RPT-202301-0013,EMP-1015,Kavita Joshi,HR,CC-HR-01,2023-01-28,2023-01-16,2023-01-21,Ground Transport,,Ola,,,Amsterdam,AMS,40.6,KM,,621,INR,621,1.0,Concur,Legal Negotiation,MGR-H01,2023-02-01,APPROVED
EXP-0000056,RPT-202301-0014,EMP-1013,Nisha Verma,Engineering,CC-ENG-01,2023-01-19,2023-01-12,2023-01-13,Airfare,Economy,Emirates,Bangalore,BLR,Hyderabad,HYD,,KM,,100,INR,100,1.0,Concur,Operations Review,MGR-E01,2023-01-21,APPROVED
EXP-0000057,RPT-202301-0014,EMP-1013,Nisha Verma,Engineering,CC-ENG-01,2023-01-19,2023-01-12,2023-01-13,Hotel,,ITC Hotels Hyderabad,,,Hyderabad,HYD,,,1,6000,INR,6000,1.0,Concur,Operations Review,MGR-E01,2023-01-21,APPROVED
EXP-0000058,RPT-202301-0014,EMP-1013,Nisha Verma,Engineering,CC-ENG-01,2023-01-19,2023-01-12,2023-01-13,Ground Transport,,Rapido,Hyderabad,,Hyderabad,HYD,21.5,KM,,577,INR,577,1.0,Concur,Operations Review,MGR-E01,2023-01-21,APPROVED
EXP-0000059,RPT-202301-0014,EMP-1013,Nisha Verma,Engineering,CC-ENG-01,2023-01-19,2023-01-12,2023-01-13,Ground Transport,,Yellow Cab,,,Hyderabad,HYD,24.8,KM,,631,INR,631,1.0,Concur,Operations Review,MGR-E01,2023-01-21,APPROVED
EXP-0000060,RPT-202301-0014,EMP-1013,Nisha Verma,Engineering,CC-ENG-01,2023-01-19,2023-01-12,2023-01-13,Ground Transport,,Careem,Hyderabad,,Hyderabad,HYD,36.5,KM,,827,INR,827,1.0,Concur,Operations Review,MGR-E01,2023-01-21,APPROVED
EXP-0000061,RPT-202301-0015,EMP-1008,Arjun Mehta,Engineering,CC-ENG-02,2023-01-15,2023-01-04,2023-01-08,Airfare,Economy,Emirates,Bangalore,BLR,Pune,PNQ,,KM,,200,INR,200,1.0,Concur,Board Review,MGR-E01,,PENDING
EXP-0000062,RPT-202301-0015,EMP-1008,Arjun Mehta,Engineering,CC-ENG-02,2023-01-15,2023-01-04,2023-01-08,Hotel,,ITC Hotels Pune,,,Pune,PNQ,,,4,25500,INR,25500,1.0,Concur,Board Review,MGR-E01,,PENDING
EXP-0000063,RPT-202301-0015,EMP-1008,Arjun Mehta,Engineering,CC-ENG-02,2023-01-15,2023-01-04,2023-01-08,Ground Transport,,Metro Rail,Pune,,Pune,PNQ,32.9,KM,,749,INR,749,1.0,Concur,Board Review,MGR-E01,,PENDING
EXP-0000064,RPT-202302-0016,EMP-1002,Priya Menon,Engineering,CC-ENG-01,2023-02-02,2023-01-27,2023-01-29,Airfare,Economy,Air India,Bangalore,BLR,Ahmedabad,AMD,,KM,,300,INR,300,1.0,Concur,Audit Review,MGR-E01,,PENDING
EXP-0000065,RPT-202302-0016,EMP-1002,Priya Menon,Engineering,CC-ENG-01,2023-02-02,2023-01-27,2023-01-29,Hotel,,Le Meridien Ahmedabad,,,Ahmedabad,AMD,,,2,12500,INR,12500,1.0,Concur,Audit Review,MGR-E01,,PENDING
EXP-0000066,RPT-202302-0016,EMP-1002,Priya Menon,Engineering,CC-ENG-01,2023-02-02,2023-01-27,2023-01-29,Ground Transport,,Ola,Ahmedabad,,Ahmedabad,AMD,39.6,KM,,1155,INR,1155,1.0,Concur,Audit Review,MGR-E01,,PENDING
EXP-0000067,RPT-202302-0016,EMP-1002,Priya Menon,Engineering,CC-ENG-01,2023-02-02,2023-01-27,2023-01-29,Ground Transport,,Careem,,,Ahmedabad,AMD,34.5,KM,,750,INR,750,1.0,Concur,Audit Review,MGR-E01,,PENDING
EXP-0000068,RPT-202302-0016,EMP-1002,Priya Menon,Engineering,CC-ENG-01,2023-02-02,2023-01-27,2023-01-29,Ground Transport,,Ola,Ahmedabad,,Ahmedabad,AMD,42.7,KM,,1019,INR,1019,1.0,Concur,Audit Review,MGR-E01,,PENDING
EXP-0000069,RPT-202301-0017,EMP-1012,Mohit Sharma,Finance,CC-FIN-01,2023-01-18,2023-01-10,2023-01-12,Airfare,Business,IndiGo,Delhi,DEL,Pune,PNQ,,KM,,600,INR,600,1.0,Concur,HR Summit,MGR-F01,2023-01-21,APPROVED
EXP-0000070,RPT-202301-0017,EMP-1012,Mohit Sharma,Finance,CC-FIN-01,2023-01-18,2023-01-10,2023-01-12,Hotel,,Westin Pune,,,Pune,PNQ,,,2,9500,INR,9500,1.0,Concur,HR Summit,MGR-F01,2023-01-21,APPROVED
EXP-0000071,RPT-202301-0017,EMP-1012,Mohit Sharma,Finance,CC-FIN-01,2023-01-18,2023-01-10,2023-01-12,Ground Transport,,Uber,Pune,,Pune,PNQ,44.8,KM,,1076,INR,1076,1.0,Concur,HR Summit,MGR-F01,2023-01-21,APPROVED
EXP-0000072,RPT-202301-0018,EMP-1014,Suresh Babu,Sales,CC-SALES-03,2023-01-31,2023-01-20,2023-01-23,Airfare,Business,Air India,Mumbai,BOM,New York,JFK,,KM,,24000,INR,24000,1.0,Concur,Tech Conference,MGR-S02,2023-02-02,APPROVED
EXP-0000073,RPT-202301-0018,EMP-1014,Suresh Babu,Sales,CC-SALES-03,2023-01-31,2023-01-20,2023-01-23,Hotel,,Holiday Inn New York,,,New York,JFK,,,3,80500,INR,80500,1.0,Concur,Tech Conference,MGR-S02,2023-02-02,APPROVED
EXP-0000074,RPT-202301-0018,EMP-1014,Suresh Babu,Sales,CC-SALES-03,2023-01-31,2023-01-20,2023-01-23,Ground Transport,,Careem,New York,,New York,JFK,36.0,KM,,638,INR,638,1.0,Concur,Tech Conference,MGR-S02,2023-02-02,APPROVED
EXP-0000075,RPT-202301-0018,EMP-1014,Suresh Babu,Sales,CC-SALES-03,2023-01-31,2023-01-20,2023-01-23,Ground Transport,,Rapido,,,New York,JFK,31.8,KM,,672,INR,672,1.0,Concur,Tech Conference,MGR-S02,2023-02-02,APPROVED
EXP-0000076,RPT-202301-0018,EMP-1014,Suresh Babu,Sales,CC-SALES-03,2023-01-31,2023-01-20,2023-01-23,Ground Transport,,Rapido,New York,,New York,JFK,11.3,KM,,176,INR,176,1.0,Concur,Tech Conference,MGR-S02,2023-02-02,APPROVED
EXP-0000077,RPT-202301-0019,EMP-1001,Rahul Sharma,Sales,CC-SALES-01,2023-01-23,2023-01-15,2023-01-21,Airfare,Business,British Airways,Mumbai,BOM,San Francisco,SFO,,KM,,26700,INR,26700,1.0,Concur,Legal Negotiation,MGR-S01,2023-01-24,APPROVED
EXP-0000078,RPT-202301-0019,EMP-1001,Rahul Sharma,Sales,CC-SALES-01,2023-01-23,2023-01-15,2023-01-21,Hotel,,Four Seasons San Francisco,,,San Francisco,SFO,,,6,77000,INR,77000,1.0,Concur,Legal Negotiation,MGR-S01,2023-01-24,APPROVED
EXP-0000079,RPT-202301-0019,EMP-1001,Rahul Sharma,Sales,CC-SALES-01,2023-01-23,2023-01-15,2023-01-21,Ground Transport,,Rapido,San Francisco,,San Francisco,SFO,53.3,KM,,946,INR,946,1.0,Concur,Legal Negotiation,MGR-S01,2023-01-24,APPROVED
EXP-0000080,RPT-202301-0019,EMP-1001,Rahul Sharma,Sales,CC-SALES-01,2023-01-23,2023-01-15,2023-01-21,Ground Transport,,Local Taxi,,,San Francisco,SFO,52.1,KM,,1497,INR,1497,1.0,Concur,Legal Negotiation,MGR-S01,2023-01-24,APPROVED
EXP-0000081,RPT-202301-0020,EMP-1004,Sneha Reddy,HR,CC-HR-01,2023-01-13,2023-01-06,2023-01-08,Airfare,Business,IndiGo,Delhi,DEL,Tokyo,NRT,,KM,,9900,INR,9900,1.0,Concur,Tech Conference,MGR-H01,2023-01-16,APPROVED
EXP-0000082,RPT-202301-0020,EMP-1004,Sneha Reddy,HR,CC-HR-01,2023-01-13,2023-01-06,2023-01-08,Hotel,,Holiday Inn Tokyo,,,Tokyo,NRT,,,2,49500,INR,49500,1.0,Concur,Tech Conference,MGR-H01,2023-01-16,APPROVED
EXP-0000083,RPT-202301-0020,EMP-1004,Sneha Reddy,HR,CC-HR-01,2023-01-13,2023-01-06,2023-01-08,Ground Transport,,Uber,Tokyo,,Tokyo,NRT,18.4,KM,,499,INR,499,1.0,Concur,Tech Conference,MGR-H01,2023-01-16,APPROVED
EXP-0000084,RPT-202301-0020,EMP-1004,Sneha Reddy,HR,CC-HR-01,2023-01-13,2023-01-06,2023-01-08,Ground Transport,,Careem,,,Tokyo,NRT,45.7,KM,,706,INR,706,1.0,Concur,Tech Conference,MGR-H01,2023-01-16,APPROVED
EXP-0000085,RPT-202301-0020,EMP-1004,Sneha Reddy,HR,CC-HR-01,2023-01-13,2023-01-06,2023-01-08,Ground Transport,,Careem,Tokyo,,Tokyo,NRT,38.9,KM,,707,INR,707,1.0,Concur,Tech Conference,MGR-H01,2023-01-16,APPROVED
EXP-0000086,RPT-202301-0021,EMP-1005,Vikram Nair,Operations,CC-OPS-01,2023-01-17,2023-01-10,2023-01-13,Airfare,Economy,IndiGo,Chennai,MAA,Bangalore,BLR,,KM,,100,INR,100,1.0,Concur,Operations Review,MGR-O01,2023-01-20,APPROVED
EXP-0000087,RPT-202301-0021,EMP-1005,Vikram Nair,Operations,CC-OPS-01,2023-01-17,2023-01-10,2023-01-13,Hotel,,Hilton Bangalore,,,Bangalore,BLR,,,3,15000,INR,15000,1.0,Concur,Operations Review,MGR-O01,2023-01-20,APPROVED
EXP-0000088,RPT-202301-0021,EMP-1005,Vikram Nair,Operations,CC-OPS-01,2023-01-17,2023-01-10,2023-01-13,Ground Transport,,Yellow Cab,Bangalore,,Bangalore,BLR,16.2,KM,,345,INR,345,1.0,Concur,Operations Review,MGR-O01,2023-01-20,APPROVED
EXP-0000089,RPT-202302-0022,EMP-1009,Sunita Gupta,Sales,CC-SALES-02,2023-02-01,2023-01-26,2023-01-30,Airfare,Economy,Singapore Airlines,Mumbai,BOM,Bangalore,BLR,,KM,,300,INR,300,1.0,Concur,Product Launch,MGR-S01,2023-02-03,APPROVED
EXP-0000090,RPT-202302-0022,EMP-1009,Sunita Gupta,Sales,CC-SALES-02,2023-02-01,2023-01-26,2023-01-30,Hotel,,Taj Hotels Bangalore,,,Bangalore,BLR,,,4,31000,INR,31000,1.0,Concur,Product Launch,MGR-S01,2023-02-03,APPROVED
EXP-0000091,RPT-202302-0022,EMP-1009,Sunita Gupta,Sales,CC-SALES-02,2023-02-01,2023-01-26,2023-01-30,Ground Transport,,Careem,Bangalore,,Bangalore,BLR,19.4,KM,,472,INR,472,1.0,Concur,Product Launch,MGR-S01,2023-02-03,APPROVED
EXP-0000092,RPT-202301-0023,EMP-1014,Suresh Babu,Sales,CC-SALES-03,2023-01-26,2023-01-20,2023-01-23,Airfare,Economy,Air India,Mumbai,BOM,Kolkata,CCU,,KM,,400,INR,400,1.0,Concur,Audit Review,MGR-S02,2023-01-28,APPROVED
EXP-0000093,RPT-202301-0023,EMP-1014,Suresh Babu,Sales,CC-SALES-03,2023-01-26,2023-01-20,2023-01-23,Hotel,,Radisson Blu Kolkata,,,Kolkata,CCU,,,3,13500,INR,13500,1.0,Concur,Audit Review,MGR-S02,2023-01-28,APPROVED
EXP-0000094,RPT-202301-0023,EMP-1014,Suresh Babu,Sales,CC-SALES-03,2023-01-26,2023-01-20,2023-01-23,Ground Transport,,Meru Cabs,Kolkata,,Kolkata,CCU,23.3,KM,,668,INR,668,1.0,Concur,Audit Review,MGR-S02,2023-01-28,APPROVED
EXP-0000095,RPT-202301-0023,EMP-1014,Suresh Babu,Sales,CC-SALES-03,2023-01-26,2023-01-20,2023-01-23,Ground Transport,,Uber,,,Kolkata,CCU,43.1,KM,,940,INR,940,1.0,Concur,Audit Review,MGR-S02,2023-01-28,APPROVED
EXP-0000096,RPT-202301-0024,EMP-1014,Suresh Babu,Sales,CC-SALES-03,2023-01-17,2023-01-12,2023-01-16,Airfare,Business,Air India,Mumbai,BOM,Sydney,SYD,,KM,,21000,INR,21000,1.0,Concur,Board Review,MGR-S02,2023-01-18,APPROVED
EXP-0000097,RPT-202301-0024,EMP-1014,Suresh Babu,Sales,CC-SALES-03,2023-01-17,2023-01-12,2023-01-16,Hotel,,Radisson Sydney,,,Sydney,SYD,,,4,139500,INR,139500,1.0,Concur,Board Review,MGR-S02,2023-01-18,APPROVED
EXP-0000098,RPT-202301-0024,EMP-1014,Suresh Babu,Sales,CC-SALES-03,2023-01-17,2023-01-12,2023-01-16,Ground Transport,,Careem,Sydney,,Sydney,SYD,29.8,KM,,642,INR,642,1.0,Concur,Board Review,MGR-S02,2023-01-18,APPROVED
EXP-0000099,RPT-202301-0025,EMP-1011,Anjali Singh,Marketing,CC-MKT-01,2023-01-20,2023-01-11,2023-01-15,Airfare,Economy,IndiGo,Mumbai,BOM,Delhi,DEL,,KM,,300,INR,300,1.0,Concur,Audit Review,MGR-M01,2023-01-23,APPROVED
EXP-0000100,RPT-202301-0025,EMP-1011,Anjali Singh,Marketing,CC-MKT-01,2023-01-20,2023-01-11,2023-01-15,Hotel,,Le Meridien Delhi,,,Delhi,DEL,,,4,27000,INR,27000,1.0,Concur,Audit Review,MGR-M01,2023-01-23,APPROVED
EXP-0000101,RPT-202301-0025,EMP-1011,Anjali Singh,Marketing,CC-MKT-01,2023-01-20,2023-01-11,2023-01-15,Ground Transport,,Careem,Delhi,,Delhi,DEL,41.1,KM,,828,INR,828,1.0,Concur,Audit Review,MGR-M01,2023-01-23,APPROVED
EXP-0000102,RPT-202301-0026,EMP-1002,Priya Menon,Engineering,CC-ENG-01,2023-01-15,2023-01-08,2023-01-12,Airfare,Business,Singapore Airlines,Bangalore,,Kuala Lumpur,KUL,,KM,,5300,INR,5300,1.0,Concur,Client Meeting,MGR-E01,2023-01-19,APPROVED
EXP-0000103,RPT-202301-0026,EMP-1002,Priya Menon,Engineering,CC-ENG-01,2023-01-15,2023-01-08,2023-01-12,Hotel,,Radisson Kuala Lumpur,,,Kuala Lumpur,KUL,,,4,82500,INR,82500,1.0,Concur,Client Meeting,MGR-E01,2023-01-19,APPROVED
EXP-0000104,RPT-202301-0026,EMP-1002,Priya Menon,Engineering,CC-ENG-01,2023-01-15,2023-01-08,2023-01-12,Ground Transport,,Meru Cabs,Kuala Lumpur,,Kuala Lumpur,KUL,11.9,KM,,182,INR,182,1.0,Concur,Client Meeting,MGR-E01,2023-01-19,APPROVED
EXP-0000105,RPT-202301-0027,EMP-1013,Nisha Verma,Engineering,CC-ENG-01,2023-01-21,2023-01-13,2023-01-15,Airfare,Economy,Etihad,Bangalore,BLR,Hyderabad,HYD,,KM,,100,INR,100,1.0,Concur,Budget Review,MGR-E01,2023-01-25,APPROVED
EXP-0000106,RPT-202301-0027,EMP-1013,Nisha Verma,Engineering,CC-ENG-01,2023-01-21,2023-01-13,2023-01-15,Hotel,,Hilton Hyderabad,,,Hyderabad,HYD,,,2,9000,INR,9000,1.0,Concur,Budget Review,MGR-E01,2023-01-25,APPROVED
EXP-0000107,RPT-202301-0027,EMP-1013,Nisha Verma,Engineering,CC-ENG-01,2023-01-21,2023-01-13,2023-01-15,Ground Transport,,Uber,Hyderabad,,Hyderabad,HYD,29.6,KM,,448,INR,448,1.0,Concur,Budget Review,MGR-E01,2023-01-25,APPROVED
EXP-0000108,RPT-202301-0027,EMP-1013,Nisha Verma,Engineering,CC-ENG-01,2023-01-21,2023-01-13,2023-01-15,Ground Transport,,Yellow Cab,,,Hyderabad,HYD,52.5,KM,,861,INR,861,1.0,Concur,Budget Review,MGR-E01,2023-01-25,APPROVED
EXP-0000109,RPT-202301-0028,EMP-1010,Ravi Krishnan,Operations,CC-OPS-02,2023-01-20,2023-01-15,2023-01-17,Airfare,Economy,IndiGo,Chennai,MAA,Bangalore,BLR,,KM,,100,INR,100,1.0,Concur,Sales Pitch,MGR-O01,2023-01-23,APPROVED
EXP-0000110,RPT-202301-0028,EMP-1010,Ravi Krishnan,Operations,CC-OPS-02,2023-01-20,2023-01-15,2023-01-17,Hotel,,Marriott Bangalore,,,Bangalore,BLR,,,2,10500,INR,10500,1.0,Concur,Sales Pitch,MGR-O01,2023-01-23,APPROVED
EXP-0000111,RPT-202301-0028,EMP-1010,Ravi Krishnan,Operations,CC-OPS-02,2023-01-20,2023-01-15,2023-01-17,Ground Transport,,Uber,Bangalore,,Bangalore,BLR,27.1,KM,,570,INR,570,1.0,Concur,Sales Pitch,MGR-O01,2023-01-23,APPROVED
EXP-0000112,RPT-202301-0028,EMP-1010,Ravi Krishnan,Operations,CC-OPS-02,2023-01-20,2023-01-15,2023-01-17,Ground Transport,,Black Cab,,,Bangalore,BLR,45.6,KM,,1061,INR,1061,1.0,Concur,Sales Pitch,MGR-O01,2023-01-23,APPROVED
EXP-0000113,RPT-202301-0029,EMP-1019,Pooja Desai,Operations,CC-OPS-01,2023-01-14,2023-01-05,2023-01-07,Airfare,Economy,Singapore Airlines,Chennai,MAA,Delhi,DEL,,KM,,400,INR,400,1.0,Concur,Sales Pitch,MGR-O01,2023-01-17,APPROVED
EXP-0000114,RPT-202301-0029,EMP-1019,Pooja Desai,Operations,CC-OPS-01,2023-01-14,2023-01-05,2023-01-07,Hotel,,Taj Hotels Delhi,,,Delhi,DEL,,,2,9000,INR,9000,1.0,Concur,Sales Pitch,MGR-O01,2023-01-17,APPROVED
EXP-0000115,RPT-202301-0029,EMP-1019,Pooja Desai,Operations,CC-OPS-01,2023-01-14,2023-01-05,2023-01-07,Ground Transport,,Yellow Cab,Delhi,,Delhi,DEL,37.8,KM,,958,INR,958,1.0,Concur,Sales Pitch,MGR-O01,2023-01-17,APPROVED
EXP-0000116,RPT-202301-0029,EMP-1019,Pooja Desai,Operations,CC-OPS-01,2023-01-14,2023-01-05,2023-01-07,Ground Transport,,Ola,,,Delhi,DEL,33.3,KM,,745,INR,745,1.0,Concur,Sales Pitch,MGR-O01,2023-01-17,APPROVED
EXP-0000117,RPT-202301-0029,EMP-1019,Pooja Desai,Operations,CC-OPS-01,2023-01-14,2023-01-05,2023-01-07,Ground Transport,,Yellow Cab,Delhi,,Delhi,DEL,11.7,KM,,230,INR,230,1.0,Concur,Sales Pitch,MGR-O01,2023-01-17,APPROVED
EXP-0000118,RPT-202301-0030,EMP-1009,Sunita Gupta,Sales,CC-SALES-02,2023-01-14,2023-01-04,2023-01-08,Airfare,Economy,IndiGo,Mumbai,BOM,Delhi,DEL,,KM,,300,INR,300,1.0,Concur,Board Review,MGR-S01,2023-01-15,APPROVED
EXP-0000119,RPT-202301-0030,EMP-1009,Sunita Gupta,Sales,CC-SALES-02,2023-01-14,2023-01-04,2023-01-08,Hotel,,Novotel Delhi,,,Delhi,DEL,,,4,20000,INR,20000,1.0,Concur,Board Review,MGR-S01,2023-01-15,APPROVED
EXP-0000120,RPT-202301-0030,EMP-1009,Sunita Gupta,Sales,CC-SALES-02,2023-01-14,2023-01-04,2023-01-08,Ground Transport,,Yellow Cab,Delhi,,Delhi,DEL,15.1,KM,,284,INR,284,1.0,Concur,Board Review,MGR-S01,2023-01-15,APPROVED
EXP-0000121,RPT-202301-0030,EMP-1009,Sunita Gupta,Sales,CC-SALES-02,2023-01-14,2023-01-04,2023-01-08,Ground Transport,,Yellow Cab,,,Delhi,DEL,24.3,KM,,619,INR,619,1.0,Concur,Board Review,MGR-S01,2023-01-15,APPROVED
EXP-0000122,RPT-202301-0030,EMP-1009,Sunita Gupta,Sales,CC-SALES-02,2023-01-14,2023-01-04,2023-01-08,Ground Transport,,Ola,Delhi,,Delhi,DEL,55.0,KM,,1624,INR,1624,1.0,Concur,Board Review,MGR-S01,2023-01-15,APPROVED
EXP-0000123,RPT-202302-0031,EMP-1002,Priya Menon,Engineering,CC-ENG-01,2023-02-25,2023-02-15,2023-02-18,Airfare,Economy,Singapore Airlines,Bangalore,BLR,Mumbai,BOM,,KM,,200,INR,200,1.0,Concur,Operations Review,MGR-E01,2023-02-27,APPROVED
EXP-0000124,RPT-202302-0031,EMP-1002,Priya Menon,Engineering,CC-ENG-01,2023-02-25,2023-02-15,2023-02-18,Hotel,,Westin Mumbai,,,Mumbai,BOM,,,3,18000,INR,18000,1.0,Concur,Operations Review,MGR-E01,2023-02-27,APPROVED
EXP-0000125,RPT-202302-0031,EMP-1002,Priya Menon,Engineering,CC-ENG-01,2023-02-25,2023-02-15,2023-02-18,Ground Transport,,Rapido,Mumbai,,Mumbai,BOM,43.5,KM,,751,INR,751,1.0,Concur,Operations Review,MGR-E01,2023-02-27,APPROVED
EXP-0000126,RPT-202302-0032,EMP-1005,Vikram Nair,Operations,CC-OPS-01,2023-02-13,2023-02-06,2023-02-07,Airfare,Economy,SpiceJet,Chennai,MAA,Kolkata,CCU,,KM,,300,INR,300,1.0,Concur,HR Summit,MGR-O01,2023-02-16,APPROVED
EXP-0000127,RPT-202302-0032,EMP-1005,Vikram Nair,Operations,CC-OPS-01,2023-02-13,2023-02-06,2023-02-07,Hotel,,Marriott Kolkata,,,Kolkata,CCU,,,1,6000,INR,6000,1.0,Concur,HR Summit,MGR-O01,2023-02-16,APPROVED
EXP-0000128,RPT-202302-0032,EMP-1005,Vikram Nair,Operations,CC-OPS-01,2023-02-13,2023-02-06,2023-02-07,Ground Transport,,Metro Rail,Kolkata,,Kolkata,CCU,40.7,KM,,1120,INR,1120,1.0,Concur,HR Summit,MGR-O01,2023-02-16,APPROVED
EXP-0000129,RPT-202302-0033,EMP-1018,Aakash Tiwari,Sales,CC-SALES-01,2023-02-21,2023-02-14,2023-02-17,Airfare,Economy,IndiGo,Mumbai,BOM,Ahmedabad,AMD,,KM,,100,INR,100,1.0,Concur,HR Summit,MGR-S01,,PENDING
EXP-0000130,RPT-202302-0033,EMP-1018,Aakash Tiwari,Sales,CC-SALES-01,2023-02-21,2023-02-14,2023-02-17,Hotel,,Taj Hotels Ahmedabad,,,Ahmedabad,AMD,,,3,22000,INR,22000,1.0,Concur,HR Summit,MGR-S01,,PENDING
EXP-0000131,RPT-202302-0033,EMP-1018,Aakash Tiwari,Sales,CC-SALES-01,2023-02-21,2023-02-14,2023-02-17,Ground Transport,,Uber,Ahmedabad,,Ahmedabad,AMD,17.9,KM,,504,INR,504,1.0,Concur,HR Summit,MGR-S01,,PENDING
EXP-0000132,RPT-202302-0034,EMP-1002,Priya Menon,Engineering,CC-ENG-01,2023-02-20,2023-02-10,2023-02-17,Airfare,Business,Qatar Airways,Bangalore,BLR,Dubai,DXB,,KM,,4300,INR,4300,1.0,Concur,Training Program,MGR-E01,2023-02-23,APPROVED
EXP-0000133,RPT-202302-0034,EMP-1002,Priya Menon,Engineering,CC-ENG-01,2023-02-20,2023-02-10,2023-02-17,Hotel,,Marriott Dubai,,,Dubai,DXB,,,7,214000,INR,214000,1.0,Concur,Training Program,MGR-E01,2023-02-23,APPROVED
EXP-0000134,RPT-202302-0034,EMP-1002,Priya Menon,Engineering,CC-ENG-01,2023-02-20,2023-02-10,2023-02-17,Ground Transport,,Ola,Dubai,,Dubai,DXB,27.1,KM,,703,INR,703,1.0,Concur,Training Program,MGR-E01,2023-02-23,APPROVED
EXP-0000135,RPT-202302-0034,EMP-1002,Priya Menon,Engineering,CC-ENG-01,2023-02-20,2023-02-10,2023-02-17,Ground Transport,,Yellow Cab,,,Dubai,DXB,51.0,KM,,1135,INR,1135,1.0,Concur,Training Program,MGR-E01,2023-02-23,APPROVED
EXP-0000136,RPT-202302-0035,EMP-1006,Deepa Iyer,Marketing,CC-MKT-01,2023-02-17,2023-02-05,2023-02-09,Airfare,Business,Etihad,Mumbai,BOM,Tokyo,NRT,,KM,,11800,INR,11800,1.0,Concur,Partner Integration,MGR-M01,2023-02-19,APPROVED
EXP-0000137,RPT-202302-0035,EMP-1006,Deepa Iyer,Marketing,CC-MKT-01,2023-02-17,2023-02-05,2023-02-09,Hotel,,Hyatt Tokyo,,,Tokyo,NRT,,,4,76000,INR,76000,1.0,Concur,Partner Integration,MGR-M01,2023-02-19,APPROVED
EXP-0000138,RPT-202302-0035,EMP-1006,Deepa Iyer,Marketing,CC-MKT-01,2023-02-17,2023-02-05,2023-02-09,Ground Transport,,Yellow Cab,Tokyo,,Tokyo,NRT,31.3,KM,,578,INR,578,1.0,Concur,Partner Integration,MGR-M01,2023-02-19,APPROVED
EXP-0000139,RPT-202302-0035,EMP-1006,Deepa Iyer,Marketing,CC-MKT-01,2023-02-17,2023-02-05,2023-02-09,Ground Transport,,Grab,,,Tokyo,NRT,17.9,KM,,423,INR,423,1.0,Concur,Partner Integration,MGR-M01,2023-02-19,APPROVED
EXP-0000140,RPT-202302-0035,EMP-1006,Deepa Iyer,Marketing,CC-MKT-01,2023-02-17,2023-02-05,2023-02-09,Ground Transport,,Ola,Tokyo,,Tokyo,NRT,51.4,KM,,1334,INR,1334,1.0,Concur,Partner Integration,MGR-M01,2023-02-19,APPROVED
EXP-0000141,RPT-202302-0036,EMP-1010,Ravi Krishnan,Operations,CC-OPS-02,2023-02-25,2023-02-19,2023-02-23,Airfare,Economy,Lufthansa,Chennai,,Delhi,DEL,,KM,,500,INR,500,1.0,Concur,Client Meeting,MGR-O01,2023-02-27,APPROVED
EXP-0000142,RPT-202302-0036,EMP-1010,Ravi Krishnan,Operations,CC-OPS-02,2023-02-25,2023-02-19,2023-02-23,Hotel,,Le Meridien Delhi,,,Delhi,DEL,,,4,22000,INR,22000,1.0,Concur,Client Meeting,MGR-O01,2023-02-27,APPROVED
EXP-0000143,RPT-202302-0036,EMP-1010,Ravi Krishnan,Operations,CC-OPS-02,2023-02-25,2023-02-19,2023-02-23,Ground Transport,,Grab,Delhi,,Delhi,DEL,27.5,KM,,480,INR,480,1.0,Concur,Client Meeting,MGR-O01,2023-02-27,APPROVED
EXP-0000144,RPT-202302-0036,EMP-1010,Ravi Krishnan,Operations,CC-OPS-02,2023-02-25,2023-02-19,2023-02-23,Ground Transport,,Yellow Cab,,,Delhi,DEL,50.6,KM,,1361,INR,1361,1.0,Concur,Client Meeting,MGR-O01,2023-02-27,APPROVED
EXP-0000145,RPT-202303-0037,EMP-1015,Kavita Joshi,HR,CC-HR-01,2023-03-01,2023-02-19,2023-02-21,Airfare,Business,Qatar Airways,Delhi,DEL,London,LHR,,KM,,13700,INR,13700,1.0,Concur,Training Program,MGR-H01,2023-03-04,APPROVED
EXP-0000146,RPT-202303-0037,EMP-1015,Kavita Joshi,HR,CC-HR-01,2023-03-01,2023-02-19,2023-02-21,Hotel,,Holiday Inn London,,,London,LHR,,,2,40500,INR,40500,1.0,Concur,Training Program,MGR-H01,2023-03-04,APPROVED
EXP-0000147,RPT-202303-0037,EMP-1015,Kavita Joshi,HR,CC-HR-01,2023-03-01,2023-02-19,2023-02-21,Ground Transport,,Meru Cabs,London,,London,LHR,29.2,KM,,468,INR,468,1.0,Concur,Training Program,MGR-H01,2023-03-04,APPROVED
EXP-0000148,RPT-202303-0037,EMP-1015,Kavita Joshi,HR,CC-HR-01,2023-03-01,2023-02-19,2023-02-21,Ground Transport,,Meru Cabs,,,London,LHR,46.3,KM,,982,INR,982,1.0,Concur,Training Program,MGR-H01,2023-03-04,APPROVED
EXP-0000149,RPT-202303-0037,EMP-1015,Kavita Joshi,HR,CC-HR-01,2023-03-01,2023-02-19,2023-02-21,Ground Transport,,Black Cab,London,,London,LHR,41.1,KM,,1103,INR,1103,1.0,Concur,Training Program,MGR-H01,2023-03-04,APPROVED
EXP-0000150,RPT-202302-0038,EMP-1014,Suresh Babu,Sales,CC-SALES-03,2023-02-19,2023-02-09,2023-02-11,Airfare,Economy,Etihad,Mumbai,,New York,JFK,,KM,,10100,INR,10100,1.0,Concur,Legal Negotiation,MGR-S02,2023-02-23,APPROVED
EXP-0000151,RPT-202302-0038,EMP-1014,Suresh Babu,Sales,CC-SALES-03,2023-02-19,2023-02-09,2023-02-11,Hotel,,Four Seasons New York,,,New York,JFK,,,2,67500,INR,67500,1.0,Concur,Legal Negotiation,MGR-S02,2023-02-23,APPROVED
EXP-0000152,RPT-202302-0038,EMP-1014,Suresh Babu,Sales,CC-SALES-03,2023-02-19,2023-02-09,2023-02-11,Ground Transport,,Careem,New York,,New York,JFK,24.6,KM,,500,INR,500,1.0,Concur,Legal Negotiation,MGR-S02,2023-02-23,APPROVED
EXP-0000153,RPT-202302-0039,EMP-1017,Meera Pillai,Engineering,CC-ENG-02,2023-02-23,2023-02-14,2023-02-15,Airfare,Economy,Go First,Bangalore,BLR,Hyderabad,HYD,,KM,,100,INR,100,1.0,Concur,Team Offsite,MGR-E01,2023-02-26,APPROVED
EXP-0000154,RPT-202302-0039,EMP-1017,Meera Pillai,Engineering,CC-ENG-02,2023-02-23,2023-02-14,2023-02-15,Hotel,,Novotel Hyderabad,,,Hyderabad,HYD,,,1,7500,INR,7500,1.0,Concur,Team Offsite,MGR-E01,2023-02-26,APPROVED
EXP-0000155,RPT-202302-0039,EMP-1017,Meera Pillai,Engineering,CC-ENG-02,2023-02-23,2023-02-14,2023-02-15,Ground Transport,,Ola,Hyderabad,,Hyderabad,HYD,52.0,KM,,791,INR,791,1.0,Concur,Team Offsite,MGR-E01,2023-02-26,APPROVED
EXP-0000156,RPT-202302-0040,EMP-1007,Kiran Rao,Legal,CC-LEGAL-01,2023-02-28,2023-02-18,2023-02-23,Airfare,Business,Lufthansa,Delhi,DEL,Bangkok,BKK,,KM,,5200,INR,5200,1.0,Concur,Legal Negotiation,MGR-L01,,PENDING
EXP-0000157,RPT-202302-0040,EMP-1007,Kiran Rao,Legal,CC-LEGAL-01,2023-02-28,2023-02-18,2023-02-23,Hotel,,Sheraton Bangkok,,,Bangkok,BKK,,,5,127500,INR,127500,1.0,Concur,Legal Negotiation,MGR-L01,,PENDING
EXP-0000158,RPT-202302-0040,EMP-1007,Kiran Rao,Legal,CC-LEGAL-01,2023-02-28,2023-02-18,2023-02-23,Ground Transport,,Ola,Bangkok,,Bangkok,BKK,16.5,KM,,303,INR,303,1.0,Concur,Legal Negotiation,MGR-L01,,PENDING
EXP-0000159,RPT-202302-0040,EMP-1007,Kiran Rao,Legal,CC-LEGAL-01,2023-02-28,2023-02-18,2023-02-23,Ground Transport,,Ola,,,Bangkok,BKK,16.1,KM,,392,INR,392,1.0,Concur,Legal Negotiation,MGR-L01,,PENDING
EXP-0000160,RPT-202302-0041,EMP-1012,Mohit Sharma,Finance,CC-FIN-01,2023-02-27,2023-02-18,2023-02-20,Airfare,Business,SpiceJet,Delhi,DEL,Pune,PNQ,,KM,,600,INR,600,1.0,Concur,Sales Pitch,MGR-F01,2023-03-02,APPROVED
EXP-0000161,RPT-202302-0041,EMP-1012,Mohit Sharma,Finance,CC-FIN-01,2023-02-27,2023-02-18,2023-02-20,Hotel,,Taj Hotels Pune,,,Pune,PNQ,,,2,18000,INR,18000,1.0,Concur,Sales Pitch,MGR-F01,2023-03-02,APPROVED
EXP-0000162,RPT-202302-0041,EMP-1012,Mohit Sharma,Finance,CC-FIN-01,2023-02-27,2023-02-18,2023-02-20,Ground Transport,,Rapido,Pune,,Pune,PNQ,23.5,KM,,673,INR,673,1.0,Concur,Sales Pitch,MGR-F01,2023-03-02,APPROVED
EXP-0000163,RPT-202302-0041,EMP-1012,Mohit Sharma,Finance,CC-FIN-01,2023-02-27,2023-02-18,2023-02-20,Ground Transport,,Rapido,,,Pune,PNQ,35.6,KM,,642,INR,642,1.0,Concur,Sales Pitch,MGR-F01,2023-03-02,APPROVED
EXP-0000164,RPT-202302-0041,EMP-1012,Mohit Sharma,Finance,CC-FIN-01,2023-02-27,2023-02-18,2023-02-20,Ground Transport,,Ola,Pune,,Pune,PNQ,13.4,KM,,234,INR,234,1.0,Concur,Sales Pitch,MGR-F01,2023-03-02,APPROVED
EXP-0000165,RPT-202302-0042,EMP-1001,Rahul Sharma,Sales,CC-SALES-01,2023-02-20,2023-02-11,2023-02-15,Airfare,Economy,SpiceJet,Mumbai,BOM,Hyderabad,HYD,,KM,,200,INR,200,1.0,Concur,Product Launch,MGR-S01,,PENDING
EXP-0000166,RPT-202302-0042,EMP-1001,Rahul Sharma,Sales,CC-SALES-01,2023-02-20,2023-02-11,2023-02-15,Hotel,,Westin Hyderabad,,,Hyderabad,HYD,,,4,33500,INR,33500,1.0,Concur,Product Launch,MGR-S01,,PENDING
EXP-0000167,RPT-202302-0042,EMP-1001,Rahul Sharma,Sales,CC-SALES-01,2023-02-20,2023-02-11,2023-02-15,Ground Transport,,Metro Rail,Hyderabad,,Hyderabad,HYD,17.6,KM,,330,INR,330,1.0,Concur,Product Launch,MGR-S01,,PENDING
EXP-0000168,RPT-202302-0042,EMP-1001,Rahul Sharma,Sales,CC-SALES-01,2023-02-20,2023-02-11,2023-02-15,Ground Transport,,Uber,,,Hyderabad,HYD,17.9,KM,,304,INR,304,1.0,Concur,Product Launch,MGR-S01,,PENDING
EXP-0000169,RPT-202302-0042,EMP-1001,Rahul Sharma,Sales,CC-SALES-01,2023-02-20,2023-02-11,2023-02-15,Ground Transport,,Meru Cabs,Hyderabad,,Hyderabad,HYD,21.4,KM,,536,INR,536,1.0,Concur,Product Launch,MGR-S01,,PENDING
EXP-0000170,RPT-202302-0043,EMP-1018,Aakash Tiwari,Sales,CC-SALES-01,2023-02-16,2023-02-10,2023-02-14,Airfare,Economy,Singapore Airlines,Mumbai,BOM,Hyderabad,HYD,,KM,,200,INR,200,1.0,Concur,Board Review,MGR-S01,2023-02-17,APPROVED
EXP-0000171,RPT-202302-0043,EMP-1018,Aakash Tiwari,Sales,CC-SALES-01,2023-02-16,2023-02-10,2023-02-14,Hotel,,Radisson Blu Hyderabad,,,Hyderabad,HYD,,,4,33000,INR,33000,1.0,Concur,Board Review,MGR-S01,2023-02-17,APPROVED
EXP-0000172,RPT-202302-0043,EMP-1018,Aakash Tiwari,Sales,CC-SALES-01,2023-02-16,2023-02-10,2023-02-14,Ground Transport,,Careem,Hyderabad,,Hyderabad,HYD,39.4,KM,,1089,INR,1089,1.0,Concur,Board Review,MGR-S01,2023-02-17,APPROVED
EXP-0000173,RPT-202302-0043,EMP-1018,Aakash Tiwari,Sales,CC-SALES-01,2023-02-16,2023-02-10,2023-02-14,Ground Transport,,Black Cab,,,Hyderabad,HYD,11.9,KM,,269,INR,269,1.0,Concur,Board Review,MGR-S01,2023-02-17,APPROVED
EXP-0000174,RPT-202303-0044,EMP-1020,Sameer Khan,Legal,CC-LEGAL-01,2023-03-02,2023-02-25,2023-03-01,Airfare,Economy,SpiceJet,Delhi,DEL,Chennai,MAA,,KM,,400,INR,400,1.0,Concur,Board Review,MGR-L01,2023-03-06,APPROVED
EXP-0000175,RPT-202303-0044,EMP-1020,Sameer Khan,Legal,CC-LEGAL-01,2023-03-02,2023-02-25,2023-03-01,Hotel,,Le Meridien Chennai,,,Chennai,MAA,,,4,34500,INR,34500,1.0,Concur,Board Review,MGR-L01,2023-03-06,APPROVED
EXP-0000176,RPT-202303-0044,EMP-1020,Sameer Khan,Legal,CC-LEGAL-01,2023-03-02,2023-02-25,2023-03-01,Ground Transport,,Local Taxi,Chennai,,Chennai,MAA,17.6,KM,,343,INR,343,1.0,Concur,Board Review,MGR-L01,2023-03-06,APPROVED
EXP-0000177,RPT-202302-0045,EMP-1013,Nisha Verma,Engineering,CC-ENG-01,2023-02-07,2023-02-03,2023-02-04,Airfare,Economy,Etihad,Bangalore,BLR,Kolkata,CCU,,KM,,500,INR,500,1.0,Concur,HR Summit,MGR-E01,2023-02-08,APPROVED
EXP-0000178,RPT-202302-0045,EMP-1013,Nisha Verma,Engineering,CC-ENG-01,2023-02-07,2023-02-03,2023-02-04,Hotel,,Taj Hotels Kolkata,,,Kolkata,CCU,,,1,7500,INR,7500,1.0,Concur,HR Summit,MGR-E01,2023-02-08,APPROVED
EXP-0000179,RPT-202302-0045,EMP-1013,Nisha Verma,Engineering,CC-ENG-01,2023-02-07,2023-02-03,2023-02-04,Ground Transport,,Rapido,Kolkata,,Kolkata,CCU,52.6,KM,,1303,INR,1303,1.0,Concur,HR Summit,MGR-E01,2023-02-08,APPROVED
EXP-0000180,RPT-202302-0046,EMP-1015,Kavita Joshi,HR,CC-HR-01,2023-02-17,2023-02-12,2023-02-16,Airfare,Economy,SpiceJet,Delhi,,Hyderabad,HYD,,KM,,400,INR,400,1.0,Concur,Product Launch,MGR-H01,2023-02-18,APPROVED
EXP-0000181,RPT-202302-0046,EMP-1015,Kavita Joshi,HR,CC-HR-01,2023-02-17,2023-02-12,2023-02-16,Hotel,,Westin Hyderabad,,,Hyderabad,HYD,,,4,19000,INR,19000,1.0,Concur,Product Launch,MGR-H01,2023-02-18,APPROVED
EXP-0000182,RPT-202302-0046,EMP-1015,Kavita Joshi,HR,CC-HR-01,2023-02-17,2023-02-12,2023-02-16,Ground Transport,,Local Taxi,Hyderabad,,Hyderabad,HYD,20.6,KM,,540,INR,540,1.0,Concur,Product Launch,MGR-H01,2023-02-18,APPROVED
EXP-0000183,RPT-202302-0046,EMP-1015,Kavita Joshi,HR,CC-HR-01,2023-02-17,2023-02-12,2023-02-16,Ground Transport,,Black Cab,,,Hyderabad,HYD,51.0,KM,,1020,INR,1020,1.0,Concur,Product Launch,MGR-H01,2023-02-18,APPROVED
EXP-0000184,RPT-202302-0046,EMP-1015,Kavita Joshi,HR,CC-HR-01,2023-02-17,2023-02-12,2023-02-16,Ground Transport,,Metro Rail,Hyderabad,,Hyderabad,HYD,30.5,KM,,641,INR,641,1.0,Concur,Product Launch,MGR-H01,2023-02-18,APPROVED
EXP-0000185,RPT-202302-0047,EMP-1013,Nisha Verma,Engineering,CC-ENG-01,2023-02-07,2023-02-01,2023-02-05,Airfare,Economy,Etihad,Bangalore,BLR,Mumbai,BOM,,KM,,200,INR,200,1.0,Concur,Legal Negotiation,MGR-E01,2023-02-08,APPROVED
EXP-0000186,RPT-202302-0047,EMP-1013,Nisha Verma,Engineering,CC-ENG-01,2023-02-07,2023-02-01,2023-02-05,Hotel,,Radisson Blu Mumbai,,,Mumbai,BOM,,,4,30500,INR,30500,1.0,Concur,Legal Negotiation,MGR-E01,2023-02-08,APPROVED
EXP-0000187,RPT-202302-0047,EMP-1013,Nisha Verma,Engineering,CC-ENG-01,2023-02-07,2023-02-01,2023-02-05,Ground Transport,,Yellow Cab,Mumbai,,Mumbai,BOM,29.0,KM,,507,INR,507,1.0,Concur,Legal Negotiation,MGR-E01,2023-02-08,APPROVED
EXP-0000188,RPT-202302-0047,EMP-1013,Nisha Verma,Engineering,CC-ENG-01,2023-02-07,2023-02-01,2023-02-05,Ground Transport,,Rapido,,,Mumbai,BOM,38.0,KM,,771,INR,771,1.0,Concur,Legal Negotiation,MGR-E01,2023-02-08,APPROVED
EXP-0000189,RPT-202302-0048,EMP-1015,Kavita Joshi,HR,CC-HR-01,2023-02-19,2023-02-13,2023-02-14,Airfare,Economy,IndiGo,Delhi,DEL,Chennai,MAA,,KM,,400,INR,400,1.0,Concur,Partner Integration,MGR-H01,2023-02-23,APPROVED
EXP-0000190,RPT-202302-0048,EMP-1015,Kavita Joshi,HR,CC-HR-01,2023-02-19,2023-02-13,2023-02-14,Hotel,,Novotel Chennai,,,Chennai,MAA,,,1,6000,INR,6000,1.0,Concur,Partner Integration,MGR-H01,2023-02-23,APPROVED
EXP-0000191,RPT-202302-0048,EMP-1015,Kavita Joshi,HR,CC-HR-01,2023-02-19,2023-02-13,2023-02-14,Ground Transport,,Rapido,Chennai,,Chennai,MAA,47.8,KM,,919,INR,919,1.0,Concur,Partner Integration,MGR-H01,2023-02-23,APPROVED
EXP-0000192,RPT-202302-0048,EMP-1015,Kavita Joshi,HR,CC-HR-01,2023-02-19,2023-02-13,2023-02-14,Ground Transport,,Black Cab,,,Chennai,MAA,54.7,KM,,920,INR,920,1.0,Concur,Partner Integration,MGR-H01,2023-02-23,APPROVED
EXP-0000193,RPT-202302-0049,EMP-1004,Sneha Reddy,HR,CC-HR-01,2023-02-09,2023-02-01,2023-02-03,Airfare,Economy,Go First,Delhi,DEL,Pune,PNQ,,KM,,400,INR,400,1.0,Concur,HR Summit,MGR-H01,2023-02-13,APPROVED
EXP-0000194,RPT-202302-0049,EMP-1004,Sneha Reddy,HR,CC-HR-01,2023-02-09,2023-02-01,2023-02-03,Hotel,,JW Marriott Pune,,,Pune,PNQ,,,2,11500,INR,11500,1.0,Concur,HR Summit,MGR-H01,2023-02-13,APPROVED
EXP-0000195,RPT-202302-0049,EMP-1004,Sneha Reddy,HR,CC-HR-01,2023-02-09,2023-02-01,2023-02-03,Ground Transport,,Black Cab,Pune,,Pune,PNQ,37.1,KM,,740,INR,740,1.0,Concur,HR Summit,MGR-H01,2023-02-13,APPROVED
EXP-0000196,RPT-202302-0049,EMP-1004,Sneha Reddy,HR,CC-HR-01,2023-02-09,2023-02-01,2023-02-03,Ground Transport,,Uber,,,Pune,PNQ,38.6,KM,,651,INR,651,1.0,Concur,HR Summit,MGR-H01,2023-02-13,APPROVED
EXP-0000197,RPT-202302-0049,EMP-1004,Sneha Reddy,HR,CC-HR-01,2023-02-09,2023-02-01,2023-02-03,Ground Transport,,Ola,Pune,,Pune,PNQ,44.1,KM,,1035,INR,1035,1.0,Concur,HR Summit,MGR-H01,2023-02-13,APPROVED
EXP-0000198,RPT-202302-0050,EMP-1019,Pooja Desai,Operations,CC-OPS-01,2023-02-13,2023-02-02,2023-02-05,Airfare,Economy,SpiceJet,Chennai,MAA,Bangalore,BLR,,KM,,100,INR,100,1.0,Concur,Annual Planning,MGR-O01,2023-02-14,APPROVED
EXP-0000199,RPT-202302-0050,EMP-1019,Pooja Desai,Operations,CC-OPS-01,2023-02-13,2023-02-02,2023-02-05,Hotel,,Le Meridien Bangalore,,,Bangalore,BLR,,,3,26000,INR,26000,1.0,Concur,Annual Planning,MGR-O01,2023-02-14,APPROVED
EXP-0000200,RPT-202302-0050,EMP-1019,Pooja Desai,Operations,CC-OPS-01,2023-02-13,2023-02-02,2023-02-05,Ground Transport,,Black Cab,Bangalore,,Bangalore,BLR,44.8,KM,,731,INR,731,1.0,Concur,Annual Planning,MGR-O01,2023-02-14,APPROVED
EXP-0000201,RPT-202302-0050,EMP-1019,Pooja Desai,Operations,CC-OPS-01,2023-02-13,2023-02-02,2023-02-05,Ground Transport,,Metro Rail,,,Bangalore,BLR,24.6,KM,,469,INR,469,1.0,Concur,Annual Planning,MGR-O01,2023-02-14,APPROVED
EXP-0000202,RPT-202302-0050,EMP-1019,Pooja Desai,Operations,CC-OPS-01,2023-02-13,2023-02-02,2023-02-05,Ground Transport,,Black Cab,Bangalore,,Bangalore,BLR,54.6,KM,,1519,INR,1519,1.0,Concur,Annual Planning,MGR-O01,2023-02-14,APPROVED
EXP-0000203,RPT-202303-0051,EMP-1001,Rahul Sharma,Sales,CC-SALES-01,2023-03-19,2023-03-14,2023-03-18,Airfare,Economy,Air India,Mumbai,BOM,Kolkata,CCU,,KM,,400,INR,400,1.0,Concur,Annual Planning,MGR-S01,2023-03-21,APPROVED
EXP-0000204,RPT-202303-0051,EMP-1001,Rahul Sharma,Sales,CC-SALES-01,2023-03-19,2023-03-14,2023-03-18,Hotel,,JW Marriott Kolkata,,,Kolkata,CCU,,,4,21500,INR,21500,1.0,Concur,Annual Planning,MGR-S01,2023-03-21,APPROVED
EXP-0000205,RPT-202303-0051,EMP-1001,Rahul Sharma,Sales,CC-SALES-01,2023-03-19,2023-03-14,2023-03-18,Ground Transport,,Careem,Kolkata,,Kolkata,CCU,19.3,KM,,321,INR,321,1.0,Concur,Annual Planning,MGR-S01,2023-03-21,APPROVED
EXP-0000206,RPT-202303-0052,EMP-1011,Anjali Singh,Marketing,CC-MKT-01,2023-03-20,2023-03-11,2023-03-15,Airfare,Economy,Vistara,Mumbai,BOM,Pune,PNQ,,KM,,0,INR,0,1.0,Concur,Audit Review,MGR-M01,2023-03-24,APPROVED
EXP-0000207,RPT-202303-0052,EMP-1011,Anjali Singh,Marketing,CC-MKT-01,2023-03-20,2023-03-11,2023-03-15,Hotel,,Taj Hotels Pune,,,Pune,PNQ,,,4,27500,INR,27500,1.0,Concur,Audit Review,MGR-M01,2023-03-24,APPROVED
EXP-0000208,RPT-202303-0052,EMP-1011,Anjali Singh,Marketing,CC-MKT-01,2023-03-20,2023-03-11,2023-03-15,Ground Transport,,Black Cab,Pune,,Pune,PNQ,24.0,KM,,704,INR,704,1.0,Concur,Audit Review,MGR-M01,2023-03-24,APPROVED
EXP-0000209,RPT-202303-0052,EMP-1011,Anjali Singh,Marketing,CC-MKT-01,2023-03-20,2023-03-11,2023-03-15,Ground Transport,,Rapido,,,Pune,PNQ,31.3,KM,,476,INR,476,1.0,Concur,Audit Review,MGR-M01,2023-03-24,APPROVED
EXP-0000210,RPT-202303-0053,EMP-1005,Vikram Nair,Operations,CC-OPS-01,2023-03-13,2023-03-04,2023-03-05,Airfare,Economy,IndiGo,Chennai,MAA,Bangalore,BLR,,KM,,100,INR,100,1.0,Concur,Client Meeting,MGR-O01,2023-03-17,APPROVED
EXP-0000211,RPT-202303-0053,EMP-1005,Vikram Nair,Operations,CC-OPS-01,2023-03-13,2023-03-04,2023-03-05,Hotel,,Le Meridien Bangalore,,,Bangalore,BLR,,,1,8000,INR,8000,1.0,Concur,Client Meeting,MGR-O01,2023-03-17,APPROVED
EXP-0000212,RPT-202303-0053,EMP-1005,Vikram Nair,Operations,CC-OPS-01,2023-03-13,2023-03-04,2023-03-05,Ground Transport,,Meru Cabs,Bangalore,,Bangalore,BLR,38.9,KM,,675,INR,675,1.0,Concur,Client Meeting,MGR-O01,2023-03-17,APPROVED
EXP-0000213,RPT-202303-0054,EMP-1014,Suresh Babu,Sales,CC-SALES-03,2023-03-25,2023-03-19,2023-03-22,Airfare,Economy,SpiceJet,Mumbai,BOM,Hyderabad,HYD,,KM,,200,INR,200,1.0,Concur,Budget Review,MGR-S02,2023-03-29,APPROVED
EXP-0000214,RPT-202303-0054,EMP-1014,Suresh Babu,Sales,CC-SALES-03,2023-03-25,2023-03-19,2023-03-22,Hotel,,ITC Hotels Hyderabad,,,Hyderabad,HYD,,,3,24500,INR,24500,1.0,Concur,Budget Review,MGR-S02,2023-03-29,APPROVED
EXP-0000215,RPT-202303-0054,EMP-1014,Suresh Babu,Sales,CC-SALES-03,2023-03-25,2023-03-19,2023-03-22,Ground Transport,,Grab,Hyderabad,,Hyderabad,HYD,51.5,KM,,1067,INR,1067,1.0,Concur,Budget Review,MGR-S02,2023-03-29,APPROVED
EXP-0000216,RPT-202303-0054,EMP-1014,Suresh Babu,Sales,CC-SALES-03,2023-03-25,2023-03-19,2023-03-22,Ground Transport,,Ola,,,Hyderabad,HYD,39.3,KM,,753,INR,753,1.0,Concur,Budget Review,MGR-S02,2023-03-29,APPROVED
EXP-0000217,RPT-202303-0055,EMP-1019,Pooja Desai,Operations,CC-OPS-01,2023-03-11,2023-03-03,2023-03-09,Airfare,Economy,Qatar Airways,Chennai,MAA,Tokyo,NRT,,KM,,6700,INR,6700,1.0,Concur,Training Program,MGR-O01,2023-03-15,APPROVED
EXP-0000218,RPT-202303-0055,EMP-1019,Pooja Desai,Operations,CC-OPS-01,2023-03-11,2023-03-03,2023-03-09,Hotel,,Marriott Tokyo,,,Tokyo,NRT,,,6,175500,INR,175500,1.0,Concur,Training Program,MGR-O01,2023-03-15,APPROVED
EXP-0000219,RPT-202303-0055,EMP-1019,Pooja Desai,Operations,CC-OPS-01,2023-03-11,2023-03-03,2023-03-09,Ground Transport,,Careem,Tokyo,,Tokyo,NRT,13.7,KM,,258,INR,258,1.0,Concur,Training Program,MGR-O01,2023-03-15,APPROVED
EXP-0000220,RPT-202303-0056,EMP-1010,Ravi Krishnan,Operations,CC-OPS-02,2023-03-20,2023-03-08,2023-03-15,Airfare,Economy,Vistara,Chennai,MAA,San Francisco,SFO,,KM,,13600,INR,13600,1.0,Concur,Legal Negotiation,MGR-O01,2023-03-23,APPROVED
EXP-0000221,RPT-202303-0056,EMP-1010,Ravi Krishnan,Operations,CC-OPS-02,2023-03-20,2023-03-08,2023-03-15,Hotel,,Ritz Carlton San Francisco,,,San Francisco,SFO,,,7,110500,INR,110500,1.0,Concur,Legal Negotiation,MGR-O01,2023-03-23,APPROVED
EXP-0000222,RPT-202303-0056,EMP-1010,Ravi Krishnan,Operations,CC-OPS-02,2023-03-20,2023-03-08,2023-03-15,Ground Transport,,Uber,San Francisco,,San Francisco,SFO,26.5,KM,,653,INR,653,1.0,Concur,Legal Negotiation,MGR-O01,2023-03-23,APPROVED
EXP-0000223,RPT-202303-0057,EMP-1004,Sneha Reddy,HR,CC-HR-01,2023-03-08,2023-03-02,2023-03-05,Airfare,Economy,Air India,Delhi,DEL,Singapore,SIN,,KM,,4300,INR,4300,1.0,Concur,Operations Review,MGR-H01,2023-03-11,APPROVED
EXP-0000224,RPT-202303-0057,EMP-1004,Sneha Reddy,HR,CC-HR-01,2023-03-08,2023-03-02,2023-03-05,Hotel,,Four Seasons Singapore,,,Singapore,SIN,,,3,97000,INR,97000,1.0,Concur,Operations Review,MGR-H01,2023-03-11,APPROVED
EXP-0000225,RPT-202303-0057,EMP-1004,Sneha Reddy,HR,CC-HR-01,2023-03-08,2023-03-02,2023-03-05,Ground Transport,,Meru Cabs,Singapore,,Singapore,SIN,34.4,KM,,663,INR,663,1.0,Concur,Operations Review,MGR-H01,2023-03-11,APPROVED
EXP-0000226,RPT-202303-0057,EMP-1004,Sneha Reddy,HR,CC-HR-01,2023-03-08,2023-03-02,2023-03-05,Ground Transport,,Local Taxi,,,Singapore,SIN,12.8,KM,,205,INR,205,1.0,Concur,Operations Review,MGR-H01,2023-03-11,APPROVED
EXP-0000227,RPT-202303-0057,EMP-1004,Sneha Reddy,HR,CC-HR-01,2023-03-08,2023-03-02,2023-03-05,Ground Transport,,Rapido,Singapore,,Singapore,SIN,11.4,KM,,292,INR,292,1.0,Concur,Operations Review,MGR-H01,2023-03-11,APPROVED
EXP-0000228,RPT-202303-0058,EMP-1007,Kiran Rao,Legal,CC-LEGAL-01,2023-03-27,2023-03-17,2023-03-19,Airfare,Economy,SpiceJet,Delhi,DEL,Chennai,MAA,,KM,,600,INR,600,1.0,Concur,Vendor Meeting,MGR-L01,2023-03-30,APPROVED
EXP-0000229,RPT-202303-0058,EMP-1007,Kiran Rao,Legal,CC-LEGAL-01,2023-03-27,2023-03-17,2023-03-19,Hotel,,Hilton Chennai,,,Chennai,MAA,,,2,17000,INR,17000,1.0,Concur,Vendor Meeting,MGR-L01,2023-03-30,APPROVED
EXP-0000230,RPT-202303-0058,EMP-1007,Kiran Rao,Legal,CC-LEGAL-01,2023-03-27,2023-03-17,2023-03-19,Ground Transport,,Metro Rail,Chennai,,Chennai,MAA,23.3,KM,,488,INR,488,1.0,Concur,Vendor Meeting,MGR-L01,2023-03-30,APPROVED
EXP-0000231,RPT-202303-0058,EMP-1007,Kiran Rao,Legal,CC-LEGAL-01,2023-03-27,2023-03-17,2023-03-19,Ground Transport,,Local Taxi,,,Chennai,MAA,27.5,KM,,462,INR,462,1.0,Concur,Vendor Meeting,MGR-L01,2023-03-30,APPROVED
EXP-0000232,RPT-202303-0059,EMP-1006,Deepa Iyer,Marketing,CC-MKT-01,2023-03-15,2023-03-12,2023-03-13,Airfare,Economy,Qatar Airways,Mumbai,BOM,Hyderabad,HYD,,KM,,200,INR,200,1.0,Concur,Audit Review,MGR-M01,,PENDING
EXP-0000233,RPT-202303-0059,EMP-1006,Deepa Iyer,Marketing,CC-MKT-01,2023-03-15,2023-03-12,2023-03-13,Hotel,,JW Marriott Hyderabad,,,Hyderabad,HYD,,,1,7000,INR,7000,1.0,Concur,Audit Review,MGR-M01,,PENDING
EXP-0000234,RPT-202303-0059,EMP-1006,Deepa Iyer,Marketing,CC-MKT-01,2023-03-15,2023-03-12,2023-03-13,Ground Transport,,Metro Rail,Hyderabad,,Hyderabad,HYD,32.2,KM,,956,INR,956,1.0,Concur,Audit Review,MGR-M01,,PENDING
EXP-0000235,RPT-202303-0059,EMP-1006,Deepa Iyer,Marketing,CC-MKT-01,2023-03-15,2023-03-12,2023-03-13,Ground Transport,,Ola,,,Hyderabad,HYD,35.1,KM,,772,INR,772,1.0,Concur,Audit Review,MGR-M01,,PENDING
EXP-0000236,RPT-202303-0059,EMP-1006,Deepa Iyer,Marketing,CC-MKT-01,2023-03-15,2023-03-12,2023-03-13,Ground Transport,,Yellow Cab,Hyderabad,,Hyderabad,HYD,33.2,KM,,797,INR,797,1.0,Concur,Audit Review,MGR-M01,,PENDING
EXP-0000237,RPT-202303-0060,EMP-1002,Priya Menon,Engineering,CC-ENG-01,2023-03-22,2023-03-19,2023-03-20,Airfare,Economy,Etihad,Bangalore,BLR,Chennai,MAA,,KM,,100,INR,100,1.0,Concur,Vendor Meeting,MGR-E01,2023-03-23,APPROVED
EXP-0000238,RPT-202303-0060,EMP-1002,Priya Menon,Engineering,CC-ENG-01,2023-03-22,2023-03-19,2023-03-20,Hotel,,ITC Hotels Chennai,,,Chennai,MAA,,,1,5000,INR,5000,1.0,Concur,Vendor Meeting,MGR-E01,2023-03-23,APPROVED
EXP-0000239,RPT-202303-0060,EMP-1002,Priya Menon,Engineering,CC-ENG-01,2023-03-22,2023-03-19,2023-03-20,Ground Transport,,Meru Cabs,Chennai,,Chennai,MAA,22.3,KM,,391,INR,391,1.0,Concur,Vendor Meeting,MGR-E01,2023-03-23,APPROVED
EXP-0000240,RPT-202303-0061,EMP-1006,Deepa Iyer,Marketing,CC-MKT-01,2023-03-11,2023-03-01,2023-03-05,Airfare,Economy,IndiGo,Mumbai,BOM,Delhi,DEL,,KM,,300,INR,300,1.0,Concur,Operations Review,MGR-M01,2023-03-15,APPROVED
EXP-0000241,RPT-202303-0061,EMP-1006,Deepa Iyer,Marketing,CC-MKT-01,2023-03-11,2023-03-01,2023-03-05,Hotel,,Hyatt Regency Delhi,,,Delhi,DEL,,,4,27000,INR,27000,1.0,Concur,Operations Review,MGR-M01,2023-03-15,APPROVED
EXP-0000242,RPT-202303-0061,EMP-1006,Deepa Iyer,Marketing,CC-MKT-01,2023-03-11,2023-03-01,2023-03-05,Ground Transport,,Ola,Delhi,,Delhi,DEL,17.5,KM,,499,INR,499,1.0,Concur,Operations Review,MGR-M01,2023-03-15,APPROVED
EXP-0000243,RPT-202303-0061,EMP-1006,Deepa Iyer,Marketing,CC-MKT-01,2023-03-11,2023-03-01,2023-03-05,Ground Transport,,Meru Cabs,,,Delhi,DEL,30.7,KM,,598,INR,598,1.0,Concur,Operations Review,MGR-M01,2023-03-15,APPROVED
EXP-0000244,RPT-202303-0061,EMP-1006,Deepa Iyer,Marketing,CC-MKT-01,2023-03-11,2023-03-01,2023-03-05,Ground Transport,,Uber,Delhi,,Delhi,DEL,15.0,KM,,293,INR,293,1.0,Concur,Operations Review,MGR-M01,2023-03-15,APPROVED
EXP-0000245,RPT-202303-0062,EMP-1018,Aakash Tiwari,Sales,CC-SALES-01,2023-03-26,2023-03-16,2023-03-19,Airfare,Economy,Etihad,Mumbai,BOM,Pune,PNQ,,KM,,0,INR,0,1.0,Concur,Operations Review,MGR-S01,2023-03-27,APPROVED
EXP-0000246,RPT-202303-0062,EMP-1018,Aakash Tiwari,Sales,CC-SALES-01,2023-03-26,2023-03-16,2023-03-19,Hotel,,ITC Hotels Pune,,,Pune,PNQ,,,3,15500,INR,15500,1.0,Concur,Operations Review,MGR-S01,2023-03-27,APPROVED
EXP-0000247,RPT-202303-0062,EMP-1018,Aakash Tiwari,Sales,CC-SALES-01,2023-03-26,2023-03-16,2023-03-19,Ground Transport,,Local Taxi,Pune,,Pune,PNQ,36.2,KM,,834,INR,834,1.0,Concur,Operations Review,MGR-S01,2023-03-27,APPROVED
EXP-0000248,RPT-202303-0063,EMP-1012,Mohit Sharma,Finance,CC-FIN-01,2023-03-17,2023-03-10,2023-03-12,Airfare,Business,Air India,Delhi,DEL,Amsterdam,AMS,,KM,,10400,INR,10400,1.0,Concur,Client Meeting,MGR-F01,2023-03-19,APPROVED
EXP-0000249,RPT-202303-0063,EMP-1012,Mohit Sharma,Finance,CC-FIN-01,2023-03-17,2023-03-10,2023-03-12,Hotel,,Sofitel Amsterdam,,,Amsterdam,AMS,,,2,32000,INR,32000,1.0,Concur,Client Meeting,MGR-F01,2023-03-19,APPROVED
EXP-0000250,RPT-202303-0063,EMP-1012,Mohit Sharma,Finance,CC-FIN-01,2023-03-17,2023-03-10,2023-03-12,Ground Transport,,Yellow Cab,Amsterdam,,Amsterdam,AMS,51.4,KM,,1218,INR,1218,1.0,Concur,Client Meeting,MGR-F01,2023-03-19,APPROVED
EXP-0000251,RPT-202303-0063,EMP-1012,Mohit Sharma,Finance,CC-FIN-01,2023-03-17,2023-03-10,2023-03-12,Ground Transport,,Meru Cabs,,,Amsterdam,AMS,11.0,KM,,170,INR,170,1.0,Concur,Client Meeting,MGR-F01,2023-03-19,APPROVED
EXP-0000252,RPT-202304-0064,EMP-1002,Priya Menon,Engineering,CC-ENG-01,2023-04-05,2023-03-27,2023-03-31,Airfare,Economy,Air India,Bangalore,BLR,Ahmedabad,AMD,,KM,,400,INR,400,1.0,Concur,Tech Conference,MGR-E01,2023-04-09,APPROVED
EXP-0000253,RPT-202304-0064,EMP-1002,Priya Menon,Engineering,CC-ENG-01,2023-04-05,2023-03-27,2023-03-31,Hotel,,Hilton Ahmedabad,,,Ahmedabad,AMD,,,4,23500,INR,23500,1.0,Concur,Tech Conference,MGR-E01,2023-04-09,APPROVED
EXP-0000254,RPT-202304-0064,EMP-1002,Priya Menon,Engineering,CC-ENG-01,2023-04-05,2023-03-27,2023-03-31,Ground Transport,,Rapido,Ahmedabad,,Ahmedabad,AMD,50.7,KM,,925,INR,925,1.0,Concur,Tech Conference,MGR-E01,2023-04-09,APPROVED
EXP-0000255,RPT-202304-0064,EMP-1002,Priya Menon,Engineering,CC-ENG-01,2023-04-05,2023-03-27,2023-03-31,Ground Transport,,Meru Cabs,,,Ahmedabad,AMD,19.0,KM,,528,INR,528,1.0,Concur,Tech Conference,MGR-E01,2023-04-09,APPROVED
EXP-0000256,RPT-202304-0064,EMP-1002,Priya Menon,Engineering,CC-ENG-01,2023-04-05,2023-03-27,2023-03-31,Ground Transport,,Ola,Ahmedabad,,Ahmedabad,AMD,10.3,KM,,227,INR,227,1.0,Concur,Tech Conference,MGR-E01,2023-04-09,APPROVED
EXP-0000257,RPT-202303-0065,EMP-1011,Anjali Singh,Marketing,CC-MKT-01,2023-03-06,2023-03-02,2023-03-04,Airfare,Economy,Vistara,Mumbai,BOM,Delhi,DEL,,KM,,300,INR,300,1.0,Concur,Partner Integration,MGR-M01,2023-03-08,APPROVED
EXP-0000258,RPT-202303-0065,EMP-1011,Anjali Singh,Marketing,CC-MKT-01,2023-03-06,2023-03-02,2023-03-04,Hotel,,Westin Delhi,,,Delhi,DEL,,,2,14500,INR,14500,1.0,Concur,Partner Integration,MGR-M01,2023-03-08,APPROVED
EXP-0000259,RPT-202303-0065,EMP-1011,Anjali Singh,Marketing,CC-MKT-01,2023-03-06,2023-03-02,2023-03-04,Ground Transport,,Uber,Delhi,,Delhi,DEL,44.3,KM,,1257,INR,1257,1.0,Concur,Partner Integration,MGR-M01,2023-03-08,APPROVED
EXP-0000260,RPT-202303-0066,EMP-1012,Mohit Sharma,Finance,CC-FIN-01,2023-03-29,2023-03-21,2023-03-25,Airfare,Economy,Emirates,Delhi,DEL,Ahmedabad,AMD,,KM,,200,INR,200,1.0,Concur,Budget Review,MGR-F01,2023-03-30,APPROVED
EXP-0000261,RPT-202303-0066,EMP-1012,Mohit Sharma,Finance,CC-FIN-01,2023-03-29,2023-03-21,2023-03-25,Hotel,,Le Meridien Ahmedabad,,,Ahmedabad,AMD,,,4,34500,INR,34500,1.0,Concur,Budget Review,MGR-F01,2023-03-30,APPROVED
EXP-0000262,RPT-202303-0066,EMP-1012,Mohit Sharma,Finance,CC-FIN-01,2023-03-29,2023-03-21,2023-03-25,Ground Transport,,Black Cab,Ahmedabad,,Ahmedabad,AMD,25.6,KM,,632,INR,632,1.0,Concur,Budget Review,MGR-F01,2023-03-30,APPROVED
EXP-0000263,RPT-202303-0066,EMP-1012,Mohit Sharma,Finance,CC-FIN-01,2023-03-29,2023-03-21,2023-03-25,Ground Transport,,Grab,,,Ahmedabad,AMD,40.6,KM,,929,INR,929,1.0,Concur,Budget Review,MGR-F01,2023-03-30,APPROVED
EXP-0000264,RPT-202303-0066,EMP-1012,Mohit Sharma,Finance,CC-FIN-01,2023-03-29,2023-03-21,2023-03-25,Ground Transport,,Ola,Ahmedabad,,Ahmedabad,AMD,21.7,KM,,340,INR,340,1.0,Concur,Budget Review,MGR-F01,2023-03-30,APPROVED
EXP-0000265,RPT-202303-0067,EMP-1005,Vikram Nair,Operations,CC-OPS-01,2023-03-19,2023-03-09,2023-03-11,Airfare,Economy,Singapore Airlines,Chennai,MAA,Mumbai,BOM,,KM,,300,INR,300,1.0,Concur,Product Launch,MGR-O01,2023-03-23,APPROVED
EXP-0000266,RPT-202303-0067,EMP-1005,Vikram Nair,Operations,CC-OPS-01,2023-03-19,2023-03-09,2023-03-11,Hotel,,Le Meridien Mumbai,,,Mumbai,BOM,,,2,12000,INR,12000,1.0,Concur,Product Launch,MGR-O01,2023-03-23,APPROVED
EXP-0000267,RPT-202303-0067,EMP-1005,Vikram Nair,Operations,CC-OPS-01,2023-03-19,2023-03-09,2023-03-11,Ground Transport,,Meru Cabs,Mumbai,,Mumbai,BOM,44.0,KM,,753,INR,753,1.0,Concur,Product Launch,MGR-O01,2023-03-23,APPROVED
EXP-0000268,RPT-202303-0067,EMP-1005,Vikram Nair,Operations,CC-OPS-01,2023-03-19,2023-03-09,2023-03-11,Ground Transport,,Careem,,,Mumbai,BOM,11.0,KM,,263,INR,263,1.0,Concur,Product Launch,MGR-O01,2023-03-23,APPROVED
EXP-0000269,RPT-202303-0068,EMP-1019,Pooja Desai,Operations,CC-OPS-01,2023-03-24,2023-03-12,2023-03-16,Airfare,Economy,British Airways,Chennai,MAA,Hyderabad,HYD,,KM,,200,INR,200,1.0,Concur,Audit Review,MGR-O01,2023-03-28,APPROVED
EXP-0000270,RPT-202303-0068,EMP-1019,Pooja Desai,Operations,CC-OPS-01,2023-03-24,2023-03-12,2023-03-16,Hotel,,Hyatt Regency Hyderabad,,,Hyderabad,HYD,,,4,25500,INR,25500,1.0,Concur,Audit Review,MGR-O01,2023-03-28,APPROVED
EXP-0000271,RPT-202303-0068,EMP-1019,Pooja Desai,Operations,CC-OPS-01,2023-03-24,2023-03-12,2023-03-16,Ground Transport,,Meru Cabs,Hyderabad,,Hyderabad,HYD,33.8,KM,,982,INR,982,1.0,Concur,Audit Review,MGR-O01,2023-03-28,APPROVED
EXP-0000272,RPT-202303-0068,EMP-1019,Pooja Desai,Operations,CC-OPS-01,2023-03-24,2023-03-12,2023-03-16,Ground Transport,,Uber,,,Hyderabad,HYD,47.7,KM,,1390,INR,1390,1.0,Concur,Audit Review,MGR-O01,2023-03-28,APPROVED
EXP-0000273,RPT-202303-0069,EMP-1011,Anjali Singh,Marketing,CC-MKT-01,2023-03-08,2023-03-01,2023-03-04,Airfare,Economy,Air India,Mumbai,,Bangalore,BLR,,KM,,200,INR,200,1.0,Concur,HR Summit,MGR-M01,2023-03-12,APPROVED
EXP-0000274,RPT-202303-0069,EMP-1011,Anjali Singh,Marketing,CC-MKT-01,2023-03-08,2023-03-01,2023-03-04,Hotel,,ITC Hotels Bangalore,,,Bangalore,BLR,,,3,17500,INR,17500,1.0,Concur,HR Summit,MGR-M01,2023-03-12,APPROVED
EXP-0000275,RPT-202303-0069,EMP-1011,Anjali Singh,Marketing,CC-MKT-01,2023-03-08,2023-03-01,2023-03-04,Ground Transport,,Metro Rail,Bangalore,,Bangalore,BLR,26.3,KM,,406,INR,406,1.0,Concur,HR Summit,MGR-M01,2023-03-12,APPROVED
EXP-0000276,RPT-202303-0069,EMP-1011,Anjali Singh,Marketing,CC-MKT-01,2023-03-08,2023-03-01,2023-03-04,Ground Transport,,Uber,,,Bangalore,BLR,31.4,KM,,678,INR,678,1.0,Concur,HR Summit,MGR-M01,2023-03-12,APPROVED
EXP-0000277,RPT-202303-0070,EMP-1015,Kavita Joshi,HR,CC-HR-01,2023-03-06,2023-03-03,2023-03-04,Airfare,Economy,Air India,Delhi,DEL,Bangalore,BLR,,KM,,400,INR,400,1.0,Concur,Training Program,MGR-H01,2023-03-10,APPROVED
EXP-0000278,RPT-202303-0070,EMP-1015,Kavita Joshi,HR,CC-HR-01,2023-03-06,2023-03-03,2023-03-04,Hotel,,Taj Hotels Bangalore,,,Bangalore,BLR,,,1,6000,INR,6000,1.0,Concur,Training Program,MGR-H01,2023-03-10,APPROVED
EXP-0000279,RPT-202303-0070,EMP-1015,Kavita Joshi,HR,CC-HR-01,2023-03-06,2023-03-03,2023-03-04,Ground Transport,,Careem,Bangalore,,Bangalore,BLR,31.0,KM,,579,INR,579,1.0,Concur,Training Program,MGR-H01,2023-03-10,APPROVED
EXP-0000280,RPT-202303-0070,EMP-1015,Kavita Joshi,HR,CC-HR-01,2023-03-06,2023-03-03,2023-03-04,Ground Transport,,Meru Cabs,,,Bangalore,BLR,54.0,KM,,1381,INR,1381,1.0,Concur,Training Program,MGR-H01,2023-03-10,APPROVED
EXP-0000281,RPT-202303-0071,EMP-1009,Sunita Gupta,Sales,CC-SALES-02,2023-03-17,2023-03-09,2023-03-12,Airfare,Economy,Emirates,Mumbai,BOM,Chennai,MAA,,KM,,300,INR,300,1.0,Concur,Client Meeting,MGR-S01,2023-03-18,APPROVED
EXP-0000282,RPT-202303-0071,EMP-1009,Sunita Gupta,Sales,CC-SALES-02,2023-03-17,2023-03-09,2023-03-12,Hotel,,Westin Chennai,,,Chennai,MAA,,,3,20500,INR,20500,1.0,Concur,Client Meeting,MGR-S01,2023-03-18,APPROVED
EXP-0000283,RPT-202303-0071,EMP-1009,Sunita Gupta,Sales,CC-SALES-02,2023-03-17,2023-03-09,2023-03-12,Ground Transport,,Rapido,Chennai,,Chennai,MAA,32.3,KM,,599,INR,599,1.0,Concur,Client Meeting,MGR-S01,2023-03-18,APPROVED
EXP-0000284,RPT-202303-0071,EMP-1009,Sunita Gupta,Sales,CC-SALES-02,2023-03-17,2023-03-09,2023-03-12,Ground Transport,,Yellow Cab,,,Chennai,MAA,53.4,KM,,1316,INR,1316,1.0,Concur,Client Meeting,MGR-S01,2023-03-18,APPROVED
EXP-0000285,RPT-202303-0071,EMP-1009,Sunita Gupta,Sales,CC-SALES-02,2023-03-17,2023-03-09,2023-03-12,Ground Transport,,Local Taxi,Chennai,,Chennai,MAA,41.2,KM,,751,INR,751,1.0,Concur,Client Meeting,MGR-S01,2023-03-18,APPROVED
EXP-0000286,RPT-202304-0072,EMP-1005,Vikram Nair,Operations,CC-OPS-01,2023-04-03,2023-03-24,2023-03-26,Airfare,Economy,British Airways,Chennai,MAA,Mumbai,BOM,,KM,,300,INR,300,1.0,Concur,HR Summit,MGR-O01,2023-04-04,APPROVED
EXP-0000287,RPT-202304-0072,EMP-1005,Vikram Nair,Operations,CC-OPS-01,2023-04-03,2023-03-24,2023-03-26,Hotel,,Le Meridien Mumbai,,,Mumbai,BOM,,,2,15500,INR,15500,1.0,Concur,HR Summit,MGR-O01,2023-04-04,APPROVED
EXP-0000288,RPT-202304-0072,EMP-1005,Vikram Nair,Operations,CC-OPS-01,2023-04-03,2023-03-24,2023-03-26,Ground Transport,,Careem,Mumbai,,Mumbai,BOM,47.4,KM,,1116,INR,1116,1.0,Concur,HR Summit,MGR-O01,2023-04-04,APPROVED
EXP-0000289,RPT-202303-0073,EMP-1003,Amit Patel,Finance,CC-FIN-01,2023-03-19,2023-03-09,2023-03-13,Airfare,Economy,Lufthansa,Delhi,DEL,Mumbai,BOM,,KM,,300,INR,300,1.0,Concur,Legal Negotiation,MGR-F01,2023-03-21,APPROVED
EXP-0000290,RPT-202303-0073,EMP-1003,Amit Patel,Finance,CC-FIN-01,2023-03-19,2023-03-09,2023-03-13,Hotel,,Radisson Blu Mumbai,,,Mumbai,BOM,,,4,25500,INR,25500,1.0,Concur,Legal Negotiation,MGR-F01,2023-03-21,APPROVED
EXP-0000291,RPT-202303-0073,EMP-1003,Amit Patel,Finance,CC-FIN-01,2023-03-19,2023-03-09,2023-03-13,Ground Transport,,Careem,Mumbai,,Mumbai,BOM,51.2,KM,,785,INR,785,1.0,Concur,Legal Negotiation,MGR-F01,2023-03-21,APPROVED
EXP-0000292,RPT-202303-0074,EMP-1004,Sneha Reddy,HR,CC-HR-01,2023-03-13,2023-03-07,2023-03-10,Airfare,Economy,SpiceJet,Delhi,DEL,Kolkata,CCU,,KM,,400,INR,400,1.0,Concur,Product Launch,MGR-H01,2023-03-16,APPROVED
EXP-0000293,RPT-202303-0074,EMP-1004,Sneha Reddy,HR,CC-HR-01,2023-03-13,2023-03-07,2023-03-10,Hotel,,Le Meridien Kolkata,,,Kolkata,CCU,,,3,18000,INR,18000,1.0,Concur,Product Launch,MGR-H01,2023-03-16,APPROVED
EXP-0000294,RPT-202303-0074,EMP-1004,Sneha Reddy,HR,CC-HR-01,2023-03-13,2023-03-07,2023-03-10,Ground Transport,,Careem,Kolkata,,Kolkata,CCU,54.8,KM,,1518,INR,1518,1.0,Concur,Product Launch,MGR-H01,2023-03-16,APPROVED
EXP-0000295,RPT-202303-0074,EMP-1004,Sneha Reddy,HR,CC-HR-01,2023-03-13,2023-03-07,2023-03-10,Ground Transport,,Rapido,,,Kolkata,CCU,27.1,KM,,744,INR,744,1.0,Concur,Product Launch,MGR-H01,2023-03-16,APPROVED
EXP-0000296,RPT-202303-0074,EMP-1004,Sneha Reddy,HR,CC-HR-01,2023-03-13,2023-03-07,2023-03-10,Ground Transport,,Black Cab,Kolkata,,Kolkata,CCU,24.6,KM,,725,INR,725,1.0,Concur,Product Launch,MGR-H01,2023-03-16,APPROVED
EXP-0000297,RPT-202304-0075,EMP-1006,Deepa Iyer,Marketing,CC-MKT-01,2023-04-01,2023-03-24,2023-03-27,Airfare,Economy,Go First,Mumbai,BOM,Kolkata,CCU,,KM,,500,INR,500,1.0,Concur,Operations Review,MGR-M01,2023-04-05,APPROVED
EXP-0000298,RPT-202304-0075,EMP-1006,Deepa Iyer,Marketing,CC-MKT-01,2023-04-01,2023-03-24,2023-03-27,Hotel,,Radisson Blu Kolkata,,,Kolkata,CCU,,,3,17000,INR,17000,1.0,Concur,Operations Review,MGR-M01,2023-04-05,APPROVED
EXP-0000299,RPT-202304-0075,EMP-1006,Deepa Iyer,Marketing,CC-MKT-01,2023-04-01,2023-03-24,2023-03-27,Ground Transport,,Meru Cabs,Kolkata,,Kolkata,CCU,27.3,KM,,732,INR,732,1.0,Concur,Operations Review,MGR-M01,2023-04-05,APPROVED
EXP-0000300,RPT-202304-0075,EMP-1006,Deepa Iyer,Marketing,CC-MKT-01,2023-04-01,2023-03-24,2023-03-27,Ground Transport,,Careem,,,Kolkata,CCU,11.8,KM,,320,INR,320,1.0,Concur,Operations Review,MGR-M01,2023-04-05,APPROVED
EXP-0000301,RPT-202303-0076,EMP-1009,Sunita Gupta,Sales,CC-SALES-02,2023-03-12,2023-03-05,2023-03-07,Airfare,Business,Vistara,Mumbai,BOM,Kuala Lumpur,KUL,,KM,,7500,INR,7500,1.0,Concur,Annual Planning,MGR-S01,2023-03-16,APPROVED
EXP-0000302,RPT-202303-0076,EMP-1009,Sunita Gupta,Sales,CC-SALES-02,2023-03-12,2023-03-05,2023-03-07,Hotel,,Ritz Carlton Kuala Lumpur,,,Kuala Lumpur,KUL,,,2,50000,INR,50000,1.0,Concur,Annual Planning,MGR-S01,2023-03-16,APPROVED
EXP-0000303,RPT-202303-0076,EMP-1009,Sunita Gupta,Sales,CC-SALES-02,2023-03-12,2023-03-05,2023-03-07,Ground Transport,,Careem,Kuala Lumpur,,Kuala Lumpur,KUL,11.1,KM,,171,INR,171,1.0,Concur,Annual Planning,MGR-S01,2023-03-16,APPROVED
EXP-0000304,RPT-202303-0076,EMP-1009,Sunita Gupta,Sales,CC-SALES-02,2023-03-12,2023-03-05,2023-03-07,Ground Transport,,Careem,,,Kuala Lumpur,KUL,17.7,KM,,320,INR,320,1.0,Concur,Annual Planning,MGR-S01,2023-03-16,APPROVED
EXP-0000305,RPT-202303-0077,EMP-1002,Priya Menon,Engineering,CC-ENG-01,2023-03-29,2023-03-24,2023-03-27,Airfare,Economy,SpiceJet,Bangalore,BLR,Mumbai,BOM,,KM,,300,INR,300,1.0,Concur,Team Offsite,MGR-E01,2023-03-30,APPROVED
EXP-0000306,RPT-202303-0077,EMP-1002,Priya Menon,Engineering,CC-ENG-01,2023-03-29,2023-03-24,2023-03-27,Hotel,,Taj Hotels Mumbai,,,Mumbai,BOM,,,3,23000,INR,23000,1.0,Concur,Team Offsite,MGR-E01,2023-03-30,APPROVED
EXP-0000307,RPT-202303-0077,EMP-1002,Priya Menon,Engineering,CC-ENG-01,2023-03-29,2023-03-24,2023-03-27,Ground Transport,,Metro Rail,Mumbai,,Mumbai,BOM,37.3,KM,,1072,INR,1072,1.0,Concur,Team Offsite,MGR-E01,2023-03-30,APPROVED
EXP-0000308,RPT-202303-0078,EMP-1001,Rahul Sharma,Sales,CC-SALES-01,2023-03-15,2023-03-09,2023-03-12,Airfare,Economy,Lufthansa,Mumbai,BOM,Dubai,DXB,,KM,,1700,INR,1700,1.0,Concur,Budget Review,MGR-S01,,PENDING
EXP-0000309,RPT-202303-0078,EMP-1001,Rahul Sharma,Sales,CC-SALES-01,2023-03-15,2023-03-09,2023-03-12,Hotel,,Four Seasons Dubai,,,Dubai,DXB,,,3,79000,INR,79000,1.0,Concur,Budget Review,MGR-S01,,PENDING
EXP-0000310,RPT-202303-0078,EMP-1001,Rahul Sharma,Sales,CC-SALES-01,2023-03-15,2023-03-09,2023-03-12,Ground Transport,,Yellow Cab,Dubai,,Dubai,DXB,17.8,KM,,291,INR,291,1.0,Concur,Budget Review,MGR-S01,,PENDING
EXP-0000311,RPT-202303-0078,EMP-1001,Rahul Sharma,Sales,CC-SALES-01,2023-03-15,2023-03-09,2023-03-12,Ground Transport,,Uber,,,Dubai,DXB,23.6,KM,,493,INR,493,1.0,Concur,Budget Review,MGR-S01,,PENDING
EXP-0000312,RPT-202303-0078,EMP-1001,Rahul Sharma,Sales,CC-SALES-01,2023-03-15,2023-03-09,2023-03-12,Ground Transport,,Careem,Dubai,,Dubai,DXB,15.0,KM,,286,INR,286,1.0,Concur,Budget Review,MGR-S01,,PENDING
EXP-0000313,RPT-202304-0079,EMP-1012,Mohit Sharma,Finance,CC-FIN-01,2023-04-03,2023-03-26,2023-03-27,Airfare,Economy,Etihad,Delhi,DEL,Chennai,MAA,,KM,,500,INR,500,1.0,Concur,Training Program,MGR-F01,2023-04-07,APPROVED
EXP-0000314,RPT-202304-0079,EMP-1012,Mohit Sharma,Finance,CC-FIN-01,2023-04-03,2023-03-26,2023-03-27,Hotel,,Novotel Chennai,,,Chennai,MAA,,,1,8000,INR,8000,1.0,Concur,Training Program,MGR-F01,2023-04-07,APPROVED
EXP-0000315,RPT-202304-0079,EMP-1012,Mohit Sharma,Finance,CC-FIN-01,2023-04-03,2023-03-26,2023-03-27,Ground Transport,,Rapido,Chennai,,Chennai,MAA,10.4,KM,,297,INR,297,1.0,Concur,Training Program,MGR-F01,2023-04-07,APPROVED
EXP-0000316,RPT-202304-0079,EMP-1012,Mohit Sharma,Finance,CC-FIN-01,2023-04-03,2023-03-26,2023-03-27,Ground Transport,,Careem,,,Chennai,MAA,48.4,KM,,756,INR,756,1.0,Concur,Training Program,MGR-F01,2023-04-07,APPROVED
EXP-0000317,RPT-202303-0080,EMP-1009,Sunita Gupta,Sales,CC-SALES-02,2023-03-26,2023-03-22,2023-03-24,Airfare,Economy,Emirates,Mumbai,BOM,Chennai,MAA,,KM,,200,INR,200,1.0,Concur,Annual Planning,MGR-S01,2023-03-30,APPROVED
EXP-0000318,RPT-202303-0080,EMP-1009,Sunita Gupta,Sales,CC-SALES-02,2023-03-26,2023-03-22,2023-03-24,Hotel,,Westin Chennai,,,Chennai,MAA,,,2,16500,INR,16500,1.0,Concur,Annual Planning,MGR-S01,2023-03-30,APPROVED
EXP-0000319,RPT-202303-0080,EMP-1009,Sunita Gupta,Sales,CC-SALES-02,2023-03-26,2023-03-22,2023-03-24,Ground Transport,,Metro Rail,Chennai,,Chennai,MAA,47.0,KM,,742,INR,742,1.0,Concur,Annual Planning,MGR-S01,2023-03-30,APPROVED
EXP-0000320,RPT-202303-0080,EMP-1009,Sunita Gupta,Sales,CC-SALES-02,2023-03-26,2023-03-22,2023-03-24,Ground Transport,,Meru Cabs,,,Chennai,MAA,36.4,KM,,558,INR,558,1.0,Concur,Annual Planning,MGR-S01,2023-03-30,APPROVED
EXP-0000321,RPT-202303-0080,EMP-1009,Sunita Gupta,Sales,CC-SALES-02,2023-03-26,2023-03-22,2023-03-24,Ground Transport,,Rapido,Chennai,,Chennai,MAA,14.0,KM,,255,INR,255,1.0,Concur,Annual Planning,MGR-S01,2023-03-30,APPROVED
EXP-0000322,RPT-202303-0081,EMP-1016,Dinesh Choudhary,Procurement,CC-PROC-01,2023-03-31,2023-03-23,2023-03-26,Airfare,Economy,Etihad,Mumbai,BOM,Delhi,DEL,,KM,,300,INR,300,1.0,Concur,Partner Integration,MGR-P01,2023-04-02,APPROVED
EXP-0000323,RPT-202303-0081,EMP-1016,Dinesh Choudhary,Procurement,CC-PROC-01,2023-03-31,2023-03-23,2023-03-26,Hotel,,ITC Hotels Delhi,,,Delhi,DEL,,,3,24500,INR,24500,1.0,Concur,Partner Integration,MGR-P01,2023-04-02,APPROVED
EXP-0000324,RPT-202303-0081,EMP-1016,Dinesh Choudhary,Procurement,CC-PROC-01,2023-03-31,2023-03-23,2023-03-26,Ground Transport,,Metro Rail,Delhi,,Delhi,DEL,49.9,KM,,1005,INR,1005,1.0,Concur,Partner Integration,MGR-P01,2023-04-02,APPROVED
EXP-0000325,RPT-202303-0081,EMP-1016,Dinesh Choudhary,Procurement,CC-PROC-01,2023-03-31,2023-03-23,2023-03-26,Ground Transport,,Local Taxi,,,Delhi,DEL,33.4,KM,,593,INR,593,1.0,Concur,Partner Integration,MGR-P01,2023-04-02,APPROVED
EXP-0000326,RPT-202304-0082,EMP-1012,Mohit Sharma,Finance,CC-FIN-01,2023-04-29,2023-04-18,2023-04-22,Airfare,Economy,Air India,Delhi,DEL,Kolkata,CCU,,KM,,400,INR,400,1.0,Concur,HR Summit,MGR-F01,2023-05-01,APPROVED
EXP-0000327,RPT-202304-0082,EMP-1012,Mohit Sharma,Finance,CC-FIN-01,2023-04-29,2023-04-18,2023-04-22,Hotel,,Hilton Kolkata,,,Kolkata,CCU,,,4,33000,INR,33000,1.0,Concur,HR Summit,MGR-F01,2023-05-01,APPROVED
EXP-0000328,RPT-202304-0082,EMP-1012,Mohit Sharma,Finance,CC-FIN-01,2023-04-29,2023-04-18,2023-04-22,Ground Transport,,Meru Cabs,Kolkata,,Kolkata,CCU,41.0,KM,,735,INR,735,1.0,Concur,HR Summit,MGR-F01,2023-05-01,APPROVED
EXP-0000329,RPT-202304-0083,EMP-1016,Dinesh Choudhary,Procurement,CC-PROC-01,2023-04-16,2023-04-08,2023-04-09,Airfare,Economy,Lufthansa,Mumbai,BOM,Bangalore,BLR,,KM,,300,INR,300,1.0,Concur,Board Review,MGR-P01,2023-04-17,APPROVED
EXP-0000330,RPT-202304-0083,EMP-1016,Dinesh Choudhary,Procurement,CC-PROC-01,2023-04-16,2023-04-08,2023-04-09,Hotel,,Taj Hotels Bangalore,,,Bangalore,BLR,,,1,5500,INR,5500,1.0,Concur,Board Review,MGR-P01,2023-04-17,APPROVED
EXP-0000331,RPT-202304-0083,EMP-1016,Dinesh Choudhary,Procurement,CC-PROC-01,2023-04-16,2023-04-08,2023-04-09,Ground Transport,,Careem,Bangalore,,Bangalore,BLR,11.3,KM,,176,INR,176,1.0,Concur,Board Review,MGR-P01,2023-04-17,APPROVED
EXP-0000332,RPT-202304-0084,EMP-1011,Anjali Singh,Marketing,CC-MKT-01,2023-04-13,2023-04-02,2023-04-06,Airfare,Business,British Airways,Mumbai,BOM,San Francisco,SFO,,KM,,24000,INR,24000,1.0,Concur,Client Meeting,MGR-M01,2023-04-15,APPROVED
EXP-0000333,RPT-202304-0084,EMP-1011,Anjali Singh,Marketing,CC-MKT-01,2023-04-13,2023-04-02,2023-04-06,Hotel,,Ibis San Francisco,,,San Francisco,SFO,,,4,97500,INR,97500,1.0,Concur,Client Meeting,MGR-M01,2023-04-15,APPROVED
EXP-0000334,RPT-202304-0084,EMP-1011,Anjali Singh,Marketing,CC-MKT-01,2023-04-13,2023-04-02,2023-04-06,Ground Transport,,Metro Rail,San Francisco,,San Francisco,SFO,15.7,KM,,440,INR,440,1.0,Concur,Client Meeting,MGR-M01,2023-04-15,APPROVED
EXP-0000335,RPT-202304-0084,EMP-1011,Anjali Singh,Marketing,CC-MKT-01,2023-04-13,2023-04-02,2023-04-06,Ground Transport,,Ola,,,San Francisco,SFO,24.0,KM,,390,INR,390,1.0,Concur,Client Meeting,MGR-M01,2023-04-15,APPROVED
EXP-0000336,RPT-202304-0084,EMP-1011,Anjali Singh,Marketing,CC-MKT-01,2023-04-13,2023-04-02,2023-04-06,Ground Transport,,Ola,San Francisco,,San Francisco,SFO,23.3,KM,,376,INR,376,1.0,Concur,Client Meeting,MGR-M01,2023-04-15,APPROVED
EXP-0000337,RPT-202305-0085,EMP-1010,Ravi Krishnan,Operations,CC-OPS-02,2023-05-04,2023-04-28,2023-04-29,Airfare,Business,SpiceJet,Chennai,MAA,Bangalore,BLR,,KM,,100,INR,100,1.0,Concur,Product Launch,MGR-O01,2023-05-07,APPROVED
EXP-0000338,RPT-202305-0085,EMP-1010,Ravi Krishnan,Operations,CC-OPS-02,2023-05-04,2023-04-28,2023-04-29,Hotel,,ITC Hotels Bangalore,,,Bangalore,BLR,,,1,7500,INR,7500,1.0,Concur,Product Launch,MGR-O01,2023-05-07,APPROVED
EXP-0000339,RPT-202305-0085,EMP-1010,Ravi Krishnan,Operations,CC-OPS-02,2023-05-04,2023-04-28,2023-04-29,Ground Transport,,Local Taxi,Bangalore,,Bangalore,BLR,42.5,KM,,733,INR,733,1.0,Concur,Product Launch,MGR-O01,2023-05-07,APPROVED
EXP-0000340,RPT-202304-0086,EMP-1016,Dinesh Choudhary,Procurement,CC-PROC-01,2023-04-28,2023-04-13,2023-04-20,Airfare,Economy,Qatar Airways,Mumbai,BOM,Paris,CDG,,KM,,5500,INR,5500,1.0,Concur,Partner Integration,MGR-P01,2023-05-01,APPROVED
EXP-0000341,RPT-202304-0086,EMP-1016,Dinesh Choudhary,Procurement,CC-PROC-01,2023-04-28,2023-04-13,2023-04-20,Hotel,,Holiday Inn Paris,,,Paris,CDG,,,7,210500,INR,210500,1.0,Concur,Partner Integration,MGR-P01,2023-05-01,APPROVED
EXP-0000342,RPT-202304-0086,EMP-1016,Dinesh Choudhary,Procurement,CC-PROC-01,2023-04-28,2023-04-13,2023-04-20,Ground Transport,,Local Taxi,Paris,,Paris,CDG,38.2,KM,,1058,INR,1058,1.0,Concur,Partner Integration,MGR-P01,2023-05-01,APPROVED
EXP-0000343,RPT-202304-0086,EMP-1016,Dinesh Choudhary,Procurement,CC-PROC-01,2023-04-28,2023-04-13,2023-04-20,Ground Transport,,Rapido,,,Paris,CDG,39.6,KM,,1173,INR,1173,1.0,Concur,Partner Integration,MGR-P01,2023-05-01,APPROVED
EXP-0000344,RPT-202304-0086,EMP-1016,Dinesh Choudhary,Procurement,CC-PROC-01,2023-04-28,2023-04-13,2023-04-20,Ground Transport,,Ola,Paris,,Paris,CDG,50.1,KM,,1208,INR,1208,1.0,Concur,Partner Integration,MGR-P01,2023-05-01,APPROVED
EXP-0000345,RPT-202305-0087,EMP-1006,Deepa Iyer,Marketing,CC-MKT-01,2023-05-08,2023-04-28,2023-05-05,Airfare,Business,Lufthansa,Mumbai,BOM,Bangkok,BKK,,KM,,4700,INR,4700,1.0,Concur,Annual Planning,MGR-M01,2023-05-09,APPROVED
EXP-0000346,RPT-202305-0087,EMP-1006,Deepa Iyer,Marketing,CC-MKT-01,2023-05-08,2023-04-28,2023-05-05,Hotel,,Sofitel Bangkok,,,Bangkok,BKK,,,7,88000,INR,88000,1.0,Concur,Annual Planning,MGR-M01,2023-05-09,APPROVED
EXP-0000347,RPT-202305-0087,EMP-1006,Deepa Iyer,Marketing,CC-MKT-01,2023-05-08,2023-04-28,2023-05-05,Ground Transport,,Uber,Bangkok,,Bangkok,BKK,38.4,KM,,958,INR,958,1.0,Concur,Annual Planning,MGR-M01,2023-05-09,APPROVED
EXP-0000348,RPT-202304-0088,EMP-1019,Pooja Desai,Operations,CC-OPS-01,2023-04-19,2023-04-12,2023-04-16,Airfare,Economy,British Airways,Chennai,MAA,Mumbai,BOM,,KM,,300,INR,300,1.0,Concur,Partner Integration,MGR-O01,2023-04-20,APPROVED
EXP-0000349,RPT-202304-0088,EMP-1019,Pooja Desai,Operations,CC-OPS-01,2023-04-19,2023-04-12,2023-04-16,Hotel,,Le Meridien Mumbai,,,Mumbai,BOM,,,4,28000,INR,28000,1.0,Concur,Partner Integration,MGR-O01,2023-04-20,APPROVED
EXP-0000350,RPT-202304-0088,EMP-1019,Pooja Desai,Operations,CC-OPS-01,2023-04-19,2023-04-12,2023-04-16,Ground Transport,,Rapido,Mumbai,,Mumbai,BOM,13.2,KM,,355,INR,355,1.0,Concur,Partner Integration,MGR-O01,2023-04-20,APPROVED
EXP-0000351,RPT-202304-0088,EMP-1019,Pooja Desai,Operations,CC-OPS-01,2023-04-19,2023-04-12,2023-04-16,Ground Transport,,Ola,,,Mumbai,BOM,51.6,KM,,856,INR,856,1.0,Concur,Partner Integration,MGR-O01,2023-04-20,APPROVED
EXP-0000352,RPT-202304-0088,EMP-1019,Pooja Desai,Operations,CC-OPS-01,2023-04-19,2023-04-12,2023-04-16,Ground Transport,,Careem,Mumbai,,Mumbai,BOM,15.7,KM,,278,INR,278,1.0,Concur,Partner Integration,MGR-O01,2023-04-20,APPROVED
EXP-0000353,RPT-202304-0089,EMP-1005,Vikram Nair,Operations,CC-OPS-01,2023-04-15,2023-04-10,2023-04-14,Airfare,Economy,Qatar Airways,Chennai,MAA,Hyderabad,HYD,,KM,,100,INR,100,1.0,Concur,Tech Conference,MGR-O01,2023-04-17,APPROVED
EXP-0000354,RPT-202304-0089,EMP-1005,Vikram Nair,Operations,CC-OPS-01,2023-04-15,2023-04-10,2023-04-14,Hotel,,ITC Hotels Hyderabad,,,Hyderabad,HYD,,,4,32000,INR,32000,1.0,Concur,Tech Conference,MGR-O01,2023-04-17,APPROVED
EXP-0000355,RPT-202304-0089,EMP-1005,Vikram Nair,Operations,CC-OPS-01,2023-04-15,2023-04-10,2023-04-14,Ground Transport,,Grab,Hyderabad,,Hyderabad,HYD,40.4,KM,,951,INR,951,1.0,Concur,Tech Conference,MGR-O01,2023-04-17,APPROVED
EXP-0000356,RPT-202304-0089,EMP-1005,Vikram Nair,Operations,CC-OPS-01,2023-04-15,2023-04-10,2023-04-14,Ground Transport,,Yellow Cab,,,Hyderabad,HYD,32.6,KM,,883,INR,883,1.0,Concur,Tech Conference,MGR-O01,2023-04-17,APPROVED
EXP-0000357,RPT-202304-0089,EMP-1005,Vikram Nair,Operations,CC-OPS-01,2023-04-15,2023-04-10,2023-04-14,Ground Transport,,Rapido,Hyderabad,,Hyderabad,HYD,54.2,KM,,855,INR,855,1.0,Concur,Tech Conference,MGR-O01,2023-04-17,APPROVED
EXP-0000358,RPT-202304-0090,EMP-1009,Sunita Gupta,Sales,CC-SALES-02,2023-04-22,2023-04-13,2023-04-19,Airfare,Economy,SpiceJet,Mumbai,BOM,Bangkok,BKK,,KM,,2800,INR,2800,1.0,Concur,HR Summit,MGR-S01,2023-04-23,APPROVED
EXP-0000359,RPT-202304-0090,EMP-1009,Sunita Gupta,Sales,CC-SALES-02,2023-04-22,2023-04-13,2023-04-19,Hotel,,Ritz Carlton Bangkok,,,Bangkok,BKK,,,6,206500,INR,206500,1.0,Concur,HR Summit,MGR-S01,2023-04-23,APPROVED
EXP-0000360,RPT-202304-0090,EMP-1009,Sunita Gupta,Sales,CC-SALES-02,2023-04-22,2023-04-13,2023-04-19,Ground Transport,,Uber,Bangkok,,Bangkok,BKK,45.6,KM,,684,INR,684,1.0,Concur,HR Summit,MGR-S01,2023-04-23,APPROVED
EXP-0000361,RPT-202304-0090,EMP-1009,Sunita Gupta,Sales,CC-SALES-02,2023-04-22,2023-04-13,2023-04-19,Ground Transport,,Rapido,,,Bangkok,BKK,38.9,KM,,870,INR,870,1.0,Concur,HR Summit,MGR-S01,2023-04-23,APPROVED
EXP-0000362,RPT-202304-0090,EMP-1009,Sunita Gupta,Sales,CC-SALES-02,2023-04-22,2023-04-13,2023-04-19,Ground Transport,,Meru Cabs,Bangkok,,Bangkok,BKK,50.8,KM,,1158,INR,1158,1.0,Concur,HR Summit,MGR-S01,2023-04-23,APPROVED
EXP-0000363,RPT-202304-0091,EMP-1016,Dinesh Choudhary,Procurement,CC-PROC-01,2023-04-17,2023-04-07,2023-04-09,Airfare,Business,Vistara,Mumbai,BOM,Kuala Lumpur,KUL,,KM,,6700,INR,6700,1.0,Concur,Product Launch,MGR-P01,2023-04-21,APPROVED
EXP-0000364,RPT-202304-0091,EMP-1016,Dinesh Choudhary,Procurement,CC-PROC-01,2023-04-17,2023-04-07,2023-04-09,Hotel,,Holiday Inn Kuala Lumpur,,,Kuala Lumpur,KUL,,,2,46500,INR,46500,1.0,Concur,Product Launch,MGR-P01,2023-04-21,APPROVED
EXP-0000365,RPT-202304-0091,EMP-1016,Dinesh Choudhary,Procurement,CC-PROC-01,2023-04-17,2023-04-07,2023-04-09,Ground Transport,,Rapido,Kuala Lumpur,,Kuala Lumpur,KUL,35.3,KM,,986,INR,986,1.0,Concur,Product Launch,MGR-P01,2023-04-21,APPROVED
EXP-0000366,RPT-202304-0092,EMP-1005,Vikram Nair,Operations,CC-OPS-01,2023-04-15,2023-04-08,2023-04-09,Airfare,Business,SpiceJet,Chennai,MAA,Mumbai,BOM,,KM,,400,INR,400,1.0,Concur,Product Launch,MGR-O01,2023-04-17,APPROVED
EXP-0000367,RPT-202304-0092,EMP-1005,Vikram Nair,Operations,CC-OPS-01,2023-04-15,2023-04-08,2023-04-09,Hotel,,ITC Hotels Mumbai,,,Mumbai,BOM,,,1,6000,INR,6000,1.0,Concur,Product Launch,MGR-O01,2023-04-17,APPROVED
EXP-0000368,RPT-202304-0092,EMP-1005,Vikram Nair,Operations,CC-OPS-01,2023-04-15,2023-04-08,2023-04-09,Ground Transport,,Yellow Cab,Mumbai,,Mumbai,BOM,28.9,KM,,450,INR,450,1.0,Concur,Product Launch,MGR-O01,2023-04-17,APPROVED
EXP-0000369,RPT-202304-0093,EMP-1002,Priya Menon,Engineering,CC-ENG-01,2023-04-19,2023-04-15,2023-04-16,Airfare,Economy,Qatar Airways,Bangalore,BLR,Hyderabad,HYD,,KM,,100,INR,100,1.0,Concur,Legal Negotiation,MGR-E01,2023-04-22,APPROVED
EXP-0000370,RPT-202304-0093,EMP-1002,Priya Menon,Engineering,CC-ENG-01,2023-04-19,2023-04-15,2023-04-16,Hotel,,JW Marriott Hyderabad,,,Hyderabad,HYD,,,1,8500,INR,8500,1.0,Concur,Legal Negotiation,MGR-E01,2023-04-22,APPROVED
EXP-0000371,RPT-202304-0093,EMP-1002,Priya Menon,Engineering,CC-ENG-01,2023-04-19,2023-04-15,2023-04-16,Ground Transport,,Black Cab,Hyderabad,,Hyderabad,HYD,53.5,KM,,1309,INR,1309,1.0,Concur,Legal Negotiation,MGR-E01,2023-04-22,APPROVED
EXP-0000372,RPT-202304-0093,EMP-1002,Priya Menon,Engineering,CC-ENG-01,2023-04-19,2023-04-15,2023-04-16,Ground Transport,,Metro Rail,,,Hyderabad,HYD,51.0,KM,,1303,INR,1303,1.0,Concur,Legal Negotiation,MGR-E01,2023-04-22,APPROVED
EXP-0000373,RPT-202304-0094,EMP-1008,Arjun Mehta,Engineering,CC-ENG-02,2023-04-29,2023-04-22,2023-04-24,Airfare,Economy,Etihad,Bangalore,BLR,Mumbai,BOM,,KM,,200,INR,200,1.0,Concur,Board Review,MGR-E01,2023-05-01,APPROVED
EXP-0000374,RPT-202304-0094,EMP-1008,Arjun Mehta,Engineering,CC-ENG-02,2023-04-29,2023-04-22,2023-04-24,Hotel,,Novotel Mumbai,,,Mumbai,BOM,,,2,10500,INR,10500,1.0,Concur,Board Review,MGR-E01,2023-05-01,APPROVED
EXP-0000375,RPT-202304-0094,EMP-1008,Arjun Mehta,Engineering,CC-ENG-02,2023-04-29,2023-04-22,2023-04-24,Ground Transport,,Meru Cabs,Mumbai,,Mumbai,BOM,19.6,KM,,521,INR,521,1.0,Concur,Board Review,MGR-E01,2023-05-01,APPROVED
EXP-0000376,RPT-202304-0094,EMP-1008,Arjun Mehta,Engineering,CC-ENG-02,2023-04-29,2023-04-22,2023-04-24,Ground Transport,,Metro Rail,,,Mumbai,BOM,38.8,KM,,664,INR,664,1.0,Concur,Board Review,MGR-E01,2023-05-01,APPROVED
EXP-0000377,RPT-202304-0094,EMP-1008,Arjun Mehta,Engineering,CC-ENG-02,2023-04-29,2023-04-22,2023-04-24,Ground Transport,,Black Cab,Mumbai,,Mumbai,BOM,18.9,KM,,433,INR,433,1.0,Concur,Board Review,MGR-E01,2023-05-01,APPROVED
EXP-0000378,RPT-202304-0095,EMP-1012,Mohit Sharma,Finance,CC-FIN-01,2023-04-21,2023-04-10,2023-04-14,Airfare,Economy,Air India,Delhi,DEL,Chennai,MAA,,KM,,400,INR,400,1.0,Concur,Sales Pitch,MGR-F01,2023-04-25,APPROVED
EXP-0000379,RPT-202304-0095,EMP-1012,Mohit Sharma,Finance,CC-FIN-01,2023-04-21,2023-04-10,2023-04-14,Hotel,,Novotel Chennai,,,Chennai,MAA,,,4,26500,INR,26500,1.0,Concur,Sales Pitch,MGR-F01,2023-04-25,APPROVED
EXP-0000380,RPT-202304-0095,EMP-1012,Mohit Sharma,Finance,CC-FIN-01,2023-04-21,2023-04-10,2023-04-14,Ground Transport,,Careem,Chennai,,Chennai,MAA,18.4,KM,,451,INR,451,1.0,Concur,Sales Pitch,MGR-F01,2023-04-25,APPROVED
EXP-0000381,RPT-202304-0096,EMP-1007,Kiran Rao,Legal,CC-LEGAL-01,2023-04-11,2023-04-05,2023-04-08,Airfare,Economy,Etihad,Delhi,DEL,Pune,PNQ,,KM,,300,INR,300,1.0,Concur,Training Program,MGR-L01,2023-04-12,APPROVED
EXP-0000382,RPT-202304-0096,EMP-1007,Kiran Rao,Legal,CC-LEGAL-01,2023-04-11,2023-04-05,2023-04-08,Hotel,,Radisson Blu Pune,,,Pune,PNQ,,,3,19000,INR,19000,1.0,Concur,Training Program,MGR-L01,2023-04-12,APPROVED
EXP-0000383,RPT-202304-0096,EMP-1007,Kiran Rao,Legal,CC-LEGAL-01,2023-04-11,2023-04-05,2023-04-08,Ground Transport,,Metro Rail,Pune,,Pune,PNQ,15.0,KM,,249,INR,249,1.0,Concur,Training Program,MGR-L01,2023-04-12,APPROVED
EXP-0000384,RPT-202304-0096,EMP-1007,Kiran Rao,Legal,CC-LEGAL-01,2023-04-11,2023-04-05,2023-04-08,Ground Transport,,Grab,,,Pune,PNQ,34.3,KM,,990,INR,990,1.0,Concur,Training Program,MGR-L01,2023-04-12,APPROVED
EXP-0000385,RPT-202304-0097,EMP-1015,Kavita Joshi,HR,CC-HR-01,2023-04-25,2023-04-20,2023-04-21,Airfare,Economy,Vistara,Delhi,DEL,Pune,PNQ,,KM,,300,INR,300,1.0,Concur,Partner Integration,MGR-H01,2023-04-29,APPROVED
EXP-0000386,RPT-202304-0097,EMP-1015,Kavita Joshi,HR,CC-HR-01,2023-04-25,2023-04-20,2023-04-21,Hotel,,Novotel Pune,,,Pune,PNQ,,,1,6500,INR,6500,1.0,Concur,Partner Integration,MGR-H01,2023-04-29,APPROVED
EXP-0000387,RPT-202304-0097,EMP-1015,Kavita Joshi,HR,CC-HR-01,2023-04-25,2023-04-20,2023-04-21,Ground Transport,,Meru Cabs,Pune,,Pune,PNQ,51.0,KM,,1450,INR,1450,1.0,Concur,Partner Integration,MGR-H01,2023-04-29,APPROVED
EXP-0000388,RPT-202304-0097,EMP-1015,Kavita Joshi,HR,CC-HR-01,2023-04-25,2023-04-20,2023-04-21,Ground Transport,,Rapido,,,Pune,PNQ,15.5,KM,,259,INR,259,1.0,Concur,Partner Integration,MGR-H01,2023-04-29,APPROVED
EXP-0000389,RPT-202304-0097,EMP-1015,Kavita Joshi,HR,CC-HR-01,2023-04-25,2023-04-20,2023-04-21,Ground Transport,,Careem,Pune,,Pune,PNQ,11.9,KM,,258,INR,258,1.0,Concur,Partner Integration,MGR-H01,2023-04-29,APPROVED
EXP-0000390,RPT-202304-0098,EMP-1016,Dinesh Choudhary,Procurement,CC-PROC-01,2023-04-14,2023-04-04,2023-04-07,Airfare,Economy,SpiceJet,Mumbai,BOM,Kolkata,CCU,,KM,,500,INR,500,1.0,Concur,Sales Pitch,MGR-P01,2023-04-15,APPROVED
EXP-0000391,RPT-202304-0098,EMP-1016,Dinesh Choudhary,Procurement,CC-PROC-01,2023-04-14,2023-04-04,2023-04-07,Hotel,,Taj Hotels Kolkata,,,Kolkata,CCU,,,3,21000,INR,21000,1.0,Concur,Sales Pitch,MGR-P01,2023-04-15,APPROVED
EXP-0000392,RPT-202304-0098,EMP-1016,Dinesh Choudhary,Procurement,CC-PROC-01,2023-04-14,2023-04-04,2023-04-07,Ground Transport,,Rapido,Kolkata,,Kolkata,CCU,22.5,KM,,492,INR,492,1.0,Concur,Sales Pitch,MGR-P01,2023-04-15,APPROVED
EXP-0000393,RPT-202304-0098,EMP-1016,Dinesh Choudhary,Procurement,CC-PROC-01,2023-04-14,2023-04-04,2023-04-07,Ground Transport,,Careem,,,Kolkata,CCU,29.7,KM,,869,INR,869,1.0,Concur,Sales Pitch,MGR-P01,2023-04-15,APPROVED
EXP-0000394,RPT-202304-0098,EMP-1016,Dinesh Choudhary,Procurement,CC-PROC-01,2023-04-14,2023-04-04,2023-04-07,Ground Transport,,Rapido,Kolkata,,Kolkata,CCU,31.1,KM,,701,INR,701,1.0,Concur,Sales Pitch,MGR-P01,2023-04-15,APPROVED
EXP-0000395,RPT-202304-0099,EMP-1016,Dinesh Choudhary,Procurement,CC-PROC-01,2023-04-21,2023-04-11,2023-04-14,Airfare,Economy,Etihad,Mumbai,BOM,Bangalore,BLR,,KM,,200,INR,200,1.0,Concur,Audit Review,MGR-P01,2023-04-25,APPROVED
EXP-0000396,RPT-202304-0099,EMP-1016,Dinesh Choudhary,Procurement,CC-PROC-01,2023-04-21,2023-04-11,2023-04-14,Hotel,,Hilton Bangalore,,,Bangalore,BLR,,,3,15500,INR,15500,1.0,Concur,Audit Review,MGR-P01,2023-04-25,APPROVED
EXP-0000397,RPT-202304-0099,EMP-1016,Dinesh Choudhary,Procurement,CC-PROC-01,2023-04-21,2023-04-11,2023-04-14,Ground Transport,,Yellow Cab,Bangalore,,Bangalore,BLR,16.3,KM,,479,INR,479,1.0,Concur,Audit Review,MGR-P01,2023-04-25,APPROVED
EXP-0000398,RPT-202304-0099,EMP-1016,Dinesh Choudhary,Procurement,CC-PROC-01,2023-04-21,2023-04-11,2023-04-14,Ground Transport,,Rapido,,,Bangalore,BLR,39.2,KM,,665,INR,665,1.0,Concur,Audit Review,MGR-P01,2023-04-25,APPROVED
EXP-0000399,RPT-202304-0099,EMP-1016,Dinesh Choudhary,Procurement,CC-PROC-01,2023-04-21,2023-04-11,2023-04-14,Ground Transport,,Grab,Bangalore,,Bangalore,BLR,42.4,KM,,842,INR,842,1.0,Concur,Audit Review,MGR-P01,2023-04-25,APPROVED
EXP-0000400,RPT-202304-0100,EMP-1011,Anjali Singh,Marketing,CC-MKT-01,2023-04-05,2023-04-02,2023-04-03,Airfare,Economy,Air India,Mumbai,BOM,Pune,PNQ,,KM,,0,INR,0,1.0,Concur,Vendor Meeting,MGR-M01,2023-04-08,APPROVED
EXP-0000401,RPT-202304-0100,EMP-1011,Anjali Singh,Marketing,CC-MKT-01,2023-04-05,2023-04-02,2023-04-03,Hotel,,Taj Hotels Pune,,,Pune,PNQ,,,1,6500,INR,6500,1.0,Concur,Vendor Meeting,MGR-M01,2023-04-08,APPROVED
EXP-0000402,RPT-202304-0100,EMP-1011,Anjali Singh,Marketing,CC-MKT-01,2023-04-05,2023-04-02,2023-04-03,Ground Transport,,Metro Rail,Pune,,Pune,PNQ,38.6,KM,,762,INR,762,1.0,Concur,Vendor Meeting,MGR-M01,2023-04-08,APPROVED
EXP-0000403,RPT-202304-0100,EMP-1011,Anjali Singh,Marketing,CC-MKT-01,2023-04-05,2023-04-02,2023-04-03,Ground Transport,,Uber,,,Pune,PNQ,36.3,KM,,659,INR,659,1.0,Concur,Vendor Meeting,MGR-M01,2023-04-08,APPROVED
EXP-0000404,RPT-202304-0101,EMP-1013,Nisha Verma,Engineering,CC-ENG-01,2023-04-07,2023-04-01,2023-04-04,Airfare,Economy,British Airways,Bangalore,BLR,Pune,PNQ,,KM,,200,INR,200,1.0,Concur,Annual Planning,MGR-E01,2023-04-09,APPROVED
EXP-0000405,RPT-202304-0101,EMP-1013,Nisha Verma,Engineering,CC-ENG-01,2023-04-07,2023-04-01,2023-04-04,Hotel,,Radisson Blu Pune,,,Pune,PNQ,,,3,18500,INR,18500,1.0,Concur,Annual Planning,MGR-E01,2023-04-09,APPROVED
EXP-0000406,RPT-202304-0101,EMP-1013,Nisha Verma,Engineering,CC-ENG-01,2023-04-07,2023-04-01,2023-04-04,Ground Transport,,Local Taxi,Pune,,Pune,PNQ,37.2,KM,,857,INR,857,1.0,Concur,Annual Planning,MGR-E01,2023-04-09,APPROVED
EXP-0000407,RPT-202304-0102,EMP-1016,Dinesh Choudhary,Procurement,CC-PROC-01,2023-04-30,2023-04-21,2023-04-22,Airfare,Business,Singapore Airlines,Mumbai,BOM,Ahmedabad,AMD,,KM,,200,INR,200,1.0,Concur,Board Review,MGR-P01,2023-05-04,APPROVED
EXP-0000408,RPT-202304-0102,EMP-1016,Dinesh Choudhary,Procurement,CC-PROC-01,2023-04-30,2023-04-21,2023-04-22,Hotel,,Hilton Ahmedabad,,,Ahmedabad,AMD,,,1,8000,INR,8000,1.0,Concur,Board Review,MGR-P01,2023-05-04,APPROVED
EXP-0000409,RPT-202304-0102,EMP-1016,Dinesh Choudhary,Procurement,CC-PROC-01,2023-04-30,2023-04-21,2023-04-22,Ground Transport,,Uber,Ahmedabad,,Ahmedabad,AMD,31.8,KM,,939,INR,939,1.0,Concur,Board Review,MGR-P01,2023-05-04,APPROVED
EXP-0000410,RPT-202304-0102,EMP-1016,Dinesh Choudhary,Procurement,CC-PROC-01,2023-04-30,2023-04-21,2023-04-22,Ground Transport,,Careem,,,Ahmedabad,AMD,37.8,KM,,1056,INR,1056,1.0,Concur,Board Review,MGR-P01,2023-05-04,APPROVED
EXP-0000411,RPT-202304-0102,EMP-1016,Dinesh Choudhary,Procurement,CC-PROC-01,2023-04-30,2023-04-21,2023-04-22,Ground Transport,,Grab,Ahmedabad,,Ahmedabad,AMD,31.7,KM,,499,INR,499,1.0,Concur,Board Review,MGR-P01,2023-05-04,APPROVED
EXP-0000412,RPT-202305-0103,EMP-1011,Anjali Singh,Marketing,CC-MKT-01,2023-05-02,2023-04-24,2023-04-27,Airfare,Business,Vistara,Mumbai,BOM,Tokyo,NRT,,KM,,11200,INR,11200,1.0,Concur,Client Meeting,MGR-M01,2023-05-06,APPROVED
EXP-0000413,RPT-202305-0103,EMP-1011,Anjali Singh,Marketing,CC-MKT-01,2023-05-02,2023-04-24,2023-04-27,Hotel,,Hilton Tokyo,,,Tokyo,NRT,,,3,92500,INR,92500,1.0,Concur,Client Meeting,MGR-M01,2023-05-06,APPROVED
EXP-0000414,RPT-202305-0103,EMP-1011,Anjali Singh,Marketing,CC-MKT-01,2023-05-02,2023-04-24,2023-04-27,Ground Transport,,Black Cab,Tokyo,,Tokyo,NRT,10.7,KM,,227,INR,227,1.0,Concur,Client Meeting,MGR-M01,2023-05-06,APPROVED
EXP-0000415,RPT-202305-0103,EMP-1011,Anjali Singh,Marketing,CC-MKT-01,2023-05-02,2023-04-24,2023-04-27,Ground Transport,,Uber,,,Tokyo,NRT,21.4,KM,,485,INR,485,1.0,Concur,Client Meeting,MGR-M01,2023-05-06,APPROVED
EXP-0000416,RPT-202304-0104,EMP-1015,Kavita Joshi,HR,CC-HR-01,2023-04-19,2023-04-11,2023-04-14,Airfare,Economy,IndiGo,Delhi,DEL,Bangalore,BLR,,KM,,500,INR,500,1.0,Concur,Operations Review,MGR-H01,2023-04-23,APPROVED
EXP-0000417,RPT-202304-0104,EMP-1015,Kavita Joshi,HR,CC-HR-01,2023-04-19,2023-04-11,2023-04-14,Hotel,,Hilton Bangalore,,,Bangalore,BLR,,,3,16500,INR,16500,1.0,Concur,Operations Review,MGR-H01,2023-04-23,APPROVED
EXP-0000418,RPT-202304-0104,EMP-1015,Kavita Joshi,HR,CC-HR-01,2023-04-19,2023-04-11,2023-04-14,Ground Transport,,Grab,Bangalore,,Bangalore,BLR,11.2,KM,,215,INR,215,1.0,Concur,Operations Review,MGR-H01,2023-04-23,APPROVED
EXP-0000419,RPT-202304-0104,EMP-1015,Kavita Joshi,HR,CC-HR-01,2023-04-19,2023-04-11,2023-04-14,Ground Transport,,Black Cab,,,Bangalore,BLR,41.5,KM,,837,INR,837,1.0,Concur,Operations Review,MGR-H01,2023-04-23,APPROVED
EXP-0000420,RPT-202304-0105,EMP-1014,Suresh Babu,Sales,CC-SALES-03,2023-04-17,2023-04-09,2023-04-10,Airfare,Business,Air India,Mumbai,BOM,Chennai,MAA,,KM,,500,INR,500,1.0,Concur,Client Meeting,MGR-S02,2023-04-21,APPROVED
EXP-0000421,RPT-202304-0105,EMP-1014,Suresh Babu,Sales,CC-SALES-03,2023-04-17,2023-04-09,2023-04-10,Hotel,,Taj Hotels Chennai,,,Chennai,MAA,,,1,5500,INR,5500,1.0,Concur,Client Meeting,MGR-S02,2023-04-21,APPROVED
EXP-0000422,RPT-202304-0105,EMP-1014,Suresh Babu,Sales,CC-SALES-03,2023-04-17,2023-04-09,2023-04-10,Ground Transport,,Grab,Chennai,,Chennai,MAA,28.0,KM,,599,INR,599,1.0,Concur,Client Meeting,MGR-S02,2023-04-21,APPROVED
EXP-0000423,RPT-202304-0105,EMP-1014,Suresh Babu,Sales,CC-SALES-03,2023-04-17,2023-04-09,2023-04-10,Ground Transport,,Metro Rail,,,Chennai,MAA,41.4,KM,,1109,INR,1109,1.0,Concur,Client Meeting,MGR-S02,2023-04-21,APPROVED
EXP-0000424,RPT-202304-0106,EMP-1009,Sunita Gupta,Sales,CC-SALES-02,2023-04-27,2023-04-24,2023-04-26,Airfare,Economy,Qatar Airways,Mumbai,BOM,Chennai,MAA,,KM,,300,INR,300,1.0,Concur,Sales Pitch,MGR-S01,2023-04-29,APPROVED
EXP-0000425,RPT-202304-0106,EMP-1009,Sunita Gupta,Sales,CC-SALES-02,2023-04-27,2023-04-24,2023-04-26,Hotel,,Novotel Chennai,,,Chennai,MAA,,,2,14000,INR,14000,1.0,Concur,Sales Pitch,MGR-S01,2023-04-29,APPROVED
EXP-0000426,RPT-202304-0106,EMP-1009,Sunita Gupta,Sales,CC-SALES-02,2023-04-27,2023-04-24,2023-04-26,Ground Transport,,Yellow Cab,Chennai,,Chennai,MAA,41.9,KM,,1213,INR,1213,1.0,Concur,Sales Pitch,MGR-S01,2023-04-29,APPROVED
EXP-0000427,RPT-202305-0107,EMP-1011,Anjali Singh,Marketing,CC-MKT-01,2023-05-05,2023-04-26,2023-05-03,Airfare,Economy,British Airways,Mumbai,BOM,Paris,CDG,,KM,,6800,INR,6800,1.0,Concur,Audit Review,MGR-M01,2023-05-07,APPROVED
EXP-0000428,RPT-202305-0107,EMP-1011,Anjali Singh,Marketing,CC-MKT-01,2023-05-05,2023-04-26,2023-05-03,Hotel,,Hilton Paris,,,Paris,CDG,,,7,117500,INR,117500,1.0,Concur,Audit Review,MGR-M01,2023-05-07,APPROVED
EXP-0000429,RPT-202305-0107,EMP-1011,Anjali Singh,Marketing,CC-MKT-01,2023-05-05,2023-04-26,2023-05-03,Ground Transport,,Rapido,Paris,,Paris,CDG,10.1,KM,,289,INR,289,1.0,Concur,Audit Review,MGR-M01,2023-05-07,APPROVED
EXP-0000430,RPT-202305-0107,EMP-1011,Anjali Singh,Marketing,CC-MKT-01,2023-05-05,2023-04-26,2023-05-03,Ground Transport,,Uber,,,Paris,CDG,32.8,KM,,683,INR,683,1.0,Concur,Audit Review,MGR-M01,2023-05-07,APPROVED
EXP-0000431,RPT-202304-0108,EMP-1004,Sneha Reddy,HR,CC-HR-01,2023-04-09,2023-04-04,2023-04-08,Airfare,Economy,IndiGo,Delhi,DEL,Hyderabad,HYD,,KM,,300,INR,300,1.0,Concur,Tech Conference,MGR-H01,2023-04-10,APPROVED
EXP-0000432,RPT-202304-0108,EMP-1004,Sneha Reddy,HR,CC-HR-01,2023-04-09,2023-04-04,2023-04-08,Hotel,,Westin Hyderabad,,,Hyderabad,HYD,,,4,23000,INR,23000,1.0,Concur,Tech Conference,MGR-H01,2023-04-10,APPROVED
EXP-0000433,RPT-202304-0108,EMP-1004,Sneha Reddy,HR,CC-HR-01,2023-04-09,2023-04-04,2023-04-08,Ground Transport,,Rapido,Hyderabad,,Hyderabad,HYD,23.7,KM,,687,INR,687,1.0,Concur,Tech Conference,MGR-H01,2023-04-10,APPROVED
EXP-0000434,RPT-202304-0108,EMP-1004,Sneha Reddy,HR,CC-HR-01,2023-04-09,2023-04-04,2023-04-08,Ground Transport,,Yellow Cab,,,Hyderabad,HYD,13.8,KM,,310,INR,310,1.0,Concur,Tech Conference,MGR-H01,2023-04-10,APPROVED
EXP-0000435,RPT-202304-0108,EMP-1004,Sneha Reddy,HR,CC-HR-01,2023-04-09,2023-04-04,2023-04-08,Ground Transport,,Local Taxi,Hyderabad,,Hyderabad,HYD,50.3,KM,,786,INR,786,1.0,Concur,Tech Conference,MGR-H01,2023-04-10,APPROVED
EXP-0000436,RPT-202304-0109,EMP-1004,Sneha Reddy,HR,CC-HR-01,2023-04-26,2023-04-14,2023-04-18,Airfare,Economy,Air India,Delhi,DEL,Kolkata,CCU,,KM,,300,INR,300,1.0,Concur,Audit Review,MGR-H01,2023-04-30,APPROVED
EXP-0000437,RPT-202304-0109,EMP-1004,Sneha Reddy,HR,CC-HR-01,2023-04-26,2023-04-14,2023-04-18,Hotel,,Hilton Kolkata,,,Kolkata,CCU,,,4,27500,INR,27500,1.0,Concur,Audit Review,MGR-H01,2023-04-30,APPROVED
EXP-0000438,RPT-202304-0109,EMP-1004,Sneha Reddy,HR,CC-HR-01,2023-04-26,2023-04-14,2023-04-18,Ground Transport,,Black Cab,Kolkata,,Kolkata,CCU,28.4,KM,,719,INR,719,1.0,Concur,Audit Review,MGR-H01,2023-04-30,APPROVED
EXP-0000439,RPT-202305-0110,EMP-1003,Amit Patel,Finance,CC-FIN-01,2023-05-28,2023-05-21,2023-05-23,Airfare,Economy,Go First,Delhi,DEL,Chennai,MAA,,KM,,400,INR,400,1.0,Concur,Annual Planning,MGR-F01,2023-05-31,APPROVED
EXP-0000440,RPT-202305-0110,EMP-1003,Amit Patel,Finance,CC-FIN-01,2023-05-28,2023-05-21,2023-05-23,Hotel,,Le Meridien Chennai,,,Chennai,MAA,,,2,10500,INR,10500,1.0,Concur,Annual Planning,MGR-F01,2023-05-31,APPROVED
EXP-0000441,RPT-202305-0110,EMP-1003,Amit Patel,Finance,CC-FIN-01,2023-05-28,2023-05-21,2023-05-23,Ground Transport,,Grab,Chennai,,Chennai,MAA,47.8,KM,,873,INR,873,1.0,Concur,Annual Planning,MGR-F01,2023-05-31,APPROVED
EXP-0000442,RPT-202305-0110,EMP-1003,Amit Patel,Finance,CC-FIN-01,2023-05-28,2023-05-21,2023-05-23,Ground Transport,,Grab,,,Chennai,MAA,34.6,KM,,835,INR,835,1.0,Concur,Annual Planning,MGR-F01,2023-05-31,APPROVED
EXP-0000443,RPT-202306-0111,EMP-1018,Aakash Tiwari,Sales,CC-SALES-01,2023-06-01,2023-05-26,2023-05-29,Airfare,Economy,Vistara,Mumbai,BOM,Hyderabad,HYD,,KM,,200,INR,200,1.0,Concur,Partner Integration,MGR-S01,2023-06-03,APPROVED
EXP-0000444,RPT-202306-0111,EMP-1018,Aakash Tiwari,Sales,CC-SALES-01,2023-06-01,2023-05-26,2023-05-29,Hotel,,Novotel Hyderabad,,,Hyderabad,HYD,,,3,20500,INR,20500,1.0,Concur,Partner Integration,MGR-S01,2023-06-03,APPROVED
EXP-0000445,RPT-202306-0111,EMP-1018,Aakash Tiwari,Sales,CC-SALES-01,2023-06-01,2023-05-26,2023-05-29,Ground Transport,,Metro Rail,Hyderabad,,Hyderabad,HYD,38.4,KM,,838,INR,838,1.0,Concur,Partner Integration,MGR-S01,2023-06-03,APPROVED
EXP-0000446,RPT-202306-0111,EMP-1018,Aakash Tiwari,Sales,CC-SALES-01,2023-06-01,2023-05-26,2023-05-29,Ground Transport,,Uber,,,Hyderabad,HYD,11.8,KM,,231,INR,231,1.0,Concur,Partner Integration,MGR-S01,2023-06-03,APPROVED
EXP-0000447,RPT-202305-0112,EMP-1009,Sunita Gupta,Sales,CC-SALES-02,2023-05-14,2023-05-06,2023-05-10,Airfare,Economy,Singapore Airlines,Mumbai,BOM,Pune,PNQ,,KM,,0,INR,0,1.0,Concur,Partner Integration,MGR-S01,2023-05-16,APPROVED
EXP-0000448,RPT-202305-0112,EMP-1009,Sunita Gupta,Sales,CC-SALES-02,2023-05-14,2023-05-06,2023-05-10,Hotel,,Le Meridien Pune,,,Pune,PNQ,,,4,26000,INR,26000,1.0,Concur,Partner Integration,MGR-S01,2023-05-16,APPROVED
EXP-0000449,RPT-202305-0112,EMP-1009,Sunita Gupta,Sales,CC-SALES-02,2023-05-14,2023-05-06,2023-05-10,Ground Transport,,Careem,Pune,,Pune,PNQ,53.4,KM,,941,INR,941,1.0,Concur,Partner Integration,MGR-S01,2023-05-16,APPROVED
EXP-0000450,RPT-202305-0112,EMP-1009,Sunita Gupta,Sales,CC-SALES-02,2023-05-14,2023-05-06,2023-05-10,Ground Transport,,Local Taxi,,,Pune,PNQ,37.8,KM,,720,INR,720,1.0,Concur,Partner Integration,MGR-S01,2023-05-16,APPROVED
EXP-0000451,RPT-202305-0112,EMP-1009,Sunita Gupta,Sales,CC-SALES-02,2023-05-14,2023-05-06,2023-05-10,Ground Transport,,Ola,Pune,,Pune,PNQ,25.4,KM,,545,INR,545,1.0,Concur,Partner Integration,MGR-S01,2023-05-16,APPROVED
EXP-0000452,RPT-202305-0113,EMP-1016,Dinesh Choudhary,Procurement,CC-PROC-01,2023-05-15,2023-05-06,2023-05-07,Airfare,Economy,Air India,Mumbai,BOM,Pune,PNQ,,KM,,0,INR,0,1.0,Concur,Operations Review,MGR-P01,2023-05-16,APPROVED
EXP-0000453,RPT-202305-0113,EMP-1016,Dinesh Choudhary,Procurement,CC-PROC-01,2023-05-15,2023-05-06,2023-05-07,Hotel,,Hilton Pune,,,Pune,PNQ,,,1,6500,INR,6500,1.0,Concur,Operations Review,MGR-P01,2023-05-16,APPROVED
EXP-0000454,RPT-202305-0113,EMP-1016,Dinesh Choudhary,Procurement,CC-PROC-01,2023-05-15,2023-05-06,2023-05-07,Ground Transport,,Local Taxi,Pune,,Pune,PNQ,39.4,KM,,849,INR,849,1.0,Concur,Operations Review,MGR-P01,2023-05-16,APPROVED
EXP-0000455,RPT-202306-0114,EMP-1002,Priya Menon,Engineering,CC-ENG-01,2023-06-05,2023-05-26,2023-05-30,Airfare,Business,Air India,Bangalore,BLR,Mumbai,BOM,,KM,,400,INR,400,1.0,Concur,Sales Pitch,MGR-E01,2023-06-09,APPROVED
EXP-0000456,RPT-202306-0114,EMP-1002,Priya Menon,Engineering,CC-ENG-01,2023-06-05,2023-05-26,2023-05-30,Hotel,,Marriott Mumbai,,,Mumbai,BOM,,,4,24000,INR,24000,1.0,Concur,Sales Pitch,MGR-E01,2023-06-09,APPROVED
EXP-0000457,RPT-202306-0114,EMP-1002,Priya Menon,Engineering,CC-ENG-01,2023-06-05,2023-05-26,2023-05-30,Ground Transport,,Local Taxi,Mumbai,,Mumbai,BOM,33.0,KM,,539,INR,539,1.0,Concur,Sales Pitch,MGR-E01,2023-06-09,APPROVED
EXP-0000458,RPT-202306-0114,EMP-1002,Priya Menon,Engineering,CC-ENG-01,2023-06-05,2023-05-26,2023-05-30,Ground Transport,,Grab,,,Mumbai,BOM,10.2,KM,,232,INR,232,1.0,Concur,Sales Pitch,MGR-E01,2023-06-09,APPROVED
EXP-0000459,RPT-202305-0115,EMP-1003,Amit Patel,Finance,CC-FIN-01,2023-05-20,2023-05-13,2023-05-16,Airfare,Economy,Vistara,Delhi,DEL,Chennai,MAA,,KM,,500,INR,500,1.0,Concur,Audit Review,MGR-F01,2023-05-21,APPROVED
EXP-0000460,RPT-202305-0115,EMP-1003,Amit Patel,Finance,CC-FIN-01,2023-05-20,2023-05-13,2023-05-16,Hotel,,Hilton Chennai,,,Chennai,MAA,,,3,19000,INR,19000,1.0,Concur,Audit Review,MGR-F01,2023-05-21,APPROVED
EXP-0000461,RPT-202305-0115,EMP-1003,Amit Patel,Finance,CC-FIN-01,2023-05-20,2023-05-13,2023-05-16,Ground Transport,,Yellow Cab,Chennai,,Chennai,MAA,15.9,KM,,432,INR,432,1.0,Concur,Audit Review,MGR-F01,2023-05-21,APPROVED
EXP-0000462,RPT-202305-0115,EMP-1003,Amit Patel,Finance,CC-FIN-01,2023-05-20,2023-05-13,2023-05-16,Ground Transport,,Yellow Cab,,,Chennai,MAA,34.5,KM,,964,INR,964,1.0,Concur,Audit Review,MGR-F01,2023-05-21,APPROVED
EXP-0000463,RPT-202305-0116,EMP-1007,Kiran Rao,Legal,CC-LEGAL-01,2023-05-17,2023-05-14,2023-05-16,Airfare,Economy,Qatar Airways,Delhi,DEL,Mumbai,BOM,,KM,,300,INR,300,1.0,Concur,Training Program,MGR-L01,2023-05-20,APPROVED
EXP-0000464,RPT-202305-0116,EMP-1007,Kiran Rao,Legal,CC-LEGAL-01,2023-05-17,2023-05-14,2023-05-16,Hotel,,JW Marriott Mumbai,,,Mumbai,BOM,,,2,14500,INR,14500,1.0,Concur,Training Program,MGR-L01,2023-05-20,APPROVED
EXP-0000465,RPT-202305-0116,EMP-1007,Kiran Rao,Legal,CC-LEGAL-01,2023-05-17,2023-05-14,2023-05-16,Ground Transport,,Metro Rail,Mumbai,,Mumbai,BOM,15.0,KM,,400,INR,400,1.0,Concur,Training Program,MGR-L01,2023-05-20,APPROVED
EXP-0000466,RPT-202305-0116,EMP-1007,Kiran Rao,Legal,CC-LEGAL-01,2023-05-17,2023-05-14,2023-05-16,Ground Transport,,Grab,,,Mumbai,BOM,22.8,KM,,357,INR,357,1.0,Concur,Training Program,MGR-L01,2023-05-20,APPROVED
EXP-0000467,RPT-202305-0116,EMP-1007,Kiran Rao,Legal,CC-LEGAL-01,2023-05-17,2023-05-14,2023-05-16,Ground Transport,,Local Taxi,Mumbai,,Mumbai,BOM,45.3,KM,,1209,INR,1209,1.0,Concur,Training Program,MGR-L01,2023-05-20,APPROVED
EXP-0000468,RPT-202305-0117,EMP-1010,Ravi Krishnan,Operations,CC-OPS-02,2023-05-08,2023-05-04,2023-05-05,Airfare,Business,Singapore Airlines,Chennai,MAA,Hyderabad,HYD,,KM,,200,INR,200,1.0,Concur,Partner Integration,MGR-O01,2023-05-12,APPROVED
EXP-0000469,RPT-202305-0117,EMP-1010,Ravi Krishnan,Operations,CC-OPS-02,2023-05-08,2023-05-04,2023-05-05,Hotel,,Novotel Hyderabad,,,Hyderabad,HYD,,,1,7000,INR,7000,1.0,Concur,Partner Integration,MGR-O01,2023-05-12,APPROVED
EXP-0000470,RPT-202305-0117,EMP-1010,Ravi Krishnan,Operations,CC-OPS-02,2023-05-08,2023-05-04,2023-05-05,Ground Transport,,Ola,Hyderabad,,Hyderabad,HYD,38.6,KM,,899,INR,899,1.0,Concur,Partner Integration,MGR-O01,2023-05-12,APPROVED
EXP-0000471,RPT-202305-0117,EMP-1010,Ravi Krishnan,Operations,CC-OPS-02,2023-05-08,2023-05-04,2023-05-05,Ground Transport,,Local Taxi,,,Hyderabad,HYD,19.6,KM,,508,INR,508,1.0,Concur,Partner Integration,MGR-O01,2023-05-12,APPROVED
EXP-0000472,RPT-202305-0118,EMP-1006,Deepa Iyer,Marketing,CC-MKT-01,2023-05-24,2023-05-15,2023-05-18,Airfare,Business,Lufthansa,Mumbai,BOM,Ahmedabad,AMD,,KM,,200,INR,200,1.0,Concur,Legal Negotiation,MGR-M01,2023-05-25,APPROVED
EXP-0000473,RPT-202305-0118,EMP-1006,Deepa Iyer,Marketing,CC-MKT-01,2023-05-24,2023-05-15,2023-05-18,Hotel,,JW Marriott Ahmedabad,,,Ahmedabad,AMD,,,3,25000,INR,25000,1.0,Concur,Legal Negotiation,MGR-M01,2023-05-25,APPROVED
EXP-0000474,RPT-202305-0118,EMP-1006,Deepa Iyer,Marketing,CC-MKT-01,2023-05-24,2023-05-15,2023-05-18,Ground Transport,,Uber,Ahmedabad,,Ahmedabad,AMD,20.7,KM,,457,INR,457,1.0,Concur,Legal Negotiation,MGR-M01,2023-05-25,APPROVED
EXP-0000475,RPT-202305-0119,EMP-1006,Deepa Iyer,Marketing,CC-MKT-01,2023-05-15,2023-05-11,2023-05-14,Airfare,Business,Etihad,Mumbai,BOM,Kuala Lumpur,KUL,,KM,,6100,INR,6100,1.0,Concur,Training Program,MGR-M01,2023-05-16,APPROVED
EXP-0000476,RPT-202305-0119,EMP-1006,Deepa Iyer,Marketing,CC-MKT-01,2023-05-15,2023-05-11,2023-05-14,Hotel,,Marriott Kuala Lumpur,,,Kuala Lumpur,KUL,,,3,37500,INR,37500,1.0,Concur,Training Program,MGR-M01,2023-05-16,APPROVED
EXP-0000477,RPT-202305-0119,EMP-1006,Deepa Iyer,Marketing,CC-MKT-01,2023-05-15,2023-05-11,2023-05-14,Ground Transport,,Meru Cabs,Kuala Lumpur,,Kuala Lumpur,KUL,54.8,KM,,1463,INR,1463,1.0,Concur,Training Program,MGR-M01,2023-05-16,APPROVED
EXP-0000478,RPT-202305-0120,EMP-1018,Aakash Tiwari,Sales,CC-SALES-01,2023-05-07,2023-05-03,2023-05-06,Airfare,Business,Lufthansa,Mumbai,BOM,Delhi,DEL,,KM,,600,INR,600,1.0,Concur,Audit Review,MGR-S01,2023-05-08,APPROVED
EXP-0000479,RPT-202305-0120,EMP-1018,Aakash Tiwari,Sales,CC-SALES-01,2023-05-07,2023-05-03,2023-05-06,Hotel,,JW Marriott Delhi,,,Delhi,DEL,,,3,25000,INR,25000,1.0,Concur,Audit Review,MGR-S01,2023-05-08,APPROVED
EXP-0000480,RPT-202305-0120,EMP-1018,Aakash Tiwari,Sales,CC-SALES-01,2023-05-07,2023-05-03,2023-05-06,Ground Transport,,Metro Rail,Delhi,,Delhi,DEL,46.8,KM,,725,INR,725,1.0,Concur,Audit Review,MGR-S01,2023-05-08,APPROVED
EXP-0000481,RPT-202305-0120,EMP-1018,Aakash Tiwari,Sales,CC-SALES-01,2023-05-07,2023-05-03,2023-05-06,Ground Transport,,Ola,,,Delhi,DEL,11.8,KM,,301,INR,301,1.0,Concur,Audit Review,MGR-S01,2023-05-08,APPROVED
EXP-0000482,RPT-202305-0121,EMP-1001,Rahul Sharma,Sales,CC-SALES-01,2023-05-30,2023-05-20,2023-05-23,Airfare,Business,SpiceJet,Mumbai,BOM,Delhi,DEL,,KM,,600,INR,600,1.0,Concur,Sales Pitch,MGR-S01,2023-05-31,APPROVED
EXP-0000483,RPT-202305-0121,EMP-1001,Rahul Sharma,Sales,CC-SALES-01,2023-05-30,2023-05-20,2023-05-23,Hotel,,JW Marriott Delhi,,,Delhi,DEL,,,3,26500,INR,26500,1.0,Concur,Sales Pitch,MGR-S01,2023-05-31,APPROVED
EXP-0000484,RPT-202305-0121,EMP-1001,Rahul Sharma,Sales,CC-SALES-01,2023-05-30,2023-05-20,2023-05-23,Ground Transport,,Black Cab,Delhi,,Delhi,DEL,12.3,KM,,351,INR,351,1.0,Concur,Sales Pitch,MGR-S01,2023-05-31,APPROVED
EXP-0000485,RPT-202305-0122,EMP-1005,Vikram Nair,Operations,CC-OPS-01,2023-05-20,2023-05-09,2023-05-12,Airfare,Economy,SpiceJet,Chennai,MAA,Pune,PNQ,,KM,,200,INR,200,1.0,Concur,Audit Review,MGR-O01,2023-05-23,APPROVED
EXP-0000486,RPT-202305-0122,EMP-1005,Vikram Nair,Operations,CC-OPS-01,2023-05-20,2023-05-09,2023-05-12,Hotel,,Le Meridien Pune,,,Pune,PNQ,,,3,14500,INR,14500,1.0,Concur,Audit Review,MGR-O01,2023-05-23,APPROVED
EXP-0000487,RPT-202305-0122,EMP-1005,Vikram Nair,Operations,CC-OPS-01,2023-05-20,2023-05-09,2023-05-12,Ground Transport,,Black Cab,Pune,,Pune,PNQ,43.3,KM,,899,INR,899,1.0,Concur,Audit Review,MGR-O01,2023-05-23,APPROVED
EXP-0000488,RPT-202305-0122,EMP-1005,Vikram Nair,Operations,CC-OPS-01,2023-05-20,2023-05-09,2023-05-12,Ground Transport,,Yellow Cab,,,Pune,PNQ,43.3,KM,,824,INR,824,1.0,Concur,Audit Review,MGR-O01,2023-05-23,APPROVED
EXP-0000489,RPT-202306-0123,EMP-1010,Ravi Krishnan,Operations,CC-OPS-02,2023-06-05,2023-05-26,2023-05-29,Airfare,Economy,Vistara,Chennai,MAA,Mumbai,BOM,,KM,,300,INR,300,1.0,Concur,Team Offsite,MGR-O01,2023-06-08,APPROVED
EXP-0000490,RPT-202306-0123,EMP-1010,Ravi Krishnan,Operations,CC-OPS-02,2023-06-05,2023-05-26,2023-05-29,Hotel,,Taj Hotels Mumbai,,,Mumbai,BOM,,,3,25500,INR,25500,1.0,Concur,Team Offsite,MGR-O01,2023-06-08,APPROVED
EXP-0000491,RPT-202306-0123,EMP-1010,Ravi Krishnan,Operations,CC-OPS-02,2023-06-05,2023-05-26,2023-05-29,Ground Transport,,Metro Rail,Mumbai,,Mumbai,BOM,28.4,KM,,663,INR,663,1.0,Concur,Team Offsite,MGR-O01,2023-06-08,APPROVED
EXP-0000492,RPT-202306-0123,EMP-1010,Ravi Krishnan,Operations,CC-OPS-02,2023-06-05,2023-05-26,2023-05-29,Ground Transport,,Rapido,,,Mumbai,BOM,18.5,KM,,483,INR,483,1.0,Concur,Team Offsite,MGR-O01,2023-06-08,APPROVED
EXP-0000493,RPT-202305-0124,EMP-1010,Ravi Krishnan,Operations,CC-OPS-02,2023-05-19,2023-05-11,2023-05-12,Airfare,Economy,Lufthansa,Chennai,MAA,Delhi,DEL,,KM,,400,INR,400,1.0,Concur,HR Summit,MGR-O01,2023-05-20,APPROVED
EXP-0000494,RPT-202305-0124,EMP-1010,Ravi Krishnan,Operations,CC-OPS-02,2023-05-19,2023-05-11,2023-05-12,Hotel,,ITC Hotels Delhi,,,Delhi,DEL,,,1,5000,INR,5000,1.0,Concur,HR Summit,MGR-O01,2023-05-20,APPROVED
EXP-0000495,RPT-202305-0124,EMP-1010,Ravi Krishnan,Operations,CC-OPS-02,2023-05-19,2023-05-11,2023-05-12,Ground Transport,,Metro Rail,Delhi,,Delhi,DEL,46.7,KM,,740,INR,740,1.0,Concur,HR Summit,MGR-O01,2023-05-20,APPROVED
EXP-0000496,RPT-202305-0125,EMP-1003,Amit Patel,Finance,CC-FIN-01,2023-05-21,2023-05-07,2023-05-14,Airfare,Economy,Emirates,Delhi,,Dubai,DXB,,KM,,1800,INR,1800,1.0,Concur,Sales Pitch,MGR-F01,2023-05-22,APPROVED
EXP-0000497,RPT-202305-0125,EMP-1003,Amit Patel,Finance,CC-FIN-01,2023-05-21,2023-05-07,2023-05-14,Hotel,,Sheraton Dubai,,,Dubai,DXB,,,7,112000,INR,112000,1.0,Concur,Sales Pitch,MGR-F01,2023-05-22,APPROVED
EXP-0000498,RPT-202305-0125,EMP-1003,Amit Patel,Finance,CC-FIN-01,2023-05-21,2023-05-07,2023-05-14,Ground Transport,,Black Cab,Dubai,,Dubai,DXB,46.7,KM,,984,INR,984,1.0,Concur,Sales Pitch,MGR-F01,2023-05-22,APPROVED
EXP-0000499,RPT-202305-0125,EMP-1003,Amit Patel,Finance,CC-FIN-01,2023-05-21,2023-05-07,2023-05-14,Ground Transport,,Meru Cabs,,,Dubai,DXB,40.7,KM,,722,INR,722,1.0,Concur,Sales Pitch,MGR-F01,2023-05-22,APPROVED
EXP-0000500,RPT-202305-0126,EMP-1019,Pooja Desai,Operations,CC-OPS-01,2023-05-07,2023-05-01,2023-05-04,Airfare,Business,Lufthansa,Chennai,MAA,Pune,PNQ,,KM,,400,INR,400,1.0,Concur,Training Program,MGR-O01,2023-05-10,APPROVED
EXP-0000501,RPT-202305-0126,EMP-1019,Pooja Desai,Operations,CC-OPS-01,2023-05-07,2023-05-01,2023-05-04,Hotel,,Le Meridien Pune,,,Pune,PNQ,,,3,25500,INR,25500,1.0,Concur,Training Program,MGR-O01,2023-05-10,APPROVED
EXP-0000502,RPT-202305-0126,EMP-1019,Pooja Desai,Operations,CC-OPS-01,2023-05-07,2023-05-01,2023-05-04,Ground Transport,,Grab,Pune,,Pune,PNQ,23.4,KM,,670,INR,670,1.0,Concur,Training Program,MGR-O01,2023-05-10,APPROVED
EXP-0000503,RPT-202305-0126,EMP-1019,Pooja Desai,Operations,CC-OPS-01,2023-05-07,2023-05-01,2023-05-04,Ground Transport,,Grab,,,Pune,PNQ,19.0,KM,,361,INR,361,1.0,Concur,Training Program,MGR-O01,2023-05-10,APPROVED
EXP-0000504,RPT-202305-0126,EMP-1019,Pooja Desai,Operations,CC-OPS-01,2023-05-07,2023-05-01,2023-05-04,Ground Transport,,Metro Rail,Pune,,Pune,PNQ,47.3,KM,,1157,INR,1157,1.0,Concur,Training Program,MGR-O01,2023-05-10,APPROVED
EXP-0000505,RPT-202305-0127,EMP-1012,Mohit Sharma,Finance,CC-FIN-01,2023-05-21,2023-05-14,2023-05-15,Airfare,Economy,British Airways,Delhi,DEL,Chennai,MAA,,KM,,600,INR,600,1.0,Concur,Team Offsite,MGR-F01,2023-05-23,APPROVED
EXP-0000506,RPT-202305-0127,EMP-1012,Mohit Sharma,Finance,CC-FIN-01,2023-05-21,2023-05-14,2023-05-15,Hotel,,Radisson Blu Chennai,,,Chennai,MAA,,,1,8000,INR,8000,1.0,Concur,Team Offsite,MGR-F01,2023-05-23,APPROVED
EXP-0000507,RPT-202305-0127,EMP-1012,Mohit Sharma,Finance,CC-FIN-01,2023-05-21,2023-05-14,2023-05-15,Ground Transport,,Uber,Chennai,,Chennai,MAA,44.4,KM,,1289,INR,1289,1.0,Concur,Team Offsite,MGR-F01,2023-05-23,APPROVED
EXP-0000508,RPT-202305-0128,EMP-1007,Kiran Rao,Legal,CC-LEGAL-01,2023-05-20,2023-05-16,2023-05-17,Airfare,Business,IndiGo,Delhi,DEL,Chennai,MAA,,KM,,900,INR,900,1.0,Concur,Annual Planning,MGR-L01,2023-05-24,APPROVED
EXP-0000509,RPT-202305-0128,EMP-1007,Kiran Rao,Legal,CC-LEGAL-01,2023-05-20,2023-05-16,2023-05-17,Hotel,,Marriott Chennai,,,Chennai,MAA,,,1,8000,INR,8000,1.0,Concur,Annual Planning,MGR-L01,2023-05-24,APPROVED
EXP-0000510,RPT-202305-0128,EMP-1007,Kiran Rao,Legal,CC-LEGAL-01,2023-05-20,2023-05-16,2023-05-17,Ground Transport,,Uber,Chennai,,Chennai,MAA,37.7,KM,,1085,INR,1085,1.0,Concur,Annual Planning,MGR-L01,2023-05-24,APPROVED
EXP-0000511,RPT-202305-0128,EMP-1007,Kiran Rao,Legal,CC-LEGAL-01,2023-05-20,2023-05-16,2023-05-17,Ground Transport,,Black Cab,,,Chennai,MAA,15.0,KM,,287,INR,287,1.0,Concur,Annual Planning,MGR-L01,2023-05-24,APPROVED
EXP-0000512,RPT-202305-0128,EMP-1007,Kiran Rao,Legal,CC-LEGAL-01,2023-05-20,2023-05-16,2023-05-17,Ground Transport,,Yellow Cab,Chennai,,Chennai,MAA,19.1,KM,,361,INR,361,1.0,Concur,Annual Planning,MGR-L01,2023-05-24,APPROVED
EXP-0000513,RPT-202305-0129,EMP-1012,Mohit Sharma,Finance,CC-FIN-01,2023-05-17,2023-05-06,2023-05-12,Airfare,Economy,Qatar Airways,Delhi,DEL,Tokyo,NRT,,KM,,5300,INR,5300,1.0,Concur,Partner Integration,MGR-F01,2023-05-21,APPROVED
EXP-0000514,RPT-202305-0129,EMP-1012,Mohit Sharma,Finance,CC-FIN-01,2023-05-17,2023-05-06,2023-05-12,Hotel,,Ritz Carlton Tokyo,,,Tokyo,NRT,,,6,95500,INR,95500,1.0,Concur,Partner Integration,MGR-F01,2023-05-21,APPROVED
EXP-0000515,RPT-202305-0129,EMP-1012,Mohit Sharma,Finance,CC-FIN-01,2023-05-17,2023-05-06,2023-05-12,Ground Transport,,Local Taxi,Tokyo,,Tokyo,NRT,20.6,KM,,592,INR,592,1.0,Concur,Partner Integration,MGR-F01,2023-05-21,APPROVED
EXP-0000516,RPT-202305-0130,EMP-1019,Pooja Desai,Operations,CC-OPS-01,2023-05-14,2023-05-05,2023-05-06,Airfare,Economy,Etihad,Chennai,MAA,Delhi,DEL,,KM,,500,INR,500,1.0,Concur,Vendor Meeting,MGR-O01,2023-05-18,APPROVED
EXP-0000517,RPT-202305-0130,EMP-1019,Pooja Desai,Operations,CC-OPS-01,2023-05-14,2023-05-05,2023-05-06,Hotel,,Le Meridien Delhi,,,Delhi,DEL,,,1,7000,INR,7000,1.0,Concur,Vendor Meeting,MGR-O01,2023-05-18,APPROVED
EXP-0000518,RPT-202305-0130,EMP-1019,Pooja Desai,Operations,CC-OPS-01,2023-05-14,2023-05-05,2023-05-06,Ground Transport,,Yellow Cab,Delhi,,Delhi,DEL,22.1,KM,,626,INR,626,1.0,Concur,Vendor Meeting,MGR-O01,2023-05-18,APPROVED
EXP-0000519,RPT-202305-0130,EMP-1019,Pooja Desai,Operations,CC-OPS-01,2023-05-14,2023-05-05,2023-05-06,Ground Transport,,Careem,,,Delhi,DEL,17.5,KM,,417,INR,417,1.0,Concur,Vendor Meeting,MGR-O01,2023-05-18,APPROVED
EXP-0000520,RPT-202305-0130,EMP-1019,Pooja Desai,Operations,CC-OPS-01,2023-05-14,2023-05-05,2023-05-06,Ground Transport,,Black Cab,Delhi,,Delhi,DEL,19.4,KM,,306,INR,306,1.0,Concur,Vendor Meeting,MGR-O01,2023-05-18,APPROVED
EXP-0000521,RPT-202305-0131,EMP-1019,Pooja Desai,Operations,CC-OPS-01,2023-05-21,2023-05-12,2023-05-16,Airfare,Business,Qatar Airways,Chennai,MAA,Kuala Lumpur,KUL,,KM,,5400,INR,5400,1.0,Concur,Sales Pitch,MGR-O01,2023-05-24,APPROVED
EXP-0000522,RPT-202305-0131,EMP-1019,Pooja Desai,Operations,CC-OPS-01,2023-05-21,2023-05-12,2023-05-16,Hotel,,Ibis Kuala Lumpur,,,Kuala Lumpur,KUL,,,4,136000,INR,136000,1.0,Concur,Sales Pitch,MGR-O01,2023-05-24,APPROVED
EXP-0000523,RPT-202305-0131,EMP-1019,Pooja Desai,Operations,CC-OPS-01,2023-05-21,2023-05-12,2023-05-16,Ground Transport,,Meru Cabs,Kuala Lumpur,,Kuala Lumpur,KUL,35.4,KM,,790,INR,790,1.0,Concur,Sales Pitch,MGR-O01,2023-05-24,APPROVED
EXP-0000524,RPT-202305-0131,EMP-1019,Pooja Desai,Operations,CC-OPS-01,2023-05-21,2023-05-12,2023-05-16,Ground Transport,,Ola,,,Kuala Lumpur,KUL,49.3,KM,,905,INR,905,1.0,Concur,Sales Pitch,MGR-O01,2023-05-24,APPROVED
EXP-0000525,RPT-202305-0132,EMP-1007,Kiran Rao,Legal,CC-LEGAL-01,2023-05-14,2023-05-07,2023-05-10,Airfare,Economy,Etihad,Delhi,DEL,Bangalore,BLR,,KM,,400,INR,400,1.0,Concur,Training Program,MGR-L01,2023-05-15,APPROVED
EXP-0000526,RPT-202305-0132,EMP-1007,Kiran Rao,Legal,CC-LEGAL-01,2023-05-14,2023-05-07,2023-05-10,Hotel,,JW Marriott Bangalore,,,Bangalore,BLR,,,3,18500,INR,18500,1.0,Concur,Training Program,MGR-L01,2023-05-15,APPROVED
EXP-0000527,RPT-202305-0132,EMP-1007,Kiran Rao,Legal,CC-LEGAL-01,2023-05-14,2023-05-07,2023-05-10,Ground Transport,,Rapido,Bangalore,,Bangalore,BLR,17.1,KM,,505,INR,505,1.0,Concur,Training Program,MGR-L01,2023-05-15,APPROVED
EXP-0000528,RPT-202305-0132,EMP-1007,Kiran Rao,Legal,CC-LEGAL-01,2023-05-14,2023-05-07,2023-05-10,Ground Transport,,Ola,,,Bangalore,BLR,37.5,KM,,793,INR,793,1.0,Concur,Training Program,MGR-L01,2023-05-15,APPROVED
EXP-0000529,RPT-202305-0132,EMP-1007,Kiran Rao,Legal,CC-LEGAL-01,2023-05-14,2023-05-07,2023-05-10,Ground Transport,,Ola,Bangalore,,Bangalore,BLR,19.4,KM,,568,INR,568,1.0,Concur,Training Program,MGR-L01,2023-05-15,APPROVED
EXP-0000530,RPT-202305-0133,EMP-1004,Sneha Reddy,HR,CC-HR-01,2023-05-25,2023-05-16,2023-05-20,Airfare,Economy,Lufthansa,Delhi,DEL,Kolkata,CCU,,KM,,400,INR,400,1.0,Concur,Vendor Meeting,MGR-H01,,PENDING
EXP-0000531,RPT-202305-0133,EMP-1004,Sneha Reddy,HR,CC-HR-01,2023-05-25,2023-05-16,2023-05-20,Hotel,,ITC Hotels Kolkata,,,Kolkata,CCU,,,4,23000,INR,23000,1.0,Concur,Vendor Meeting,MGR-H01,,PENDING
EXP-0000532,RPT-202305-0133,EMP-1004,Sneha Reddy,HR,CC-HR-01,2023-05-25,2023-05-16,2023-05-20,Ground Transport,,Uber,Kolkata,,Kolkata,CCU,53.9,KM,,1311,INR,1311,1.0,Concur,Vendor Meeting,MGR-H01,,PENDING
EXP-0000533,RPT-202306-0134,EMP-1011,Anjali Singh,Marketing,CC-MKT-01,2023-06-06,2023-05-27,2023-05-31,Airfare,Economy,Vistara,Mumbai,BOM,Delhi,DEL,,KM,,300,INR,300,1.0,Concur,Operations Review,MGR-M01,2023-06-08,APPROVED
EXP-0000534,RPT-202306-0134,EMP-1011,Anjali Singh,Marketing,CC-MKT-01,2023-06-06,2023-05-27,2023-05-31,Hotel,,Novotel Delhi,,,Delhi,DEL,,,4,22000,INR,22000,1.0,Concur,Operations Review,MGR-M01,2023-06-08,APPROVED
EXP-0000535,RPT-202306-0134,EMP-1011,Anjali Singh,Marketing,CC-MKT-01,2023-06-06,2023-05-27,2023-05-31,Ground Transport,,Careem,Delhi,,Delhi,DEL,28.4,KM,,852,INR,852,1.0,Concur,Operations Review,MGR-M01,2023-06-08,APPROVED
EXP-0000536,RPT-202306-0134,EMP-1011,Anjali Singh,Marketing,CC-MKT-01,2023-06-06,2023-05-27,2023-05-31,Ground Transport,,Uber,,,Delhi,DEL,20.3,KM,,605,INR,605,1.0,Concur,Operations Review,MGR-M01,2023-06-08,APPROVED
EXP-0000537,RPT-202306-0134,EMP-1011,Anjali Singh,Marketing,CC-MKT-01,2023-06-06,2023-05-27,2023-05-31,Ground Transport,,Metro Rail,Delhi,,Delhi,DEL,26.7,KM,,768,INR,768,1.0,Concur,Operations Review,MGR-M01,2023-06-08,APPROVED
EXP-0000538,RPT-202305-0135,EMP-1001,Rahul Sharma,Sales,CC-SALES-01,2023-05-22,2023-05-17,2023-05-21,Airfare,Economy,IndiGo,Mumbai,BOM,Hyderabad,HYD,,KM,,200,INR,200,1.0,Concur,Annual Planning,MGR-S01,2023-05-24,APPROVED
EXP-0000539,RPT-202305-0135,EMP-1001,Rahul Sharma,Sales,CC-SALES-01,2023-05-22,2023-05-17,2023-05-21,Hotel,,Novotel Hyderabad,,,Hyderabad,HYD,,,4,31500,INR,31500,1.0,Concur,Annual Planning,MGR-S01,2023-05-24,APPROVED
EXP-0000540,RPT-202305-0135,EMP-1001,Rahul Sharma,Sales,CC-SALES-01,2023-05-22,2023-05-17,2023-05-21,Ground Transport,,Yellow Cab,Hyderabad,,Hyderabad,HYD,44.1,KM,,1100,INR,1100,1.0,Concur,Annual Planning,MGR-S01,2023-05-24,APPROVED
EXP-0000541,RPT-202305-0135,EMP-1001,Rahul Sharma,Sales,CC-SALES-01,2023-05-22,2023-05-17,2023-05-21,Ground Transport,,Careem,,,Hyderabad,HYD,36.5,KM,,570,INR,570,1.0,Concur,Annual Planning,MGR-S01,2023-05-24,APPROVED
EXP-0000542,RPT-202305-0135,EMP-1001,Rahul Sharma,Sales,CC-SALES-01,2023-05-22,2023-05-17,2023-05-21,Ground Transport,,Grab,Hyderabad,,Hyderabad,HYD,51.8,KM,,1187,INR,1187,1.0,Concur,Annual Planning,MGR-S01,2023-05-24,APPROVED
EXP-0000543,RPT-202305-0136,EMP-1008,Arjun Mehta,Engineering,CC-ENG-02,2023-05-19,2023-05-12,2023-05-16,Airfare,Economy,IndiGo,Bangalore,BLR,Kolkata,CCU,,KM,,400,INR,400,1.0,Concur,Audit Review,MGR-E01,2023-05-20,APPROVED
EXP-0000544,RPT-202305-0136,EMP-1008,Arjun Mehta,Engineering,CC-ENG-02,2023-05-19,2023-05-12,2023-05-16,Hotel,,Westin Kolkata,,,Kolkata,CCU,,,4,23500,INR,23500,1.0,Concur,Audit Review,MGR-E01,2023-05-20,APPROVED
EXP-0000545,RPT-202305-0136,EMP-1008,Arjun Mehta,Engineering,CC-ENG-02,2023-05-19,2023-05-12,2023-05-16,Ground Transport,,Black Cab,Kolkata,,Kolkata,CCU,54.6,KM,,1538,INR,1538,1.0,Concur,Audit Review,MGR-E01,2023-05-20,APPROVED
EXP-0000546,RPT-202305-0137,EMP-1007,Kiran Rao,Legal,CC-LEGAL-01,2023-05-27,2023-05-15,2023-05-19,Airfare,Economy,Go First,Delhi,DEL,Mumbai,BOM,,KM,,300,INR,300,1.0,Concur,Vendor Meeting,MGR-L01,2023-05-29,APPROVED
EXP-0000547,RPT-202305-0137,EMP-1007,Kiran Rao,Legal,CC-LEGAL-01,2023-05-27,2023-05-15,2023-05-19,Hotel,,Radisson Blu Mumbai,,,Mumbai,BOM,,,4,19500,INR,19500,1.0,Concur,Vendor Meeting,MGR-L01,2023-05-29,APPROVED
EXP-0000548,RPT-202305-0137,EMP-1007,Kiran Rao,Legal,CC-LEGAL-01,2023-05-27,2023-05-15,2023-05-19,Ground Transport,,Rapido,Mumbai,,Mumbai,BOM,27.8,KM,,817,INR,817,1.0,Concur,Vendor Meeting,MGR-L01,2023-05-29,APPROVED
EXP-0000549,RPT-202305-0137,EMP-1007,Kiran Rao,Legal,CC-LEGAL-01,2023-05-27,2023-05-15,2023-05-19,Ground Transport,,Metro Rail,,,Mumbai,BOM,23.5,KM,,570,INR,570,1.0,Concur,Vendor Meeting,MGR-L01,2023-05-29,APPROVED
EXP-0000550,RPT-202305-0137,EMP-1007,Kiran Rao,Legal,CC-LEGAL-01,2023-05-27,2023-05-15,2023-05-19,Ground Transport,,Metro Rail,Mumbai,,Mumbai,BOM,22.4,KM,,459,INR,459,1.0,Concur,Vendor Meeting,MGR-L01,2023-05-29,APPROVED
EXP-0000551,RPT-202306-0138,EMP-1018,Aakash Tiwari,Sales,CC-SALES-01,2023-06-07,2023-06-04,2023-06-06,Airfare,Economy,Qatar Airways,Mumbai,BOM,Pune,PNQ,,KM,,0,INR,0,1.0,Concur,HR Summit,MGR-S01,2023-06-11,APPROVED
EXP-0000552,RPT-202306-0138,EMP-1018,Aakash Tiwari,Sales,CC-SALES-01,2023-06-07,2023-06-04,2023-06-06,Hotel,,Radisson Blu Pune,,,Pune,PNQ,,,2,12500,INR,12500,1.0,Concur,HR Summit,MGR-S01,2023-06-11,APPROVED
EXP-0000553,RPT-202306-0138,EMP-1018,Aakash Tiwari,Sales,CC-SALES-01,2023-06-07,2023-06-04,2023-06-06,Ground Transport,,Careem,Pune,,Pune,PNQ,48.3,KM,,753,INR,753,1.0,Concur,HR Summit,MGR-S01,2023-06-11,APPROVED
EXP-0000554,RPT-202307-0139,EMP-1006,Deepa Iyer,Marketing,CC-MKT-01,2023-07-03,2023-06-24,2023-06-26,Airfare,Economy,Vistara,Mumbai,BOM,Pune,PNQ,,KM,,0,INR,0,1.0,Concur,Product Launch,MGR-M01,2023-07-05,APPROVED
EXP-0000555,RPT-202307-0139,EMP-1006,Deepa Iyer,Marketing,CC-MKT-01,2023-07-03,2023-06-24,2023-06-26,Hotel,,Le Meridien Pune,,,Pune,PNQ,,,2,17000,INR,17000,1.0,Concur,Product Launch,MGR-M01,2023-07-05,APPROVED
EXP-0000556,RPT-202307-0139,EMP-1006,Deepa Iyer,Marketing,CC-MKT-01,2023-07-03,2023-06-24,2023-06-26,Ground Transport,,Yellow Cab,Pune,,Pune,PNQ,52.4,KM,,1231,INR,1231,1.0,Concur,Product Launch,MGR-M01,2023-07-05,APPROVED
EXP-0000557,RPT-202306-0140,EMP-1005,Vikram Nair,Operations,CC-OPS-01,2023-06-21,2023-06-07,2023-06-13,Airfare,Economy,British Airways,Chennai,MAA,Frankfurt,FRA,,KM,,7500,INR,7500,1.0,Concur,Partner Integration,MGR-O01,2023-06-23,APPROVED
EXP-0000558,RPT-202306-0140,EMP-1005,Vikram Nair,Operations,CC-OPS-01,2023-06-21,2023-06-07,2023-06-13,Hotel,,Four Seasons Frankfurt,,,Frankfurt,FRA,,,6,151000,INR,151000,1.0,Concur,Partner Integration,MGR-O01,2023-06-23,APPROVED
EXP-0000559,RPT-202306-0140,EMP-1005,Vikram Nair,Operations,CC-OPS-01,2023-06-21,2023-06-07,2023-06-13,Ground Transport,,Black Cab,Frankfurt,,Frankfurt,FRA,52.3,KM,,1300,INR,1300,1.0,Concur,Partner Integration,MGR-O01,2023-06-23,APPROVED
EXP-0000560,RPT-202306-0140,EMP-1005,Vikram Nair,Operations,CC-OPS-01,2023-06-21,2023-06-07,2023-06-13,Ground Transport,,Metro Rail,,,Frankfurt,FRA,25.8,KM,,434,INR,434,1.0,Concur,Partner Integration,MGR-O01,2023-06-23,APPROVED
EXP-0000561,RPT-202306-0140,EMP-1005,Vikram Nair,Operations,CC-OPS-01,2023-06-21,2023-06-07,2023-06-13,Ground Transport,,Local Taxi,Frankfurt,,Frankfurt,FRA,25.8,KM,,761,INR,761,1.0,Concur,Partner Integration,MGR-O01,2023-06-23,APPROVED
EXP-0000562,RPT-202306-0141,EMP-1012,Mohit Sharma,Finance,CC-FIN-01,2023-06-26,2023-06-20,2023-06-24,Airfare,Economy,Qatar Airways,Delhi,DEL,New York,JFK,,KM,,9600,INR,9600,1.0,Concur,Operations Review,MGR-F01,2023-06-29,APPROVED
EXP-0000563,RPT-202306-0141,EMP-1012,Mohit Sharma,Finance,CC-FIN-01,2023-06-26,2023-06-20,2023-06-24,Hotel,,Ritz Carlton New York,,,New York,JFK,,,4,121500,INR,121500,1.0,Concur,Operations Review,MGR-F01,2023-06-29,APPROVED
EXP-0000564,RPT-202306-0141,EMP-1012,Mohit Sharma,Finance,CC-FIN-01,2023-06-26,2023-06-20,2023-06-24,Ground Transport,,Meru Cabs,New York,,New York,JFK,51.5,KM,,1061,INR,1061,1.0,Concur,Operations Review,MGR-F01,2023-06-29,APPROVED
EXP-0000565,RPT-202306-0142,EMP-1003,Amit Patel,Finance,CC-FIN-01,2023-06-22,2023-06-16,2023-06-18,Airfare,Economy,Singapore Airlines,Delhi,DEL,Ahmedabad,AMD,,KM,,200,INR,200,1.0,Concur,Annual Planning,MGR-F01,,REJECTED
EXP-0000566,RPT-202306-0142,EMP-1003,Amit Patel,Finance,CC-FIN-01,2023-06-22,2023-06-16,2023-06-18,Hotel,,Westin Ahmedabad,,,Ahmedabad,AMD,,,2,17500,INR,17500,1.0,Concur,Annual Planning,MGR-F01,,REJECTED
EXP-0000567,RPT-202306-0142,EMP-1003,Amit Patel,Finance,CC-FIN-01,2023-06-22,2023-06-16,2023-06-18,Ground Transport,,Meru Cabs,Ahmedabad,,Ahmedabad,AMD,39.1,KM,,770,INR,770,1.0,Concur,Annual Planning,MGR-F01,,REJECTED
EXP-0000568,RPT-202306-0142,EMP-1003,Amit Patel,Finance,CC-FIN-01,2023-06-22,2023-06-16,2023-06-18,Ground Transport,,Careem,,,Ahmedabad,AMD,28.3,KM,,487,INR,487,1.0,Concur,Annual Planning,MGR-F01,,REJECTED
EXP-0000569,RPT-202306-0143,EMP-1015,Kavita Joshi,HR,CC-HR-01,2023-06-22,2023-06-14,2023-06-16,Airfare,Economy,Air India,Delhi,DEL,Mumbai,BOM,,KM,,300,INR,300,1.0,Concur,Tech Conference,MGR-H01,2023-06-25,APPROVED
EXP-0000570,RPT-202306-0143,EMP-1015,Kavita Joshi,HR,CC-HR-01,2023-06-22,2023-06-14,2023-06-16,Hotel,,Marriott Mumbai,,,Mumbai,BOM,,,2,11500,INR,11500,1.0,Concur,Tech Conference,MGR-H01,2023-06-25,APPROVED
EXP-0000571,RPT-202306-0143,EMP-1015,Kavita Joshi,HR,CC-HR-01,2023-06-22,2023-06-14,2023-06-16,Ground Transport,,Uber,Mumbai,,Mumbai,BOM,33.0,KM,,858,INR,858,1.0,Concur,Tech Conference,MGR-H01,2023-06-25,APPROVED
EXP-0000572,RPT-202306-0143,EMP-1015,Kavita Joshi,HR,CC-HR-01,2023-06-22,2023-06-14,2023-06-16,Ground Transport,,Local Taxi,,,Mumbai,BOM,14.0,KM,,327,INR,327,1.0,Concur,Tech Conference,MGR-H01,2023-06-25,APPROVED
EXP-0000573,RPT-202306-0144,EMP-1004,Sneha Reddy,HR,CC-HR-01,2023-06-10,2023-06-01,2023-06-04,Airfare,Economy,Qatar Airways,Delhi,DEL,Pune,PNQ,,KM,,400,INR,400,1.0,Concur,Tech Conference,MGR-H01,2023-06-13,APPROVED
EXP-0000574,RPT-202306-0144,EMP-1004,Sneha Reddy,HR,CC-HR-01,2023-06-10,2023-06-01,2023-06-04,Hotel,,JW Marriott Pune,,,Pune,PNQ,,,3,15000,INR,15000,1.0,Concur,Tech Conference,MGR-H01,2023-06-13,APPROVED
EXP-0000575,RPT-202306-0144,EMP-1004,Sneha Reddy,HR,CC-HR-01,2023-06-10,2023-06-01,2023-06-04,Ground Transport,,Yellow Cab,Pune,,Pune,PNQ,27.0,KM,,412,INR,412,1.0,Concur,Tech Conference,MGR-H01,2023-06-13,APPROVED
EXP-0000576,RPT-202306-0145,EMP-1015,Kavita Joshi,HR,CC-HR-01,2023-06-15,2023-06-10,2023-06-11,Airfare,Economy,Singapore Airlines,Delhi,DEL,Ahmedabad,AMD,,KM,,200,INR,200,1.0,Concur,Sales Pitch,MGR-H01,2023-06-17,APPROVED
EXP-0000577,RPT-202306-0145,EMP-1015,Kavita Joshi,HR,CC-HR-01,2023-06-15,2023-06-10,2023-06-11,Hotel,,Radisson Blu Ahmedabad,,,Ahmedabad,AMD,,,1,4500,INR,4500,1.0,Concur,Sales Pitch,MGR-H01,2023-06-17,APPROVED
EXP-0000578,RPT-202306-0145,EMP-1015,Kavita Joshi,HR,CC-HR-01,2023-06-15,2023-06-10,2023-06-11,Ground Transport,,Ola,Ahmedabad,,Ahmedabad,AMD,23.6,KM,,411,INR,411,1.0,Concur,Sales Pitch,MGR-H01,2023-06-17,APPROVED
EXP-0000579,RPT-202306-0145,EMP-1015,Kavita Joshi,HR,CC-HR-01,2023-06-15,2023-06-10,2023-06-11,Ground Transport,,Uber,,,Ahmedabad,AMD,36.2,KM,,728,INR,728,1.0,Concur,Sales Pitch,MGR-H01,2023-06-17,APPROVED
EXP-0000580,RPT-202306-0146,EMP-1020,Sameer Khan,Legal,CC-LEGAL-01,2023-06-25,2023-06-19,2023-06-21,Airfare,Business,Qatar Airways,Delhi,DEL,Hyderabad,HYD,,KM,,600,INR,600,1.0,Concur,Training Program,MGR-L01,2023-06-27,APPROVED
EXP-0000581,RPT-202306-0146,EMP-1020,Sameer Khan,Legal,CC-LEGAL-01,2023-06-25,2023-06-19,2023-06-21,Hotel,,Hilton Hyderabad,,,Hyderabad,HYD,,,2,12000,INR,12000,1.0,Concur,Training Program,MGR-L01,2023-06-27,APPROVED
EXP-0000582,RPT-202306-0146,EMP-1020,Sameer Khan,Legal,CC-LEGAL-01,2023-06-25,2023-06-19,2023-06-21,Ground Transport,,Black Cab,Hyderabad,,Hyderabad,HYD,19.7,KM,,364,INR,364,1.0,Concur,Training Program,MGR-L01,2023-06-27,APPROVED
EXP-0000583,RPT-202306-0146,EMP-1020,Sameer Khan,Legal,CC-LEGAL-01,2023-06-25,2023-06-19,2023-06-21,Ground Transport,,Yellow Cab,,,Hyderabad,HYD,46.0,KM,,770,INR,770,1.0,Concur,Training Program,MGR-L01,2023-06-27,APPROVED
EXP-0000584,RPT-202307-0147,EMP-1006,Deepa Iyer,Marketing,CC-MKT-01,2023-07-01,2023-06-27,2023-06-28,Airfare,Economy,Emirates,Mumbai,BOM,Chennai,MAA,,KM,,300,INR,300,1.0,Concur,Annual Planning,MGR-M01,2023-07-02,APPROVED
EXP-0000585,RPT-202307-0147,EMP-1006,Deepa Iyer,Marketing,CC-MKT-01,2023-07-01,2023-06-27,2023-06-28,Hotel,,ITC Hotels Chennai,,,Chennai,MAA,,,1,7000,INR,7000,1.0,Concur,Annual Planning,MGR-M01,2023-07-02,APPROVED
EXP-0000586,RPT-202307-0147,EMP-1006,Deepa Iyer,Marketing,CC-MKT-01,2023-07-01,2023-06-27,2023-06-28,Ground Transport,,Yellow Cab,Chennai,,Chennai,MAA,43.7,KM,,1170,INR,1170,1.0,Concur,Annual Planning,MGR-M01,2023-07-02,APPROVED
EXP-0000587,RPT-202307-0147,EMP-1006,Deepa Iyer,Marketing,CC-MKT-01,2023-07-01,2023-06-27,2023-06-28,Ground Transport,,Yellow Cab,,,Chennai,MAA,47.7,KM,,820,INR,820,1.0,Concur,Annual Planning,MGR-M01,2023-07-02,APPROVED
EXP-0000588,RPT-202307-0147,EMP-1006,Deepa Iyer,Marketing,CC-MKT-01,2023-07-01,2023-06-27,2023-06-28,Ground Transport,,Rapido,Chennai,,Chennai,MAA,24.0,KM,,510,INR,510,1.0,Concur,Annual Planning,MGR-M01,2023-07-02,APPROVED
EXP-0000589,RPT-202306-0148,EMP-1015,Kavita Joshi,HR,CC-HR-01,2023-06-16,2023-06-09,2023-06-10,Airfare,Economy,Vistara,Delhi,DEL,Pune,PNQ,,KM,,400,INR,400,1.0,Concur,Board Review,MGR-H01,2023-06-19,APPROVED
EXP-0000590,RPT-202306-0148,EMP-1015,Kavita Joshi,HR,CC-HR-01,2023-06-16,2023-06-09,2023-06-10,Hotel,,JW Marriott Pune,,,Pune,PNQ,,,1,9000,INR,9000,1.0,Concur,Board Review,MGR-H01,2023-06-19,APPROVED
EXP-0000591,RPT-202306-0148,EMP-1015,Kavita Joshi,HR,CC-HR-01,2023-06-16,2023-06-09,2023-06-10,Ground Transport,,Rapido,Pune,,Pune,PNQ,22.4,KM,,642,INR,642,1.0,Concur,Board Review,MGR-H01,2023-06-19,APPROVED
EXP-0000592,RPT-202306-0148,EMP-1015,Kavita Joshi,HR,CC-HR-01,2023-06-16,2023-06-09,2023-06-10,Ground Transport,,Meru Cabs,,,Pune,PNQ,49.5,KM,,1074,INR,1074,1.0,Concur,Board Review,MGR-H01,2023-06-19,APPROVED
EXP-0000593,RPT-202306-0149,EMP-1012,Mohit Sharma,Finance,CC-FIN-01,2023-06-18,2023-06-11,2023-06-15,Airfare,Economy,Singapore Airlines,Delhi,DEL,Ahmedabad,AMD,,KM,,200,INR,200,1.0,Concur,Legal Negotiation,MGR-F01,2023-06-22,APPROVED
EXP-0000594,RPT-202306-0149,EMP-1012,Mohit Sharma,Finance,CC-FIN-01,2023-06-18,2023-06-11,2023-06-15,Hotel,,Taj Hotels Ahmedabad,,,Ahmedabad,AMD,,,4,22000,INR,22000,1.0,Concur,Legal Negotiation,MGR-F01,2023-06-22,APPROVED
EXP-0000595,RPT-202306-0149,EMP-1012,Mohit Sharma,Finance,CC-FIN-01,2023-06-18,2023-06-11,2023-06-15,Ground Transport,,Rapido,Ahmedabad,,Ahmedabad,AMD,27.8,KM,,602,INR,602,1.0,Concur,Legal Negotiation,MGR-F01,2023-06-22,APPROVED
EXP-0000596,RPT-202306-0150,EMP-1003,Amit Patel,Finance,CC-FIN-01,2023-06-23,2023-06-15,2023-06-22,Airfare,Business,IndiGo,Delhi,DEL,San Francisco,SFO,,KM,,25300,INR,25300,1.0,Concur,Client Meeting,MGR-F01,2023-06-25,APPROVED
EXP-0000597,RPT-202306-0150,EMP-1003,Amit Patel,Finance,CC-FIN-01,2023-06-23,2023-06-15,2023-06-22,Hotel,,Hilton San Francisco,,,San Francisco,SFO,,,7,209500,INR,209500,1.0,Concur,Client Meeting,MGR-F01,2023-06-25,APPROVED
EXP-0000598,RPT-202306-0150,EMP-1003,Amit Patel,Finance,CC-FIN-01,2023-06-23,2023-06-15,2023-06-22,Ground Transport,,Black Cab,San Francisco,,San Francisco,SFO,52.5,KM,,1149,INR,1149,1.0,Concur,Client Meeting,MGR-F01,2023-06-25,APPROVED
EXP-0000599,RPT-202306-0150,EMP-1003,Amit Patel,Finance,CC-FIN-01,2023-06-23,2023-06-15,2023-06-22,Ground Transport,,Rapido,,,San Francisco,SFO,45.1,KM,,1215,INR,1215,1.0,Concur,Client Meeting,MGR-F01,2023-06-25,APPROVED
EXP-0000600,RPT-202306-0150,EMP-1003,Amit Patel,Finance,CC-FIN-01,2023-06-23,2023-06-15,2023-06-22,Ground Transport,,Grab,San Francisco,,San Francisco,SFO,11.6,KM,,219,INR,219,1.0,Concur,Client Meeting,MGR-F01,2023-06-25,APPROVED
EXP-0000601,RPT-202306-0151,EMP-1015,Kavita Joshi,HR,CC-HR-01,2023-06-28,2023-06-20,2023-06-22,Airfare,Business,Singapore Airlines,Delhi,,Kolkata,CCU,,KM,,500,INR,500,1.0,Concur,Tech Conference,MGR-H01,2023-07-01,APPROVED
EXP-0000602,RPT-202306-0151,EMP-1015,Kavita Joshi,HR,CC-HR-01,2023-06-28,2023-06-20,2023-06-22,Hotel,,Radisson Blu Kolkata,,,Kolkata,CCU,,,2,11000,INR,11000,1.0,Concur,Tech Conference,MGR-H01,2023-07-01,APPROVED
EXP-0000603,RPT-202306-0151,EMP-1015,Kavita Joshi,HR,CC-HR-01,2023-06-28,2023-06-20,2023-06-22,Ground Transport,,Yellow Cab,Kolkata,,Kolkata,CCU,20.7,KM,,393,INR,393,1.0,Concur,Tech Conference,MGR-H01,2023-07-01,APPROVED
EXP-0000604,RPT-202306-0151,EMP-1015,Kavita Joshi,HR,CC-HR-01,2023-06-28,2023-06-20,2023-06-22,Ground Transport,,Uber,,,Kolkata,CCU,26.6,KM,,400,INR,400,1.0,Concur,Tech Conference,MGR-H01,2023-07-01,APPROVED
EXP-0000605,RPT-202306-0152,EMP-1019,Pooja Desai,Operations,CC-OPS-01,2023-06-16,2023-06-12,2023-06-14,Airfare,Economy,Emirates,Chennai,MAA,Bangalore,BLR,,KM,,100,INR,100,1.0,Concur,Tech Conference,MGR-O01,2023-06-18,APPROVED
EXP-0000606,RPT-202306-0152,EMP-1019,Pooja Desai,Operations,CC-OPS-01,2023-06-16,2023-06-12,2023-06-14,Hotel,,Westin Bangalore,,,Bangalore,BLR,,,2,16500,INR,16500,1.0,Concur,Tech Conference,MGR-O01,2023-06-18,APPROVED
EXP-0000607,RPT-202306-0152,EMP-1019,Pooja Desai,Operations,CC-OPS-01,2023-06-16,2023-06-12,2023-06-14,Ground Transport,,Local Taxi,Bangalore,,Bangalore,BLR,17.6,KM,,467,INR,467,1.0,Concur,Tech Conference,MGR-O01,2023-06-18,APPROVED
EXP-0000608,RPT-202306-0152,EMP-1019,Pooja Desai,Operations,CC-OPS-01,2023-06-16,2023-06-12,2023-06-14,Ground Transport,,Uber,,,Bangalore,BLR,49.2,KM,,1418,INR,1418,1.0,Concur,Tech Conference,MGR-O01,2023-06-18,APPROVED
EXP-0000609,RPT-202306-0152,EMP-1019,Pooja Desai,Operations,CC-OPS-01,2023-06-16,2023-06-12,2023-06-14,Ground Transport,,Meru Cabs,Bangalore,,Bangalore,BLR,38.4,KM,,856,INR,856,1.0,Concur,Tech Conference,MGR-O01,2023-06-18,APPROVED
EXP-0000610,RPT-202307-0153,EMP-1005,Vikram Nair,Operations,CC-OPS-01,2023-07-06,2023-06-26,2023-07-02,Airfare,Economy,Vistara,Chennai,MAA,Dubai,DXB,,KM,,2900,INR,2900,1.0,Concur,Vendor Meeting,MGR-O01,2023-07-10,APPROVED
EXP-0000611,RPT-202307-0153,EMP-1005,Vikram Nair,Operations,CC-OPS-01,2023-07-06,2023-06-26,2023-07-02,Hotel,,Sofitel Dubai,,,Dubai,DXB,,,6,116000,INR,116000,1.0,Concur,Vendor Meeting,MGR-O01,2023-07-10,APPROVED
EXP-0000612,RPT-202307-0153,EMP-1005,Vikram Nair,Operations,CC-OPS-01,2023-07-06,2023-06-26,2023-07-02,Ground Transport,,Black Cab,Dubai,,Dubai,DXB,44.8,KM,,1079,INR,1079,1.0,Concur,Vendor Meeting,MGR-O01,2023-07-10,APPROVED
EXP-0000613,RPT-202306-0154,EMP-1013,Nisha Verma,Engineering,CC-ENG-01,2023-06-18,2023-06-12,2023-06-16,Airfare,Economy,IndiGo,Bangalore,,Pune,PNQ,,KM,,200,INR,200,1.0,Concur,Board Review,MGR-E01,,PENDING
EXP-0000614,RPT-202306-0154,EMP-1013,Nisha Verma,Engineering,CC-ENG-01,2023-06-18,2023-06-12,2023-06-16,Hotel,,Radisson Blu Pune,,,Pune,PNQ,,,4,30500,INR,30500,1.0,Concur,Board Review,MGR-E01,,PENDING
EXP-0000615,RPT-202306-0154,EMP-1013,Nisha Verma,Engineering,CC-ENG-01,2023-06-18,2023-06-12,2023-06-16,Ground Transport,,Rapido,Pune,,Pune,PNQ,52.9,KM,,1475,INR,1475,1.0,Concur,Board Review,MGR-E01,,PENDING
EXP-0000616,RPT-202306-0155,EMP-1011,Anjali Singh,Marketing,CC-MKT-01,2023-06-26,2023-06-21,2023-06-25,Airfare,Economy,SpiceJet,Mumbai,,Hyderabad,HYD,,KM,,200,INR,200,1.0,Concur,Product Launch,MGR-M01,2023-06-29,APPROVED
EXP-0000617,RPT-202306-0155,EMP-1011,Anjali Singh,Marketing,CC-MKT-01,2023-06-26,2023-06-21,2023-06-25,Hotel,,Hilton Hyderabad,,,Hyderabad,HYD,,,4,25500,INR,25500,1.0,Concur,Product Launch,MGR-M01,2023-06-29,APPROVED
EXP-0000618,RPT-202306-0155,EMP-1011,Anjali Singh,Marketing,CC-MKT-01,2023-06-26,2023-06-21,2023-06-25,Ground Transport,,Black Cab,Hyderabad,,Hyderabad,HYD,34.2,KM,,712,INR,712,1.0,Concur,Product Launch,MGR-M01,2023-06-29,APPROVED
EXP-0000619,RPT-202306-0156,EMP-1008,Arjun Mehta,Engineering,CC-ENG-02,2023-06-26,2023-06-19,2023-06-22,Airfare,Economy,Etihad,Bangalore,BLR,Chennai,MAA,,KM,,100,INR,100,1.0,Concur,Audit Review,MGR-E01,,PENDING
EXP-0000620,RPT-202306-0156,EMP-1008,Arjun Mehta,Engineering,CC-ENG-02,2023-06-26,2023-06-19,2023-06-22,Hotel,,Westin Chennai,,,Chennai,MAA,,,3,25000,INR,25000,1.0,Concur,Audit Review,MGR-E01,,PENDING
EXP-0000621,RPT-202306-0156,EMP-1008,Arjun Mehta,Engineering,CC-ENG-02,2023-06-26,2023-06-19,2023-06-22,Ground Transport,,Careem,Chennai,,Chennai,MAA,45.4,KM,,786,INR,786,1.0,Concur,Audit Review,MGR-E01,,PENDING
EXP-0000622,RPT-202306-0156,EMP-1008,Arjun Mehta,Engineering,CC-ENG-02,2023-06-26,2023-06-19,2023-06-22,Ground Transport,,Metro Rail,,,Chennai,MAA,19.8,KM,,311,INR,311,1.0,Concur,Audit Review,MGR-E01,,PENDING
EXP-0000623,RPT-202306-0156,EMP-1008,Arjun Mehta,Engineering,CC-ENG-02,2023-06-26,2023-06-19,2023-06-22,Ground Transport,,Black Cab,Chennai,,Chennai,MAA,43.2,KM,,820,INR,820,1.0,Concur,Audit Review,MGR-E01,,PENDING
EXP-0000624,RPT-202306-0157,EMP-1014,Suresh Babu,Sales,CC-SALES-03,2023-06-19,2023-06-13,2023-06-14,Airfare,Economy,Air India,Mumbai,BOM,Hyderabad,HYD,,KM,,200,INR,200,1.0,Concur,Board Review,MGR-S02,2023-06-22,APPROVED
EXP-0000625,RPT-202306-0157,EMP-1014,Suresh Babu,Sales,CC-SALES-03,2023-06-19,2023-06-13,2023-06-14,Hotel,,Marriott Hyderabad,,,Hyderabad,HYD,,,1,6500,INR,6500,1.0,Concur,Board Review,MGR-S02,2023-06-22,APPROVED
EXP-0000626,RPT-202306-0157,EMP-1014,Suresh Babu,Sales,CC-SALES-03,2023-06-19,2023-06-13,2023-06-14,Ground Transport,,Careem,Hyderabad,,Hyderabad,HYD,11.0,KM,,288,INR,288,1.0,Concur,Board Review,MGR-S02,2023-06-22,APPROVED
EXP-0000627,RPT-202307-0158,EMP-1008,Arjun Mehta,Engineering,CC-ENG-02,2023-07-07,2023-06-25,2023-06-29,Airfare,Economy,Air India,Bangalore,BLR,Hyderabad,HYD,,KM,,100,INR,100,1.0,Concur,Team Offsite,MGR-E01,,PENDING
EXP-0000628,RPT-202307-0158,EMP-1008,Arjun Mehta,Engineering,CC-ENG-02,2023-07-07,2023-06-25,2023-06-29,Hotel,,Hilton Hyderabad,,,Hyderabad,HYD,,,4,30000,INR,30000,1.0,Concur,Team Offsite,MGR-E01,,PENDING
EXP-0000629,RPT-202307-0158,EMP-1008,Arjun Mehta,Engineering,CC-ENG-02,2023-07-07,2023-06-25,2023-06-29,Ground Transport,,Yellow Cab,Hyderabad,,Hyderabad,HYD,41.0,KM,,1108,INR,1108,1.0,Concur,Team Offsite,MGR-E01,,PENDING
EXP-0000630,RPT-202307-0158,EMP-1008,Arjun Mehta,Engineering,CC-ENG-02,2023-07-07,2023-06-25,2023-06-29,Ground Transport,,Metro Rail,,,Hyderabad,HYD,40.0,KM,,872,INR,872,1.0,Concur,Team Offsite,MGR-E01,,PENDING
EXP-0000631,RPT-202307-0158,EMP-1008,Arjun Mehta,Engineering,CC-ENG-02,2023-07-07,2023-06-25,2023-06-29,Ground Transport,,Uber,Hyderabad,,Hyderabad,HYD,54.6,KM,,839,INR,839,1.0,Concur,Team Offsite,MGR-E01,,PENDING
EXP-0000632,RPT-202306-0159,EMP-1015,Kavita Joshi,HR,CC-HR-01,2023-06-30,2023-06-26,2023-06-27,Airfare,Business,IndiGo,Delhi,DEL,Kolkata,CCU,,KM,,700,INR,700,1.0,Concur,Product Launch,MGR-H01,2023-07-03,APPROVED
EXP-0000633,RPT-202306-0159,EMP-1015,Kavita Joshi,HR,CC-HR-01,2023-06-30,2023-06-26,2023-06-27,Hotel,,Radisson Blu Kolkata,,,Kolkata,CCU,,,1,8500,INR,8500,1.0,Concur,Product Launch,MGR-H01,2023-07-03,APPROVED
EXP-0000634,RPT-202306-0159,EMP-1015,Kavita Joshi,HR,CC-HR-01,2023-06-30,2023-06-26,2023-06-27,Ground Transport,,Local Taxi,Kolkata,,Kolkata,CCU,33.3,KM,,541,INR,541,1.0,Concur,Product Launch,MGR-H01,2023-07-03,APPROVED
EXP-0000635,RPT-202306-0159,EMP-1015,Kavita Joshi,HR,CC-HR-01,2023-06-30,2023-06-26,2023-06-27,Ground Transport,,Black Cab,,,Kolkata,CCU,18.2,KM,,545,INR,545,1.0,Concur,Product Launch,MGR-H01,2023-07-03,APPROVED
EXP-0000636,RPT-202306-0159,EMP-1015,Kavita Joshi,HR,CC-HR-01,2023-06-30,2023-06-26,2023-06-27,Ground Transport,,Careem,Kolkata,,Kolkata,CCU,31.1,KM,,671,INR,671,1.0,Concur,Product Launch,MGR-H01,2023-07-03,APPROVED
EXP-0000637,RPT-202306-0160,EMP-1007,Kiran Rao,Legal,CC-LEGAL-01,2023-06-17,2023-06-07,2023-06-11,Airfare,Economy,Go First,Delhi,DEL,Chennai,MAA,,KM,,500,INR,500,1.0,Concur,Board Review,MGR-L01,2023-06-21,APPROVED
EXP-0000638,RPT-202306-0160,EMP-1007,Kiran Rao,Legal,CC-LEGAL-01,2023-06-17,2023-06-07,2023-06-11,Hotel,,JW Marriott Chennai,,,Chennai,MAA,,,4,21000,INR,21000,1.0,Concur,Board Review,MGR-L01,2023-06-21,APPROVED
EXP-0000639,RPT-202306-0160,EMP-1007,Kiran Rao,Legal,CC-LEGAL-01,2023-06-17,2023-06-07,2023-06-11,Ground Transport,,Grab,Chennai,,Chennai,MAA,31.7,KM,,532,INR,532,1.0,Concur,Board Review,MGR-L01,2023-06-21,APPROVED
EXP-0000640,RPT-202306-0160,EMP-1007,Kiran Rao,Legal,CC-LEGAL-01,2023-06-17,2023-06-07,2023-06-11,Ground Transport,,Meru Cabs,,,Chennai,MAA,18.6,KM,,548,INR,548,1.0,Concur,Board Review,MGR-L01,2023-06-21,APPROVED
EXP-0000641,RPT-202306-0161,EMP-1010,Ravi Krishnan,Operations,CC-OPS-02,2023-06-11,2023-06-07,2023-06-08,Airfare,Economy,SpiceJet,Chennai,MAA,Hyderabad,HYD,,KM,,100,INR,100,1.0,Concur,Product Launch,MGR-O01,2023-06-14,APPROVED
EXP-0000642,RPT-202306-0161,EMP-1010,Ravi Krishnan,Operations,CC-OPS-02,2023-06-11,2023-06-07,2023-06-08,Hotel,,Radisson Blu Hyderabad,,,Hyderabad,HYD,,,1,7000,INR,7000,1.0,Concur,Product Launch,MGR-O01,2023-06-14,APPROVED
EXP-0000643,RPT-202306-0161,EMP-1010,Ravi Krishnan,Operations,CC-OPS-02,2023-06-11,2023-06-07,2023-06-08,Ground Transport,,Rapido,Hyderabad,,Hyderabad,HYD,43.0,KM,,856,INR,856,1.0,Concur,Product Launch,MGR-O01,2023-06-14,APPROVED
EXP-0000644,RPT-202306-0161,EMP-1010,Ravi Krishnan,Operations,CC-OPS-02,2023-06-11,2023-06-07,2023-06-08,Ground Transport,,Rapido,,,Hyderabad,HYD,14.6,KM,,251,INR,251,1.0,Concur,Product Launch,MGR-O01,2023-06-14,APPROVED
EXP-0000645,RPT-202306-0161,EMP-1010,Ravi Krishnan,Operations,CC-OPS-02,2023-06-11,2023-06-07,2023-06-08,Ground Transport,,Meru Cabs,Hyderabad,,Hyderabad,HYD,21.0,KM,,323,INR,323,1.0,Concur,Product Launch,MGR-O01,2023-06-14,APPROVED
EXP-0000646,RPT-202306-0162,EMP-1010,Ravi Krishnan,Operations,CC-OPS-02,2023-06-29,2023-06-19,2023-06-23,Airfare,Economy,British Airways,Chennai,MAA,Bangalore,BLR,,KM,,100,INR,100,1.0,Concur,Vendor Meeting,MGR-O01,2023-06-30,APPROVED
EXP-0000647,RPT-202306-0162,EMP-1010,Ravi Krishnan,Operations,CC-OPS-02,2023-06-29,2023-06-19,2023-06-23,Hotel,,Taj Hotels Bangalore,,,Bangalore,BLR,,,4,22500,INR,22500,1.0,Concur,Vendor Meeting,MGR-O01,2023-06-30,APPROVED
EXP-0000648,RPT-202306-0162,EMP-1010,Ravi Krishnan,Operations,CC-OPS-02,2023-06-29,2023-06-19,2023-06-23,Ground Transport,,Grab,Bangalore,,Bangalore,BLR,18.8,KM,,501,INR,501,1.0,Concur,Vendor Meeting,MGR-O01,2023-06-30,APPROVED
EXP-0000649,RPT-202306-0162,EMP-1010,Ravi Krishnan,Operations,CC-OPS-02,2023-06-29,2023-06-19,2023-06-23,Ground Transport,,Careem,,,Bangalore,BLR,29.0,KM,,667,INR,667,1.0,Concur,Vendor Meeting,MGR-O01,2023-06-30,APPROVED
EXP-0000650,RPT-202306-0162,EMP-1010,Ravi Krishnan,Operations,CC-OPS-02,2023-06-29,2023-06-19,2023-06-23,Ground Transport,,Black Cab,Bangalore,,Bangalore,BLR,26.0,KM,,548,INR,548,1.0,Concur,Vendor Meeting,MGR-O01,2023-06-30,APPROVED
EXP-0000651,RPT-202306-0163,EMP-1011,Anjali Singh,Marketing,CC-MKT-01,2023-06-10,2023-06-02,2023-06-05,Airfare,Economy,Qatar Airways,Mumbai,BOM,Chennai,MAA,,KM,,300,INR,300,1.0,Concur,Sales Pitch,MGR-M01,2023-06-12,APPROVED
EXP-0000652,RPT-202306-0163,EMP-1011,Anjali Singh,Marketing,CC-MKT-01,2023-06-10,2023-06-02,2023-06-05,Hotel,,Hilton Chennai,,,Chennai,MAA,,,3,18000,INR,18000,1.0,Concur,Sales Pitch,MGR-M01,2023-06-12,APPROVED
EXP-0000653,RPT-202306-0163,EMP-1011,Anjali Singh,Marketing,CC-MKT-01,2023-06-10,2023-06-02,2023-06-05,Ground Transport,,Uber,Chennai,,Chennai,MAA,37.8,KM,,831,INR,831,1.0,Concur,Sales Pitch,MGR-M01,2023-06-12,APPROVED
EXP-0000654,RPT-202306-0163,EMP-1011,Anjali Singh,Marketing,CC-MKT-01,2023-06-10,2023-06-02,2023-06-05,Ground Transport,,Rapido,,,Chennai,MAA,45.4,KM,,791,INR,791,1.0,Concur,Sales Pitch,MGR-M01,2023-06-12,APPROVED
EXP-0000655,RPT-202306-0163,EMP-1011,Anjali Singh,Marketing,CC-MKT-01,2023-06-10,2023-06-02,2023-06-05,Ground Transport,,Uber,Chennai,,Chennai,MAA,49.5,KM,,830,INR,830,1.0,Concur,Sales Pitch,MGR-M01,2023-06-12,APPROVED
EXP-0000656,RPT-202306-0164,EMP-1012,Mohit Sharma,Finance,CC-FIN-01,2023-06-25,2023-06-19,2023-06-21,Airfare,Economy,Etihad,Delhi,DEL,Hyderabad,HYD,,KM,,300,INR,300,1.0,Concur,Partner Integration,MGR-F01,2023-06-29,APPROVED
EXP-0000657,RPT-202306-0164,EMP-1012,Mohit Sharma,Finance,CC-FIN-01,2023-06-25,2023-06-19,2023-06-21,Hotel,,Novotel Hyderabad,,,Hyderabad,HYD,,,2,16500,INR,16500,1.0,Concur,Partner Integration,MGR-F01,2023-06-29,APPROVED
EXP-0000658,RPT-202306-0164,EMP-1012,Mohit Sharma,Finance,CC-FIN-01,2023-06-25,2023-06-19,2023-06-21,Ground Transport,,Metro Rail,Hyderabad,,Hyderabad,HYD,34.3,KM,,965,INR,965,1.0,Concur,Partner Integration,MGR-F01,2023-06-29,APPROVED
EXP-0000659,RPT-202306-0164,EMP-1012,Mohit Sharma,Finance,CC-FIN-01,2023-06-25,2023-06-19,2023-06-21,Ground Transport,,Grab,,,Hyderabad,HYD,20.8,KM,,558,INR,558,1.0,Concur,Partner Integration,MGR-F01,2023-06-29,APPROVED
EXP-0000660,RPT-202306-0165,EMP-1020,Sameer Khan,Legal,CC-LEGAL-01,2023-06-19,2023-06-13,2023-06-16,Airfare,Economy,Air India,Delhi,DEL,Bangalore,BLR,,KM,,500,INR,500,1.0,Concur,Product Launch,MGR-L01,2023-06-20,APPROVED
EXP-0000661,RPT-202306-0165,EMP-1020,Sameer Khan,Legal,CC-LEGAL-01,2023-06-19,2023-06-13,2023-06-16,Hotel,,Radisson Blu Bangalore,,,Bangalore,BLR,,,3,16500,INR,16500,1.0,Concur,Product Launch,MGR-L01,2023-06-20,APPROVED
EXP-0000662,RPT-202306-0165,EMP-1020,Sameer Khan,Legal,CC-LEGAL-01,2023-06-19,2023-06-13,2023-06-16,Ground Transport,,Local Taxi,Bangalore,,Bangalore,BLR,14.9,KM,,347,INR,347,1.0,Concur,Product Launch,MGR-L01,2023-06-20,APPROVED
EXP-0000663,RPT-202306-0165,EMP-1020,Sameer Khan,Legal,CC-LEGAL-01,2023-06-19,2023-06-13,2023-06-16,Ground Transport,,Uber,,,Bangalore,BLR,52.5,KM,,1116,INR,1116,1.0,Concur,Product Launch,MGR-L01,2023-06-20,APPROVED
EXP-0000664,RPT-202306-0165,EMP-1020,Sameer Khan,Legal,CC-LEGAL-01,2023-06-19,2023-06-13,2023-06-16,Ground Transport,,Yellow Cab,Bangalore,,Bangalore,BLR,48.2,KM,,920,INR,920,1.0,Concur,Product Launch,MGR-L01,2023-06-20,APPROVED
EXP-0000665,RPT-202307-0166,EMP-1018,Aakash Tiwari,Sales,CC-SALES-01,2023-07-01,2023-06-26,2023-06-30,Airfare,Business,Lufthansa,Mumbai,BOM,Hyderabad,HYD,,KM,,300,INR,300,1.0,Concur,Vendor Meeting,MGR-S01,2023-07-05,APPROVED
EXP-0000666,RPT-202307-0166,EMP-1018,Aakash Tiwari,Sales,CC-SALES-01,2023-07-01,2023-06-26,2023-06-30,Hotel,,Novotel Hyderabad,,,Hyderabad,HYD,,,4,28000,INR,28000,1.0,Concur,Vendor Meeting,MGR-S01,2023-07-05,APPROVED
EXP-0000667,RPT-202307-0166,EMP-1018,Aakash Tiwari,Sales,CC-SALES-01,2023-07-01,2023-06-26,2023-06-30,Ground Transport,,Rapido,Hyderabad,,Hyderabad,HYD,27.0,KM,,478,INR,478,1.0,Concur,Vendor Meeting,MGR-S01,2023-07-05,APPROVED
EXP-0000668,RPT-202307-0166,EMP-1018,Aakash Tiwari,Sales,CC-SALES-01,2023-07-01,2023-06-26,2023-06-30,Ground Transport,,Metro Rail,,,Hyderabad,HYD,11.9,KM,,245,INR,245,1.0,Concur,Vendor Meeting,MGR-S01,2023-07-05,APPROVED
EXP-0000669,RPT-202307-0167,EMP-1003,Amit Patel,Finance,CC-FIN-01,2023-07-25,2023-07-13,2023-07-17,Airfare,Economy,Air India,Delhi,DEL,Mumbai,BOM,,KM,,300,INR,300,1.0,Concur,Tech Conference,MGR-F01,2023-07-27,APPROVED
EXP-0000670,RPT-202307-0167,EMP-1003,Amit Patel,Finance,CC-FIN-01,2023-07-25,2023-07-13,2023-07-17,Hotel,,Le Meridien Mumbai,,,Mumbai,BOM,,,4,20000,INR,20000,1.0,Concur,Tech Conference,MGR-F01,2023-07-27,APPROVED
EXP-0000671,RPT-202307-0167,EMP-1003,Amit Patel,Finance,CC-FIN-01,2023-07-25,2023-07-13,2023-07-17,Ground Transport,,Ola,Mumbai,,Mumbai,BOM,27.1,KM,,655,INR,655,1.0,Concur,Tech Conference,MGR-F01,2023-07-27,APPROVED
EXP-0000672,RPT-202307-0167,EMP-1003,Amit Patel,Finance,CC-FIN-01,2023-07-25,2023-07-13,2023-07-17,Ground Transport,,Meru Cabs,,,Mumbai,BOM,15.7,KM,,447,INR,447,1.0,Concur,Tech Conference,MGR-F01,2023-07-27,APPROVED
EXP-0000673,RPT-202307-0168,EMP-1012,Mohit Sharma,Finance,CC-FIN-01,2023-07-30,2023-07-19,2023-07-22,Airfare,Business,Qatar Airways,Delhi,DEL,Kuala Lumpur,KUL,,KM,,6800,INR,6800,1.0,Concur,Product Launch,MGR-F01,2023-08-03,APPROVED
EXP-0000674,RPT-202307-0168,EMP-1012,Mohit Sharma,Finance,CC-FIN-01,2023-07-30,2023-07-19,2023-07-22,Hotel,,Four Seasons Kuala Lumpur,,,Kuala Lumpur,KUL,,,3,80000,INR,80000,1.0,Concur,Product Launch,MGR-F01,2023-08-03,APPROVED
EXP-0000675,RPT-202307-0168,EMP-1012,Mohit Sharma,Finance,CC-FIN-01,2023-07-30,2023-07-19,2023-07-22,Ground Transport,,Yellow Cab,Kuala Lumpur,,Kuala Lumpur,KUL,10.9,KM,,311,INR,311,1.0,Concur,Product Launch,MGR-F01,2023-08-03,APPROVED
EXP-0000676,RPT-202307-0168,EMP-1012,Mohit Sharma,Finance,CC-FIN-01,2023-07-30,2023-07-19,2023-07-22,Ground Transport,,Uber,,,Kuala Lumpur,KUL,54.7,KM,,1050,INR,1050,1.0,Concur,Product Launch,MGR-F01,2023-08-03,APPROVED
EXP-0000677,RPT-202307-0168,EMP-1012,Mohit Sharma,Finance,CC-FIN-01,2023-07-30,2023-07-19,2023-07-22,Ground Transport,,Rapido,Kuala Lumpur,,Kuala Lumpur,KUL,35.8,KM,,632,INR,632,1.0,Concur,Product Launch,MGR-F01,2023-08-03,APPROVED
EXP-0000678,RPT-202308-0169,EMP-1008,Arjun Mehta,Engineering,CC-ENG-02,2023-08-02,2023-07-25,2023-07-27,Airfare,Business,Singapore Airlines,Bangalore,,Mumbai,BOM,,KM,,400,INR,400,1.0,Concur,Training Program,MGR-E01,2023-08-06,APPROVED
EXP-0000679,RPT-202308-0169,EMP-1008,Arjun Mehta,Engineering,CC-ENG-02,2023-08-02,2023-07-25,2023-07-27,Hotel,,Radisson Blu Mumbai,,,Mumbai,BOM,,,2,17000,INR,17000,1.0,Concur,Training Program,MGR-E01,2023-08-06,APPROVED
EXP-0000680,RPT-202308-0169,EMP-1008,Arjun Mehta,Engineering,CC-ENG-02,2023-08-02,2023-07-25,2023-07-27,Ground Transport,,Black Cab,Mumbai,,Mumbai,BOM,24.6,KM,,594,INR,594,1.0,Concur,Training Program,MGR-E01,2023-08-06,APPROVED
EXP-0000681,RPT-202307-0170,EMP-1017,Meera Pillai,Engineering,CC-ENG-02,2023-07-12,2023-07-03,2023-07-07,Airfare,Economy,Lufthansa,Bangalore,BLR,San Francisco,SFO,,KM,,11400,INR,11400,1.0,Concur,Budget Review,MGR-E01,2023-07-14,APPROVED
EXP-0000682,RPT-202307-0170,EMP-1017,Meera Pillai,Engineering,CC-ENG-02,2023-07-12,2023-07-03,2023-07-07,Hotel,,Hyatt San Francisco,,,San Francisco,SFO,,,4,73000,INR,73000,1.0,Concur,Budget Review,MGR-E01,2023-07-14,APPROVED
EXP-0000683,RPT-202307-0170,EMP-1017,Meera Pillai,Engineering,CC-ENG-02,2023-07-12,2023-07-03,2023-07-07,Ground Transport,,Uber,San Francisco,,San Francisco,SFO,22.8,KM,,623,INR,623,1.0,Concur,Budget Review,MGR-E01,2023-07-14,APPROVED
EXP-0000684,RPT-202307-0170,EMP-1017,Meera Pillai,Engineering,CC-ENG-02,2023-07-12,2023-07-03,2023-07-07,Ground Transport,,Ola,,,San Francisco,SFO,30.3,KM,,460,INR,460,1.0,Concur,Budget Review,MGR-E01,2023-07-14,APPROVED
EXP-0000685,RPT-202307-0171,EMP-1019,Pooja Desai,Operations,CC-OPS-01,2023-07-07,2023-07-01,2023-07-03,Airfare,Economy,British Airways,Chennai,MAA,Ahmedabad,AMD,,KM,,400,INR,400,1.0,Concur,Legal Negotiation,MGR-O01,2023-07-10,APPROVED
EXP-0000686,RPT-202307-0171,EMP-1019,Pooja Desai,Operations,CC-OPS-01,2023-07-07,2023-07-01,2023-07-03,Hotel,,Marriott Ahmedabad,,,Ahmedabad,AMD,,,2,12000,INR,12000,1.0,Concur,Legal Negotiation,MGR-O01,2023-07-10,APPROVED
EXP-0000687,RPT-202307-0171,EMP-1019,Pooja Desai,Operations,CC-OPS-01,2023-07-07,2023-07-01,2023-07-03,Ground Transport,,Rapido,Ahmedabad,,Ahmedabad,AMD,17.3,KM,,302,INR,302,1.0,Concur,Legal Negotiation,MGR-O01,2023-07-10,APPROVED
EXP-0000688,RPT-202307-0171,EMP-1019,Pooja Desai,Operations,CC-OPS-01,2023-07-07,2023-07-01,2023-07-03,Ground Transport,,Uber,,,Ahmedabad,AMD,26.3,KM,,571,INR,571,1.0,Concur,Legal Negotiation,MGR-O01,2023-07-10,APPROVED
EXP-0000689,RPT-202307-0171,EMP-1019,Pooja Desai,Operations,CC-OPS-01,2023-07-07,2023-07-01,2023-07-03,Ground Transport,,Meru Cabs,Ahmedabad,,Ahmedabad,AMD,46.4,KM,,889,INR,889,1.0,Concur,Legal Negotiation,MGR-O01,2023-07-10,APPROVED
EXP-0000690,RPT-202307-0172,EMP-1009,Sunita Gupta,Sales,CC-SALES-02,2023-07-29,2023-07-19,2023-07-23,Airfare,Economy,Singapore Airlines,Mumbai,BOM,Hyderabad,HYD,,KM,,200,INR,200,1.0,Concur,Team Offsite,MGR-S01,2023-08-01,APPROVED
EXP-0000691,RPT-202307-0172,EMP-1009,Sunita Gupta,Sales,CC-SALES-02,2023-07-29,2023-07-19,2023-07-23,Hotel,,ITC Hotels Hyderabad,,,Hyderabad,HYD,,,4,34500,INR,34500,1.0,Concur,Team Offsite,MGR-S01,2023-08-01,APPROVED
EXP-0000692,RPT-202307-0172,EMP-1009,Sunita Gupta,Sales,CC-SALES-02,2023-07-29,2023-07-19,2023-07-23,Ground Transport,,Black Cab,Hyderabad,,Hyderabad,HYD,32.0,KM,,592,INR,592,1.0,Concur,Team Offsite,MGR-S01,2023-08-01,APPROVED
EXP-0000693,RPT-202307-0172,EMP-1009,Sunita Gupta,Sales,CC-SALES-02,2023-07-29,2023-07-19,2023-07-23,Ground Transport,,Black Cab,,,Hyderabad,HYD,33.3,KM,,523,INR,523,1.0,Concur,Team Offsite,MGR-S01,2023-08-01,APPROVED
EXP-0000694,RPT-202307-0172,EMP-1009,Sunita Gupta,Sales,CC-SALES-02,2023-07-29,2023-07-19,2023-07-23,Ground Transport,,Metro Rail,Hyderabad,,Hyderabad,HYD,46.6,KM,,1114,INR,1114,1.0,Concur,Team Offsite,MGR-S01,2023-08-01,APPROVED
EXP-0000695,RPT-202307-0173,EMP-1017,Meera Pillai,Engineering,CC-ENG-02,2023-07-13,2023-07-04,2023-07-07,Airfare,Business,Etihad,Bangalore,BLR,Pune,PNQ,,KM,,300,INR,300,1.0,Concur,Operations Review,MGR-E01,2023-07-16,APPROVED
EXP-0000696,RPT-202307-0173,EMP-1017,Meera Pillai,Engineering,CC-ENG-02,2023-07-13,2023-07-04,2023-07-07,Hotel,,Hyatt Regency Pune,,,Pune,PNQ,,,3,18500,INR,18500,1.0,Concur,Operations Review,MGR-E01,2023-07-16,APPROVED
EXP-0000697,RPT-202307-0173,EMP-1017,Meera Pillai,Engineering,CC-ENG-02,2023-07-13,2023-07-04,2023-07-07,Ground Transport,,Local Taxi,Pune,,Pune,PNQ,44.6,KM,,1053,INR,1053,1.0,Concur,Operations Review,MGR-E01,2023-07-16,APPROVED
EXP-0000698,RPT-202307-0174,EMP-1006,Deepa Iyer,Marketing,CC-MKT-01,2023-07-29,2023-07-23,2023-07-26,Airfare,Economy,SpiceJet,Mumbai,BOM,Kolkata,CCU,,KM,,400,INR,400,1.0,Concur,Product Launch,MGR-M01,2023-07-30,APPROVED
EXP-0000699,RPT-202307-0174,EMP-1006,Deepa Iyer,Marketing,CC-MKT-01,2023-07-29,2023-07-23,2023-07-26,Hotel,,Le Meridien Kolkata,,,Kolkata,CCU,,,3,19500,INR,19500,1.0,Concur,Product Launch,MGR-M01,2023-07-30,APPROVED
EXP-0000700,RPT-202307-0174,EMP-1006,Deepa Iyer,Marketing,CC-MKT-01,2023-07-29,2023-07-23,2023-07-26,Ground Transport,,Local Taxi,Kolkata,,Kolkata,CCU,27.9,KM,,577,INR,577,1.0,Concur,Product Launch,MGR-M01,2023-07-30,APPROVED
EXP-0000701,RPT-202307-0174,EMP-1006,Deepa Iyer,Marketing,CC-MKT-01,2023-07-29,2023-07-23,2023-07-26,Ground Transport,,Black Cab,,,Kolkata,CCU,25.4,KM,,473,INR,473,1.0,Concur,Product Launch,MGR-M01,2023-07-30,APPROVED
EXP-0000702,RPT-202308-0175,EMP-1001,Rahul Sharma,Sales,CC-SALES-01,2023-08-06,2023-07-28,2023-07-31,Airfare,Economy,British Airways,Mumbai,,Chennai,MAA,,KM,,300,INR,300,1.0,Concur,Tech Conference,MGR-S01,2023-08-07,APPROVED
EXP-0000703,RPT-202308-0175,EMP-1001,Rahul Sharma,Sales,CC-SALES-01,2023-08-06,2023-07-28,2023-07-31,Hotel,,Marriott Chennai,,,Chennai,MAA,,,3,20500,INR,20500,1.0,Concur,Tech Conference,MGR-S01,2023-08-07,APPROVED
EXP-0000704,RPT-202308-0175,EMP-1001,Rahul Sharma,Sales,CC-SALES-01,2023-08-06,2023-07-28,2023-07-31,Ground Transport,,Meru Cabs,Chennai,,Chennai,MAA,12.1,KM,,185,INR,185,1.0,Concur,Tech Conference,MGR-S01,2023-08-07,APPROVED
EXP-0000705,RPT-202308-0175,EMP-1001,Rahul Sharma,Sales,CC-SALES-01,2023-08-06,2023-07-28,2023-07-31,Ground Transport,,Careem,,,Chennai,MAA,32.8,KM,,961,INR,961,1.0,Concur,Tech Conference,MGR-S01,2023-08-07,APPROVED
EXP-0000706,RPT-202308-0175,EMP-1001,Rahul Sharma,Sales,CC-SALES-01,2023-08-06,2023-07-28,2023-07-31,Ground Transport,,Black Cab,Chennai,,Chennai,MAA,20.0,KM,,416,INR,416,1.0,Concur,Tech Conference,MGR-S01,2023-08-07,APPROVED
EXP-0000707,RPT-202307-0176,EMP-1019,Pooja Desai,Operations,CC-OPS-01,2023-07-18,2023-07-14,2023-07-16,Airfare,Economy,Vistara,Chennai,MAA,Pune,PNQ,,KM,,300,INR,300,1.0,Concur,Sales Pitch,MGR-O01,2023-07-20,APPROVED
EXP-0000708,RPT-202307-0176,EMP-1019,Pooja Desai,Operations,CC-OPS-01,2023-07-18,2023-07-14,2023-07-16,Hotel,,Marriott Pune,,,Pune,PNQ,,,2,12500,INR,12500,1.0,Concur,Sales Pitch,MGR-O01,2023-07-20,APPROVED
EXP-0000709,RPT-202307-0176,EMP-1019,Pooja Desai,Operations,CC-OPS-01,2023-07-18,2023-07-14,2023-07-16,Ground Transport,,Local Taxi,Pune,,Pune,PNQ,16.0,KM,,462,INR,462,1.0,Concur,Sales Pitch,MGR-O01,2023-07-20,APPROVED
EXP-0000710,RPT-202307-0176,EMP-1019,Pooja Desai,Operations,CC-OPS-01,2023-07-18,2023-07-14,2023-07-16,Ground Transport,,Black Cab,,,Pune,PNQ,37.2,KM,,615,INR,615,1.0,Concur,Sales Pitch,MGR-O01,2023-07-20,APPROVED
EXP-0000711,RPT-202307-0176,EMP-1019,Pooja Desai,Operations,CC-OPS-01,2023-07-18,2023-07-14,2023-07-16,Ground Transport,,Uber,Pune,,Pune,PNQ,14.9,KM,,328,INR,328,1.0,Concur,Sales Pitch,MGR-O01,2023-07-20,APPROVED
EXP-0000712,RPT-202307-0177,EMP-1015,Kavita Joshi,HR,CC-HR-01,2023-07-16,2023-07-08,2023-07-14,Airfare,Business,Singapore Airlines,Delhi,DEL,Tokyo,NRT,,KM,,9500,INR,9500,1.0,Concur,Tech Conference,MGR-H01,2023-07-20,APPROVED
EXP-0000713,RPT-202307-0177,EMP-1015,Kavita Joshi,HR,CC-HR-01,2023-07-16,2023-07-08,2023-07-14,Hotel,,Sheraton Tokyo,,,Tokyo,NRT,,,6,175000,INR,175000,1.0,Concur,Tech Conference,MGR-H01,2023-07-20,APPROVED
EXP-0000714,RPT-202307-0177,EMP-1015,Kavita Joshi,HR,CC-HR-01,2023-07-16,2023-07-08,2023-07-14,Ground Transport,,Local Taxi,Tokyo,,Tokyo,NRT,17.6,KM,,424,INR,424,1.0,Concur,Tech Conference,MGR-H01,2023-07-20,APPROVED
EXP-0000715,RPT-202307-0178,EMP-1016,Dinesh Choudhary,Procurement,CC-PROC-01,2023-07-23,2023-07-16,2023-07-18,Airfare,Business,Go First,Mumbai,BOM,Bangalore,BLR,,KM,,400,INR,400,1.0,Concur,Sales Pitch,MGR-P01,2023-07-24,APPROVED
EXP-0000716,RPT-202307-0178,EMP-1016,Dinesh Choudhary,Procurement,CC-PROC-01,2023-07-23,2023-07-16,2023-07-18,Hotel,,Novotel Bangalore,,,Bangalore,BLR,,,2,10000,INR,10000,1.0,Concur,Sales Pitch,MGR-P01,2023-07-24,APPROVED
EXP-0000717,RPT-202307-0178,EMP-1016,Dinesh Choudhary,Procurement,CC-PROC-01,2023-07-23,2023-07-16,2023-07-18,Ground Transport,,Yellow Cab,Bangalore,,Bangalore,BLR,41.6,KM,,900,INR,900,1.0,Concur,Sales Pitch,MGR-P01,2023-07-24,APPROVED
EXP-0000718,RPT-202307-0179,EMP-1012,Mohit Sharma,Finance,CC-FIN-01,2023-07-08,2023-07-04,2023-07-07,Airfare,Economy,Air India,Delhi,DEL,Pune,PNQ,,KM,,300,INR,300,1.0,Concur,HR Summit,MGR-F01,2023-07-12,APPROVED
EXP-0000719,RPT-202307-0179,EMP-1012,Mohit Sharma,Finance,CC-FIN-01,2023-07-08,2023-07-04,2023-07-07,Hotel,,Taj Hotels Pune,,,Pune,PNQ,,,3,23500,INR,23500,1.0,Concur,HR Summit,MGR-F01,2023-07-12,APPROVED
EXP-0000720,RPT-202307-0179,EMP-1012,Mohit Sharma,Finance,CC-FIN-01,2023-07-08,2023-07-04,2023-07-07,Ground Transport,,Yellow Cab,Pune,,Pune,PNQ,33.7,KM,,548,INR,548,1.0,Concur,HR Summit,MGR-F01,2023-07-12,APPROVED
EXP-0000721,RPT-202307-0179,EMP-1012,Mohit Sharma,Finance,CC-FIN-01,2023-07-08,2023-07-04,2023-07-07,Ground Transport,,Yellow Cab,,,Pune,PNQ,11.3,KM,,295,INR,295,1.0,Concur,HR Summit,MGR-F01,2023-07-12,APPROVED
EXP-0000722,RPT-202307-0179,EMP-1012,Mohit Sharma,Finance,CC-FIN-01,2023-07-08,2023-07-04,2023-07-07,Ground Transport,,Rapido,Pune,,Pune,PNQ,47.1,KM,,1304,INR,1304,1.0,Concur,HR Summit,MGR-F01,2023-07-12,APPROVED
EXP-0000723,RPT-202307-0180,EMP-1015,Kavita Joshi,HR,CC-HR-01,2023-07-15,2023-07-11,2023-07-13,Airfare,Economy,Emirates,Delhi,DEL,Mumbai,BOM,,KM,,300,INR,300,1.0,Concur,Budget Review,MGR-H01,2023-07-16,APPROVED
EXP-0000724,RPT-202307-0180,EMP-1015,Kavita Joshi,HR,CC-HR-01,2023-07-15,2023-07-11,2023-07-13,Hotel,,Taj Hotels Mumbai,,,Mumbai,BOM,,,2,14500,INR,14500,1.0,Concur,Budget Review,MGR-H01,2023-07-16,APPROVED
EXP-0000725,RPT-202307-0180,EMP-1015,Kavita Joshi,HR,CC-HR-01,2023-07-15,2023-07-11,2023-07-13,Ground Transport,,Rapido,Mumbai,,Mumbai,BOM,18.2,KM,,423,INR,423,1.0,Concur,Budget Review,MGR-H01,2023-07-16,APPROVED
EXP-0000726,RPT-202307-0180,EMP-1015,Kavita Joshi,HR,CC-HR-01,2023-07-15,2023-07-11,2023-07-13,Ground Transport,,Grab,,,Mumbai,BOM,20.9,KM,,516,INR,516,1.0,Concur,Budget Review,MGR-H01,2023-07-16,APPROVED
EXP-0000727,RPT-202307-0180,EMP-1015,Kavita Joshi,HR,CC-HR-01,2023-07-15,2023-07-11,2023-07-13,Ground Transport,,Black Cab,Mumbai,,Mumbai,BOM,22.2,KM,,509,INR,509,1.0,Concur,Budget Review,MGR-H01,2023-07-16,APPROVED
EXP-0000728,RPT-202308-0181,EMP-1017,Meera Pillai,Engineering,CC-ENG-02,2023-08-01,2023-07-23,2023-07-25,Airfare,Economy,Air India,Bangalore,BLR,Mumbai,BOM,,KM,,300,INR,300,1.0,Concur,Training Program,MGR-E01,2023-08-04,APPROVED
EXP-0000729,RPT-202308-0181,EMP-1017,Meera Pillai,Engineering,CC-ENG-02,2023-08-01,2023-07-23,2023-07-25,Hotel,,Hyatt Regency Mumbai,,,Mumbai,BOM,,,2,16500,INR,16500,1.0,Concur,Training Program,MGR-E01,2023-08-04,APPROVED
EXP-0000730,RPT-202308-0181,EMP-1017,Meera Pillai,Engineering,CC-ENG-02,2023-08-01,2023-07-23,2023-07-25,Ground Transport,,Yellow Cab,Mumbai,,Mumbai,BOM,44.3,KM,,1279,INR,1279,1.0,Concur,Training Program,MGR-E01,2023-08-04,APPROVED
EXP-0000731,RPT-202308-0182,EMP-1009,Sunita Gupta,Sales,CC-SALES-02,2023-08-02,2023-07-23,2023-07-25,Airfare,Economy,British Airways,Mumbai,BOM,Bangalore,BLR,,KM,,200,INR,200,1.0,Concur,Tech Conference,MGR-S01,2023-08-04,APPROVED
EXP-0000732,RPT-202308-0182,EMP-1009,Sunita Gupta,Sales,CC-SALES-02,2023-08-02,2023-07-23,2023-07-25,Hotel,,Taj Hotels Bangalore,,,Bangalore,BLR,,,2,9000,INR,9000,1.0,Concur,Tech Conference,MGR-S01,2023-08-04,APPROVED
EXP-0000733,RPT-202308-0182,EMP-1009,Sunita Gupta,Sales,CC-SALES-02,2023-08-02,2023-07-23,2023-07-25,Ground Transport,,Metro Rail,Bangalore,,Bangalore,BLR,34.9,KM,,1036,INR,1036,1.0,Concur,Tech Conference,MGR-S01,2023-08-04,APPROVED
EXP-0000734,RPT-202307-0183,EMP-1016,Dinesh Choudhary,Procurement,CC-PROC-01,2023-07-24,2023-07-17,2023-07-23,Airfare,Business,SpiceJet,Mumbai,BOM,Sydney,SYD,,KM,,20400,INR,20400,1.0,Concur,HR Summit,MGR-P01,,PENDING
EXP-0000735,RPT-202307-0183,EMP-1016,Dinesh Choudhary,Procurement,CC-PROC-01,2023-07-24,2023-07-17,2023-07-23,Hotel,,Sheraton Sydney,,,Sydney,SYD,,,6,121500,INR,121500,1.0,Concur,HR Summit,MGR-P01,,PENDING
EXP-0000736,RPT-202307-0183,EMP-1016,Dinesh Choudhary,Procurement,CC-PROC-01,2023-07-24,2023-07-17,2023-07-23,Ground Transport,,Yellow Cab,Sydney,,Sydney,SYD,13.6,KM,,245,INR,245,1.0,Concur,HR Summit,MGR-P01,,PENDING
EXP-0000737,RPT-202307-0183,EMP-1016,Dinesh Choudhary,Procurement,CC-PROC-01,2023-07-24,2023-07-17,2023-07-23,Ground Transport,,Black Cab,,,Sydney,SYD,54.0,KM,,1422,INR,1422,1.0,Concur,HR Summit,MGR-P01,,PENDING
EXP-0000738,RPT-202307-0184,EMP-1016,Dinesh Choudhary,Procurement,CC-PROC-01,2023-07-14,2023-07-03,2023-07-10,Airfare,Business,Qatar Airways,Mumbai,BOM,London,LHR,,KM,,12100,INR,12100,1.0,Concur,Annual Planning,MGR-P01,2023-07-17,APPROVED
EXP-0000739,RPT-202307-0184,EMP-1016,Dinesh Choudhary,Procurement,CC-PROC-01,2023-07-14,2023-07-03,2023-07-10,Hotel,,Radisson London,,,London,LHR,,,7,98500,INR,98500,1.0,Concur,Annual Planning,MGR-P01,2023-07-17,APPROVED
EXP-0000740,RPT-202307-0184,EMP-1016,Dinesh Choudhary,Procurement,CC-PROC-01,2023-07-14,2023-07-03,2023-07-10,Ground Transport,,Local Taxi,London,,London,LHR,20.1,KM,,450,INR,450,1.0,Concur,Annual Planning,MGR-P01,2023-07-17,APPROVED
EXP-0000741,RPT-202307-0184,EMP-1016,Dinesh Choudhary,Procurement,CC-PROC-01,2023-07-14,2023-07-03,2023-07-10,Ground Transport,,Careem,,,London,LHR,13.6,KM,,341,INR,341,1.0,Concur,Annual Planning,MGR-P01,2023-07-17,APPROVED
EXP-0000742,RPT-202307-0184,EMP-1016,Dinesh Choudhary,Procurement,CC-PROC-01,2023-07-14,2023-07-03,2023-07-10,Ground Transport,,Careem,London,,London,LHR,46.6,KM,,1369,INR,1369,1.0,Concur,Annual Planning,MGR-P01,2023-07-17,APPROVED
EXP-0000743,RPT-202307-0185,EMP-1010,Ravi Krishnan,Operations,CC-OPS-02,2023-07-30,2023-07-27,2023-07-28,Airfare,Economy,IndiGo,Chennai,MAA,Kolkata,CCU,,KM,,400,INR,400,1.0,Concur,Audit Review,MGR-O01,2023-08-02,APPROVED
EXP-0000744,RPT-202307-0185,EMP-1010,Ravi Krishnan,Operations,CC-OPS-02,2023-07-30,2023-07-27,2023-07-28,Hotel,,Marriott Kolkata,,,Kolkata,CCU,,,1,7000,INR,7000,1.0,Concur,Audit Review,MGR-O01,2023-08-02,APPROVED
EXP-0000745,RPT-202307-0185,EMP-1010,Ravi Krishnan,Operations,CC-OPS-02,2023-07-30,2023-07-27,2023-07-28,Ground Transport,,Rapido,Kolkata,,Kolkata,CCU,14.7,KM,,431,INR,431,1.0,Concur,Audit Review,MGR-O01,2023-08-02,APPROVED
EXP-0000746,RPT-202307-0185,EMP-1010,Ravi Krishnan,Operations,CC-OPS-02,2023-07-30,2023-07-27,2023-07-28,Ground Transport,,Yellow Cab,,,Kolkata,CCU,38.3,KM,,1136,INR,1136,1.0,Concur,Audit Review,MGR-O01,2023-08-02,APPROVED
EXP-0000747,RPT-202307-0186,EMP-1003,Amit Patel,Finance,CC-FIN-01,2023-07-24,2023-07-18,2023-07-21,Airfare,Economy,Go First,Delhi,DEL,Ahmedabad,AMD,,KM,,200,INR,200,1.0,Concur,Vendor Meeting,MGR-F01,2023-07-25,APPROVED
EXP-0000748,RPT-202307-0186,EMP-1003,Amit Patel,Finance,CC-FIN-01,2023-07-24,2023-07-18,2023-07-21,Hotel,,Novotel Ahmedabad,,,Ahmedabad,AMD,,,3,16000,INR,16000,1.0,Concur,Vendor Meeting,MGR-F01,2023-07-25,APPROVED
EXP-0000749,RPT-202307-0186,EMP-1003,Amit Patel,Finance,CC-FIN-01,2023-07-24,2023-07-18,2023-07-21,Ground Transport,,Grab,Ahmedabad,,Ahmedabad,AMD,17.6,KM,,498,INR,498,1.0,Concur,Vendor Meeting,MGR-F01,2023-07-25,APPROVED
EXP-0000750,RPT-202307-0186,EMP-1003,Amit Patel,Finance,CC-FIN-01,2023-07-24,2023-07-18,2023-07-21,Ground Transport,,Rapido,,,Ahmedabad,AMD,25.5,KM,,413,INR,413,1.0,Concur,Vendor Meeting,MGR-F01,2023-07-25,APPROVED
EXP-0000751,RPT-202307-0187,EMP-1004,Sneha Reddy,HR,CC-HR-01,2023-07-16,2023-07-07,2023-07-08,Airfare,Business,IndiGo,Delhi,DEL,Bangalore,BLR,,KM,,900,INR,900,1.0,Concur,Partner Integration,MGR-H01,2023-07-17,APPROVED
EXP-0000752,RPT-202307-0187,EMP-1004,Sneha Reddy,HR,CC-HR-01,2023-07-16,2023-07-07,2023-07-08,Hotel,,Westin Bangalore,,,Bangalore,BLR,,,1,5000,INR,5000,1.0,Concur,Partner Integration,MGR-H01,2023-07-17,APPROVED
EXP-0000753,RPT-202307-0187,EMP-1004,Sneha Reddy,HR,CC-HR-01,2023-07-16,2023-07-07,2023-07-08,Ground Transport,,Yellow Cab,Bangalore,,Bangalore,BLR,32.9,KM,,750,INR,750,1.0,Concur,Partner Integration,MGR-H01,2023-07-17,APPROVED
EXP-0000754,RPT-202307-0187,EMP-1004,Sneha Reddy,HR,CC-HR-01,2023-07-16,2023-07-07,2023-07-08,Ground Transport,,Meru Cabs,,,Bangalore,BLR,13.4,KM,,241,INR,241,1.0,Concur,Partner Integration,MGR-H01,2023-07-17,APPROVED
EXP-0000755,RPT-202307-0188,EMP-1014,Suresh Babu,Sales,CC-SALES-03,2023-07-13,2023-07-09,2023-07-12,Airfare,Economy,Singapore Airlines,Mumbai,BOM,Hyderabad,HYD,,KM,,200,INR,200,1.0,Concur,Legal Negotiation,MGR-S02,2023-07-15,APPROVED
EXP-0000756,RPT-202307-0188,EMP-1014,Suresh Babu,Sales,CC-SALES-03,2023-07-13,2023-07-09,2023-07-12,Hotel,,Radisson Blu Hyderabad,,,Hyderabad,HYD,,,3,26000,INR,26000,1.0,Concur,Legal Negotiation,MGR-S02,2023-07-15,APPROVED
EXP-0000757,RPT-202307-0188,EMP-1014,Suresh Babu,Sales,CC-SALES-03,2023-07-13,2023-07-09,2023-07-12,Ground Transport,,Careem,Hyderabad,,Hyderabad,HYD,30.2,KM,,591,INR,591,1.0,Concur,Legal Negotiation,MGR-S02,2023-07-15,APPROVED
EXP-0000758,RPT-202307-0188,EMP-1014,Suresh Babu,Sales,CC-SALES-03,2023-07-13,2023-07-09,2023-07-12,Ground Transport,,Uber,,,Hyderabad,HYD,46.8,KM,,773,INR,773,1.0,Concur,Legal Negotiation,MGR-S02,2023-07-15,APPROVED
EXP-0000759,RPT-202307-0188,EMP-1014,Suresh Babu,Sales,CC-SALES-03,2023-07-13,2023-07-09,2023-07-12,Ground Transport,,Metro Rail,Hyderabad,,Hyderabad,HYD,50.6,KM,,1064,INR,1064,1.0,Concur,Legal Negotiation,MGR-S02,2023-07-15,APPROVED
EXP-0000760,RPT-202307-0189,EMP-1017,Meera Pillai,Engineering,CC-ENG-02,2023-07-31,2023-07-22,2023-07-26,Airfare,Business,Air India,Bangalore,BLR,Mumbai,BOM,,KM,,400,INR,400,1.0,Concur,Client Meeting,MGR-E01,2023-08-03,APPROVED
EXP-0000761,RPT-202307-0189,EMP-1017,Meera Pillai,Engineering,CC-ENG-02,2023-07-31,2023-07-22,2023-07-26,Hotel,,Hyatt Regency Mumbai,,,Mumbai,BOM,,,4,25500,INR,25500,1.0,Concur,Client Meeting,MGR-E01,2023-08-03,APPROVED
EXP-0000762,RPT-202307-0189,EMP-1017,Meera Pillai,Engineering,CC-ENG-02,2023-07-31,2023-07-22,2023-07-26,Ground Transport,,Uber,Mumbai,,Mumbai,BOM,51.8,KM,,1428,INR,1428,1.0,Concur,Client Meeting,MGR-E01,2023-08-03,APPROVED
EXP-0000763,RPT-202308-0190,EMP-1002,Priya Menon,Engineering,CC-ENG-01,2023-08-07,2023-07-25,2023-07-31,Airfare,Business,Qatar Airways,Bangalore,BLR,Paris,CDG,,KM,,16100,INR,16100,1.0,Concur,Team Offsite,MGR-E01,,PENDING
EXP-0000764,RPT-202308-0190,EMP-1002,Priya Menon,Engineering,CC-ENG-01,2023-08-07,2023-07-25,2023-07-31,Hotel,,Marriott Paris,,,Paris,CDG,,,6,209500,INR,209500,1.0,Concur,Team Offsite,MGR-E01,,PENDING
EXP-0000765,RPT-202308-0190,EMP-1002,Priya Menon,Engineering,CC-ENG-01,2023-08-07,2023-07-25,2023-07-31,Ground Transport,,Rapido,Paris,,Paris,CDG,36.1,KM,,836,INR,836,1.0,Concur,Team Offsite,MGR-E01,,PENDING
EXP-0000766,RPT-202308-0190,EMP-1002,Priya Menon,Engineering,CC-ENG-01,2023-08-07,2023-07-25,2023-07-31,Ground Transport,,Careem,,,Paris,CDG,16.3,KM,,330,INR,330,1.0,Concur,Team Offsite,MGR-E01,,PENDING
EXP-0000767,RPT-202308-0190,EMP-1002,Priya Menon,Engineering,CC-ENG-01,2023-08-07,2023-07-25,2023-07-31,Ground Transport,,Ola,Paris,,Paris,CDG,34.6,KM,,1001,INR,1001,1.0,Concur,Team Offsite,MGR-E01,,PENDING
EXP-0000768,RPT-202307-0191,EMP-1015,Kavita Joshi,HR,CC-HR-01,2023-07-17,2023-07-12,2023-07-15,Airfare,Business,Vistara,Delhi,DEL,Pune,PNQ,,KM,,600,INR,600,1.0,Concur,Vendor Meeting,MGR-H01,2023-07-20,APPROVED
EXP-0000769,RPT-202307-0191,EMP-1015,Kavita Joshi,HR,CC-HR-01,2023-07-17,2023-07-12,2023-07-15,Hotel,,Taj Hotels Pune,,,Pune,PNQ,,,3,15500,INR,15500,1.0,Concur,Vendor Meeting,MGR-H01,2023-07-20,APPROVED
EXP-0000770,RPT-202307-0191,EMP-1015,Kavita Joshi,HR,CC-HR-01,2023-07-17,2023-07-12,2023-07-15,Ground Transport,,Local Taxi,Pune,,Pune,PNQ,21.2,KM,,521,INR,521,1.0,Concur,Vendor Meeting,MGR-H01,2023-07-20,APPROVED
EXP-0000771,RPT-202307-0191,EMP-1015,Kavita Joshi,HR,CC-HR-01,2023-07-17,2023-07-12,2023-07-15,Ground Transport,,Uber,,,Pune,PNQ,21.3,KM,,352,INR,352,1.0,Concur,Vendor Meeting,MGR-H01,2023-07-20,APPROVED
EXP-0000772,RPT-202307-0191,EMP-1015,Kavita Joshi,HR,CC-HR-01,2023-07-17,2023-07-12,2023-07-15,Ground Transport,,Uber,Pune,,Pune,PNQ,52.8,KM,,1076,INR,1076,1.0,Concur,Vendor Meeting,MGR-H01,2023-07-20,APPROVED
EXP-0000773,RPT-202307-0192,EMP-1019,Pooja Desai,Operations,CC-OPS-01,2023-07-29,2023-07-19,2023-07-21,Airfare,Business,Qatar Airways,Chennai,MAA,Bangalore,BLR,,KM,,100,INR,100,1.0,Concur,Partner Integration,MGR-O01,2023-08-01,APPROVED
EXP-0000774,RPT-202307-0192,EMP-1019,Pooja Desai,Operations,CC-OPS-01,2023-07-29,2023-07-19,2023-07-21,Hotel,,Taj Hotels Bangalore,,,Bangalore,BLR,,,2,15000,INR,15000,1.0,Concur,Partner Integration,MGR-O01,2023-08-01,APPROVED
EXP-0000775,RPT-202307-0192,EMP-1019,Pooja Desai,Operations,CC-OPS-01,2023-07-29,2023-07-19,2023-07-21,Ground Transport,,Ola,Bangalore,,Bangalore,BLR,51.0,KM,,1521,INR,1521,1.0,Concur,Partner Integration,MGR-O01,2023-08-01,APPROVED
EXP-0000776,RPT-202307-0192,EMP-1019,Pooja Desai,Operations,CC-OPS-01,2023-07-29,2023-07-19,2023-07-21,Ground Transport,,Yellow Cab,,,Bangalore,BLR,25.4,KM,,495,INR,495,1.0,Concur,Partner Integration,MGR-O01,2023-08-01,APPROVED
EXP-0000777,RPT-202307-0192,EMP-1019,Pooja Desai,Operations,CC-OPS-01,2023-07-29,2023-07-19,2023-07-21,Ground Transport,,Rapido,Bangalore,,Bangalore,BLR,45.4,KM,,1165,INR,1165,1.0,Concur,Partner Integration,MGR-O01,2023-08-01,APPROVED
EXP-0000778,RPT-202308-0193,EMP-1005,Vikram Nair,Operations,CC-OPS-01,2023-08-22,2023-08-14,2023-08-17,Airfare,Economy,Qatar Airways,Chennai,MAA,Paris,CDG,,KM,,8300,INR,8300,1.0,Concur,Tech Conference,MGR-O01,2023-08-25,APPROVED
EXP-0000779,RPT-202308-0193,EMP-1005,Vikram Nair,Operations,CC-OPS-01,2023-08-22,2023-08-14,2023-08-17,Hotel,,Sofitel Paris,,,Paris,CDG,,,3,103500,INR,103500,1.0,Concur,Tech Conference,MGR-O01,2023-08-25,APPROVED
EXP-0000780,RPT-202308-0193,EMP-1005,Vikram Nair,Operations,CC-OPS-01,2023-08-22,2023-08-14,2023-08-17,Ground Transport,,Yellow Cab,Paris,,Paris,CDG,41.5,KM,,793,INR,793,1.0,Concur,Tech Conference,MGR-O01,2023-08-25,APPROVED
EXP-0000781,RPT-202308-0194,EMP-1007,Kiran Rao,Legal,CC-LEGAL-01,2023-08-20,2023-08-11,2023-08-15,Airfare,Economy,British Airways,Delhi,DEL,Hyderabad,HYD,,KM,,300,INR,300,1.0,Concur,Partner Integration,MGR-L01,2023-08-21,APPROVED
EXP-0000782,RPT-202308-0194,EMP-1007,Kiran Rao,Legal,CC-LEGAL-01,2023-08-20,2023-08-11,2023-08-15,Hotel,,Le Meridien Hyderabad,,,Hyderabad,HYD,,,4,21000,INR,21000,1.0,Concur,Partner Integration,MGR-L01,2023-08-21,APPROVED
EXP-0000783,RPT-202308-0194,EMP-1007,Kiran Rao,Legal,CC-LEGAL-01,2023-08-20,2023-08-11,2023-08-15,Ground Transport,,Meru Cabs,Hyderabad,,Hyderabad,HYD,49.5,KM,,844,INR,844,1.0,Concur,Partner Integration,MGR-L01,2023-08-21,APPROVED
EXP-0000784,RPT-202308-0194,EMP-1007,Kiran Rao,Legal,CC-LEGAL-01,2023-08-20,2023-08-11,2023-08-15,Ground Transport,,Metro Rail,,,Hyderabad,HYD,17.0,KM,,403,INR,403,1.0,Concur,Partner Integration,MGR-L01,2023-08-21,APPROVED
EXP-0000785,RPT-202308-0195,EMP-1010,Ravi Krishnan,Operations,CC-OPS-02,2023-08-13,2023-08-08,2023-08-11,Airfare,Economy,Etihad,Chennai,MAA,Hyderabad,HYD,,KM,,100,INR,100,1.0,Concur,Budget Review,MGR-O01,2023-08-17,APPROVED
EXP-0000786,RPT-202308-0195,EMP-1010,Ravi Krishnan,Operations,CC-OPS-02,2023-08-13,2023-08-08,2023-08-11,Hotel,,Hilton Hyderabad,,,Hyderabad,HYD,,,3,24500,INR,24500,1.0,Concur,Budget Review,MGR-O01,2023-08-17,APPROVED
EXP-0000787,RPT-202308-0195,EMP-1010,Ravi Krishnan,Operations,CC-OPS-02,2023-08-13,2023-08-08,2023-08-11,Ground Transport,,Ola,Hyderabad,,Hyderabad,HYD,16.2,KM,,401,INR,401,1.0,Concur,Budget Review,MGR-O01,2023-08-17,APPROVED
EXP-0000788,RPT-202308-0195,EMP-1010,Ravi Krishnan,Operations,CC-OPS-02,2023-08-13,2023-08-08,2023-08-11,Ground Transport,,Grab,,,Hyderabad,HYD,12.0,KM,,218,INR,218,1.0,Concur,Budget Review,MGR-O01,2023-08-17,APPROVED
EXP-0000789,RPT-202308-0195,EMP-1010,Ravi Krishnan,Operations,CC-OPS-02,2023-08-13,2023-08-08,2023-08-11,Ground Transport,,Careem,Hyderabad,,Hyderabad,HYD,26.7,KM,,746,INR,746,1.0,Concur,Budget Review,MGR-O01,2023-08-17,APPROVED
EXP-0000790,RPT-202309-0196,EMP-1020,Sameer Khan,Legal,CC-LEGAL-01,2023-09-02,2023-08-25,2023-08-28,Airfare,Economy,Etihad,Delhi,,Ahmedabad,AMD,,KM,,200,INR,200,1.0,Concur,Budget Review,MGR-L01,,PENDING
EXP-0000791,RPT-202309-0196,EMP-1020,Sameer Khan,Legal,CC-LEGAL-01,2023-09-02,2023-08-25,2023-08-28,Hotel,,Taj Hotels Ahmedabad,,,Ahmedabad,AMD,,,3,16000,INR,16000,1.0,Concur,Budget Review,MGR-L01,,PENDING
EXP-0000792,RPT-202309-0196,EMP-1020,Sameer Khan,Legal,CC-LEGAL-01,2023-09-02,2023-08-25,2023-08-28,Ground Transport,,Uber,Ahmedabad,,Ahmedabad,AMD,28.0,KM,,459,INR,459,1.0,Concur,Budget Review,MGR-L01,,PENDING
EXP-0000793,RPT-202309-0197,EMP-1019,Pooja Desai,Operations,CC-OPS-01,2023-09-01,2023-08-22,2023-08-29,Airfare,Economy,British Airways,Chennai,MAA,Bangkok,BKK,,KM,,1700,INR,1700,1.0,Concur,Training Program,MGR-O01,2023-09-03,APPROVED
EXP-0000794,RPT-202309-0197,EMP-1019,Pooja Desai,Operations,CC-OPS-01,2023-09-01,2023-08-22,2023-08-29,Hotel,,Sofitel Bangkok,,,Bangkok,BKK,,,7,238500,INR,238500,1.0,Concur,Training Program,MGR-O01,2023-09-03,APPROVED
EXP-0000795,RPT-202309-0197,EMP-1019,Pooja Desai,Operations,CC-OPS-01,2023-09-01,2023-08-22,2023-08-29,Ground Transport,,Uber,Bangkok,,Bangkok,BKK,54.5,KM,,1074,INR,1074,1.0,Concur,Training Program,MGR-O01,2023-09-03,APPROVED
EXP-0000796,RPT-202308-0198,EMP-1003,Amit Patel,Finance,CC-FIN-01,2023-08-22,2023-08-11,2023-08-15,Airfare,Economy,Go First,Delhi,DEL,Hyderabad,HYD,,KM,,300,INR,300,1.0,Concur,Legal Negotiation,MGR-F01,2023-08-23,APPROVED
EXP-0000797,RPT-202308-0198,EMP-1003,Amit Patel,Finance,CC-FIN-01,2023-08-22,2023-08-11,2023-08-15,Hotel,,Hilton Hyderabad,,,Hyderabad,HYD,,,4,27500,INR,27500,1.0,Concur,Legal Negotiation,MGR-F01,2023-08-23,APPROVED
EXP-0000798,RPT-202308-0198,EMP-1003,Amit Patel,Finance,CC-FIN-01,2023-08-22,2023-08-11,2023-08-15,Ground Transport,,Meru Cabs,Hyderabad,,Hyderabad,HYD,41.1,KM,,877,INR,877,1.0,Concur,Legal Negotiation,MGR-F01,2023-08-23,APPROVED
EXP-0000799,RPT-202308-0198,EMP-1003,Amit Patel,Finance,CC-FIN-01,2023-08-22,2023-08-11,2023-08-15,Ground Transport,,Black Cab,,,Hyderabad,HYD,34.0,KM,,670,INR,670,1.0,Concur,Legal Negotiation,MGR-F01,2023-08-23,APPROVED
EXP-0000800,RPT-202308-0198,EMP-1003,Amit Patel,Finance,CC-FIN-01,2023-08-22,2023-08-11,2023-08-15,Ground Transport,,Metro Rail,Hyderabad,,Hyderabad,HYD,36.1,KM,,720,INR,720,1.0,Concur,Legal Negotiation,MGR-F01,2023-08-23,APPROVED
EXP-0000801,RPT-202308-0199,EMP-1005,Vikram Nair,Operations,CC-OPS-01,2023-08-11,2023-08-01,2023-08-03,Airfare,Economy,SpiceJet,Chennai,MAA,Bangalore,BLR,,KM,,100,INR,100,1.0,Concur,Budget Review,MGR-O01,2023-08-13,APPROVED
EXP-0000802,RPT-202308-0199,EMP-1005,Vikram Nair,Operations,CC-OPS-01,2023-08-11,2023-08-01,2023-08-03,Hotel,,Novotel Bangalore,,,Bangalore,BLR,,,2,15500,INR,15500,1.0,Concur,Budget Review,MGR-O01,2023-08-13,APPROVED
EXP-0000803,RPT-202308-0199,EMP-1005,Vikram Nair,Operations,CC-OPS-01,2023-08-11,2023-08-01,2023-08-03,Ground Transport,,Grab,Bangalore,,Bangalore,BLR,49.6,KM,,1398,INR,1398,1.0,Concur,Budget Review,MGR-O01,2023-08-13,APPROVED
EXP-0000804,RPT-202308-0199,EMP-1005,Vikram Nair,Operations,CC-OPS-01,2023-08-11,2023-08-01,2023-08-03,Ground Transport,,Uber,,,Bangalore,BLR,27.0,KM,,702,INR,702,1.0,Concur,Budget Review,MGR-O01,2023-08-13,APPROVED
EXP-0000805,RPT-202308-0199,EMP-1005,Vikram Nair,Operations,CC-OPS-01,2023-08-11,2023-08-01,2023-08-03,Ground Transport,,Uber,Bangalore,,Bangalore,BLR,32.3,KM,,911,INR,911,1.0,Concur,Budget Review,MGR-O01,2023-08-13,APPROVED
EXP-0000806,RPT-202308-0200,EMP-1004,Sneha Reddy,HR,CC-HR-01,2023-08-22,2023-08-16,2023-08-18,Airfare,Economy,Qatar Airways,Delhi,DEL,New York,JFK,,KM,,11900,INR,11900,1.0,Concur,Client Meeting,MGR-H01,,PENDING
EXP-0000807,RPT-202308-0200,EMP-1004,Sneha Reddy,HR,CC-HR-01,2023-08-22,2023-08-16,2023-08-18,Hotel,,Ritz Carlton New York,,,New York,JFK,,,2,26500,INR,26500,1.0,Concur,Client Meeting,MGR-H01,,PENDING
EXP-0000808,RPT-202308-0200,EMP-1004,Sneha Reddy,HR,CC-HR-01,2023-08-22,2023-08-16,2023-08-18,Ground Transport,,Ola,New York,,New York,JFK,31.5,KM,,552,INR,552,1.0,Concur,Client Meeting,MGR-H01,,PENDING
EXP-0000809,RPT-202308-0201,EMP-1003,Amit Patel,Finance,CC-FIN-01,2023-08-28,2023-08-19,2023-08-20,Airfare,Economy,Vistara,Delhi,DEL,Kolkata,CCU,,KM,,400,INR,400,1.0,Concur,Training Program,MGR-F01,2023-08-29,APPROVED
EXP-0000810,RPT-202308-0201,EMP-1003,Amit Patel,Finance,CC-FIN-01,2023-08-28,2023-08-19,2023-08-20,Hotel,,ITC Hotels Kolkata,,,Kolkata,CCU,,,1,6000,INR,6000,1.0,Concur,Training Program,MGR-F01,2023-08-29,APPROVED
EXP-0000811,RPT-202308-0201,EMP-1003,Amit Patel,Finance,CC-FIN-01,2023-08-28,2023-08-19,2023-08-20,Ground Transport,,Meru Cabs,Kolkata,,Kolkata,CCU,33.0,KM,,666,INR,666,1.0,Concur,Training Program,MGR-F01,2023-08-29,APPROVED
EXP-0000812,RPT-202309-0202,EMP-1006,Deepa Iyer,Marketing,CC-MKT-01,2023-09-01,2023-08-25,2023-08-28,Airfare,Economy,Emirates,Mumbai,BOM,Delhi,DEL,,KM,,300,INR,300,1.0,Concur,Team Offsite,MGR-M01,2023-09-02,APPROVED
EXP-0000813,RPT-202309-0202,EMP-1006,Deepa Iyer,Marketing,CC-MKT-01,2023-09-01,2023-08-25,2023-08-28,Hotel,,Novotel Delhi,,,Delhi,DEL,,,3,17000,INR,17000,1.0,Concur,Team Offsite,MGR-M01,2023-09-02,APPROVED
EXP-0000814,RPT-202309-0202,EMP-1006,Deepa Iyer,Marketing,CC-MKT-01,2023-09-01,2023-08-25,2023-08-28,Ground Transport,,Yellow Cab,Delhi,,Delhi,DEL,16.9,KM,,256,INR,256,1.0,Concur,Team Offsite,MGR-M01,2023-09-02,APPROVED
EXP-0000815,RPT-202309-0202,EMP-1006,Deepa Iyer,Marketing,CC-MKT-01,2023-09-01,2023-08-25,2023-08-28,Ground Transport,,Rapido,,,Delhi,DEL,10.5,KM,,235,INR,235,1.0,Concur,Team Offsite,MGR-M01,2023-09-02,APPROVED
EXP-0000816,RPT-202308-0203,EMP-1006,Deepa Iyer,Marketing,CC-MKT-01,2023-08-11,2023-08-04,2023-08-06,Airfare,Economy,SpiceJet,Mumbai,BOM,Bangalore,BLR,,KM,,200,INR,200,1.0,Concur,HR Summit,MGR-M01,2023-08-14,APPROVED
EXP-0000817,RPT-202308-0203,EMP-1006,Deepa Iyer,Marketing,CC-MKT-01,2023-08-11,2023-08-04,2023-08-06,Hotel,,JW Marriott Bangalore,,,Bangalore,BLR,,,2,14500,INR,14500,1.0,Concur,HR Summit,MGR-M01,2023-08-14,APPROVED
EXP-0000818,RPT-202308-0203,EMP-1006,Deepa Iyer,Marketing,CC-MKT-01,2023-08-11,2023-08-04,2023-08-06,Ground Transport,,Ola,Bangalore,,Bangalore,BLR,32.4,KM,,727,INR,727,1.0,Concur,HR Summit,MGR-M01,2023-08-14,APPROVED
EXP-0000819,RPT-202308-0203,EMP-1006,Deepa Iyer,Marketing,CC-MKT-01,2023-08-11,2023-08-04,2023-08-06,Ground Transport,,Grab,,,Bangalore,BLR,51.7,KM,,1097,INR,1097,1.0,Concur,HR Summit,MGR-M01,2023-08-14,APPROVED
EXP-0000820,RPT-202308-0204,EMP-1007,Kiran Rao,Legal,CC-LEGAL-01,2023-08-28,2023-08-24,2023-08-27,Airfare,Economy,British Airways,Delhi,,Mumbai,BOM,,KM,,300,INR,300,1.0,Concur,HR Summit,MGR-L01,,PENDING
EXP-0000821,RPT-202308-0204,EMP-1007,Kiran Rao,Legal,CC-LEGAL-01,2023-08-28,2023-08-24,2023-08-27,Hotel,,Hyatt Regency Mumbai,,,Mumbai,BOM,,,3,24000,INR,24000,1.0,Concur,HR Summit,MGR-L01,,PENDING
EXP-0000822,RPT-202308-0204,EMP-1007,Kiran Rao,Legal,CC-LEGAL-01,2023-08-28,2023-08-24,2023-08-27,Ground Transport,,Metro Rail,Mumbai,,Mumbai,BOM,11.0,KM,,247,INR,247,1.0,Concur,HR Summit,MGR-L01,,PENDING
EXP-0000823,RPT-202308-0204,EMP-1007,Kiran Rao,Legal,CC-LEGAL-01,2023-08-28,2023-08-24,2023-08-27,Ground Transport,,Meru Cabs,,,Mumbai,BOM,19.2,KM,,504,INR,504,1.0,Concur,HR Summit,MGR-L01,,PENDING
EXP-0000824,RPT-202308-0205,EMP-1015,Kavita Joshi,HR,CC-HR-01,2023-08-07,2023-08-02,2023-08-04,Airfare,Economy,British Airways,Delhi,DEL,Mumbai,BOM,,KM,,300,INR,300,1.0,Concur,Audit Review,MGR-H01,2023-08-10,APPROVED
EXP-0000825,RPT-202308-0205,EMP-1015,Kavita Joshi,HR,CC-HR-01,2023-08-07,2023-08-02,2023-08-04,Hotel,,Novotel Mumbai,,,Mumbai,BOM,,,2,17500,INR,17500,1.0,Concur,Audit Review,MGR-H01,2023-08-10,APPROVED
EXP-0000826,RPT-202308-0205,EMP-1015,Kavita Joshi,HR,CC-HR-01,2023-08-07,2023-08-02,2023-08-04,Ground Transport,,Ola,Mumbai,,Mumbai,BOM,49.9,KM,,1207,INR,1207,1.0,Concur,Audit Review,MGR-H01,2023-08-10,APPROVED
EXP-0000827,RPT-202308-0205,EMP-1015,Kavita Joshi,HR,CC-HR-01,2023-08-07,2023-08-02,2023-08-04,Ground Transport,,Ola,,,Mumbai,BOM,35.2,KM,,984,INR,984,1.0,Concur,Audit Review,MGR-H01,2023-08-10,APPROVED
EXP-0000828,RPT-202308-0205,EMP-1015,Kavita Joshi,HR,CC-HR-01,2023-08-07,2023-08-02,2023-08-04,Ground Transport,,Careem,Mumbai,,Mumbai,BOM,48.3,KM,,800,INR,800,1.0,Concur,Audit Review,MGR-H01,2023-08-10,APPROVED
EXP-0000829,RPT-202308-0206,EMP-1019,Pooja Desai,Operations,CC-OPS-01,2023-08-11,2023-08-06,2023-08-10,Airfare,Economy,SpiceJet,Chennai,MAA,Kolkata,CCU,,KM,,400,INR,400,1.0,Concur,HR Summit,MGR-O01,2023-08-15,APPROVED
EXP-0000830,RPT-202308-0206,EMP-1019,Pooja Desai,Operations,CC-OPS-01,2023-08-11,2023-08-06,2023-08-10,Hotel,,Radisson Blu Kolkata,,,Kolkata,CCU,,,4,30500,INR,30500,1.0,Concur,HR Summit,MGR-O01,2023-08-15,APPROVED
EXP-0000831,RPT-202308-0206,EMP-1019,Pooja Desai,Operations,CC-OPS-01,2023-08-11,2023-08-06,2023-08-10,Ground Transport,,Black Cab,Kolkata,,Kolkata,CCU,30.8,KM,,545,INR,545,1.0,Concur,HR Summit,MGR-O01,2023-08-15,APPROVED
EXP-0000832,RPT-202308-0206,EMP-1019,Pooja Desai,Operations,CC-OPS-01,2023-08-11,2023-08-06,2023-08-10,Ground Transport,,Metro Rail,,,Kolkata,CCU,49.0,KM,,1399,INR,1399,1.0,Concur,HR Summit,MGR-O01,2023-08-15,APPROVED
EXP-0000833,RPT-202308-0207,EMP-1010,Ravi Krishnan,Operations,CC-OPS-02,2023-08-21,2023-08-11,2023-08-15,Airfare,Economy,IndiGo,Chennai,,Mumbai,BOM,,KM,,300,INR,300,1.0,Concur,Training Program,MGR-O01,,PENDING
EXP-0000834,RPT-202308-0207,EMP-1010,Ravi Krishnan,Operations,CC-OPS-02,2023-08-21,2023-08-11,2023-08-15,Hotel,,Westin Mumbai,,,Mumbai,BOM,,,4,24500,INR,24500,1.0,Concur,Training Program,MGR-O01,,PENDING
EXP-0000835,RPT-202308-0207,EMP-1010,Ravi Krishnan,Operations,CC-OPS-02,2023-08-21,2023-08-11,2023-08-15,Ground Transport,,Grab,Mumbai,,Mumbai,BOM,38.7,KM,,686,INR,686,1.0,Concur,Training Program,MGR-O01,,PENDING
EXP-0000836,RPT-202308-0207,EMP-1010,Ravi Krishnan,Operations,CC-OPS-02,2023-08-21,2023-08-11,2023-08-15,Ground Transport,,Careem,,,Mumbai,BOM,22.4,KM,,669,INR,669,1.0,Concur,Training Program,MGR-O01,,PENDING
EXP-0000837,RPT-202309-0208,EMP-1016,Dinesh Choudhary,Procurement,CC-PROC-01,2023-09-03,2023-08-27,2023-08-28,Airfare,Economy,SpiceJet,Mumbai,,Kolkata,CCU,,KM,,500,INR,500,1.0,Concur,HR Summit,MGR-P01,2023-09-07,APPROVED
EXP-0000838,RPT-202309-0208,EMP-1016,Dinesh Choudhary,Procurement,CC-PROC-01,2023-09-03,2023-08-27,2023-08-28,Hotel,,JW Marriott Kolkata,,,Kolkata,CCU,,,1,7500,INR,7500,1.0,Concur,HR Summit,MGR-P01,2023-09-07,APPROVED
EXP-0000839,RPT-202309-0208,EMP-1016,Dinesh Choudhary,Procurement,CC-PROC-01,2023-09-03,2023-08-27,2023-08-28,Ground Transport,,Uber,Kolkata,,Kolkata,CCU,24.6,KM,,644,INR,644,1.0,Concur,HR Summit,MGR-P01,2023-09-07,APPROVED
EXP-0000840,RPT-202308-0209,EMP-1005,Vikram Nair,Operations,CC-OPS-01,2023-08-15,2023-08-03,2023-08-07,Airfare,Economy,IndiGo,Chennai,MAA,Bangalore,BLR,,KM,,100,INR,100,1.0,Concur,Vendor Meeting,MGR-O01,2023-08-17,APPROVED
EXP-0000841,RPT-202308-0209,EMP-1005,Vikram Nair,Operations,CC-OPS-01,2023-08-15,2023-08-03,2023-08-07,Hotel,,Novotel Bangalore,,,Bangalore,BLR,,,4,22500,INR,22500,1.0,Concur,Vendor Meeting,MGR-O01,2023-08-17,APPROVED
EXP-0000842,RPT-202308-0209,EMP-1005,Vikram Nair,Operations,CC-OPS-01,2023-08-15,2023-08-03,2023-08-07,Ground Transport,,Metro Rail,Bangalore,,Bangalore,BLR,13.2,KM,,392,INR,392,1.0,Concur,Vendor Meeting,MGR-O01,2023-08-17,APPROVED
EXP-0000843,RPT-202308-0209,EMP-1005,Vikram Nair,Operations,CC-OPS-01,2023-08-15,2023-08-03,2023-08-07,Ground Transport,,Careem,,,Bangalore,BLR,37.1,KM,,1089,INR,1089,1.0,Concur,Vendor Meeting,MGR-O01,2023-08-17,APPROVED
EXP-0000844,RPT-202308-0210,EMP-1007,Kiran Rao,Legal,CC-LEGAL-01,2023-08-23,2023-08-14,2023-08-18,Airfare,Business,British Airways,Delhi,DEL,London,LHR,,KM,,12100,INR,12100,1.0,Concur,Tech Conference,MGR-L01,2023-08-26,APPROVED
EXP-0000845,RPT-202308-0210,EMP-1007,Kiran Rao,Legal,CC-LEGAL-01,2023-08-23,2023-08-14,2023-08-18,Hotel,,Sheraton London,,,London,LHR,,,4,65500,INR,65500,1.0,Concur,Tech Conference,MGR-L01,2023-08-26,APPROVED
EXP-0000846,RPT-202308-0210,EMP-1007,Kiran Rao,Legal,CC-LEGAL-01,2023-08-23,2023-08-14,2023-08-18,Ground Transport,,Local Taxi,London,,London,LHR,24.2,KM,,481,INR,481,1.0,Concur,Tech Conference,MGR-L01,2023-08-26,APPROVED
EXP-0000847,RPT-202308-0210,EMP-1007,Kiran Rao,Legal,CC-LEGAL-01,2023-08-23,2023-08-14,2023-08-18,Ground Transport,,Metro Rail,,,London,LHR,53.3,KM,,889,INR,889,1.0,Concur,Tech Conference,MGR-L01,2023-08-26,APPROVED
EXP-0000848,RPT-202308-0211,EMP-1007,Kiran Rao,Legal,CC-LEGAL-01,2023-08-23,2023-08-19,2023-08-20,Airfare,Economy,Lufthansa,Delhi,DEL,Kolkata,CCU,,KM,,300,INR,300,1.0,Concur,Vendor Meeting,MGR-L01,2023-08-27,APPROVED
EXP-0000849,RPT-202308-0211,EMP-1007,Kiran Rao,Legal,CC-LEGAL-01,2023-08-23,2023-08-19,2023-08-20,Hotel,,ITC Hotels Kolkata,,,Kolkata,CCU,,,1,8000,INR,8000,1.0,Concur,Vendor Meeting,MGR-L01,2023-08-27,APPROVED
EXP-0000850,RPT-202308-0211,EMP-1007,Kiran Rao,Legal,CC-LEGAL-01,2023-08-23,2023-08-19,2023-08-20,Ground Transport,,Meru Cabs,Kolkata,,Kolkata,CCU,41.1,KM,,696,INR,696,1.0,Concur,Vendor Meeting,MGR-L01,2023-08-27,APPROVED
EXP-0000851,RPT-202308-0211,EMP-1007,Kiran Rao,Legal,CC-LEGAL-01,2023-08-23,2023-08-19,2023-08-20,Ground Transport,,Local Taxi,,,Kolkata,CCU,16.9,KM,,457,INR,457,1.0,Concur,Vendor Meeting,MGR-L01,2023-08-27,APPROVED
EXP-0000852,RPT-202308-0212,EMP-1018,Aakash Tiwari,Sales,CC-SALES-01,2023-08-09,2023-08-04,2023-08-08,Airfare,Business,Emirates,Mumbai,BOM,Singapore,SIN,,KM,,6600,INR,6600,1.0,Concur,Budget Review,MGR-S01,2023-08-11,APPROVED
EXP-0000853,RPT-202308-0212,EMP-1018,Aakash Tiwari,Sales,CC-SALES-01,2023-08-09,2023-08-04,2023-08-08,Hotel,,Sheraton Singapore,,,Singapore,SIN,,,4,119000,INR,119000,1.0,Concur,Budget Review,MGR-S01,2023-08-11,APPROVED
EXP-0000854,RPT-202308-0212,EMP-1018,Aakash Tiwari,Sales,CC-SALES-01,2023-08-09,2023-08-04,2023-08-08,Ground Transport,,Metro Rail,Singapore,,Singapore,SIN,28.2,KM,,437,INR,437,1.0,Concur,Budget Review,MGR-S01,2023-08-11,APPROVED
EXP-0000855,RPT-202310-0213,EMP-1008,Arjun Mehta,Engineering,CC-ENG-02,2023-10-02,2023-09-23,2023-09-24,Airfare,Economy,IndiGo,Bangalore,BLR,Hyderabad,HYD,,KM,,100,INR,100,1.0,Concur,Partner Integration,MGR-E01,2023-10-03,APPROVED
EXP-0000856,RPT-202310-0213,EMP-1008,Arjun Mehta,Engineering,CC-ENG-02,2023-10-02,2023-09-23,2023-09-24,Hotel,,Radisson Blu Hyderabad,,,Hyderabad,HYD,,,1,5500,INR,5500,1.0,Concur,Partner Integration,MGR-E01,2023-10-03,APPROVED
EXP-0000857,RPT-202310-0213,EMP-1008,Arjun Mehta,Engineering,CC-ENG-02,2023-10-02,2023-09-23,2023-09-24,Ground Transport,,Yellow Cab,Hyderabad,,Hyderabad,HYD,23.0,KM,,455,INR,455,1.0,Concur,Partner Integration,MGR-E01,2023-10-03,APPROVED
EXP-0000858,RPT-202309-0214,EMP-1001,Rahul Sharma,Sales,CC-SALES-01,2023-09-09,2023-09-07,2023-09-08,Airfare,Business,Qatar Airways,Mumbai,BOM,Delhi,DEL,,KM,,400,INR,400,1.0,Concur,Audit Review,MGR-S01,2023-09-13,APPROVED
EXP-0000859,RPT-202309-0214,EMP-1001,Rahul Sharma,Sales,CC-SALES-01,2023-09-09,2023-09-07,2023-09-08,Hotel,,Hyatt Regency Delhi,,,Delhi,DEL,,,1,5500,INR,5500,1.0,Concur,Audit Review,MGR-S01,2023-09-13,APPROVED
EXP-0000860,RPT-202309-0214,EMP-1001,Rahul Sharma,Sales,CC-SALES-01,2023-09-09,2023-09-07,2023-09-08,Ground Transport,,Yellow Cab,Delhi,,Delhi,DEL,17.9,KM,,496,INR,496,1.0,Concur,Audit Review,MGR-S01,2023-09-13,APPROVED
EXP-0000861,RPT-202309-0214,EMP-1001,Rahul Sharma,Sales,CC-SALES-01,2023-09-09,2023-09-07,2023-09-08,Ground Transport,,Grab,,,Delhi,DEL,21.3,KM,,332,INR,332,1.0,Concur,Audit Review,MGR-S01,2023-09-13,APPROVED
EXP-0000862,RPT-202309-0215,EMP-1007,Kiran Rao,Legal,CC-LEGAL-01,2023-09-12,2023-09-04,2023-09-07,Airfare,Business,Vistara,Delhi,DEL,Kolkata,CCU,,KM,,700,INR,700,1.0,Concur,Legal Negotiation,MGR-L01,,PENDING
EXP-0000863,RPT-202309-0215,EMP-1007,Kiran Rao,Legal,CC-LEGAL-01,2023-09-12,2023-09-04,2023-09-07,Hotel,,Hyatt Regency Kolkata,,,Kolkata,CCU,,,3,24000,INR,24000,1.0,Concur,Legal Negotiation,MGR-L01,,PENDING
EXP-0000864,RPT-202309-0215,EMP-1007,Kiran Rao,Legal,CC-LEGAL-01,2023-09-12,2023-09-04,2023-09-07,Ground Transport,,Grab,Kolkata,,Kolkata,CCU,32.2,KM,,814,INR,814,1.0,Concur,Legal Negotiation,MGR-L01,,PENDING
EXP-0000865,RPT-202309-0216,EMP-1014,Suresh Babu,Sales,CC-SALES-03,2023-09-26,2023-09-18,2023-09-21,Airfare,Business,SpiceJet,Mumbai,,Bangalore,BLR,,KM,,300,INR,300,1.0,Concur,Vendor Meeting,MGR-S02,2023-09-27,APPROVED
EXP-0000866,RPT-202309-0216,EMP-1014,Suresh Babu,Sales,CC-SALES-03,2023-09-26,2023-09-18,2023-09-21,Hotel,,Le Meridien Bangalore,,,Bangalore,BLR,,,3,22000,INR,22000,1.0,Concur,Vendor Meeting,MGR-S02,2023-09-27,APPROVED
EXP-0000867,RPT-202309-0216,EMP-1014,Suresh Babu,Sales,CC-SALES-03,2023-09-26,2023-09-18,2023-09-21,Ground Transport,,Ola,Bangalore,,Bangalore,BLR,26.3,KM,,692,INR,692,1.0,Concur,Vendor Meeting,MGR-S02,2023-09-27,APPROVED
EXP-0000868,RPT-202309-0216,EMP-1014,Suresh Babu,Sales,CC-SALES-03,2023-09-26,2023-09-18,2023-09-21,Ground Transport,,Grab,,,Bangalore,BLR,46.9,KM,,1071,INR,1071,1.0,Concur,Vendor Meeting,MGR-S02,2023-09-27,APPROVED
EXP-0000869,RPT-202309-0216,EMP-1014,Suresh Babu,Sales,CC-SALES-03,2023-09-26,2023-09-18,2023-09-21,Ground Transport,,Grab,Bangalore,,Bangalore,BLR,46.5,KM,,1063,INR,1063,1.0,Concur,Vendor Meeting,MGR-S02,2023-09-27,APPROVED
EXP-0000870,RPT-202310-0217,EMP-1008,Arjun Mehta,Engineering,CC-ENG-02,2023-10-01,2023-09-28,2023-09-29,Airfare,Economy,Singapore Airlines,Bangalore,BLR,Delhi,DEL,,KM,,400,INR,400,1.0,Concur,Sales Pitch,MGR-E01,2023-10-03,APPROVED
EXP-0000871,RPT-202310-0217,EMP-1008,Arjun Mehta,Engineering,CC-ENG-02,2023-10-01,2023-09-28,2023-09-29,Hotel,,ITC Hotels Delhi,,,Delhi,DEL,,,1,5000,INR,5000,1.0,Concur,Sales Pitch,MGR-E01,2023-10-03,APPROVED
EXP-0000872,RPT-202310-0217,EMP-1008,Arjun Mehta,Engineering,CC-ENG-02,2023-10-01,2023-09-28,2023-09-29,Ground Transport,,Ola,Delhi,,Delhi,DEL,20.7,KM,,392,INR,392,1.0,Concur,Sales Pitch,MGR-E01,2023-10-03,APPROVED
EXP-0000873,RPT-202309-0218,EMP-1002,Priya Menon,Engineering,CC-ENG-01,2023-09-26,2023-09-24,2023-09-25,Airfare,Economy,SpiceJet,Bangalore,BLR,Ahmedabad,AMD,,KM,,300,INR,300,1.0,Concur,HR Summit,MGR-E01,2023-09-30,APPROVED
EXP-0000874,RPT-202309-0218,EMP-1002,Priya Menon,Engineering,CC-ENG-01,2023-09-26,2023-09-24,2023-09-25,Hotel,,Le Meridien Ahmedabad,,,Ahmedabad,AMD,,,1,7000,INR,7000,1.0,Concur,HR Summit,MGR-E01,2023-09-30,APPROVED
EXP-0000875,RPT-202309-0218,EMP-1002,Priya Menon,Engineering,CC-ENG-01,2023-09-26,2023-09-24,2023-09-25,Ground Transport,,Metro Rail,Ahmedabad,,Ahmedabad,AMD,42.5,KM,,705,INR,705,1.0,Concur,HR Summit,MGR-E01,2023-09-30,APPROVED
EXP-0000876,RPT-202309-0218,EMP-1002,Priya Menon,Engineering,CC-ENG-01,2023-09-26,2023-09-24,2023-09-25,Ground Transport,,Careem,,,Ahmedabad,AMD,12.0,KM,,276,INR,276,1.0,Concur,HR Summit,MGR-E01,2023-09-30,APPROVED
EXP-0000877,RPT-202309-0219,EMP-1014,Suresh Babu,Sales,CC-SALES-03,2023-09-18,2023-09-12,2023-09-13,Airfare,Economy,Etihad,Mumbai,BOM,Chennai,MAA,,KM,,300,INR,300,1.0,Concur,Sales Pitch,MGR-S02,2023-09-21,APPROVED
EXP-0000878,RPT-202309-0219,EMP-1014,Suresh Babu,Sales,CC-SALES-03,2023-09-18,2023-09-12,2023-09-13,Hotel,,Hilton Chennai,,,Chennai,MAA,,,1,8000,INR,8000,1.0,Concur,Sales Pitch,MGR-S02,2023-09-21,APPROVED
EXP-0000879,RPT-202309-0219,EMP-1014,Suresh Babu,Sales,CC-SALES-03,2023-09-18,2023-09-12,2023-09-13,Ground Transport,,Black Cab,Chennai,,Chennai,MAA,49.3,KM,,1314,INR,1314,1.0,Concur,Sales Pitch,MGR-S02,2023-09-21,APPROVED
EXP-0000880,RPT-202309-0220,EMP-1011,Anjali Singh,Marketing,CC-MKT-01,2023-09-13,2023-09-11,2023-09-12,Airfare,Economy,British Airways,Mumbai,BOM,Hyderabad,HYD,,KM,,200,INR,200,1.0,Concur,Partner Integration,MGR-M01,2023-09-17,APPROVED
EXP-0000881,RPT-202309-0220,EMP-1011,Anjali Singh,Marketing,CC-MKT-01,2023-09-13,2023-09-11,2023-09-12,Hotel,,Westin Hyderabad,,,Hyderabad,HYD,,,1,6500,INR,6500,1.0,Concur,Partner Integration,MGR-M01,2023-09-17,APPROVED
EXP-0000882,RPT-202309-0220,EMP-1011,Anjali Singh,Marketing,CC-MKT-01,2023-09-13,2023-09-11,2023-09-12,Ground Transport,,Uber,Hyderabad,,Hyderabad,HYD,22.1,KM,,517,INR,517,1.0,Concur,Partner Integration,MGR-M01,2023-09-17,APPROVED
EXP-0000883,RPT-202309-0220,EMP-1011,Anjali Singh,Marketing,CC-MKT-01,2023-09-13,2023-09-11,2023-09-12,Ground Transport,,Uber,,,Hyderabad,HYD,51.6,KM,,1242,INR,1242,1.0,Concur,Partner Integration,MGR-M01,2023-09-17,APPROVED
EXP-0000884,RPT-202309-0220,EMP-1011,Anjali Singh,Marketing,CC-MKT-01,2023-09-13,2023-09-11,2023-09-12,Ground Transport,,Careem,Hyderabad,,Hyderabad,HYD,16.6,KM,,441,INR,441,1.0,Concur,Partner Integration,MGR-M01,2023-09-17,APPROVED
EXP-0000885,RPT-202310-0221,EMP-1007,Kiran Rao,Legal,CC-LEGAL-01,2023-10-09,2023-09-27,2023-10-02,Airfare,Economy,Lufthansa,Delhi,DEL,Sydney,SYD,,KM,,9600,INR,9600,1.0,Concur,Partner Integration,MGR-L01,2023-10-13,APPROVED
EXP-0000886,RPT-202310-0221,EMP-1007,Kiran Rao,Legal,CC-LEGAL-01,2023-10-09,2023-09-27,2023-10-02,Hotel,,Sofitel Sydney,,,Sydney,SYD,,,5,111000,INR,111000,1.0,Concur,Partner Integration,MGR-L01,2023-10-13,APPROVED
EXP-0000887,RPT-202310-0221,EMP-1007,Kiran Rao,Legal,CC-LEGAL-01,2023-10-09,2023-09-27,2023-10-02,Ground Transport,,Local Taxi,Sydney,,Sydney,SYD,36.4,KM,,613,INR,613,1.0,Concur,Partner Integration,MGR-L01,2023-10-13,APPROVED
EXP-0000888,RPT-202310-0221,EMP-1007,Kiran Rao,Legal,CC-LEGAL-01,2023-10-09,2023-09-27,2023-10-02,Ground Transport,,Metro Rail,,,Sydney,SYD,11.5,KM,,181,INR,181,1.0,Concur,Partner Integration,MGR-L01,2023-10-13,APPROVED
EXP-0000889,RPT-202310-0221,EMP-1007,Kiran Rao,Legal,CC-LEGAL-01,2023-10-09,2023-09-27,2023-10-02,Ground Transport,,Meru Cabs,Sydney,,Sydney,SYD,32.1,KM,,504,INR,504,1.0,Concur,Partner Integration,MGR-L01,2023-10-13,APPROVED
EXP-0000890,RPT-202309-0222,EMP-1011,Anjali Singh,Marketing,CC-MKT-01,2023-09-28,2023-09-21,2023-09-24,Airfare,Business,Emirates,Mumbai,BOM,Pune,PNQ,,KM,,0,INR,0,1.0,Concur,Partner Integration,MGR-M01,2023-09-29,APPROVED
EXP-0000891,RPT-202309-0222,EMP-1011,Anjali Singh,Marketing,CC-MKT-01,2023-09-28,2023-09-21,2023-09-24,Hotel,,Hilton Pune,,,Pune,PNQ,,,3,19500,INR,19500,1.0,Concur,Partner Integration,MGR-M01,2023-09-29,APPROVED
EXP-0000892,RPT-202309-0222,EMP-1011,Anjali Singh,Marketing,CC-MKT-01,2023-09-28,2023-09-21,2023-09-24,Ground Transport,,Metro Rail,Pune,,Pune,PNQ,27.1,KM,,775,INR,775,1.0,Concur,Partner Integration,MGR-M01,2023-09-29,APPROVED
EXP-0000893,RPT-202309-0223,EMP-1015,Kavita Joshi,HR,CC-HR-01,2023-09-27,2023-09-22,2023-09-25,Airfare,Economy,Go First,Delhi,DEL,Pune,PNQ,,KM,,300,INR,300,1.0,Concur,Tech Conference,MGR-H01,2023-09-28,APPROVED
EXP-0000894,RPT-202309-0223,EMP-1015,Kavita Joshi,HR,CC-HR-01,2023-09-27,2023-09-22,2023-09-25,Hotel,,Novotel Pune,,,Pune,PNQ,,,3,19000,INR,19000,1.0,Concur,Tech Conference,MGR-H01,2023-09-28,APPROVED
EXP-0000895,RPT-202309-0223,EMP-1015,Kavita Joshi,HR,CC-HR-01,2023-09-27,2023-09-22,2023-09-25,Ground Transport,,Meru Cabs,Pune,,Pune,PNQ,38.6,KM,,1098,INR,1098,1.0,Concur,Tech Conference,MGR-H01,2023-09-28,APPROVED
EXP-0000896,RPT-202309-0223,EMP-1015,Kavita Joshi,HR,CC-HR-01,2023-09-27,2023-09-22,2023-09-25,Ground Transport,,Uber,,,Pune,PNQ,27.3,KM,,764,INR,764,1.0,Concur,Tech Conference,MGR-H01,2023-09-28,APPROVED
EXP-0000897,RPT-202309-0223,EMP-1015,Kavita Joshi,HR,CC-HR-01,2023-09-27,2023-09-22,2023-09-25,Ground Transport,,Metro Rail,Pune,,Pune,PNQ,30.0,KM,,864,INR,864,1.0,Concur,Tech Conference,MGR-H01,2023-09-28,APPROVED
EXP-0000898,RPT-202309-0224,EMP-1005,Vikram Nair,Operations,CC-OPS-01,2023-09-28,2023-09-22,2023-09-25,Airfare,Economy,Vistara,Chennai,MAA,Mumbai,BOM,,KM,,300,INR,300,1.0,Concur,Client Meeting,MGR-O01,,PENDING
EXP-0000899,RPT-202309-0224,EMP-1005,Vikram Nair,Operations,CC-OPS-01,2023-09-28,2023-09-22,2023-09-25,Hotel,,ITC Hotels Mumbai,,,Mumbai,BOM,,,3,15500,INR,15500,1.0,Concur,Client Meeting,MGR-O01,,PENDING
EXP-0000900,RPT-202309-0224,EMP-1005,Vikram Nair,Operations,CC-OPS-01,2023-09-28,2023-09-22,2023-09-25,Ground Transport,,Careem,Mumbai,,Mumbai,BOM,28.5,KM,,660,INR,660,1.0,Concur,Client Meeting,MGR-O01,,PENDING
EXP-0000901,RPT-202309-0225,EMP-1018,Aakash Tiwari,Sales,CC-SALES-01,2023-09-10,2023-09-01,2023-09-06,Airfare,Economy,Emirates,Mumbai,BOM,New York,JFK,,KM,,12500,INR,12500,1.0,Concur,Budget Review,MGR-S01,2023-09-12,APPROVED
EXP-0000902,RPT-202309-0225,EMP-1018,Aakash Tiwari,Sales,CC-SALES-01,2023-09-10,2023-09-01,2023-09-06,Hotel,,Sheraton New York,,,New York,JFK,,,5,124000,INR,124000,1.0,Concur,Budget Review,MGR-S01,2023-09-12,APPROVED
EXP-0000903,RPT-202309-0225,EMP-1018,Aakash Tiwari,Sales,CC-SALES-01,2023-09-10,2023-09-01,2023-09-06,Ground Transport,,Meru Cabs,New York,,New York,JFK,45.3,KM,,928,INR,928,1.0,Concur,Budget Review,MGR-S01,2023-09-12,APPROVED
EXP-0000904,RPT-202309-0226,EMP-1015,Kavita Joshi,HR,CC-HR-01,2023-09-12,2023-09-05,2023-09-08,Airfare,Economy,IndiGo,Delhi,,Bangalore,BLR,,KM,,600,INR,600,1.0,Concur,Vendor Meeting,MGR-H01,2023-09-13,APPROVED
EXP-0000905,RPT-202309-0226,EMP-1015,Kavita Joshi,HR,CC-HR-01,2023-09-12,2023-09-05,2023-09-08,Hotel,,Le Meridien Bangalore,,,Bangalore,BLR,,,3,16500,INR,16500,1.0,Concur,Vendor Meeting,MGR-H01,2023-09-13,APPROVED
EXP-0000906,RPT-202309-0226,EMP-1015,Kavita Joshi,HR,CC-HR-01,2023-09-12,2023-09-05,2023-09-08,Ground Transport,,Rapido,Bangalore,,Bangalore,BLR,38.7,KM,,830,INR,830,1.0,Concur,Vendor Meeting,MGR-H01,2023-09-13,APPROVED
EXP-0000907,RPT-202309-0227,EMP-1018,Aakash Tiwari,Sales,CC-SALES-01,2023-09-09,2023-09-04,2023-09-07,Airfare,Economy,Vistara,Mumbai,BOM,Chennai,MAA,,KM,,300,INR,300,1.0,Concur,Team Offsite,MGR-S01,2023-09-11,APPROVED
EXP-0000908,RPT-202309-0227,EMP-1018,Aakash Tiwari,Sales,CC-SALES-01,2023-09-09,2023-09-04,2023-09-07,Hotel,,Hyatt Regency Chennai,,,Chennai,MAA,,,3,20500,INR,20500,1.0,Concur,Team Offsite,MGR-S01,2023-09-11,APPROVED
EXP-0000909,RPT-202309-0227,EMP-1018,Aakash Tiwari,Sales,CC-SALES-01,2023-09-09,2023-09-04,2023-09-07,Ground Transport,,Grab,Chennai,,Chennai,MAA,38.3,KM,,808,INR,808,1.0,Concur,Team Offsite,MGR-S01,2023-09-11,APPROVED
EXP-0000910,RPT-202309-0227,EMP-1018,Aakash Tiwari,Sales,CC-SALES-01,2023-09-09,2023-09-04,2023-09-07,Ground Transport,,Uber,,,Chennai,MAA,17.1,KM,,385,INR,385,1.0,Concur,Team Offsite,MGR-S01,2023-09-11,APPROVED
EXP-0000911,RPT-202309-0228,EMP-1001,Rahul Sharma,Sales,CC-SALES-01,2023-09-26,2023-09-22,2023-09-23,Airfare,Economy,Vistara,Mumbai,BOM,Hyderabad,HYD,,KM,,100,INR,100,1.0,Concur,Product Launch,MGR-S01,2023-09-27,APPROVED
EXP-0000912,RPT-202309-0228,EMP-1001,Rahul Sharma,Sales,CC-SALES-01,2023-09-26,2023-09-22,2023-09-23,Hotel,,Hilton Hyderabad,,,Hyderabad,HYD,,,1,6500,INR,6500,1.0,Concur,Product Launch,MGR-S01,2023-09-27,APPROVED
EXP-0000913,RPT-202309-0228,EMP-1001,Rahul Sharma,Sales,CC-SALES-01,2023-09-26,2023-09-22,2023-09-23,Ground Transport,,Uber,Hyderabad,,Hyderabad,HYD,14.1,KM,,362,INR,362,1.0,Concur,Product Launch,MGR-S01,2023-09-27,APPROVED
EXP-0000914,RPT-202309-0228,EMP-1001,Rahul Sharma,Sales,CC-SALES-01,2023-09-26,2023-09-22,2023-09-23,Ground Transport,,Meru Cabs,,,Hyderabad,HYD,41.4,KM,,872,INR,872,1.0,Concur,Product Launch,MGR-S01,2023-09-27,APPROVED
EXP-0000915,RPT-202310-0229,EMP-1018,Aakash Tiwari,Sales,CC-SALES-01,2023-10-03,2023-09-22,2023-09-25,Airfare,Business,IndiGo,Mumbai,BOM,Ahmedabad,AMD,,KM,,200,INR,200,1.0,Concur,Board Review,MGR-S01,2023-10-04,APPROVED
EXP-0000916,RPT-202310-0229,EMP-1018,Aakash Tiwari,Sales,CC-SALES-01,2023-10-03,2023-09-22,2023-09-25,Hotel,,Taj Hotels Ahmedabad,,,Ahmedabad,AMD,,,3,13500,INR,13500,1.0,Concur,Board Review,MGR-S01,2023-10-04,APPROVED
EXP-0000917,RPT-202310-0229,EMP-1018,Aakash Tiwari,Sales,CC-SALES-01,2023-10-03,2023-09-22,2023-09-25,Ground Transport,,Yellow Cab,Ahmedabad,,Ahmedabad,AMD,43.0,KM,,1103,INR,1103,1.0,Concur,Board Review,MGR-S01,2023-10-04,APPROVED
EXP-0000918,RPT-202310-0229,EMP-1018,Aakash Tiwari,Sales,CC-SALES-01,2023-10-03,2023-09-22,2023-09-25,Ground Transport,,Uber,,,Ahmedabad,AMD,25.9,KM,,729,INR,729,1.0,Concur,Board Review,MGR-S01,2023-10-04,APPROVED
EXP-0000919,RPT-202310-0229,EMP-1018,Aakash Tiwari,Sales,CC-SALES-01,2023-10-03,2023-09-22,2023-09-25,Ground Transport,,Grab,Ahmedabad,,Ahmedabad,AMD,18.1,KM,,398,INR,398,1.0,Concur,Board Review,MGR-S01,2023-10-04,APPROVED
EXP-0000920,RPT-202310-0230,EMP-1004,Sneha Reddy,HR,CC-HR-01,2023-10-02,2023-09-23,2023-09-27,Airfare,Economy,Lufthansa,Delhi,DEL,Chennai,MAA,,KM,,400,INR,400,1.0,Concur,Vendor Meeting,MGR-H01,2023-10-05,APPROVED
EXP-0000921,RPT-202310-0230,EMP-1004,Sneha Reddy,HR,CC-HR-01,2023-10-02,2023-09-23,2023-09-27,Hotel,,Hyatt Regency Chennai,,,Chennai,MAA,,,4,19500,INR,19500,1.0,Concur,Vendor Meeting,MGR-H01,2023-10-05,APPROVED
EXP-0000922,RPT-202310-0230,EMP-1004,Sneha Reddy,HR,CC-HR-01,2023-10-02,2023-09-23,2023-09-27,Ground Transport,,Yellow Cab,Chennai,,Chennai,MAA,40.4,KM,,705,INR,705,1.0,Concur,Vendor Meeting,MGR-H01,2023-10-05,APPROVED
EXP-0000923,RPT-202310-0230,EMP-1004,Sneha Reddy,HR,CC-HR-01,2023-10-02,2023-09-23,2023-09-27,Ground Transport,,Meru Cabs,,,Chennai,MAA,38.6,KM,,1077,INR,1077,1.0,Concur,Vendor Meeting,MGR-H01,2023-10-05,APPROVED
EXP-0000924,RPT-202310-0230,EMP-1004,Sneha Reddy,HR,CC-HR-01,2023-10-02,2023-09-23,2023-09-27,Ground Transport,,Rapido,Chennai,,Chennai,MAA,50.1,KM,,991,INR,991,1.0,Concur,Vendor Meeting,MGR-H01,2023-10-05,APPROVED
EXP-0000925,RPT-202309-0231,EMP-1015,Kavita Joshi,HR,CC-HR-01,2023-09-17,2023-09-10,2023-09-13,Airfare,Economy,SpiceJet,Delhi,DEL,Tokyo,NRT,,KM,,5200,INR,5200,1.0,Concur,Board Review,MGR-H01,2023-09-20,APPROVED
EXP-0000926,RPT-202309-0231,EMP-1015,Kavita Joshi,HR,CC-HR-01,2023-09-17,2023-09-10,2023-09-13,Hotel,,Marriott Tokyo,,,Tokyo,NRT,,,3,73500,INR,73500,1.0,Concur,Board Review,MGR-H01,2023-09-20,APPROVED
EXP-0000927,RPT-202309-0231,EMP-1015,Kavita Joshi,HR,CC-HR-01,2023-09-17,2023-09-10,2023-09-13,Ground Transport,,Meru Cabs,Tokyo,,Tokyo,NRT,36.7,KM,,562,INR,562,1.0,Concur,Board Review,MGR-H01,2023-09-20,APPROVED
EXP-0000928,RPT-202309-0232,EMP-1013,Nisha Verma,Engineering,CC-ENG-01,2023-09-06,2023-09-01,2023-09-04,Airfare,Business,Etihad,Bangalore,BLR,Mumbai,BOM,,KM,,400,INR,400,1.0,Concur,Legal Negotiation,MGR-E01,2023-09-07,APPROVED
EXP-0000929,RPT-202309-0232,EMP-1013,Nisha Verma,Engineering,CC-ENG-01,2023-09-06,2023-09-01,2023-09-04,Hotel,,ITC Hotels Mumbai,,,Mumbai,BOM,,,3,16500,INR,16500,1.0,Concur,Legal Negotiation,MGR-E01,2023-09-07,APPROVED
EXP-0000930,RPT-202309-0232,EMP-1013,Nisha Verma,Engineering,CC-ENG-01,2023-09-06,2023-09-01,2023-09-04,Ground Transport,,Careem,Mumbai,,Mumbai,BOM,38.0,KM,,726,INR,726,1.0,Concur,Legal Negotiation,MGR-E01,2023-09-07,APPROVED
EXP-0000931,RPT-202309-0232,EMP-1013,Nisha Verma,Engineering,CC-ENG-01,2023-09-06,2023-09-01,2023-09-04,Ground Transport,,Careem,,,Mumbai,BOM,43.8,KM,,990,INR,990,1.0,Concur,Legal Negotiation,MGR-E01,2023-09-07,APPROVED
EXP-0000932,RPT-202309-0233,EMP-1002,Priya Menon,Engineering,CC-ENG-01,2023-09-12,2023-09-09,2023-09-11,Airfare,Business,Emirates,Bangalore,BLR,Ahmedabad,AMD,,KM,,500,INR,500,1.0,Concur,Budget Review,MGR-E01,2023-09-15,APPROVED
EXP-0000933,RPT-202309-0233,EMP-1002,Priya Menon,Engineering,CC-ENG-01,2023-09-12,2023-09-09,2023-09-11,Hotel,,JW Marriott Ahmedabad,,,Ahmedabad,AMD,,,2,11000,INR,11000,1.0,Concur,Budget Review,MGR-E01,2023-09-15,APPROVED
EXP-0000934,RPT-202309-0233,EMP-1002,Priya Menon,Engineering,CC-ENG-01,2023-09-12,2023-09-09,2023-09-11,Ground Transport,,Meru Cabs,Ahmedabad,,Ahmedabad,AMD,53.3,KM,,1294,INR,1294,1.0,Concur,Budget Review,MGR-E01,2023-09-15,APPROVED
EXP-0000935,RPT-202309-0234,EMP-1013,Nisha Verma,Engineering,CC-ENG-01,2023-09-10,2023-09-04,2023-09-06,Airfare,Business,Air India,Bangalore,BLR,Chennai,MAA,,KM,,100,INR,100,1.0,Concur,Audit Review,MGR-E01,2023-09-14,APPROVED
EXP-0000936,RPT-202309-0234,EMP-1013,Nisha Verma,Engineering,CC-ENG-01,2023-09-10,2023-09-04,2023-09-06,Hotel,,Hyatt Regency Chennai,,,Chennai,MAA,,,2,16000,INR,16000,1.0,Concur,Audit Review,MGR-E01,2023-09-14,APPROVED
EXP-0000937,RPT-202309-0234,EMP-1013,Nisha Verma,Engineering,CC-ENG-01,2023-09-10,2023-09-04,2023-09-06,Ground Transport,,Grab,Chennai,,Chennai,MAA,53.5,KM,,922,INR,922,1.0,Concur,Audit Review,MGR-E01,2023-09-14,APPROVED
EXP-0000938,RPT-202309-0234,EMP-1013,Nisha Verma,Engineering,CC-ENG-01,2023-09-10,2023-09-04,2023-09-06,Ground Transport,,Black Cab,,,Chennai,MAA,47.2,KM,,1076,INR,1076,1.0,Concur,Audit Review,MGR-E01,2023-09-14,APPROVED
EXP-0000939,RPT-202310-0235,EMP-1011,Anjali Singh,Marketing,CC-MKT-01,2023-10-07,2023-09-28,2023-09-30,Airfare,Economy,Lufthansa,Mumbai,BOM,Delhi,DEL,,KM,,300,INR,300,1.0,Concur,Training Program,MGR-M01,2023-10-09,APPROVED
EXP-0000940,RPT-202310-0235,EMP-1011,Anjali Singh,Marketing,CC-MKT-01,2023-10-07,2023-09-28,2023-09-30,Hotel,,Radisson Blu Delhi,,,Delhi,DEL,,,2,11000,INR,11000,1.0,Concur,Training Program,MGR-M01,2023-10-09,APPROVED
EXP-0000941,RPT-202310-0235,EMP-1011,Anjali Singh,Marketing,CC-MKT-01,2023-10-07,2023-09-28,2023-09-30,Ground Transport,,Careem,Delhi,,Delhi,DEL,15.1,KM,,302,INR,302,1.0,Concur,Training Program,MGR-M01,2023-10-09,APPROVED
EXP-0000942,RPT-202309-0236,EMP-1003,Amit Patel,Finance,CC-FIN-01,2023-09-10,2023-09-02,2023-09-06,Airfare,Business,IndiGo,Delhi,DEL,Amsterdam,AMS,,KM,,11000,INR,11000,1.0,Concur,Team Offsite,MGR-F01,2023-09-14,APPROVED
EXP-0000943,RPT-202309-0236,EMP-1003,Amit Patel,Finance,CC-FIN-01,2023-09-10,2023-09-02,2023-09-06,Hotel,,Ibis Amsterdam,,,Amsterdam,AMS,,,4,54000,INR,54000,1.0,Concur,Team Offsite,MGR-F01,2023-09-14,APPROVED
EXP-0000944,RPT-202309-0236,EMP-1003,Amit Patel,Finance,CC-FIN-01,2023-09-10,2023-09-02,2023-09-06,Ground Transport,,Metro Rail,Amsterdam,,Amsterdam,AMS,15.2,KM,,326,INR,326,1.0,Concur,Team Offsite,MGR-F01,2023-09-14,APPROVED
EXP-0000945,RPT-202309-0236,EMP-1003,Amit Patel,Finance,CC-FIN-01,2023-09-10,2023-09-02,2023-09-06,Ground Transport,,Local Taxi,,,Amsterdam,AMS,52.2,KM,,1019,INR,1019,1.0,Concur,Team Offsite,MGR-F01,2023-09-14,APPROVED
EXP-0000946,RPT-202309-0237,EMP-1015,Kavita Joshi,HR,CC-HR-01,2023-09-12,2023-09-06,2023-09-08,Airfare,Economy,Lufthansa,Delhi,DEL,Tokyo,NRT,,KM,,4600,INR,4600,1.0,Concur,Sales Pitch,MGR-H01,2023-09-16,APPROVED
EXP-0000947,RPT-202309-0237,EMP-1015,Kavita Joshi,HR,CC-HR-01,2023-09-12,2023-09-06,2023-09-08,Hotel,,Sofitel Tokyo,,,Tokyo,NRT,,,2,39000,INR,39000,1.0,Concur,Sales Pitch,MGR-H01,2023-09-16,APPROVED
EXP-0000948,RPT-202309-0237,EMP-1015,Kavita Joshi,HR,CC-HR-01,2023-09-12,2023-09-06,2023-09-08,Ground Transport,,Ola,Tokyo,,Tokyo,NRT,30.3,KM,,470,INR,470,1.0,Concur,Sales Pitch,MGR-H01,2023-09-16,APPROVED
EXP-0000949,RPT-202309-0237,EMP-1015,Kavita Joshi,HR,CC-HR-01,2023-09-12,2023-09-06,2023-09-08,Ground Transport,,Uber,,,Tokyo,NRT,34.1,KM,,964,INR,964,1.0,Concur,Sales Pitch,MGR-H01,2023-09-16,APPROVED
EXP-0000950,RPT-202309-0237,EMP-1015,Kavita Joshi,HR,CC-HR-01,2023-09-12,2023-09-06,2023-09-08,Ground Transport,,Local Taxi,Tokyo,,Tokyo,NRT,42.3,KM,,776,INR,776,1.0,Concur,Sales Pitch,MGR-H01,2023-09-16,APPROVED
EXP-0000951,RPT-202309-0238,EMP-1017,Meera Pillai,Engineering,CC-ENG-02,2023-09-30,2023-09-21,2023-09-23,Airfare,Economy,Air India,Bangalore,BLR,Delhi,DEL,,KM,,500,INR,500,1.0,Concur,Audit Review,MGR-E01,2023-10-04,APPROVED
EXP-0000952,RPT-202309-0238,EMP-1017,Meera Pillai,Engineering,CC-ENG-02,2023-09-30,2023-09-21,2023-09-23,Hotel,,Radisson Blu Delhi,,,Delhi,DEL,,,2,11500,INR,11500,1.0,Concur,Audit Review,MGR-E01,2023-10-04,APPROVED
EXP-0000953,RPT-202309-0238,EMP-1017,Meera Pillai,Engineering,CC-ENG-02,2023-09-30,2023-09-21,2023-09-23,Ground Transport,,Ola,Delhi,,Delhi,DEL,29.2,KM,,535,INR,535,1.0,Concur,Audit Review,MGR-E01,2023-10-04,APPROVED
EXP-0000954,RPT-202309-0238,EMP-1017,Meera Pillai,Engineering,CC-ENG-02,2023-09-30,2023-09-21,2023-09-23,Ground Transport,,Ola,,,Delhi,DEL,38.5,KM,,1027,INR,1027,1.0,Concur,Audit Review,MGR-E01,2023-10-04,APPROVED
EXP-0000955,RPT-202309-0238,EMP-1017,Meera Pillai,Engineering,CC-ENG-02,2023-09-30,2023-09-21,2023-09-23,Ground Transport,,Meru Cabs,Delhi,,Delhi,DEL,19.4,KM,,422,INR,422,1.0,Concur,Audit Review,MGR-E01,2023-10-04,APPROVED
EXP-0000956,RPT-202310-0239,EMP-1017,Meera Pillai,Engineering,CC-ENG-02,2023-10-03,2023-09-25,2023-09-27,Airfare,Economy,Etihad,Bangalore,BLR,Frankfurt,FRA,,KM,,6700,INR,6700,1.0,Concur,Client Meeting,MGR-E01,2023-10-04,APPROVED
EXP-0000957,RPT-202310-0239,EMP-1017,Meera Pillai,Engineering,CC-ENG-02,2023-10-03,2023-09-25,2023-09-27,Hotel,,Sofitel Frankfurt,,,Frankfurt,FRA,,,2,52500,INR,52500,1.0,Concur,Client Meeting,MGR-E01,2023-10-04,APPROVED
EXP-0000958,RPT-202310-0239,EMP-1017,Meera Pillai,Engineering,CC-ENG-02,2023-10-03,2023-09-25,2023-09-27,Ground Transport,,Careem,Frankfurt,,Frankfurt,FRA,17.4,KM,,458,INR,458,1.0,Concur,Client Meeting,MGR-E01,2023-10-04,APPROVED
EXP-0000959,RPT-202310-0239,EMP-1017,Meera Pillai,Engineering,CC-ENG-02,2023-10-03,2023-09-25,2023-09-27,Ground Transport,,Meru Cabs,,,Frankfurt,FRA,37.5,KM,,804,INR,804,1.0,Concur,Client Meeting,MGR-E01,2023-10-04,APPROVED
EXP-0000960,RPT-202310-0239,EMP-1017,Meera Pillai,Engineering,CC-ENG-02,2023-10-03,2023-09-25,2023-09-27,Ground Transport,,Black Cab,Frankfurt,,Frankfurt,FRA,52.1,KM,,1394,INR,1394,1.0,Concur,Client Meeting,MGR-E01,2023-10-04,APPROVED
EXP-0000961,RPT-202309-0240,EMP-1013,Nisha Verma,Engineering,CC-ENG-01,2023-09-22,2023-09-13,2023-09-17,Airfare,Economy,Vistara,Bangalore,BLR,Mumbai,BOM,,KM,,300,INR,300,1.0,Concur,Operations Review,MGR-E01,2023-09-25,APPROVED
EXP-0000962,RPT-202309-0240,EMP-1013,Nisha Verma,Engineering,CC-ENG-01,2023-09-22,2023-09-13,2023-09-17,Hotel,,Radisson Blu Mumbai,,,Mumbai,BOM,,,4,27000,INR,27000,1.0,Concur,Operations Review,MGR-E01,2023-09-25,APPROVED
EXP-0000963,RPT-202309-0240,EMP-1013,Nisha Verma,Engineering,CC-ENG-01,2023-09-22,2023-09-13,2023-09-17,Ground Transport,,Metro Rail,Mumbai,,Mumbai,BOM,32.4,KM,,944,INR,944,1.0,Concur,Operations Review,MGR-E01,2023-09-25,APPROVED
EXP-0000964,RPT-202309-0240,EMP-1013,Nisha Verma,Engineering,CC-ENG-01,2023-09-22,2023-09-13,2023-09-17,Ground Transport,,Rapido,,,Mumbai,BOM,23.4,KM,,485,INR,485,1.0,Concur,Operations Review,MGR-E01,2023-09-25,APPROVED
EXP-0000965,RPT-202309-0240,EMP-1013,Nisha Verma,Engineering,CC-ENG-01,2023-09-22,2023-09-13,2023-09-17,Ground Transport,,Rapido,Mumbai,,Mumbai,BOM,47.2,KM,,770,INR,770,1.0,Concur,Operations Review,MGR-E01,2023-09-25,APPROVED
EXP-0000966,RPT-202309-0241,EMP-1005,Vikram Nair,Operations,CC-OPS-01,2023-09-08,2023-09-04,2023-09-06,Airfare,Economy,Etihad,Chennai,MAA,Delhi,DEL,,KM,,500,INR,500,1.0,Concur,Audit Review,MGR-O01,2023-09-09,APPROVED
EXP-0000967,RPT-202309-0241,EMP-1005,Vikram Nair,Operations,CC-OPS-01,2023-09-08,2023-09-04,2023-09-06,Hotel,,Radisson Blu Delhi,,,Delhi,DEL,,,2,13500,INR,13500,1.0,Concur,Audit Review,MGR-O01,2023-09-09,APPROVED
EXP-0000968,RPT-202309-0241,EMP-1005,Vikram Nair,Operations,CC-OPS-01,2023-09-08,2023-09-04,2023-09-06,Ground Transport,,Yellow Cab,Delhi,,Delhi,DEL,11.8,KM,,188,INR,188,1.0,Concur,Audit Review,MGR-O01,2023-09-09,APPROVED
EXP-0000969,RPT-202309-0241,EMP-1005,Vikram Nair,Operations,CC-OPS-01,2023-09-08,2023-09-04,2023-09-06,Ground Transport,,Careem,,,Delhi,DEL,16.9,KM,,349,INR,349,1.0,Concur,Audit Review,MGR-O01,2023-09-09,APPROVED
EXP-0000970,RPT-202309-0242,EMP-1008,Arjun Mehta,Engineering,CC-ENG-02,2023-09-23,2023-09-15,2023-09-17,Airfare,Business,Air India,Bangalore,BLR,Mumbai,BOM,,KM,,300,INR,300,1.0,Concur,Sales Pitch,MGR-E01,2023-09-25,APPROVED
EXP-0000971,RPT-202309-0242,EMP-1008,Arjun Mehta,Engineering,CC-ENG-02,2023-09-23,2023-09-15,2023-09-17,Hotel,,Novotel Mumbai,,,Mumbai,BOM,,,2,15000,INR,15000,1.0,Concur,Sales Pitch,MGR-E01,2023-09-25,APPROVED
EXP-0000972,RPT-202309-0242,EMP-1008,Arjun Mehta,Engineering,CC-ENG-02,2023-09-23,2023-09-15,2023-09-17,Ground Transport,,Meru Cabs,Mumbai,,Mumbai,BOM,10.2,KM,,257,INR,257,1.0,Concur,Sales Pitch,MGR-E01,2023-09-25,APPROVED
EXP-0000973,RPT-202309-0242,EMP-1008,Arjun Mehta,Engineering,CC-ENG-02,2023-09-23,2023-09-15,2023-09-17,Ground Transport,,Meru Cabs,,,Mumbai,BOM,43.4,KM,,1108,INR,1108,1.0,Concur,Sales Pitch,MGR-E01,2023-09-25,APPROVED
EXP-0000974,RPT-202309-0242,EMP-1008,Arjun Mehta,Engineering,CC-ENG-02,2023-09-23,2023-09-15,2023-09-17,Ground Transport,,Black Cab,Mumbai,,Mumbai,BOM,14.3,KM,,303,INR,303,1.0,Concur,Sales Pitch,MGR-E01,2023-09-25,APPROVED
EXP-0000975,RPT-202309-0243,EMP-1002,Priya Menon,Engineering,CC-ENG-01,2023-09-14,2023-09-06,2023-09-07,Airfare,Economy,Qatar Airways,Bangalore,BLR,Delhi,DEL,,KM,,500,INR,500,1.0,Concur,Audit Review,MGR-E01,2023-09-17,APPROVED
EXP-0000976,RPT-202309-0243,EMP-1002,Priya Menon,Engineering,CC-ENG-01,2023-09-14,2023-09-06,2023-09-07,Hotel,,Taj Hotels Delhi,,,Delhi,DEL,,,1,6000,INR,6000,1.0,Concur,Audit Review,MGR-E01,2023-09-17,APPROVED
EXP-0000977,RPT-202309-0243,EMP-1002,Priya Menon,Engineering,CC-ENG-01,2023-09-14,2023-09-06,2023-09-07,Ground Transport,,Meru Cabs,Delhi,,Delhi,DEL,30.6,KM,,510,INR,510,1.0,Concur,Audit Review,MGR-E01,2023-09-17,APPROVED
EXP-0000978,RPT-202309-0244,EMP-1015,Kavita Joshi,HR,CC-HR-01,2023-09-26,2023-09-16,2023-09-18,Airfare,Business,Lufthansa,Delhi,DEL,Mumbai,BOM,,KM,,600,INR,600,1.0,Concur,Team Offsite,MGR-H01,2023-09-28,APPROVED
EXP-0000979,RPT-202309-0244,EMP-1015,Kavita Joshi,HR,CC-HR-01,2023-09-26,2023-09-16,2023-09-18,Hotel,,Taj Hotels Mumbai,,,Mumbai,BOM,,,2,15000,INR,15000,1.0,Concur,Team Offsite,MGR-H01,2023-09-28,APPROVED
EXP-0000980,RPT-202309-0244,EMP-1015,Kavita Joshi,HR,CC-HR-01,2023-09-26,2023-09-16,2023-09-18,Ground Transport,,Yellow Cab,Mumbai,,Mumbai,BOM,37.0,KM,,907,INR,907,1.0,Concur,Team Offsite,MGR-H01,2023-09-28,APPROVED
EXP-0000981,RPT-202310-0245,EMP-1014,Suresh Babu,Sales,CC-SALES-03,2023-10-21,2023-10-16,2023-10-17,Airfare,Business,SpiceJet,Mumbai,BOM,Kolkata,CCU,,KM,,700,INR,700,1.0,Concur,Sales Pitch,MGR-S02,2023-10-24,APPROVED
EXP-0000982,RPT-202310-0245,EMP-1014,Suresh Babu,Sales,CC-SALES-03,2023-10-21,2023-10-16,2023-10-17,Hotel,,Taj Hotels Kolkata,,,Kolkata,CCU,,,1,6500,INR,6500,1.0,Concur,Sales Pitch,MGR-S02,2023-10-24,APPROVED
EXP-0000983,RPT-202310-0245,EMP-1014,Suresh Babu,Sales,CC-SALES-03,2023-10-21,2023-10-16,2023-10-17,Ground Transport,,Local Taxi,Kolkata,,Kolkata,CCU,44.8,KM,,988,INR,988,1.0,Concur,Sales Pitch,MGR-S02,2023-10-24,APPROVED
EXP-0000984,RPT-202310-0246,EMP-1014,Suresh Babu,Sales,CC-SALES-03,2023-10-28,2023-10-21,2023-10-26,Airfare,Business,Etihad,Mumbai,BOM,Singapore,SIN,,KM,,7600,INR,7600,1.0,Concur,Vendor Meeting,MGR-S02,2023-11-01,APPROVED
EXP-0000985,RPT-202310-0246,EMP-1014,Suresh Babu,Sales,CC-SALES-03,2023-10-28,2023-10-21,2023-10-26,Hotel,,Hilton Singapore,,,Singapore,SIN,,,5,81500,INR,81500,1.0,Concur,Vendor Meeting,MGR-S02,2023-11-01,APPROVED
EXP-0000986,RPT-202310-0246,EMP-1014,Suresh Babu,Sales,CC-SALES-03,2023-10-28,2023-10-21,2023-10-26,Ground Transport,,Uber,Singapore,,Singapore,SIN,22.4,KM,,670,INR,670,1.0,Concur,Vendor Meeting,MGR-S02,2023-11-01,APPROVED
EXP-0000987,RPT-202310-0246,EMP-1014,Suresh Babu,Sales,CC-SALES-03,2023-10-28,2023-10-21,2023-10-26,Ground Transport,,Careem,,,Singapore,SIN,21.6,KM,,639,INR,639,1.0,Concur,Vendor Meeting,MGR-S02,2023-11-01,APPROVED
EXP-0000988,RPT-202310-0247,EMP-1006,Deepa Iyer,Marketing,CC-MKT-01,2023-10-23,2023-10-17,2023-10-21,Airfare,Economy,IndiGo,Mumbai,BOM,Bangalore,BLR,,KM,,300,INR,300,1.0,Concur,Client Meeting,MGR-M01,2023-10-26,APPROVED
EXP-0000989,RPT-202310-0247,EMP-1006,Deepa Iyer,Marketing,CC-MKT-01,2023-10-23,2023-10-17,2023-10-21,Hotel,,Taj Hotels Bangalore,,,Bangalore,BLR,,,4,30500,INR,30500,1.0,Concur,Client Meeting,MGR-M01,2023-10-26,APPROVED
EXP-0000990,RPT-202310-0247,EMP-1006,Deepa Iyer,Marketing,CC-MKT-01,2023-10-23,2023-10-17,2023-10-21,Ground Transport,,Uber,Bangalore,,Bangalore,BLR,24.5,KM,,598,INR,598,1.0,Concur,Client Meeting,MGR-M01,2023-10-26,APPROVED
EXP-0000991,RPT-202310-0247,EMP-1006,Deepa Iyer,Marketing,CC-MKT-01,2023-10-23,2023-10-17,2023-10-21,Ground Transport,,Metro Rail,,,Bangalore,BLR,26.1,KM,,738,INR,738,1.0,Concur,Client Meeting,MGR-M01,2023-10-26,APPROVED
EXP-0000992,RPT-202310-0247,EMP-1006,Deepa Iyer,Marketing,CC-MKT-01,2023-10-23,2023-10-17,2023-10-21,Ground Transport,,Grab,Bangalore,,Bangalore,BLR,24.4,KM,,536,INR,536,1.0,Concur,Client Meeting,MGR-M01,2023-10-26,APPROVED
EXP-0000993,RPT-202310-0248,EMP-1017,Meera Pillai,Engineering,CC-ENG-02,2023-10-17,2023-10-09,2023-10-10,Airfare,Economy,IndiGo,Bangalore,BLR,Chennai,MAA,,KM,,100,INR,100,1.0,Concur,Audit Review,MGR-E01,2023-10-19,APPROVED
EXP-0000994,RPT-202310-0248,EMP-1017,Meera Pillai,Engineering,CC-ENG-02,2023-10-17,2023-10-09,2023-10-10,Hotel,,Westin Chennai,,,Chennai,MAA,,,1,8000,INR,8000,1.0,Concur,Audit Review,MGR-E01,2023-10-19,APPROVED
EXP-0000995,RPT-202310-0248,EMP-1017,Meera Pillai,Engineering,CC-ENG-02,2023-10-17,2023-10-09,2023-10-10,Ground Transport,,Ola,Chennai,,Chennai,MAA,27.0,KM,,704,INR,704,1.0,Concur,Audit Review,MGR-E01,2023-10-19,APPROVED
EXP-0000996,RPT-202310-0248,EMP-1017,Meera Pillai,Engineering,CC-ENG-02,2023-10-17,2023-10-09,2023-10-10,Ground Transport,,Local Taxi,,,Chennai,MAA,24.6,KM,,487,INR,487,1.0,Concur,Audit Review,MGR-E01,2023-10-19,APPROVED
EXP-0000997,RPT-202310-0249,EMP-1011,Anjali Singh,Marketing,CC-MKT-01,2023-10-19,2023-10-10,2023-10-14,Airfare,Business,IndiGo,Mumbai,BOM,Hyderabad,HYD,,KM,,300,INR,300,1.0,Concur,HR Summit,MGR-M01,2023-10-20,APPROVED
EXP-0000998,RPT-202310-0249,EMP-1011,Anjali Singh,Marketing,CC-MKT-01,2023-10-19,2023-10-10,2023-10-14,Hotel,,Novotel Hyderabad,,,Hyderabad,HYD,,,4,20000,INR,20000,1.0,Concur,HR Summit,MGR-M01,2023-10-20,APPROVED
EXP-0000999,RPT-202310-0249,EMP-1011,Anjali Singh,Marketing,CC-MKT-01,2023-10-19,2023-10-10,2023-10-14,Ground Transport,,Local Taxi,Hyderabad,,Hyderabad,HYD,15.8,KM,,241,INR,241,1.0,Concur,HR Summit,MGR-M01,2023-10-20,APPROVED
EXP-0001000,RPT-202310-0249,EMP-1011,Anjali Singh,Marketing,CC-MKT-01,2023-10-19,2023-10-10,2023-10-14,Ground Transport,,Uber,,,Hyderabad,HYD,48.8,KM,,1383,INR,1383,1.0,Concur,HR Summit,MGR-M01,2023-10-20,APPROVED
EXP-0001001,RPT-202310-0249,EMP-1011,Anjali Singh,Marketing,CC-MKT-01,2023-10-19,2023-10-10,2023-10-14,Ground Transport,,Rapido,Hyderabad,,Hyderabad,HYD,37.6,KM,,768,INR,768,1.0,Concur,HR Summit,MGR-M01,2023-10-20,APPROVED
EXP-0001002,RPT-202310-0250,EMP-1005,Vikram Nair,Operations,CC-OPS-01,2023-10-29,2023-10-19,2023-10-21,Airfare,Economy,SpiceJet,Chennai,MAA,Mumbai,BOM,,KM,,300,INR,300,1.0,Concur,Budget Review,MGR-O01,2023-10-31,APPROVED
EXP-0001003,RPT-202310-0250,EMP-1005,Vikram Nair,Operations,CC-OPS-01,2023-10-29,2023-10-19,2023-10-21,Hotel,,Le Meridien Mumbai,,,Mumbai,BOM,,,2,13000,INR,13000,1.0,Concur,Budget Review,MGR-O01,2023-10-31,APPROVED
EXP-0001004,RPT-202310-0250,EMP-1005,Vikram Nair,Operations,CC-OPS-01,2023-10-29,2023-10-19,2023-10-21,Ground Transport,,Uber,Mumbai,,Mumbai,BOM,25.8,KM,,555,INR,555,1.0,Concur,Budget Review,MGR-O01,2023-10-31,APPROVED
EXP-0001005,RPT-202310-0250,EMP-1005,Vikram Nair,Operations,CC-OPS-01,2023-10-29,2023-10-19,2023-10-21,Ground Transport,,Careem,,,Mumbai,BOM,42.3,KM,,1198,INR,1198,1.0,Concur,Budget Review,MGR-O01,2023-10-31,APPROVED
EXP-0001006,RPT-202311-0251,EMP-1007,Kiran Rao,Legal,CC-LEGAL-01,2023-11-06,2023-10-26,2023-10-30,Airfare,Economy,Lufthansa,Delhi,DEL,Ahmedabad,AMD,,KM,,200,INR,200,1.0,Concur,Audit Review,MGR-L01,2023-11-07,APPROVED
EXP-0001007,RPT-202311-0251,EMP-1007,Kiran Rao,Legal,CC-LEGAL-01,2023-11-06,2023-10-26,2023-10-30,Hotel,,Radisson Blu Ahmedabad,,,Ahmedabad,AMD,,,4,30000,INR,30000,1.0,Concur,Audit Review,MGR-L01,2023-11-07,APPROVED
EXP-0001008,RPT-202311-0251,EMP-1007,Kiran Rao,Legal,CC-LEGAL-01,2023-11-06,2023-10-26,2023-10-30,Ground Transport,,Careem,Ahmedabad,,Ahmedabad,AMD,16.0,KM,,439,INR,439,1.0,Concur,Audit Review,MGR-L01,2023-11-07,APPROVED
EXP-0001009,RPT-202311-0251,EMP-1007,Kiran Rao,Legal,CC-LEGAL-01,2023-11-06,2023-10-26,2023-10-30,Ground Transport,,Ola,,,Ahmedabad,AMD,22.4,KM,,499,INR,499,1.0,Concur,Audit Review,MGR-L01,2023-11-07,APPROVED
EXP-0001010,RPT-202311-0251,EMP-1007,Kiran Rao,Legal,CC-LEGAL-01,2023-11-06,2023-10-26,2023-10-30,Ground Transport,,Rapido,Ahmedabad,,Ahmedabad,AMD,50.7,KM,,900,INR,900,1.0,Concur,Audit Review,MGR-L01,2023-11-07,APPROVED
EXP-0001011,RPT-202311-0252,EMP-1016,Dinesh Choudhary,Procurement,CC-PROC-01,2023-11-07,2023-10-25,2023-10-30,Airfare,Economy,Vistara,Mumbai,BOM,San Francisco,SFO,,KM,,13500,INR,13500,1.0,Concur,Legal Negotiation,MGR-P01,2023-11-09,APPROVED
EXP-0001012,RPT-202311-0252,EMP-1016,Dinesh Choudhary,Procurement,CC-PROC-01,2023-11-07,2023-10-25,2023-10-30,Hotel,,Ibis San Francisco,,,San Francisco,SFO,,,5,139000,INR,139000,1.0,Concur,Legal Negotiation,MGR-P01,2023-11-09,APPROVED
EXP-0001013,RPT-202311-0252,EMP-1016,Dinesh Choudhary,Procurement,CC-PROC-01,2023-11-07,2023-10-25,2023-10-30,Ground Transport,,Black Cab,San Francisco,,San Francisco,SFO,29.7,KM,,701,INR,701,1.0,Concur,Legal Negotiation,MGR-P01,2023-11-09,APPROVED
EXP-0001014,RPT-202311-0252,EMP-1016,Dinesh Choudhary,Procurement,CC-PROC-01,2023-11-07,2023-10-25,2023-10-30,Ground Transport,,Grab,,,San Francisco,SFO,18.8,KM,,369,INR,369,1.0,Concur,Legal Negotiation,MGR-P01,2023-11-09,APPROVED
EXP-0001015,RPT-202310-0253,EMP-1020,Sameer Khan,Legal,CC-LEGAL-01,2023-10-28,2023-10-20,2023-10-26,Airfare,Business,Emirates,Delhi,DEL,Frankfurt,FRA,,KM,,9800,INR,9800,1.0,Concur,Training Program,MGR-L01,2023-11-01,APPROVED
EXP-0001016,RPT-202310-0253,EMP-1020,Sameer Khan,Legal,CC-LEGAL-01,2023-10-28,2023-10-20,2023-10-26,Hotel,,Marriott Frankfurt,,,Frankfurt,FRA,,,6,176000,INR,176000,1.0,Concur,Training Program,MGR-L01,2023-11-01,APPROVED
EXP-0001017,RPT-202310-0253,EMP-1020,Sameer Khan,Legal,CC-LEGAL-01,2023-10-28,2023-10-20,2023-10-26,Ground Transport,,Local Taxi,Frankfurt,,Frankfurt,FRA,53.9,KM,,1550,INR,1550,1.0,Concur,Training Program,MGR-L01,2023-11-01,APPROVED
EXP-0001018,RPT-202310-0254,EMP-1017,Meera Pillai,Engineering,CC-ENG-02,2023-10-28,2023-10-17,2023-10-21,Airfare,Economy,IndiGo,Bangalore,BLR,Kolkata,CCU,,KM,,500,INR,500,1.0,Concur,Sales Pitch,MGR-E01,2023-10-30,APPROVED
EXP-0001019,RPT-202310-0254,EMP-1017,Meera Pillai,Engineering,CC-ENG-02,2023-10-28,2023-10-17,2023-10-21,Hotel,,Hilton Kolkata,,,Kolkata,CCU,,,4,31500,INR,31500,1.0,Concur,Sales Pitch,MGR-E01,2023-10-30,APPROVED
EXP-0001020,RPT-202310-0254,EMP-1017,Meera Pillai,Engineering,CC-ENG-02,2023-10-28,2023-10-17,2023-10-21,Ground Transport,,Metro Rail,Kolkata,,Kolkata,CCU,13.4,KM,,306,INR,306,1.0,Concur,Sales Pitch,MGR-E01,2023-10-30,APPROVED
EXP-0001021,RPT-202310-0254,EMP-1017,Meera Pillai,Engineering,CC-ENG-02,2023-10-28,2023-10-17,2023-10-21,Ground Transport,,Metro Rail,,,Kolkata,CCU,20.9,KM,,558,INR,558,1.0,Concur,Sales Pitch,MGR-E01,2023-10-30,APPROVED
EXP-0001022,RPT-202310-0255,EMP-1001,Rahul Sharma,Sales,CC-SALES-01,2023-10-21,2023-10-12,2023-10-18,Airfare,Economy,SpiceJet,Mumbai,BOM,Dubai,DXB,,KM,,1900,INR,1900,1.0,Concur,Operations Review,MGR-S01,2023-10-25,APPROVED
EXP-0001023,RPT-202310-0255,EMP-1001,Rahul Sharma,Sales,CC-SALES-01,2023-10-21,2023-10-12,2023-10-18,Hotel,,Radisson Dubai,,,Dubai,DXB,,,6,157000,INR,157000,1.0,Concur,Operations Review,MGR-S01,2023-10-25,APPROVED
EXP-0001024,RPT-202310-0255,EMP-1001,Rahul Sharma,Sales,CC-SALES-01,2023-10-21,2023-10-12,2023-10-18,Ground Transport,,Careem,Dubai,,Dubai,DXB,31.4,KM,,610,INR,610,1.0,Concur,Operations Review,MGR-S01,2023-10-25,APPROVED
EXP-0001025,RPT-202310-0255,EMP-1001,Rahul Sharma,Sales,CC-SALES-01,2023-10-21,2023-10-12,2023-10-18,Ground Transport,,Meru Cabs,,,Dubai,DXB,53.3,KM,,1158,INR,1158,1.0,Concur,Operations Review,MGR-S01,2023-10-25,APPROVED
EXP-0001026,RPT-202310-0256,EMP-1006,Deepa Iyer,Marketing,CC-MKT-01,2023-10-08,2023-10-05,2023-10-07,Airfare,Economy,SpiceJet,Mumbai,BOM,Delhi,DEL,,KM,,400,INR,400,1.0,Concur,Operations Review,MGR-M01,2023-10-10,APPROVED
EXP-0001027,RPT-202310-0256,EMP-1006,Deepa Iyer,Marketing,CC-MKT-01,2023-10-08,2023-10-05,2023-10-07,Hotel,,Taj Hotels Delhi,,,Delhi,DEL,,,2,16000,INR,16000,1.0,Concur,Operations Review,MGR-M01,2023-10-10,APPROVED
EXP-0001028,RPT-202310-0256,EMP-1006,Deepa Iyer,Marketing,CC-MKT-01,2023-10-08,2023-10-05,2023-10-07,Ground Transport,,Black Cab,Delhi,,Delhi,DEL,30.9,KM,,616,INR,616,1.0,Concur,Operations Review,MGR-M01,2023-10-10,APPROVED
EXP-0001029,RPT-202310-0256,EMP-1006,Deepa Iyer,Marketing,CC-MKT-01,2023-10-08,2023-10-05,2023-10-07,Ground Transport,,Local Taxi,,,Delhi,DEL,19.3,KM,,386,INR,386,1.0,Concur,Operations Review,MGR-M01,2023-10-10,APPROVED
EXP-0001030,RPT-202310-0256,EMP-1006,Deepa Iyer,Marketing,CC-MKT-01,2023-10-08,2023-10-05,2023-10-07,Ground Transport,,Ola,Delhi,,Delhi,DEL,22.5,KM,,413,INR,413,1.0,Concur,Operations Review,MGR-M01,2023-10-10,APPROVED
EXP-0001031,RPT-202311-0257,EMP-1001,Rahul Sharma,Sales,CC-SALES-01,2023-11-02,2023-10-24,2023-10-27,Airfare,Business,British Airways,Mumbai,BOM,San Francisco,SFO,,KM,,25900,INR,25900,1.0,Concur,HR Summit,MGR-S01,2023-11-04,APPROVED
EXP-0001032,RPT-202311-0257,EMP-1001,Rahul Sharma,Sales,CC-SALES-01,2023-11-02,2023-10-24,2023-10-27,Hotel,,Hilton San Francisco,,,San Francisco,SFO,,,3,65000,INR,65000,1.0,Concur,HR Summit,MGR-S01,2023-11-04,APPROVED
EXP-0001033,RPT-202311-0257,EMP-1001,Rahul Sharma,Sales,CC-SALES-01,2023-11-02,2023-10-24,2023-10-27,Ground Transport,,Yellow Cab,San Francisco,,San Francisco,SFO,45.9,KM,,809,INR,809,1.0,Concur,HR Summit,MGR-S01,2023-11-04,APPROVED
EXP-0001034,RPT-202311-0257,EMP-1001,Rahul Sharma,Sales,CC-SALES-01,2023-11-02,2023-10-24,2023-10-27,Ground Transport,,Black Cab,,,San Francisco,SFO,20.1,KM,,344,INR,344,1.0,Concur,HR Summit,MGR-S01,2023-11-04,APPROVED
EXP-0001035,RPT-202311-0257,EMP-1001,Rahul Sharma,Sales,CC-SALES-01,2023-11-02,2023-10-24,2023-10-27,Ground Transport,,Uber,San Francisco,,San Francisco,SFO,44.7,KM,,769,INR,769,1.0,Concur,HR Summit,MGR-S01,2023-11-04,APPROVED
EXP-0001036,RPT-202310-0258,EMP-1005,Vikram Nair,Operations,CC-OPS-01,2023-10-11,2023-10-02,2023-10-05,Airfare,Economy,Vistara,Chennai,MAA,Pune,PNQ,,KM,,200,INR,200,1.0,Concur,Annual Planning,MGR-O01,,PENDING
EXP-0001037,RPT-202310-0258,EMP-1005,Vikram Nair,Operations,CC-OPS-01,2023-10-11,2023-10-02,2023-10-05,Hotel,,Novotel Pune,,,Pune,PNQ,,,3,25000,INR,25000,1.0,Concur,Annual Planning,MGR-O01,,PENDING
EXP-0001038,RPT-202310-0258,EMP-1005,Vikram Nair,Operations,CC-OPS-01,2023-10-11,2023-10-02,2023-10-05,Ground Transport,,Black Cab,Pune,,Pune,PNQ,50.8,KM,,1435,INR,1435,1.0,Concur,Annual Planning,MGR-O01,,PENDING
EXP-0001039,RPT-202310-0259,EMP-1013,Nisha Verma,Engineering,CC-ENG-01,2023-10-13,2023-10-08,2023-10-09,Airfare,Economy,Vistara,Bangalore,BLR,Mumbai,BOM,,KM,,200,INR,200,1.0,Concur,Product Launch,MGR-E01,2023-10-17,APPROVED
EXP-0001040,RPT-202310-0259,EMP-1013,Nisha Verma,Engineering,CC-ENG-01,2023-10-13,2023-10-08,2023-10-09,Hotel,,Taj Hotels Mumbai,,,Mumbai,BOM,,,1,7500,INR,7500,1.0,Concur,Product Launch,MGR-E01,2023-10-17,APPROVED
EXP-0001041,RPT-202310-0259,EMP-1013,Nisha Verma,Engineering,CC-ENG-01,2023-10-13,2023-10-08,2023-10-09,Ground Transport,,Rapido,Mumbai,,Mumbai,BOM,47.0,KM,,1160,INR,1160,1.0,Concur,Product Launch,MGR-E01,2023-10-17,APPROVED
EXP-0001042,RPT-202310-0260,EMP-1012,Mohit Sharma,Finance,CC-FIN-01,2023-10-30,2023-10-19,2023-10-22,Airfare,Business,Emirates,Delhi,DEL,Kuala Lumpur,KUL,,KM,,6200,INR,6200,1.0,Concur,Operations Review,MGR-F01,2023-11-03,APPROVED
EXP-0001043,RPT-202310-0260,EMP-1012,Mohit Sharma,Finance,CC-FIN-01,2023-10-30,2023-10-19,2023-10-22,Hotel,,Ritz Carlton Kuala Lumpur,,,Kuala Lumpur,KUL,,,3,57500,INR,57500,1.0,Concur,Operations Review,MGR-F01,2023-11-03,APPROVED
EXP-0001044,RPT-202310-0260,EMP-1012,Mohit Sharma,Finance,CC-FIN-01,2023-10-30,2023-10-19,2023-10-22,Ground Transport,,Careem,Kuala Lumpur,,Kuala Lumpur,KUL,38.5,KM,,594,INR,594,1.0,Concur,Operations Review,MGR-F01,2023-11-03,APPROVED
EXP-0001045,RPT-202310-0260,EMP-1012,Mohit Sharma,Finance,CC-FIN-01,2023-10-30,2023-10-19,2023-10-22,Ground Transport,,Meru Cabs,,,Kuala Lumpur,KUL,39.1,KM,,1023,INR,1023,1.0,Concur,Operations Review,MGR-F01,2023-11-03,APPROVED
EXP-0001046,RPT-202310-0260,EMP-1012,Mohit Sharma,Finance,CC-FIN-01,2023-10-30,2023-10-19,2023-10-22,Ground Transport,,Rapido,Kuala Lumpur,,Kuala Lumpur,KUL,51.9,KM,,814,INR,814,1.0,Concur,Operations Review,MGR-F01,2023-11-03,APPROVED
EXP-0001047,RPT-202310-0261,EMP-1003,Amit Patel,Finance,CC-FIN-01,2023-10-20,2023-10-14,2023-10-16,Airfare,Business,Singapore Airlines,Delhi,DEL,Bangkok,BKK,,KM,,5100,INR,5100,1.0,Concur,Audit Review,MGR-F01,2023-10-21,APPROVED
EXP-0001048,RPT-202310-0261,EMP-1003,Amit Patel,Finance,CC-FIN-01,2023-10-20,2023-10-14,2023-10-16,Hotel,,Ibis Bangkok,,,Bangkok,BKK,,,2,63500,INR,63500,1.0,Concur,Audit Review,MGR-F01,2023-10-21,APPROVED
EXP-0001049,RPT-202310-0261,EMP-1003,Amit Patel,Finance,CC-FIN-01,2023-10-20,2023-10-14,2023-10-16,Ground Transport,,Careem,Bangkok,,Bangkok,BKK,29.1,KM,,777,INR,777,1.0,Concur,Audit Review,MGR-F01,2023-10-21,APPROVED
EXP-0001050,RPT-202310-0262,EMP-1017,Meera Pillai,Engineering,CC-ENG-02,2023-10-19,2023-10-13,2023-10-16,Airfare,Economy,Lufthansa,Bangalore,BLR,Tokyo,NRT,,KM,,6600,INR,6600,1.0,Concur,Budget Review,MGR-E01,2023-10-20,APPROVED
EXP-0001051,RPT-202310-0262,EMP-1017,Meera Pillai,Engineering,CC-ENG-02,2023-10-19,2023-10-13,2023-10-16,Hotel,,Ritz Carlton Tokyo,,,Tokyo,NRT,,,3,74500,INR,74500,1.0,Concur,Budget Review,MGR-E01,2023-10-20,APPROVED
EXP-0001052,RPT-202310-0262,EMP-1017,Meera Pillai,Engineering,CC-ENG-02,2023-10-19,2023-10-13,2023-10-16,Ground Transport,,Metro Rail,Tokyo,,Tokyo,NRT,14.2,KM,,296,INR,296,1.0,Concur,Budget Review,MGR-E01,2023-10-20,APPROVED
EXP-0001053,RPT-202310-0262,EMP-1017,Meera Pillai,Engineering,CC-ENG-02,2023-10-19,2023-10-13,2023-10-16,Ground Transport,,Rapido,,,Tokyo,NRT,29.3,KM,,688,INR,688,1.0,Concur,Budget Review,MGR-E01,2023-10-20,APPROVED
EXP-0001054,RPT-202311-0263,EMP-1013,Nisha Verma,Engineering,CC-ENG-01,2023-11-01,2023-10-26,2023-10-29,Airfare,Economy,British Airways,Bangalore,BLR,Hyderabad,HYD,,KM,,100,INR,100,1.0,Concur,Audit Review,MGR-E01,2023-11-04,APPROVED
EXP-0001055,RPT-202311-0263,EMP-1013,Nisha Verma,Engineering,CC-ENG-01,2023-11-01,2023-10-26,2023-10-29,Hotel,,Marriott Hyderabad,,,Hyderabad,HYD,,,3,23500,INR,23500,1.0,Concur,Audit Review,MGR-E01,2023-11-04,APPROVED
EXP-0001056,RPT-202311-0263,EMP-1013,Nisha Verma,Engineering,CC-ENG-01,2023-11-01,2023-10-26,2023-10-29,Ground Transport,,Ola,Hyderabad,,Hyderabad,HYD,17.0,KM,,452,INR,452,1.0,Concur,Audit Review,MGR-E01,2023-11-04,APPROVED
EXP-0001057,RPT-202310-0264,EMP-1007,Kiran Rao,Legal,CC-LEGAL-01,2023-10-16,2023-10-05,2023-10-09,Airfare,Economy,Go First,Delhi,DEL,Mumbai,BOM,,KM,,300,INR,300,1.0,Concur,Product Launch,MGR-L01,2023-10-18,APPROVED
EXP-0001058,RPT-202310-0264,EMP-1007,Kiran Rao,Legal,CC-LEGAL-01,2023-10-16,2023-10-05,2023-10-09,Hotel,,Novotel Mumbai,,,Mumbai,BOM,,,4,28500,INR,28500,1.0,Concur,Product Launch,MGR-L01,2023-10-18,APPROVED
EXP-0001059,RPT-202310-0264,EMP-1007,Kiran Rao,Legal,CC-LEGAL-01,2023-10-16,2023-10-05,2023-10-09,Ground Transport,,Rapido,Mumbai,,Mumbai,BOM,16.1,KM,,441,INR,441,1.0,Concur,Product Launch,MGR-L01,2023-10-18,APPROVED
EXP-0001060,RPT-202310-0265,EMP-1019,Pooja Desai,Operations,CC-OPS-01,2023-10-29,2023-10-19,2023-10-21,Airfare,Economy,SpiceJet,Chennai,MAA,Pune,PNQ,,KM,,200,INR,200,1.0,Concur,Tech Conference,MGR-O01,2023-11-01,APPROVED
EXP-0001061,RPT-202310-0265,EMP-1019,Pooja Desai,Operations,CC-OPS-01,2023-10-29,2023-10-19,2023-10-21,Hotel,,Novotel Pune,,,Pune,PNQ,,,2,10000,INR,10000,1.0,Concur,Tech Conference,MGR-O01,2023-11-01,APPROVED
EXP-0001062,RPT-202310-0265,EMP-1019,Pooja Desai,Operations,CC-OPS-01,2023-10-29,2023-10-19,2023-10-21,Ground Transport,,Metro Rail,Pune,,Pune,PNQ,19.8,KM,,522,INR,522,1.0,Concur,Tech Conference,MGR-O01,2023-11-01,APPROVED
EXP-0001063,RPT-202310-0265,EMP-1019,Pooja Desai,Operations,CC-OPS-01,2023-10-29,2023-10-19,2023-10-21,Ground Transport,,Uber,,,Pune,PNQ,16.4,KM,,315,INR,315,1.0,Concur,Tech Conference,MGR-O01,2023-11-01,APPROVED
EXP-0001064,RPT-202311-0266,EMP-1014,Suresh Babu,Sales,CC-SALES-03,2023-11-07,2023-10-28,2023-11-01,Airfare,Economy,IndiGo,Mumbai,,Hyderabad,HYD,,KM,,200,INR,200,1.0,Concur,Board Review,MGR-S02,2023-11-08,APPROVED
EXP-0001065,RPT-202311-0266,EMP-1014,Suresh Babu,Sales,CC-SALES-03,2023-11-07,2023-10-28,2023-11-01,Hotel,,Taj Hotels Hyderabad,,,Hyderabad,HYD,,,4,28000,INR,28000,1.0,Concur,Board Review,MGR-S02,2023-11-08,APPROVED
EXP-0001066,RPT-202311-0266,EMP-1014,Suresh Babu,Sales,CC-SALES-03,2023-11-07,2023-10-28,2023-11-01,Ground Transport,,Black Cab,Hyderabad,,Hyderabad,HYD,31.9,KM,,931,INR,931,1.0,Concur,Board Review,MGR-S02,2023-11-08,APPROVED
EXP-0001067,RPT-202311-0266,EMP-1014,Suresh Babu,Sales,CC-SALES-03,2023-11-07,2023-10-28,2023-11-01,Ground Transport,,Ola,,,Hyderabad,HYD,52.2,KM,,990,INR,990,1.0,Concur,Board Review,MGR-S02,2023-11-08,APPROVED
EXP-0001068,RPT-202311-0266,EMP-1014,Suresh Babu,Sales,CC-SALES-03,2023-11-07,2023-10-28,2023-11-01,Ground Transport,,Metro Rail,Hyderabad,,Hyderabad,HYD,26.7,KM,,676,INR,676,1.0,Concur,Board Review,MGR-S02,2023-11-08,APPROVED
EXP-0001069,RPT-202310-0267,EMP-1008,Arjun Mehta,Engineering,CC-ENG-02,2023-10-14,2023-10-08,2023-10-12,Airfare,Economy,Vistara,Bangalore,BLR,Delhi,DEL,,KM,,400,INR,400,1.0,Concur,Team Offsite,MGR-E01,2023-10-16,APPROVED
EXP-0001070,RPT-202310-0267,EMP-1008,Arjun Mehta,Engineering,CC-ENG-02,2023-10-14,2023-10-08,2023-10-12,Hotel,,Taj Hotels Delhi,,,Delhi,DEL,,,4,26000,INR,26000,1.0,Concur,Team Offsite,MGR-E01,2023-10-16,APPROVED
EXP-0001071,RPT-202310-0267,EMP-1008,Arjun Mehta,Engineering,CC-ENG-02,2023-10-14,2023-10-08,2023-10-12,Ground Transport,,Ola,Delhi,,Delhi,DEL,18.6,KM,,344,INR,344,1.0,Concur,Team Offsite,MGR-E01,2023-10-16,APPROVED
EXP-0001072,RPT-202311-0268,EMP-1003,Amit Patel,Finance,CC-FIN-01,2023-11-01,2023-10-26,2023-10-29,Airfare,Economy,British Airways,Delhi,DEL,Hyderabad,HYD,,KM,,400,INR,400,1.0,Concur,Vendor Meeting,MGR-F01,2023-11-05,APPROVED
EXP-0001073,RPT-202311-0268,EMP-1003,Amit Patel,Finance,CC-FIN-01,2023-11-01,2023-10-26,2023-10-29,Hotel,,Taj Hotels Hyderabad,,,Hyderabad,HYD,,,3,20500,INR,20500,1.0,Concur,Vendor Meeting,MGR-F01,2023-11-05,APPROVED
EXP-0001074,RPT-202311-0268,EMP-1003,Amit Patel,Finance,CC-FIN-01,2023-11-01,2023-10-26,2023-10-29,Ground Transport,,Careem,Hyderabad,,Hyderabad,HYD,45.0,KM,,1255,INR,1255,1.0,Concur,Vendor Meeting,MGR-F01,2023-11-05,APPROVED
EXP-0001075,RPT-202311-0269,EMP-1016,Dinesh Choudhary,Procurement,CC-PROC-01,2023-11-04,2023-10-23,2023-10-30,Airfare,Economy,Singapore Airlines,Mumbai,BOM,London,LHR,,KM,,5900,INR,5900,1.0,Concur,Training Program,MGR-P01,2023-11-07,APPROVED
EXP-0001076,RPT-202311-0269,EMP-1016,Dinesh Choudhary,Procurement,CC-PROC-01,2023-11-04,2023-10-23,2023-10-30,Hotel,,Hilton London,,,London,LHR,,,7,118500,INR,118500,1.0,Concur,Training Program,MGR-P01,2023-11-07,APPROVED
EXP-0001077,RPT-202311-0269,EMP-1016,Dinesh Choudhary,Procurement,CC-PROC-01,2023-11-04,2023-10-23,2023-10-30,Ground Transport,,Metro Rail,London,,London,LHR,53.2,KM,,1474,INR,1474,1.0,Concur,Training Program,MGR-P01,2023-11-07,APPROVED
EXP-0001078,RPT-202312-0270,EMP-1011,Anjali Singh,Marketing,CC-MKT-01,2023-12-04,2023-11-27,2023-11-28,Airfare,Economy,Vistara,Mumbai,BOM,Pune,PNQ,,KM,,0,INR,0,1.0,Concur,Vendor Meeting,MGR-M01,2023-12-06,APPROVED
EXP-0001079,RPT-202312-0270,EMP-1011,Anjali Singh,Marketing,CC-MKT-01,2023-12-04,2023-11-27,2023-11-28,Hotel,,Le Meridien Pune,,,Pune,PNQ,,,1,5500,INR,5500,1.0,Concur,Vendor Meeting,MGR-M01,2023-12-06,APPROVED
EXP-0001080,RPT-202312-0270,EMP-1011,Anjali Singh,Marketing,CC-MKT-01,2023-12-04,2023-11-27,2023-11-28,Ground Transport,,Black Cab,Pune,,Pune,PNQ,19.5,KM,,508,INR,508,1.0,Concur,Vendor Meeting,MGR-M01,2023-12-06,APPROVED
EXP-0001081,RPT-202312-0270,EMP-1011,Anjali Singh,Marketing,CC-MKT-01,2023-12-04,2023-11-27,2023-11-28,Ground Transport,,Meru Cabs,,,Pune,PNQ,28.6,KM,,471,INR,471,1.0,Concur,Vendor Meeting,MGR-M01,2023-12-06,APPROVED
EXP-0001082,RPT-202311-0271,EMP-1015,Kavita Joshi,HR,CC-HR-01,2023-11-25,2023-11-17,2023-11-24,Airfare,Business,Emirates,Delhi,DEL,Dubai,DXB,,KM,,3600,INR,3600,1.0,Concur,HR Summit,MGR-H01,2023-11-26,APPROVED
EXP-0001083,RPT-202311-0271,EMP-1015,Kavita Joshi,HR,CC-HR-01,2023-11-25,2023-11-17,2023-11-24,Hotel,,Hyatt Dubai,,,Dubai,DXB,,,7,89500,INR,89500,1.0,Concur,HR Summit,MGR-H01,2023-11-26,APPROVED
EXP-0001084,RPT-202311-0271,EMP-1015,Kavita Joshi,HR,CC-HR-01,2023-11-25,2023-11-17,2023-11-24,Ground Transport,,Metro Rail,Dubai,,Dubai,DXB,49.8,KM,,1457,INR,1457,1.0,Concur,HR Summit,MGR-H01,2023-11-26,APPROVED
EXP-0001085,RPT-202311-0271,EMP-1015,Kavita Joshi,HR,CC-HR-01,2023-11-25,2023-11-17,2023-11-24,Ground Transport,,Uber,,,Dubai,DXB,41.9,KM,,1094,INR,1094,1.0,Concur,HR Summit,MGR-H01,2023-11-26,APPROVED
EXP-0001086,RPT-202311-0271,EMP-1015,Kavita Joshi,HR,CC-HR-01,2023-11-25,2023-11-17,2023-11-24,Ground Transport,,Yellow Cab,Dubai,,Dubai,DXB,43.5,KM,,1002,INR,1002,1.0,Concur,HR Summit,MGR-H01,2023-11-26,APPROVED
EXP-0001087,RPT-202311-0272,EMP-1017,Meera Pillai,Engineering,CC-ENG-02,2023-11-21,2023-11-15,2023-11-17,Airfare,Economy,Go First,Bangalore,BLR,Chennai,MAA,,KM,,100,INR,100,1.0,Concur,Client Meeting,MGR-E01,2023-11-23,APPROVED
EXP-0001088,RPT-202311-0272,EMP-1017,Meera Pillai,Engineering,CC-ENG-02,2023-11-21,2023-11-15,2023-11-17,Hotel,,JW Marriott Chennai,,,Chennai,MAA,,,2,13500,INR,13500,1.0,Concur,Client Meeting,MGR-E01,2023-11-23,APPROVED
EXP-0001089,RPT-202311-0272,EMP-1017,Meera Pillai,Engineering,CC-ENG-02,2023-11-21,2023-11-15,2023-11-17,Ground Transport,,Careem,Chennai,,Chennai,MAA,48.9,KM,,1145,INR,1145,1.0,Concur,Client Meeting,MGR-E01,2023-11-23,APPROVED
EXP-0001090,RPT-202311-0272,EMP-1017,Meera Pillai,Engineering,CC-ENG-02,2023-11-21,2023-11-15,2023-11-17,Ground Transport,,Black Cab,,,Chennai,MAA,10.6,KM,,286,INR,286,1.0,Concur,Client Meeting,MGR-E01,2023-11-23,APPROVED
EXP-0001091,RPT-202311-0272,EMP-1017,Meera Pillai,Engineering,CC-ENG-02,2023-11-21,2023-11-15,2023-11-17,Ground Transport,,Yellow Cab,Chennai,,Chennai,MAA,37.1,KM,,726,INR,726,1.0,Concur,Client Meeting,MGR-E01,2023-11-23,APPROVED
EXP-0001092,RPT-202312-0273,EMP-1006,Deepa Iyer,Marketing,CC-MKT-01,2023-12-04,2023-11-23,2023-11-27,Airfare,Economy,Qatar Airways,Mumbai,BOM,Pune,PNQ,,KM,,0,INR,0,1.0,Concur,Tech Conference,MGR-M01,2023-12-06,APPROVED
EXP-0001093,RPT-202312-0273,EMP-1006,Deepa Iyer,Marketing,CC-MKT-01,2023-12-04,2023-11-23,2023-11-27,Hotel,,Hilton Pune,,,Pune,PNQ,,,4,33000,INR,33000,1.0,Concur,Tech Conference,MGR-M01,2023-12-06,APPROVED
EXP-0001094,RPT-202312-0273,EMP-1006,Deepa Iyer,Marketing,CC-MKT-01,2023-12-04,2023-11-23,2023-11-27,Ground Transport,,Black Cab,Pune,,Pune,PNQ,12.7,KM,,245,INR,245,1.0,Concur,Tech Conference,MGR-M01,2023-12-06,APPROVED
EXP-0001095,RPT-202311-0274,EMP-1019,Pooja Desai,Operations,CC-OPS-01,2023-11-13,2023-11-05,2023-11-07,Airfare,Economy,IndiGo,Chennai,MAA,Pune,PNQ,,KM,,300,INR,300,1.0,Concur,Legal Negotiation,MGR-O01,2023-11-15,APPROVED
EXP-0001096,RPT-202311-0274,EMP-1019,Pooja Desai,Operations,CC-OPS-01,2023-11-13,2023-11-05,2023-11-07,Hotel,,Hilton Pune,,,Pune,PNQ,,,2,12500,INR,12500,1.0,Concur,Legal Negotiation,MGR-O01,2023-11-15,APPROVED
EXP-0001097,RPT-202311-0274,EMP-1019,Pooja Desai,Operations,CC-OPS-01,2023-11-13,2023-11-05,2023-11-07,Ground Transport,,Ola,Pune,,Pune,PNQ,45.9,KM,,1027,INR,1027,1.0,Concur,Legal Negotiation,MGR-O01,2023-11-15,APPROVED
EXP-0001098,RPT-202311-0275,EMP-1007,Kiran Rao,Legal,CC-LEGAL-01,2023-11-21,2023-11-11,2023-11-13,Airfare,Business,SpiceJet,Delhi,DEL,Paris,CDG,,KM,,11600,INR,11600,1.0,Concur,Board Review,MGR-L01,2023-11-25,APPROVED
EXP-0001099,RPT-202311-0275,EMP-1007,Kiran Rao,Legal,CC-LEGAL-01,2023-11-21,2023-11-11,2023-11-13,Hotel,,Marriott Paris,,,Paris,CDG,,,2,56500,INR,56500,1.0,Concur,Board Review,MGR-L01,2023-11-25,APPROVED
EXP-0001100,RPT-202311-0275,EMP-1007,Kiran Rao,Legal,CC-LEGAL-01,2023-11-21,2023-11-11,2023-11-13,Ground Transport,,Careem,Paris,,Paris,CDG,50.6,KM,,999,INR,999,1.0,Concur,Board Review,MGR-L01,2023-11-25,APPROVED
EXP-0001101,RPT-202311-0275,EMP-1007,Kiran Rao,Legal,CC-LEGAL-01,2023-11-21,2023-11-11,2023-11-13,Ground Transport,,Local Taxi,,,Paris,CDG,35.4,KM,,819,INR,819,1.0,Concur,Board Review,MGR-L01,2023-11-25,APPROVED
EXP-0001102,RPT-202311-0275,EMP-1007,Kiran Rao,Legal,CC-LEGAL-01,2023-11-21,2023-11-11,2023-11-13,Ground Transport,,Uber,Paris,,Paris,CDG,22.3,KM,,475,INR,475,1.0,Concur,Board Review,MGR-L01,2023-11-25,APPROVED
EXP-0001103,RPT-202311-0276,EMP-1008,Arjun Mehta,Engineering,CC-ENG-02,2023-11-27,2023-11-21,2023-11-25,Airfare,Business,Emirates,Bangalore,BLR,Pune,PNQ,,KM,,300,INR,300,1.0,Concur,Audit Review,MGR-E01,2023-11-30,APPROVED
EXP-0001104,RPT-202311-0276,EMP-1008,Arjun Mehta,Engineering,CC-ENG-02,2023-11-27,2023-11-21,2023-11-25,Hotel,,Le Meridien Pune,,,Pune,PNQ,,,4,25500,INR,25500,1.0,Concur,Audit Review,MGR-E01,2023-11-30,APPROVED
EXP-0001105,RPT-202311-0276,EMP-1008,Arjun Mehta,Engineering,CC-ENG-02,2023-11-27,2023-11-21,2023-11-25,Ground Transport,,Uber,Pune,,Pune,PNQ,50.2,KM,,987,INR,987,1.0,Concur,Audit Review,MGR-E01,2023-11-30,APPROVED
EXP-0001106,RPT-202311-0276,EMP-1008,Arjun Mehta,Engineering,CC-ENG-02,2023-11-27,2023-11-21,2023-11-25,Ground Transport,,Careem,,,Pune,PNQ,43.0,KM,,1024,INR,1024,1.0,Concur,Audit Review,MGR-E01,2023-11-30,APPROVED
EXP-0001107,RPT-202311-0276,EMP-1008,Arjun Mehta,Engineering,CC-ENG-02,2023-11-27,2023-11-21,2023-11-25,Ground Transport,,Ola,Pune,,Pune,PNQ,14.8,KM,,277,INR,277,1.0,Concur,Audit Review,MGR-E01,2023-11-30,APPROVED
EXP-0001108,RPT-202311-0277,EMP-1007,Kiran Rao,Legal,CC-LEGAL-01,2023-11-25,2023-11-15,2023-11-18,Airfare,Economy,IndiGo,Delhi,DEL,Hyderabad,HYD,,KM,,400,INR,400,1.0,Concur,Budget Review,MGR-L01,,PENDING
EXP-0001109,RPT-202311-0277,EMP-1007,Kiran Rao,Legal,CC-LEGAL-01,2023-11-25,2023-11-15,2023-11-18,Hotel,,Marriott Hyderabad,,,Hyderabad,HYD,,,3,14000,INR,14000,1.0,Concur,Budget Review,MGR-L01,,PENDING
EXP-0001110,RPT-202311-0277,EMP-1007,Kiran Rao,Legal,CC-LEGAL-01,2023-11-25,2023-11-15,2023-11-18,Ground Transport,,Metro Rail,Hyderabad,,Hyderabad,HYD,15.7,KM,,410,INR,410,1.0,Concur,Budget Review,MGR-L01,,PENDING
EXP-0001111,RPT-202311-0277,EMP-1007,Kiran Rao,Legal,CC-LEGAL-01,2023-11-25,2023-11-15,2023-11-18,Ground Transport,,Yellow Cab,,,Hyderabad,HYD,52.8,KM,,1568,INR,1568,1.0,Concur,Budget Review,MGR-L01,,PENDING
EXP-0001112,RPT-202311-0277,EMP-1007,Kiran Rao,Legal,CC-LEGAL-01,2023-11-25,2023-11-15,2023-11-18,Ground Transport,,Local Taxi,Hyderabad,,Hyderabad,HYD,45.2,KM,,935,INR,935,1.0,Concur,Budget Review,MGR-L01,,PENDING
EXP-0001113,RPT-202311-0278,EMP-1001,Rahul Sharma,Sales,CC-SALES-01,2023-11-24,2023-11-20,2023-11-23,Airfare,Business,Vistara,Mumbai,BOM,Kolkata,CCU,,KM,,900,INR,900,1.0,Concur,Annual Planning,MGR-S01,2023-11-28,APPROVED
EXP-0001114,RPT-202311-0278,EMP-1001,Rahul Sharma,Sales,CC-SALES-01,2023-11-24,2023-11-20,2023-11-23,Hotel,,Hilton Kolkata,,,Kolkata,CCU,,,3,21000,INR,21000,1.0,Concur,Annual Planning,MGR-S01,2023-11-28,APPROVED
EXP-0001115,RPT-202311-0278,EMP-1001,Rahul Sharma,Sales,CC-SALES-01,2023-11-24,2023-11-20,2023-11-23,Ground Transport,,Careem,Kolkata,,Kolkata,CCU,40.9,KM,,1007,INR,1007,1.0,Concur,Annual Planning,MGR-S01,2023-11-28,APPROVED
EXP-0001116,RPT-202311-0278,EMP-1001,Rahul Sharma,Sales,CC-SALES-01,2023-11-24,2023-11-20,2023-11-23,Ground Transport,,Grab,,,Kolkata,CCU,49.3,KM,,1333,INR,1333,1.0,Concur,Annual Planning,MGR-S01,2023-11-28,APPROVED
EXP-0001117,RPT-202312-0279,EMP-1005,Vikram Nair,Operations,CC-OPS-01,2023-12-03,2023-11-27,2023-11-29,Airfare,Economy,Emirates,Chennai,MAA,Kuala Lumpur,KUL,,KM,,2700,INR,2700,1.0,Concur,Sales Pitch,MGR-O01,2023-12-05,APPROVED
EXP-0001118,RPT-202312-0279,EMP-1005,Vikram Nair,Operations,CC-OPS-01,2023-12-03,2023-11-27,2023-11-29,Hotel,,Hyatt Kuala Lumpur,,,Kuala Lumpur,KUL,,,2,28000,INR,28000,1.0,Concur,Sales Pitch,MGR-O01,2023-12-05,APPROVED
EXP-0001119,RPT-202312-0279,EMP-1005,Vikram Nair,Operations,CC-OPS-01,2023-12-03,2023-11-27,2023-11-29,Ground Transport,,Ola,Kuala Lumpur,,Kuala Lumpur,KUL,20.4,KM,,437,INR,437,1.0,Concur,Sales Pitch,MGR-O01,2023-12-05,APPROVED
EXP-0001120,RPT-202312-0279,EMP-1005,Vikram Nair,Operations,CC-OPS-01,2023-12-03,2023-11-27,2023-11-29,Ground Transport,,Careem,,,Kuala Lumpur,KUL,43.7,KM,,830,INR,830,1.0,Concur,Sales Pitch,MGR-O01,2023-12-05,APPROVED
EXP-0001121,RPT-202312-0279,EMP-1005,Vikram Nair,Operations,CC-OPS-01,2023-12-03,2023-11-27,2023-11-29,Ground Transport,,Grab,Kuala Lumpur,,Kuala Lumpur,KUL,31.2,KM,,845,INR,845,1.0,Concur,Sales Pitch,MGR-O01,2023-12-05,APPROVED
EXP-0001122,RPT-202311-0280,EMP-1005,Vikram Nair,Operations,CC-OPS-01,2023-11-27,2023-11-18,2023-11-19,Airfare,Economy,IndiGo,Chennai,MAA,Pune,PNQ,,KM,,300,INR,300,1.0,Concur,Client Meeting,MGR-O01,2023-12-01,APPROVED
EXP-0001123,RPT-202311-0280,EMP-1005,Vikram Nair,Operations,CC-OPS-01,2023-11-27,2023-11-18,2023-11-19,Hotel,,Westin Pune,,,Pune,PNQ,,,1,6000,INR,6000,1.0,Concur,Client Meeting,MGR-O01,2023-12-01,APPROVED
EXP-0001124,RPT-202311-0280,EMP-1005,Vikram Nair,Operations,CC-OPS-01,2023-11-27,2023-11-18,2023-11-19,Ground Transport,,Metro Rail,Pune,,Pune,PNQ,29.2,KM,,522,INR,522,1.0,Concur,Client Meeting,MGR-O01,2023-12-01,APPROVED
EXP-0001125,RPT-202311-0281,EMP-1010,Ravi Krishnan,Operations,CC-OPS-02,2023-11-06,2023-11-01,2023-11-05,Airfare,Business,IndiGo,Chennai,,Pune,PNQ,,KM,,500,INR,500,1.0,Concur,Board Review,MGR-O01,,PENDING
EXP-0001126,RPT-202311-0281,EMP-1010,Ravi Krishnan,Operations,CC-OPS-02,2023-11-06,2023-11-01,2023-11-05,Hotel,,Westin Pune,,,Pune,PNQ,,,4,23500,INR,23500,1.0,Concur,Board Review,MGR-O01,,PENDING
EXP-0001127,RPT-202311-0281,EMP-1010,Ravi Krishnan,Operations,CC-OPS-02,2023-11-06,2023-11-01,2023-11-05,Ground Transport,,Local Taxi,Pune,,Pune,PNQ,35.1,KM,,971,INR,971,1.0,Concur,Board Review,MGR-O01,,PENDING
EXP-0001128,RPT-202311-0282,EMP-1008,Arjun Mehta,Engineering,CC-ENG-02,2023-11-11,2023-11-05,2023-11-08,Airfare,Business,SpiceJet,Bangalore,BLR,Pune,PNQ,,KM,,400,INR,400,1.0,Concur,Vendor Meeting,MGR-E01,2023-11-13,APPROVED
EXP-0001129,RPT-202311-0282,EMP-1008,Arjun Mehta,Engineering,CC-ENG-02,2023-11-11,2023-11-05,2023-11-08,Hotel,,Novotel Pune,,,Pune,PNQ,,,3,13500,INR,13500,1.0,Concur,Vendor Meeting,MGR-E01,2023-11-13,APPROVED
EXP-0001130,RPT-202311-0282,EMP-1008,Arjun Mehta,Engineering,CC-ENG-02,2023-11-11,2023-11-05,2023-11-08,Ground Transport,,Meru Cabs,Pune,,Pune,PNQ,43.2,KM,,813,INR,813,1.0,Concur,Vendor Meeting,MGR-E01,2023-11-13,APPROVED
EXP-0001131,RPT-202311-0282,EMP-1008,Arjun Mehta,Engineering,CC-ENG-02,2023-11-11,2023-11-05,2023-11-08,Ground Transport,,Grab,,,Pune,PNQ,41.5,KM,,631,INR,631,1.0,Concur,Vendor Meeting,MGR-E01,2023-11-13,APPROVED
EXP-0001132,RPT-202311-0282,EMP-1008,Arjun Mehta,Engineering,CC-ENG-02,2023-11-11,2023-11-05,2023-11-08,Ground Transport,,Rapido,Pune,,Pune,PNQ,18.1,KM,,540,INR,540,1.0,Concur,Vendor Meeting,MGR-E01,2023-11-13,APPROVED
EXP-0001133,RPT-202311-0283,EMP-1004,Sneha Reddy,HR,CC-HR-01,2023-11-18,2023-11-10,2023-11-11,Airfare,Economy,Vistara,Delhi,DEL,Mumbai,BOM,,KM,,400,INR,400,1.0,Concur,Tech Conference,MGR-H01,2023-11-22,APPROVED
EXP-0001134,RPT-202311-0283,EMP-1004,Sneha Reddy,HR,CC-HR-01,2023-11-18,2023-11-10,2023-11-11,Hotel,,Hilton Mumbai,,,Mumbai,BOM,,,1,5000,INR,5000,1.0,Concur,Tech Conference,MGR-H01,2023-11-22,APPROVED
EXP-0001135,RPT-202311-0283,EMP-1004,Sneha Reddy,HR,CC-HR-01,2023-11-18,2023-11-10,2023-11-11,Ground Transport,,Careem,Mumbai,,Mumbai,BOM,24.3,KM,,459,INR,459,1.0,Concur,Tech Conference,MGR-H01,2023-11-22,APPROVED
EXP-0001136,RPT-202311-0284,EMP-1005,Vikram Nair,Operations,CC-OPS-01,2023-11-30,2023-11-24,2023-11-27,Airfare,Economy,Air India,Chennai,MAA,Mumbai,BOM,,KM,,300,INR,300,1.0,Concur,HR Summit,MGR-O01,2023-12-02,APPROVED
EXP-0001137,RPT-202311-0284,EMP-1005,Vikram Nair,Operations,CC-OPS-01,2023-11-30,2023-11-24,2023-11-27,Hotel,,JW Marriott Mumbai,,,Mumbai,BOM,,,3,21500,INR,21500,1.0,Concur,HR Summit,MGR-O01,2023-12-02,APPROVED
EXP-0001138,RPT-202311-0284,EMP-1005,Vikram Nair,Operations,CC-OPS-01,2023-11-30,2023-11-24,2023-11-27,Ground Transport,,Metro Rail,Mumbai,,Mumbai,BOM,40.9,KM,,1065,INR,1065,1.0,Concur,HR Summit,MGR-O01,2023-12-02,APPROVED
EXP-0001139,RPT-202311-0285,EMP-1006,Deepa Iyer,Marketing,CC-MKT-01,2023-11-13,2023-11-03,2023-11-05,Airfare,Economy,Vistara,Mumbai,BOM,Pune,PNQ,,KM,,0,INR,0,1.0,Concur,Partner Integration,MGR-M01,,PENDING
EXP-0001140,RPT-202311-0285,EMP-1006,Deepa Iyer,Marketing,CC-MKT-01,2023-11-13,2023-11-03,2023-11-05,Hotel,,Hyatt Regency Pune,,,Pune,PNQ,,,2,12000,INR,12000,1.0,Concur,Partner Integration,MGR-M01,,PENDING
EXP-0001141,RPT-202311-0285,EMP-1006,Deepa Iyer,Marketing,CC-MKT-01,2023-11-13,2023-11-03,2023-11-05,Ground Transport,,Yellow Cab,Pune,,Pune,PNQ,21.2,KM,,505,INR,505,1.0,Concur,Partner Integration,MGR-M01,,PENDING
EXP-0001142,RPT-202311-0286,EMP-1016,Dinesh Choudhary,Procurement,CC-PROC-01,2023-11-24,2023-11-19,2023-11-23,Airfare,Business,IndiGo,Mumbai,BOM,Kolkata,CCU,,KM,,900,INR,900,1.0,Concur,HR Summit,MGR-P01,2023-11-27,APPROVED
EXP-0001143,RPT-202311-0286,EMP-1016,Dinesh Choudhary,Procurement,CC-PROC-01,2023-11-24,2023-11-19,2023-11-23,Hotel,,Novotel Kolkata,,,Kolkata,CCU,,,4,33000,INR,33000,1.0,Concur,HR Summit,MGR-P01,2023-11-27,APPROVED
EXP-0001144,RPT-202311-0286,EMP-1016,Dinesh Choudhary,Procurement,CC-PROC-01,2023-11-24,2023-11-19,2023-11-23,Ground Transport,,Black Cab,Kolkata,,Kolkata,CCU,25.3,KM,,385,INR,385,1.0,Concur,HR Summit,MGR-P01,2023-11-27,APPROVED
EXP-0001145,RPT-202312-0287,EMP-1009,Sunita Gupta,Sales,CC-SALES-02,2023-12-01,2023-11-25,2023-11-28,Airfare,Business,SpiceJet,Mumbai,BOM,Chennai,MAA,,KM,,500,INR,500,1.0,Concur,Team Offsite,MGR-S01,2023-12-03,APPROVED
EXP-0001146,RPT-202312-0287,EMP-1009,Sunita Gupta,Sales,CC-SALES-02,2023-12-01,2023-11-25,2023-11-28,Hotel,,Hyatt Regency Chennai,,,Chennai,MAA,,,3,17500,INR,17500,1.0,Concur,Team Offsite,MGR-S01,2023-12-03,APPROVED
EXP-0001147,RPT-202312-0287,EMP-1009,Sunita Gupta,Sales,CC-SALES-02,2023-12-01,2023-11-25,2023-11-28,Ground Transport,,Careem,Chennai,,Chennai,MAA,31.5,KM,,522,INR,522,1.0,Concur,Team Offsite,MGR-S01,2023-12-03,APPROVED
EXP-0001148,RPT-202312-0287,EMP-1009,Sunita Gupta,Sales,CC-SALES-02,2023-12-01,2023-11-25,2023-11-28,Ground Transport,,Uber,,,Chennai,MAA,37.4,KM,,606,INR,606,1.0,Concur,Team Offsite,MGR-S01,2023-12-03,APPROVED
EXP-0001149,RPT-202311-0288,EMP-1001,Rahul Sharma,Sales,CC-SALES-01,2023-11-26,2023-11-18,2023-11-22,Airfare,Economy,Singapore Airlines,Mumbai,BOM,Kolkata,CCU,,KM,,400,INR,400,1.0,Concur,HR Summit,MGR-S01,2023-11-27,APPROVED
EXP-0001150,RPT-202311-0288,EMP-1001,Rahul Sharma,Sales,CC-SALES-01,2023-11-26,2023-11-18,2023-11-22,Hotel,,Westin Kolkata,,,Kolkata,CCU,,,4,20500,INR,20500,1.0,Concur,HR Summit,MGR-S01,2023-11-27,APPROVED
EXP-0001151,RPT-202311-0288,EMP-1001,Rahul Sharma,Sales,CC-SALES-01,2023-11-26,2023-11-18,2023-11-22,Ground Transport,,Meru Cabs,Kolkata,,Kolkata,CCU,13.5,KM,,323,INR,323,1.0,Concur,HR Summit,MGR-S01,2023-11-27,APPROVED
EXP-0001152,RPT-202311-0288,EMP-1001,Rahul Sharma,Sales,CC-SALES-01,2023-11-26,2023-11-18,2023-11-22,Ground Transport,,Meru Cabs,,,Kolkata,CCU,28.4,KM,,672,INR,672,1.0,Concur,HR Summit,MGR-S01,2023-11-27,APPROVED
EXP-0001153,RPT-202311-0289,EMP-1020,Sameer Khan,Legal,CC-LEGAL-01,2023-11-29,2023-11-21,2023-11-25,Airfare,Business,British Airways,Delhi,DEL,Chennai,MAA,,KM,,900,INR,900,1.0,Concur,Board Review,MGR-L01,2023-12-01,APPROVED
EXP-0001154,RPT-202311-0289,EMP-1020,Sameer Khan,Legal,CC-LEGAL-01,2023-11-29,2023-11-21,2023-11-25,Hotel,,Hilton Chennai,,,Chennai,MAA,,,4,27500,INR,27500,1.0,Concur,Board Review,MGR-L01,2023-12-01,APPROVED
EXP-0001155,RPT-202311-0289,EMP-1020,Sameer Khan,Legal,CC-LEGAL-01,2023-11-29,2023-11-21,2023-11-25,Ground Transport,,Meru Cabs,Chennai,,Chennai,MAA,13.7,KM,,389,INR,389,1.0,Concur,Board Review,MGR-L01,2023-12-01,APPROVED
EXP-0001156,RPT-202311-0289,EMP-1020,Sameer Khan,Legal,CC-LEGAL-01,2023-11-29,2023-11-21,2023-11-25,Ground Transport,,Black Cab,,,Chennai,MAA,47.9,KM,,1215,INR,1215,1.0,Concur,Board Review,MGR-L01,2023-12-01,APPROVED
EXP-0001157,RPT-202311-0289,EMP-1020,Sameer Khan,Legal,CC-LEGAL-01,2023-11-29,2023-11-21,2023-11-25,Ground Transport,,Meru Cabs,Chennai,,Chennai,MAA,37.1,KM,,716,INR,716,1.0,Concur,Board Review,MGR-L01,2023-12-01,APPROVED
EXP-0001158,RPT-202312-0290,EMP-1012,Mohit Sharma,Finance,CC-FIN-01,2023-12-21,2023-12-14,2023-12-15,Airfare,Economy,Air India,Delhi,DEL,Pune,PNQ,,KM,,400,INR,400,1.0,Concur,Operations Review,MGR-F01,2023-12-22,APPROVED
EXP-0001159,RPT-202312-0290,EMP-1012,Mohit Sharma,Finance,CC-FIN-01,2023-12-21,2023-12-14,2023-12-15,Hotel,,Hyatt Regency Pune,,,Pune,PNQ,,,1,8500,INR,8500,1.0,Concur,Operations Review,MGR-F01,2023-12-22,APPROVED
EXP-0001160,RPT-202312-0290,EMP-1012,Mohit Sharma,Finance,CC-FIN-01,2023-12-21,2023-12-14,2023-12-15,Ground Transport,,Yellow Cab,Pune,,Pune,PNQ,27.2,KM,,644,INR,644,1.0,Concur,Operations Review,MGR-F01,2023-12-22,APPROVED
EXP-0001161,RPT-202312-0290,EMP-1012,Mohit Sharma,Finance,CC-FIN-01,2023-12-21,2023-12-14,2023-12-15,Ground Transport,,Local Taxi,,,Pune,PNQ,32.9,KM,,922,INR,922,1.0,Concur,Operations Review,MGR-F01,2023-12-22,APPROVED
EXP-0001162,RPT-202401-0291,EMP-1019,Pooja Desai,Operations,CC-OPS-01,2024-01-04,2023-12-26,2023-12-27,Airfare,Economy,Singapore Airlines,Chennai,MAA,Bangalore,BLR,,KM,,100,INR,100,1.0,Concur,Tech Conference,MGR-O01,2024-01-07,APPROVED
EXP-0001163,RPT-202401-0291,EMP-1019,Pooja Desai,Operations,CC-OPS-01,2024-01-04,2023-12-26,2023-12-27,Hotel,,Taj Hotels Bangalore,,,Bangalore,BLR,,,1,5500,INR,5500,1.0,Concur,Tech Conference,MGR-O01,2024-01-07,APPROVED
EXP-0001164,RPT-202401-0291,EMP-1019,Pooja Desai,Operations,CC-OPS-01,2024-01-04,2023-12-26,2023-12-27,Ground Transport,,Uber,Bangalore,,Bangalore,BLR,46.5,KM,,756,INR,756,1.0,Concur,Tech Conference,MGR-O01,2024-01-07,APPROVED
EXP-0001165,RPT-202312-0292,EMP-1008,Arjun Mehta,Engineering,CC-ENG-02,2023-12-28,2023-12-21,2023-12-23,Airfare,Economy,Go First,Bangalore,BLR,Chennai,MAA,,KM,,100,INR,100,1.0,Concur,Vendor Meeting,MGR-E01,2023-12-31,APPROVED
EXP-0001166,RPT-202312-0292,EMP-1008,Arjun Mehta,Engineering,CC-ENG-02,2023-12-28,2023-12-21,2023-12-23,Hotel,,ITC Hotels Chennai,,,Chennai,MAA,,,2,17500,INR,17500,1.0,Concur,Vendor Meeting,MGR-E01,2023-12-31,APPROVED
EXP-0001167,RPT-202312-0292,EMP-1008,Arjun Mehta,Engineering,CC-ENG-02,2023-12-28,2023-12-21,2023-12-23,Ground Transport,,Black Cab,Chennai,,Chennai,MAA,11.8,KM,,248,INR,248,1.0,Concur,Vendor Meeting,MGR-E01,2023-12-31,APPROVED
EXP-0001168,RPT-202312-0292,EMP-1008,Arjun Mehta,Engineering,CC-ENG-02,2023-12-28,2023-12-21,2023-12-23,Ground Transport,,Uber,,,Chennai,MAA,20.0,KM,,486,INR,486,1.0,Concur,Vendor Meeting,MGR-E01,2023-12-31,APPROVED
EXP-0001169,RPT-202312-0292,EMP-1008,Arjun Mehta,Engineering,CC-ENG-02,2023-12-28,2023-12-21,2023-12-23,Ground Transport,,Uber,Chennai,,Chennai,MAA,25.5,KM,,757,INR,757,1.0,Concur,Vendor Meeting,MGR-E01,2023-12-31,APPROVED
EXP-0001170,RPT-202312-0293,EMP-1013,Nisha Verma,Engineering,CC-ENG-01,2023-12-30,2023-12-26,2023-12-27,Airfare,Economy,Lufthansa,Bangalore,BLR,Mumbai,BOM,,KM,,300,INR,300,1.0,Concur,Operations Review,MGR-E01,2024-01-03,APPROVED
EXP-0001171,RPT-202312-0293,EMP-1013,Nisha Verma,Engineering,CC-ENG-01,2023-12-30,2023-12-26,2023-12-27,Hotel,,Taj Hotels Mumbai,,,Mumbai,BOM,,,1,7000,INR,7000,1.0,Concur,Operations Review,MGR-E01,2024-01-03,APPROVED
EXP-0001172,RPT-202312-0293,EMP-1013,Nisha Verma,Engineering,CC-ENG-01,2023-12-30,2023-12-26,2023-12-27,Ground Transport,,Ola,Mumbai,,Mumbai,BOM,49.5,KM,,815,INR,815,1.0,Concur,Operations Review,MGR-E01,2024-01-03,APPROVED
EXP-0001173,RPT-202312-0293,EMP-1013,Nisha Verma,Engineering,CC-ENG-01,2023-12-30,2023-12-26,2023-12-27,Ground Transport,,Uber,,,Mumbai,BOM,52.6,KM,,1101,INR,1101,1.0,Concur,Operations Review,MGR-E01,2024-01-03,APPROVED
EXP-0001174,RPT-202312-0293,EMP-1013,Nisha Verma,Engineering,CC-ENG-01,2023-12-30,2023-12-26,2023-12-27,Ground Transport,,Metro Rail,Mumbai,,Mumbai,BOM,43.6,KM,,777,INR,777,1.0,Concur,Operations Review,MGR-E01,2024-01-03,APPROVED
EXP-0001175,RPT-202312-0294,EMP-1013,Nisha Verma,Engineering,CC-ENG-01,2023-12-22,2023-12-19,2023-12-20,Airfare,Economy,Go First,Bangalore,BLR,Pune,PNQ,,KM,,200,INR,200,1.0,Concur,Team Offsite,MGR-E01,2023-12-26,APPROVED
EXP-0001176,RPT-202312-0294,EMP-1013,Nisha Verma,Engineering,CC-ENG-01,2023-12-22,2023-12-19,2023-12-20,Hotel,,Radisson Blu Pune,,,Pune,PNQ,,,1,4500,INR,4500,1.0,Concur,Team Offsite,MGR-E01,2023-12-26,APPROVED
EXP-0001177,RPT-202312-0294,EMP-1013,Nisha Verma,Engineering,CC-ENG-01,2023-12-22,2023-12-19,2023-12-20,Ground Transport,,Grab,Pune,,Pune,PNQ,30.7,KM,,900,INR,900,1.0,Concur,Team Offsite,MGR-E01,2023-12-26,APPROVED
EXP-0001178,RPT-202312-0295,EMP-1016,Dinesh Choudhary,Procurement,CC-PROC-01,2023-12-27,2023-12-20,2023-12-22,Airfare,Economy,IndiGo,Mumbai,BOM,Chennai,MAA,,KM,,300,INR,300,1.0,Concur,Tech Conference,MGR-P01,2023-12-30,APPROVED
EXP-0001179,RPT-202312-0295,EMP-1016,Dinesh Choudhary,Procurement,CC-PROC-01,2023-12-27,2023-12-20,2023-12-22,Hotel,,Taj Hotels Chennai,,,Chennai,MAA,,,2,15500,INR,15500,1.0,Concur,Tech Conference,MGR-P01,2023-12-30,APPROVED
EXP-0001180,RPT-202312-0295,EMP-1016,Dinesh Choudhary,Procurement,CC-PROC-01,2023-12-27,2023-12-20,2023-12-22,Ground Transport,,Rapido,Chennai,,Chennai,MAA,11.2,KM,,253,INR,253,1.0,Concur,Tech Conference,MGR-P01,2023-12-30,APPROVED
EXP-0001181,RPT-202312-0295,EMP-1016,Dinesh Choudhary,Procurement,CC-PROC-01,2023-12-27,2023-12-20,2023-12-22,Ground Transport,,Black Cab,,,Chennai,MAA,27.9,KM,,523,INR,523,1.0,Concur,Tech Conference,MGR-P01,2023-12-30,APPROVED
EXP-0001182,RPT-202312-0295,EMP-1016,Dinesh Choudhary,Procurement,CC-PROC-01,2023-12-27,2023-12-20,2023-12-22,Ground Transport,,Uber,Chennai,,Chennai,MAA,41.9,KM,,1236,INR,1236,1.0,Concur,Tech Conference,MGR-P01,2023-12-30,APPROVED
EXP-0001183,RPT-202312-0296,EMP-1010,Ravi Krishnan,Operations,CC-OPS-02,2023-12-25,2023-12-16,2023-12-19,Airfare,Business,Go First,Chennai,MAA,Ahmedabad,AMD,,KM,,700,INR,700,1.0,Concur,Training Program,MGR-O01,2023-12-28,APPROVED
EXP-0001184,RPT-202312-0296,EMP-1010,Ravi Krishnan,Operations,CC-OPS-02,2023-12-25,2023-12-16,2023-12-19,Hotel,,Westin Ahmedabad,,,Ahmedabad,AMD,,,3,23500,INR,23500,1.0,Concur,Training Program,MGR-O01,2023-12-28,APPROVED
EXP-0001185,RPT-202312-0296,EMP-1010,Ravi Krishnan,Operations,CC-OPS-02,2023-12-25,2023-12-16,2023-12-19,Ground Transport,,Careem,Ahmedabad,,Ahmedabad,AMD,30.7,KM,,908,INR,908,1.0,Concur,Training Program,MGR-O01,2023-12-28,APPROVED
EXP-0001186,RPT-202312-0296,EMP-1010,Ravi Krishnan,Operations,CC-OPS-02,2023-12-25,2023-12-16,2023-12-19,Ground Transport,,Rapido,,,Ahmedabad,AMD,43.8,KM,,998,INR,998,1.0,Concur,Training Program,MGR-O01,2023-12-28,APPROVED
EXP-0001187,RPT-202312-0297,EMP-1012,Mohit Sharma,Finance,CC-FIN-01,2023-12-30,2023-12-27,2023-12-29,Airfare,Economy,Air India,Delhi,DEL,Mumbai,BOM,,KM,,300,INR,300,1.0,Concur,HR Summit,MGR-F01,,PENDING
EXP-0001188,RPT-202312-0297,EMP-1012,Mohit Sharma,Finance,CC-FIN-01,2023-12-30,2023-12-27,2023-12-29,Hotel,,Radisson Blu Mumbai,,,Mumbai,BOM,,,2,13000,INR,13000,1.0,Concur,HR Summit,MGR-F01,,PENDING
EXP-0001189,RPT-202312-0297,EMP-1012,Mohit Sharma,Finance,CC-FIN-01,2023-12-30,2023-12-27,2023-12-29,Ground Transport,,Meru Cabs,Mumbai,,Mumbai,BOM,51.4,KM,,941,INR,941,1.0,Concur,HR Summit,MGR-F01,,PENDING
EXP-0001190,RPT-202312-0298,EMP-1019,Pooja Desai,Operations,CC-OPS-01,2023-12-25,2023-12-23,2023-12-24,Airfare,Economy,Lufthansa,Chennai,MAA,Bangalore,BLR,,KM,,100,INR,100,1.0,Concur,Sales Pitch,MGR-O01,,PENDING
EXP-0001191,RPT-202312-0298,EMP-1019,Pooja Desai,Operations,CC-OPS-01,2023-12-25,2023-12-23,2023-12-24,Hotel,,Hyatt Regency Bangalore,,,Bangalore,BLR,,,1,7000,INR,7000,1.0,Concur,Sales Pitch,MGR-O01,,PENDING
EXP-0001192,RPT-202312-0298,EMP-1019,Pooja Desai,Operations,CC-OPS-01,2023-12-25,2023-12-23,2023-12-24,Ground Transport,,Careem,Bangalore,,Bangalore,BLR,14.1,KM,,252,INR,252,1.0,Concur,Sales Pitch,MGR-O01,,PENDING
EXP-0001193,RPT-202312-0299,EMP-1018,Aakash Tiwari,Sales,CC-SALES-01,2023-12-31,2023-12-25,2023-12-30,Airfare,Economy,Emirates,Mumbai,BOM,Dubai,DXB,,KM,,1900,INR,1900,1.0,Concur,Partner Integration,MGR-S01,2024-01-04,APPROVED
EXP-0001194,RPT-202312-0299,EMP-1018,Aakash Tiwari,Sales,CC-SALES-01,2023-12-31,2023-12-25,2023-12-30,Hotel,,Ritz Carlton Dubai,,,Dubai,DXB,,,5,100500,INR,100500,1.0,Concur,Partner Integration,MGR-S01,2024-01-04,APPROVED
EXP-0001195,RPT-202312-0299,EMP-1018,Aakash Tiwari,Sales,CC-SALES-01,2023-12-31,2023-12-25,2023-12-30,Ground Transport,,Black Cab,Dubai,,Dubai,DXB,46.1,KM,,1112,INR,1112,1.0,Concur,Partner Integration,MGR-S01,2024-01-04,APPROVED
EXP-0001196,RPT-202312-0299,EMP-1018,Aakash Tiwari,Sales,CC-SALES-01,2023-12-31,2023-12-25,2023-12-30,Ground Transport,,Uber,,,Dubai,DXB,36.3,KM,,585,INR,585,1.0,Concur,Partner Integration,MGR-S01,2024-01-04,APPROVED
EXP-0001197,RPT-202312-0299,EMP-1018,Aakash Tiwari,Sales,CC-SALES-01,2023-12-31,2023-12-25,2023-12-30,Ground Transport,,Uber,Dubai,,Dubai,DXB,38.3,KM,,592,INR,592,1.0,Concur,Partner Integration,MGR-S01,2024-01-04,APPROVED
EXP-0001198,RPT-202312-0300,EMP-1020,Sameer Khan,Legal,CC-LEGAL-01,2023-12-25,2023-12-21,2023-12-24,Airfare,Economy,Singapore Airlines,Delhi,DEL,Mumbai,BOM,,KM,,400,INR,400,1.0,Concur,Annual Planning,MGR-L01,2023-12-28,APPROVED
EXP-0001199,RPT-202312-0300,EMP-1020,Sameer Khan,Legal,CC-LEGAL-01,2023-12-25,2023-12-21,2023-12-24,Hotel,,Westin Mumbai,,,Mumbai,BOM,,,3,23500,INR,23500,1.0,Concur,Annual Planning,MGR-L01,2023-12-28,APPROVED
EXP-0001200,RPT-202312-0300,EMP-1020,Sameer Khan,Legal,CC-LEGAL-01,2023-12-25,2023-12-21,2023-12-24,Ground Transport,,Metro Rail,Mumbai,,Mumbai,BOM,44.7,KM,,1147,INR,1147,1.0,Concur,Annual Planning,MGR-L01,2023-12-28,APPROVED
EXP-0001201,RPT-202312-0300,EMP-1020,Sameer Khan,Legal,CC-LEGAL-01,2023-12-25,2023-12-21,2023-12-24,Ground Transport,,Meru Cabs,,,Mumbai,BOM,43.5,KM,,896,INR,896,1.0,Concur,Annual Planning,MGR-L01,2023-12-28,APPROVED
EXP-0001202,RPT-202312-0300,EMP-1020,Sameer Khan,Legal,CC-LEGAL-01,2023-12-25,2023-12-21,2023-12-24,Ground Transport,,Grab,Mumbai,,Mumbai,BOM,40.5,KM,,782,INR,782,1.0,Concur,Annual Planning,MGR-L01,2023-12-28,APPROVED
EXP-0001203,RPT-202312-0301,EMP-1011,Anjali Singh,Marketing,CC-MKT-01,2023-12-19,2023-12-14,2023-12-16,Airfare,Business,Etihad,Mumbai,BOM,Pune,PNQ,,KM,,100,INR,100,1.0,Concur,Board Review,MGR-M01,2023-12-21,APPROVED
EXP-0001204,RPT-202312-0301,EMP-1011,Anjali Singh,Marketing,CC-MKT-01,2023-12-19,2023-12-14,2023-12-16,Hotel,,Hyatt Regency Pune,,,Pune,PNQ,,,2,13500,INR,13500,1.0,Concur,Board Review,MGR-M01,2023-12-21,APPROVED
EXP-0001205,RPT-202312-0301,EMP-1011,Anjali Singh,Marketing,CC-MKT-01,2023-12-19,2023-12-14,2023-12-16,Ground Transport,,Uber,Pune,,Pune,PNQ,11.4,KM,,237,INR,237,1.0,Concur,Board Review,MGR-M01,2023-12-21,APPROVED
EXP-0001206,RPT-202312-0301,EMP-1011,Anjali Singh,Marketing,CC-MKT-01,2023-12-19,2023-12-14,2023-12-16,Ground Transport,,Grab,,,Pune,PNQ,49.4,KM,,1060,INR,1060,1.0,Concur,Board Review,MGR-M01,2023-12-21,APPROVED
EXP-0001207,RPT-202312-0302,EMP-1004,Sneha Reddy,HR,CC-HR-01,2023-12-28,2023-12-23,2023-12-26,Airfare,Business,Vistara,Delhi,DEL,Tokyo,NRT,,KM,,10000,INR,10000,1.0,Concur,Training Program,MGR-H01,2023-12-31,APPROVED
EXP-0001208,RPT-202312-0302,EMP-1004,Sneha Reddy,HR,CC-HR-01,2023-12-28,2023-12-23,2023-12-26,Hotel,,Marriott Tokyo,,,Tokyo,NRT,,,3,52000,INR,52000,1.0,Concur,Training Program,MGR-H01,2023-12-31,APPROVED
EXP-0001209,RPT-202312-0302,EMP-1004,Sneha Reddy,HR,CC-HR-01,2023-12-28,2023-12-23,2023-12-26,Ground Transport,,Local Taxi,Tokyo,,Tokyo,NRT,26.6,KM,,760,INR,760,1.0,Concur,Training Program,MGR-H01,2023-12-31,APPROVED
EXP-0001210,RPT-202312-0302,EMP-1004,Sneha Reddy,HR,CC-HR-01,2023-12-28,2023-12-23,2023-12-26,Ground Transport,,Grab,,,Tokyo,NRT,34.7,KM,,807,INR,807,1.0,Concur,Training Program,MGR-H01,2023-12-31,APPROVED
EXP-0001211,RPT-202312-0303,EMP-1015,Kavita Joshi,HR,CC-HR-01,2023-12-24,2023-12-17,2023-12-19,Airfare,Business,Lufthansa,Delhi,DEL,Bangalore,BLR,,KM,,800,INR,800,1.0,Concur,Sales Pitch,MGR-H01,2023-12-27,APPROVED
EXP-0001212,RPT-202312-0303,EMP-1015,Kavita Joshi,HR,CC-HR-01,2023-12-24,2023-12-17,2023-12-19,Hotel,,Westin Bangalore,,,Bangalore,BLR,,,2,10500,INR,10500,1.0,Concur,Sales Pitch,MGR-H01,2023-12-27,APPROVED
EXP-0001213,RPT-202312-0303,EMP-1015,Kavita Joshi,HR,CC-HR-01,2023-12-24,2023-12-17,2023-12-19,Ground Transport,,Meru Cabs,Bangalore,,Bangalore,BLR,23.8,KM,,617,INR,617,1.0,Concur,Sales Pitch,MGR-H01,2023-12-27,APPROVED
EXP-0001214,RPT-202312-0304,EMP-1009,Sunita Gupta,Sales,CC-SALES-02,2023-12-08,2023-12-04,2023-12-07,Airfare,Economy,IndiGo,Mumbai,BOM,Ahmedabad,AMD,,KM,,100,INR,100,1.0,Concur,Tech Conference,MGR-S01,2023-12-09,APPROVED
EXP-0001215,RPT-202312-0304,EMP-1009,Sunita Gupta,Sales,CC-SALES-02,2023-12-08,2023-12-04,2023-12-07,Hotel,,Hilton Ahmedabad,,,Ahmedabad,AMD,,,3,19500,INR,19500,1.0,Concur,Tech Conference,MGR-S01,2023-12-09,APPROVED
EXP-0001216,RPT-202312-0304,EMP-1009,Sunita Gupta,Sales,CC-SALES-02,2023-12-08,2023-12-04,2023-12-07,Ground Transport,,Grab,Ahmedabad,,Ahmedabad,AMD,30.8,KM,,714,INR,714,1.0,Concur,Tech Conference,MGR-S01,2023-12-09,APPROVED
EXP-0001217,RPT-202312-0305,EMP-1007,Kiran Rao,Legal,CC-LEGAL-01,2023-12-28,2023-12-17,2023-12-20,Airfare,Economy,SpiceJet,Delhi,DEL,Kolkata,CCU,,KM,,400,INR,400,1.0,Concur,Board Review,MGR-L01,2023-12-30,APPROVED
EXP-0001218,RPT-202312-0305,EMP-1007,Kiran Rao,Legal,CC-LEGAL-01,2023-12-28,2023-12-17,2023-12-20,Hotel,,JW Marriott Kolkata,,,Kolkata,CCU,,,3,24000,INR,24000,1.0,Concur,Board Review,MGR-L01,2023-12-30,APPROVED
EXP-0001219,RPT-202312-0305,EMP-1007,Kiran Rao,Legal,CC-LEGAL-01,2023-12-28,2023-12-17,2023-12-20,Ground Transport,,Metro Rail,Kolkata,,Kolkata,CCU,41.8,KM,,811,INR,811,1.0,Concur,Board Review,MGR-L01,2023-12-30,APPROVED
EXP-0001220,RPT-202401-0306,EMP-1007,Kiran Rao,Legal,CC-LEGAL-01,2024-01-02,2023-12-23,2023-12-27,Airfare,Economy,SpiceJet,Delhi,DEL,Pune,PNQ,,KM,,400,INR,400,1.0,Concur,Operations Review,MGR-L01,2024-01-04,APPROVED
EXP-0001221,RPT-202401-0306,EMP-1007,Kiran Rao,Legal,CC-LEGAL-01,2024-01-02,2023-12-23,2023-12-27,Hotel,,Taj Hotels Pune,,,Pune,PNQ,,,4,21000,INR,21000,1.0,Concur,Operations Review,MGR-L01,2024-01-04,APPROVED
EXP-0001222,RPT-202401-0306,EMP-1007,Kiran Rao,Legal,CC-LEGAL-01,2024-01-02,2023-12-23,2023-12-27,Ground Transport,,Grab,Pune,,Pune,PNQ,49.8,KM,,1045,INR,1045,1.0,Concur,Operations Review,MGR-L01,2024-01-04,APPROVED
EXP-0001223,RPT-202312-0307,EMP-1004,Sneha Reddy,HR,CC-HR-01,2023-12-28,2023-12-22,2023-12-25,Airfare,Business,Go First,Delhi,DEL,Kolkata,CCU,,KM,,500,INR,500,1.0,Concur,Tech Conference,MGR-H01,,PENDING
EXP-0001224,RPT-202312-0307,EMP-1004,Sneha Reddy,HR,CC-HR-01,2023-12-28,2023-12-22,2023-12-25,Hotel,,Taj Hotels Kolkata,,,Kolkata,CCU,,,3,21000,INR,21000,1.0,Concur,Tech Conference,MGR-H01,,PENDING
EXP-0001225,RPT-202312-0307,EMP-1004,Sneha Reddy,HR,CC-HR-01,2023-12-28,2023-12-22,2023-12-25,Ground Transport,,Metro Rail,Kolkata,,Kolkata,CCU,48.4,KM,,802,INR,802,1.0,Concur,Tech Conference,MGR-H01,,PENDING
EXP-0001226,RPT-202312-0307,EMP-1004,Sneha Reddy,HR,CC-HR-01,2023-12-28,2023-12-22,2023-12-25,Ground Transport,,Metro Rail,,,Kolkata,CCU,51.0,KM,,1008,INR,1008,1.0,Concur,Tech Conference,MGR-H01,,PENDING
EXP-0001227,RPT-202312-0308,EMP-1018,Aakash Tiwari,Sales,CC-SALES-01,2023-12-07,2023-12-03,2023-12-04,Airfare,Economy,IndiGo,Mumbai,BOM,Pune,PNQ,,KM,,0,INR,0,1.0,Concur,Vendor Meeting,MGR-S01,2023-12-09,APPROVED
EXP-0001228,RPT-202312-0308,EMP-1018,Aakash Tiwari,Sales,CC-SALES-01,2023-12-07,2023-12-03,2023-12-04,Hotel,,Hyatt Regency Pune,,,Pune,PNQ,,,1,6500,INR,6500,1.0,Concur,Vendor Meeting,MGR-S01,2023-12-09,APPROVED
EXP-0001229,RPT-202312-0308,EMP-1018,Aakash Tiwari,Sales,CC-SALES-01,2023-12-07,2023-12-03,2023-12-04,Ground Transport,,Careem,Pune,,Pune,PNQ,19.3,KM,,485,INR,485,1.0,Concur,Vendor Meeting,MGR-S01,2023-12-09,APPROVED
EXP-0001230,RPT-202312-0308,EMP-1018,Aakash Tiwari,Sales,CC-SALES-01,2023-12-07,2023-12-03,2023-12-04,Ground Transport,,Metro Rail,,,Pune,PNQ,15.9,KM,,469,INR,469,1.0,Concur,Vendor Meeting,MGR-S01,2023-12-09,APPROVED
EXP-0001231,RPT-202312-0309,EMP-1009,Sunita Gupta,Sales,CC-SALES-02,2023-12-27,2023-12-13,2023-12-20,Airfare,Business,SpiceJet,Mumbai,BOM,New York,JFK,,KM,,19200,INR,19200,1.0,Concur,Product Launch,MGR-S01,2023-12-31,APPROVED
EXP-0001232,RPT-202312-0309,EMP-1009,Sunita Gupta,Sales,CC-SALES-02,2023-12-27,2023-12-13,2023-12-20,Hotel,,Marriott New York,,,New York,JFK,,,7,128500,INR,128500,1.0,Concur,Product Launch,MGR-S01,2023-12-31,APPROVED
EXP-0001233,RPT-202312-0309,EMP-1009,Sunita Gupta,Sales,CC-SALES-02,2023-12-27,2023-12-13,2023-12-20,Ground Transport,,Rapido,New York,,New York,JFK,33.6,KM,,596,INR,596,1.0,Concur,Product Launch,MGR-S01,2023-12-31,APPROVED
EXP-0001234,RPT-202312-0309,EMP-1009,Sunita Gupta,Sales,CC-SALES-02,2023-12-27,2023-12-13,2023-12-20,Ground Transport,,Metro Rail,,,New York,JFK,51.2,KM,,903,INR,903,1.0,Concur,Product Launch,MGR-S01,2023-12-31,APPROVED
EXP-0001235,RPT-202312-0309,EMP-1009,Sunita Gupta,Sales,CC-SALES-02,2023-12-27,2023-12-13,2023-12-20,Ground Transport,,Grab,New York,,New York,JFK,41.8,KM,,1000,INR,1000,1.0,Concur,Product Launch,MGR-S01,2023-12-31,APPROVED
EXP-0001236,RPT-202312-0310,EMP-1001,Rahul Sharma,Sales,CC-SALES-01,2023-12-10,2023-12-05,2023-12-06,Airfare,Business,Qatar Airways,Mumbai,BOM,Ahmedabad,AMD,,KM,,200,INR,200,1.0,Concur,Board Review,MGR-S01,2023-12-12,APPROVED
EXP-0001237,RPT-202312-0310,EMP-1001,Rahul Sharma,Sales,CC-SALES-01,2023-12-10,2023-12-05,2023-12-06,Hotel,,Hilton Ahmedabad,,,Ahmedabad,AMD,,,1,5500,INR,5500,1.0,Concur,Board Review,MGR-S01,2023-12-12,APPROVED
EXP-0001238,RPT-202312-0310,EMP-1001,Rahul Sharma,Sales,CC-SALES-01,2023-12-10,2023-12-05,2023-12-06,Ground Transport,,Local Taxi,Ahmedabad,,Ahmedabad,AMD,19.7,KM,,309,INR,309,1.0,Concur,Board Review,MGR-S01,2023-12-12,APPROVED
EXP-0001239,RPT-202312-0310,EMP-1001,Rahul Sharma,Sales,CC-SALES-01,2023-12-10,2023-12-05,2023-12-06,Ground Transport,,Grab,,,Ahmedabad,AMD,26.1,KM,,467,INR,467,1.0,Concur,Board Review,MGR-S01,2023-12-12,APPROVED
EXP-0001240,RPT-202312-0311,EMP-1011,Anjali Singh,Marketing,CC-MKT-01,2023-12-30,2023-12-20,2023-12-22,Airfare,Economy,IndiGo,Mumbai,BOM,Hyderabad,HYD,,KM,,200,INR,200,1.0,Concur,Training Program,MGR-M01,2024-01-03,APPROVED
EXP-0001241,RPT-202312-0311,EMP-1011,Anjali Singh,Marketing,CC-MKT-01,2023-12-30,2023-12-20,2023-12-22,Hotel,,Marriott Hyderabad,,,Hyderabad,HYD,,,2,10500,INR,10500,1.0,Concur,Training Program,MGR-M01,2024-01-03,APPROVED
EXP-0001242,RPT-202312-0311,EMP-1011,Anjali Singh,Marketing,CC-MKT-01,2023-12-30,2023-12-20,2023-12-22,Ground Transport,,Metro Rail,Hyderabad,,Hyderabad,HYD,33.9,KM,,809,INR,809,1.0,Concur,Training Program,MGR-M01,2024-01-03,APPROVED
EXP-0001243,RPT-202312-0311,EMP-1011,Anjali Singh,Marketing,CC-MKT-01,2023-12-30,2023-12-20,2023-12-22,Ground Transport,,Local Taxi,,,Hyderabad,HYD,51.8,KM,,1270,INR,1270,1.0,Concur,Training Program,MGR-M01,2024-01-03,APPROVED
EXP-0001244,RPT-202312-0311,EMP-1011,Anjali Singh,Marketing,CC-MKT-01,2023-12-30,2023-12-20,2023-12-22,Ground Transport,,Meru Cabs,Hyderabad,,Hyderabad,HYD,22.5,KM,,466,INR,466,1.0,Concur,Training Program,MGR-M01,2024-01-03,APPROVED
EXP-0001245,RPT-202312-0312,EMP-1018,Aakash Tiwari,Sales,CC-SALES-01,2023-12-13,2023-12-08,2023-12-12,Airfare,Economy,SpiceJet,Mumbai,BOM,Hyderabad,HYD,,KM,,200,INR,200,1.0,Concur,Client Meeting,MGR-S01,2023-12-17,APPROVED
EXP-0001246,RPT-202312-0312,EMP-1018,Aakash Tiwari,Sales,CC-SALES-01,2023-12-13,2023-12-08,2023-12-12,Hotel,,Marriott Hyderabad,,,Hyderabad,HYD,,,4,35000,INR,35000,1.0,Concur,Client Meeting,MGR-S01,2023-12-17,APPROVED
EXP-0001247,RPT-202312-0312,EMP-1018,Aakash Tiwari,Sales,CC-SALES-01,2023-12-13,2023-12-08,2023-12-12,Ground Transport,,Uber,Hyderabad,,Hyderabad,HYD,47.5,KM,,955,INR,955,1.0,Concur,Client Meeting,MGR-S01,2023-12-17,APPROVED
EXP-0001248,RPT-202401-0313,EMP-1003,Amit Patel,Finance,CC-FIN-01,2024-01-02,2023-12-24,2023-12-26,Airfare,Economy,IndiGo,Delhi,DEL,Hyderabad,HYD,,KM,,300,INR,300,1.0,Concur,HR Summit,MGR-F01,2024-01-06,APPROVED
EXP-0001249,RPT-202401-0313,EMP-1003,Amit Patel,Finance,CC-FIN-01,2024-01-02,2023-12-24,2023-12-26,Hotel,,Novotel Hyderabad,,,Hyderabad,HYD,,,2,10000,INR,10000,1.0,Concur,HR Summit,MGR-F01,2024-01-06,APPROVED
EXP-0001250,RPT-202401-0313,EMP-1003,Amit Patel,Finance,CC-FIN-01,2024-01-02,2023-12-24,2023-12-26,Ground Transport,,Careem,Hyderabad,,Hyderabad,HYD,42.6,KM,,807,INR,807,1.0,Concur,HR Summit,MGR-F01,2024-01-06,APPROVED
EXP-0001251,RPT-202401-0313,EMP-1003,Amit Patel,Finance,CC-FIN-01,2024-01-02,2023-12-24,2023-12-26,Ground Transport,,Grab,,,Hyderabad,HYD,37.0,KM,,735,INR,735,1.0,Concur,HR Summit,MGR-F01,2024-01-06,APPROVED
EXP-0001252,RPT-202312-0314,EMP-1020,Sameer Khan,Legal,CC-LEGAL-01,2023-12-16,2023-12-08,2023-12-15,Airfare,Business,Singapore Airlines,Delhi,DEL,Amsterdam,AMS,,KM,,11300,INR,11300,1.0,Concur,Annual Planning,MGR-L01,2023-12-20,APPROVED
EXP-0001253,RPT-202312-0314,EMP-1020,Sameer Khan,Legal,CC-LEGAL-01,2023-12-16,2023-12-08,2023-12-15,Hotel,,Sheraton Amsterdam,,,Amsterdam,AMS,,,7,162000,INR,162000,1.0,Concur,Annual Planning,MGR-L01,2023-12-20,APPROVED
EXP-0001254,RPT-202312-0314,EMP-1020,Sameer Khan,Legal,CC-LEGAL-01,2023-12-16,2023-12-08,2023-12-15,Ground Transport,,Local Taxi,Amsterdam,,Amsterdam,AMS,53.4,KM,,1372,INR,1372,1.0,Concur,Annual Planning,MGR-L01,2023-12-20,APPROVED
EXP-0001255,RPT-202312-0314,EMP-1020,Sameer Khan,Legal,CC-LEGAL-01,2023-12-16,2023-12-08,2023-12-15,Ground Transport,,Black Cab,,,Amsterdam,AMS,54.1,KM,,1452,INR,1452,1.0,Concur,Annual Planning,MGR-L01,2023-12-20,APPROVED
EXP-0001256,RPT-202312-0315,EMP-1018,Aakash Tiwari,Sales,CC-SALES-01,2023-12-31,2023-12-26,2023-12-29,Airfare,Economy,Emirates,Mumbai,BOM,Pune,PNQ,,KM,,0,INR,0,1.0,Concur,Client Meeting,MGR-S01,2024-01-03,APPROVED
EXP-0001257,RPT-202312-0315,EMP-1018,Aakash Tiwari,Sales,CC-SALES-01,2023-12-31,2023-12-26,2023-12-29,Hotel,,Taj Hotels Pune,,,Pune,PNQ,,,3,17000,INR,17000,1.0,Concur,Client Meeting,MGR-S01,2024-01-03,APPROVED
EXP-0001258,RPT-202312-0315,EMP-1018,Aakash Tiwari,Sales,CC-SALES-01,2023-12-31,2023-12-26,2023-12-29,Ground Transport,,Grab,Pune,,Pune,PNQ,47.1,KM,,1063,INR,1063,1.0,Concur,Client Meeting,MGR-S01,2024-01-03,APPROVED
EXP-0001259,RPT-202312-0315,EMP-1018,Aakash Tiwari,Sales,CC-SALES-01,2023-12-31,2023-12-26,2023-12-29,Ground Transport,,Black Cab,,,Pune,PNQ,32.3,KM,,779,INR,779,1.0,Concur,Client Meeting,MGR-S01,2024-01-03,APPROVED
EXP-0001260,RPT-202401-0316,EMP-1010,Ravi Krishnan,Operations,CC-OPS-02,2024-01-01,2023-12-20,2023-12-24,Airfare,Economy,Qatar Airways,Chennai,MAA,Bangalore,BLR,,KM,,100,INR,100,1.0,Concur,Training Program,MGR-O01,2024-01-02,APPROVED
EXP-0001261,RPT-202401-0316,EMP-1010,Ravi Krishnan,Operations,CC-OPS-02,2024-01-01,2023-12-20,2023-12-24,Hotel,,Radisson Blu Bangalore,,,Bangalore,BLR,,,4,35000,INR,35000,1.0,Concur,Training Program,MGR-O01,2024-01-02,APPROVED
EXP-0001262,RPT-202401-0316,EMP-1010,Ravi Krishnan,Operations,CC-OPS-02,2024-01-01,2023-12-20,2023-12-24,Ground Transport,,Local Taxi,Bangalore,,Bangalore,BLR,23.8,KM,,428,INR,428,1.0,Concur,Training Program,MGR-O01,2024-01-02,APPROVED
EXP-0001263,RPT-202312-0317,EMP-1013,Nisha Verma,Engineering,CC-ENG-01,2023-12-27,2023-12-23,2023-12-25,Airfare,Economy,Air India,Bangalore,BLR,Mumbai,BOM,,KM,,200,INR,200,1.0,Concur,Tech Conference,MGR-E01,,PENDING
EXP-0001264,RPT-202312-0317,EMP-1013,Nisha Verma,Engineering,CC-ENG-01,2023-12-27,2023-12-23,2023-12-25,Hotel,,Hyatt Regency Mumbai,,,Mumbai,BOM,,,2,16000,INR,16000,1.0,Concur,Tech Conference,MGR-E01,,PENDING
EXP-0001265,RPT-202312-0317,EMP-1013,Nisha Verma,Engineering,CC-ENG-01,2023-12-27,2023-12-23,2023-12-25,Ground Transport,,Metro Rail,Mumbai,,Mumbai,BOM,11.1,KM,,178,INR,178,1.0,Concur,Tech Conference,MGR-E01,,PENDING
EXP-0001266,RPT-202312-0317,EMP-1013,Nisha Verma,Engineering,CC-ENG-01,2023-12-27,2023-12-23,2023-12-25,Ground Transport,,Ola,,,Mumbai,BOM,14.8,KM,,249,INR,249,1.0,Concur,Tech Conference,MGR-E01,,PENDING
EXP-0001267,RPT-202401-0318,EMP-1015,Kavita Joshi,HR,CC-HR-01,2024-01-30,2024-01-23,2024-01-24,Airfare,Business,Air India,Delhi,DEL,Hyderabad,HYD,,KM,,500,INR,500,1.0,Concur,Audit Review,MGR-H01,2024-02-01,APPROVED
EXP-0001268,RPT-202401-0318,EMP-1015,Kavita Joshi,HR,CC-HR-01,2024-01-30,2024-01-23,2024-01-24,Hotel,,Marriott Hyderabad,,,Hyderabad,HYD,,,1,5000,INR,5000,1.0,Concur,Audit Review,MGR-H01,2024-02-01,APPROVED
EXP-0001269,RPT-202401-0318,EMP-1015,Kavita Joshi,HR,CC-HR-01,2024-01-30,2024-01-23,2024-01-24,Ground Transport,,Rapido,Hyderabad,,Hyderabad,HYD,48.0,KM,,1389,INR,1389,1.0,Concur,Audit Review,MGR-H01,2024-02-01,APPROVED
EXP-0001270,RPT-202401-0318,EMP-1015,Kavita Joshi,HR,CC-HR-01,2024-01-30,2024-01-23,2024-01-24,Ground Transport,,Local Taxi,,,Hyderabad,HYD,43.1,KM,,1159,INR,1159,1.0,Concur,Audit Review,MGR-H01,2024-02-01,APPROVED
EXP-0001271,RPT-202401-0318,EMP-1015,Kavita Joshi,HR,CC-HR-01,2024-01-30,2024-01-23,2024-01-24,Ground Transport,,Black Cab,Hyderabad,,Hyderabad,HYD,17.7,KM,,316,INR,316,1.0,Concur,Audit Review,MGR-H01,2024-02-01,APPROVED
EXP-0001272,RPT-202401-0319,EMP-1020,Sameer Khan,Legal,CC-LEGAL-01,2024-01-15,2024-01-10,2024-01-14,Airfare,Economy,British Airways,Delhi,DEL,Pune,PNQ,,KM,,300,INR,300,1.0,Concur,Partner Integration,MGR-L01,,PENDING
EXP-0001273,RPT-202401-0319,EMP-1020,Sameer Khan,Legal,CC-LEGAL-01,2024-01-15,2024-01-10,2024-01-14,Hotel,,Novotel Pune,,,Pune,PNQ,,,4,27500,INR,27500,1.0,Concur,Partner Integration,MGR-L01,,PENDING
EXP-0001274,RPT-202401-0319,EMP-1020,Sameer Khan,Legal,CC-LEGAL-01,2024-01-15,2024-01-10,2024-01-14,Ground Transport,,Grab,Pune,,Pune,PNQ,31.4,KM,,712,INR,712,1.0,Concur,Partner Integration,MGR-L01,,PENDING
EXP-0001275,RPT-202401-0319,EMP-1020,Sameer Khan,Legal,CC-LEGAL-01,2024-01-15,2024-01-10,2024-01-14,Ground Transport,,Yellow Cab,,,Pune,PNQ,16.4,KM,,350,INR,350,1.0,Concur,Partner Integration,MGR-L01,,PENDING
EXP-0001276,RPT-202401-0320,EMP-1002,Priya Menon,Engineering,CC-ENG-01,2024-01-13,2024-01-11,2024-01-12,Airfare,Business,Lufthansa,Bangalore,BLR,Ahmedabad,AMD,,KM,,500,INR,500,1.0,Concur,Legal Negotiation,MGR-E01,,PENDING
EXP-0001277,RPT-202401-0320,EMP-1002,Priya Menon,Engineering,CC-ENG-01,2024-01-13,2024-01-11,2024-01-12,Hotel,,Hilton Ahmedabad,,,Ahmedabad,AMD,,,1,5500,INR,5500,1.0,Concur,Legal Negotiation,MGR-E01,,PENDING
EXP-0001278,RPT-202401-0320,EMP-1002,Priya Menon,Engineering,CC-ENG-01,2024-01-13,2024-01-11,2024-01-12,Ground Transport,,Meru Cabs,Ahmedabad,,Ahmedabad,AMD,16.8,KM,,438,INR,438,1.0,Concur,Legal Negotiation,MGR-E01,,PENDING
EXP-0001279,RPT-202401-0320,EMP-1002,Priya Menon,Engineering,CC-ENG-01,2024-01-13,2024-01-11,2024-01-12,Ground Transport,,Meru Cabs,,,Ahmedabad,AMD,18.5,KM,,457,INR,457,1.0,Concur,Legal Negotiation,MGR-E01,,PENDING
EXP-0001280,RPT-202401-0320,EMP-1002,Priya Menon,Engineering,CC-ENG-01,2024-01-13,2024-01-11,2024-01-12,Ground Transport,,Ola,Ahmedabad,,Ahmedabad,AMD,50.0,KM,,946,INR,946,1.0,Concur,Legal Negotiation,MGR-E01,,PENDING
EXP-0001281,RPT-202402-0321,EMP-1009,Sunita Gupta,Sales,CC-SALES-02,2024-02-03,2024-01-26,2024-01-28,Airfare,Economy,SpiceJet,Mumbai,BOM,Pune,PNQ,,KM,,0,INR,0,1.0,Concur,Product Launch,MGR-S01,2024-02-07,APPROVED
EXP-0001282,RPT-202402-0321,EMP-1009,Sunita Gupta,Sales,CC-SALES-02,2024-02-03,2024-01-26,2024-01-28,Hotel,,Radisson Blu Pune,,,Pune,PNQ,,,2,16500,INR,16500,1.0,Concur,Product Launch,MGR-S01,2024-02-07,APPROVED
EXP-0001283,RPT-202402-0321,EMP-1009,Sunita Gupta,Sales,CC-SALES-02,2024-02-03,2024-01-26,2024-01-28,Ground Transport,,Local Taxi,Pune,,Pune,PNQ,45.4,KM,,760,INR,760,1.0,Concur,Product Launch,MGR-S01,2024-02-07,APPROVED
EXP-0001284,RPT-202402-0321,EMP-1009,Sunita Gupta,Sales,CC-SALES-02,2024-02-03,2024-01-26,2024-01-28,Ground Transport,,Ola,,,Pune,PNQ,53.0,KM,,978,INR,978,1.0,Concur,Product Launch,MGR-S01,2024-02-07,APPROVED
EXP-0001285,RPT-202402-0321,EMP-1009,Sunita Gupta,Sales,CC-SALES-02,2024-02-03,2024-01-26,2024-01-28,Ground Transport,,Metro Rail,Pune,,Pune,PNQ,15.7,KM,,354,INR,354,1.0,Concur,Product Launch,MGR-S01,2024-02-07,APPROVED
EXP-0001286,RPT-202401-0322,EMP-1011,Anjali Singh,Marketing,CC-MKT-01,2024-01-17,2024-01-05,2024-01-09,Airfare,Business,SpiceJet,Mumbai,BOM,Pune,PNQ,,KM,,100,INR,100,1.0,Concur,Team Offsite,MGR-M01,2024-01-19,APPROVED
EXP-0001287,RPT-202401-0322,EMP-1011,Anjali Singh,Marketing,CC-MKT-01,2024-01-17,2024-01-05,2024-01-09,Hotel,,JW Marriott Pune,,,Pune,PNQ,,,4,24000,INR,24000,1.0,Concur,Team Offsite,MGR-M01,2024-01-19,APPROVED
EXP-0001288,RPT-202401-0322,EMP-1011,Anjali Singh,Marketing,CC-MKT-01,2024-01-17,2024-01-05,2024-01-09,Ground Transport,,Grab,Pune,,Pune,PNQ,16.9,KM,,405,INR,405,1.0,Concur,Team Offsite,MGR-M01,2024-01-19,APPROVED
EXP-0001289,RPT-202401-0322,EMP-1011,Anjali Singh,Marketing,CC-MKT-01,2024-01-17,2024-01-05,2024-01-09,Ground Transport,,Local Taxi,,,Pune,PNQ,11.9,KM,,325,INR,325,1.0,Concur,Team Offsite,MGR-M01,2024-01-19,APPROVED
EXP-0001290,RPT-202401-0323,EMP-1015,Kavita Joshi,HR,CC-HR-01,2024-01-30,2024-01-20,2024-01-22,Airfare,Economy,Vistara,Delhi,DEL,Hyderabad,HYD,,KM,,400,INR,400,1.0,Concur,Sales Pitch,MGR-H01,2024-02-02,APPROVED
EXP-0001291,RPT-202401-0323,EMP-1015,Kavita Joshi,HR,CC-HR-01,2024-01-30,2024-01-20,2024-01-22,Hotel,,Le Meridien Hyderabad,,,Hyderabad,HYD,,,2,12000,INR,12000,1.0,Concur,Sales Pitch,MGR-H01,2024-02-02,APPROVED
EXP-0001292,RPT-202401-0323,EMP-1015,Kavita Joshi,HR,CC-HR-01,2024-01-30,2024-01-20,2024-01-22,Ground Transport,,Yellow Cab,Hyderabad,,Hyderabad,HYD,15.0,KM,,237,INR,237,1.0,Concur,Sales Pitch,MGR-H01,2024-02-02,APPROVED
EXP-0001293,RPT-202401-0323,EMP-1015,Kavita Joshi,HR,CC-HR-01,2024-01-30,2024-01-20,2024-01-22,Ground Transport,,Rapido,,,Hyderabad,HYD,30.6,KM,,488,INR,488,1.0,Concur,Sales Pitch,MGR-H01,2024-02-02,APPROVED
EXP-0001294,RPT-202401-0323,EMP-1015,Kavita Joshi,HR,CC-HR-01,2024-01-30,2024-01-20,2024-01-22,Ground Transport,,Local Taxi,Hyderabad,,Hyderabad,HYD,33.6,KM,,743,INR,743,1.0,Concur,Sales Pitch,MGR-H01,2024-02-02,APPROVED
EXP-0001295,RPT-202401-0324,EMP-1011,Anjali Singh,Marketing,CC-MKT-01,2024-01-15,2024-01-07,2024-01-10,Airfare,Economy,Vistara,Mumbai,BOM,Delhi,DEL,,KM,,400,INR,400,1.0,Concur,Budget Review,MGR-M01,2024-01-18,APPROVED
EXP-0001296,RPT-202401-0324,EMP-1011,Anjali Singh,Marketing,CC-MKT-01,2024-01-15,2024-01-07,2024-01-10,Hotel,,Radisson Blu Delhi,,,Delhi,DEL,,,3,17000,INR,17000,1.0,Concur,Budget Review,MGR-M01,2024-01-18,APPROVED
EXP-0001297,RPT-202401-0324,EMP-1011,Anjali Singh,Marketing,CC-MKT-01,2024-01-15,2024-01-07,2024-01-10,Ground Transport,,Rapido,Delhi,,Delhi,DEL,41.0,KM,,1136,INR,1136,1.0,Concur,Budget Review,MGR-M01,2024-01-18,APPROVED
EXP-0001298,RPT-202401-0324,EMP-1011,Anjali Singh,Marketing,CC-MKT-01,2024-01-15,2024-01-07,2024-01-10,Ground Transport,,Local Taxi,,,Delhi,DEL,51.4,KM,,803,INR,803,1.0,Concur,Budget Review,MGR-M01,2024-01-18,APPROVED
EXP-0001299,RPT-202401-0324,EMP-1011,Anjali Singh,Marketing,CC-MKT-01,2024-01-15,2024-01-07,2024-01-10,Ground Transport,,Local Taxi,Delhi,,Delhi,DEL,24.4,KM,,404,INR,404,1.0,Concur,Budget Review,MGR-M01,2024-01-18,APPROVED
EXP-0001300,RPT-202401-0325,EMP-1004,Sneha Reddy,HR,CC-HR-01,2024-01-22,2024-01-15,2024-01-18,Airfare,Economy,Air India,Delhi,DEL,Kolkata,CCU,,KM,,400,INR,400,1.0,Concur,Audit Review,MGR-H01,2024-01-24,APPROVED
EXP-0001301,RPT-202401-0325,EMP-1004,Sneha Reddy,HR,CC-HR-01,2024-01-22,2024-01-15,2024-01-18,Hotel,,Westin Kolkata,,,Kolkata,CCU,,,3,23000,INR,23000,1.0,Concur,Audit Review,MGR-H01,2024-01-24,APPROVED
EXP-0001302,RPT-202401-0325,EMP-1004,Sneha Reddy,HR,CC-HR-01,2024-01-22,2024-01-15,2024-01-18,Ground Transport,,Metro Rail,Kolkata,,Kolkata,CCU,54.3,KM,,937,INR,937,1.0,Concur,Audit Review,MGR-H01,2024-01-24,APPROVED
EXP-0001303,RPT-202401-0325,EMP-1004,Sneha Reddy,HR,CC-HR-01,2024-01-22,2024-01-15,2024-01-18,Ground Transport,,Meru Cabs,,,Kolkata,CCU,35.0,KM,,815,INR,815,1.0,Concur,Audit Review,MGR-H01,2024-01-24,APPROVED
EXP-0001304,RPT-202401-0326,EMP-1006,Deepa Iyer,Marketing,CC-MKT-01,2024-01-24,2024-01-14,2024-01-18,Airfare,Business,British Airways,Mumbai,BOM,Bangkok,BKK,,KM,,5900,INR,5900,1.0,Concur,Operations Review,MGR-M01,2024-01-26,APPROVED
EXP-0001305,RPT-202401-0326,EMP-1006,Deepa Iyer,Marketing,CC-MKT-01,2024-01-24,2024-01-14,2024-01-18,Hotel,,Sofitel Bangkok,,,Bangkok,BKK,,,4,59000,INR,59000,1.0,Concur,Operations Review,MGR-M01,2024-01-26,APPROVED
EXP-0001306,RPT-202401-0326,EMP-1006,Deepa Iyer,Marketing,CC-MKT-01,2024-01-24,2024-01-14,2024-01-18,Ground Transport,,Yellow Cab,Bangkok,,Bangkok,BKK,10.6,KM,,306,INR,306,1.0,Concur,Operations Review,MGR-M01,2024-01-26,APPROVED
EXP-0001307,RPT-202401-0327,EMP-1018,Aakash Tiwari,Sales,CC-SALES-01,2024-01-20,2024-01-14,2024-01-15,Airfare,Business,Vistara,Mumbai,BOM,Hyderabad,HYD,,KM,,300,INR,300,1.0,Concur,Board Review,MGR-S01,,REJECTED
EXP-0001308,RPT-202401-0327,EMP-1018,Aakash Tiwari,Sales,CC-SALES-01,2024-01-20,2024-01-14,2024-01-15,Hotel,,Taj Hotels Hyderabad,,,Hyderabad,HYD,,,1,6500,INR,6500,1.0,Concur,Board Review,MGR-S01,,REJECTED
EXP-0001309,RPT-202401-0327,EMP-1018,Aakash Tiwari,Sales,CC-SALES-01,2024-01-20,2024-01-14,2024-01-15,Ground Transport,,Ola,Hyderabad,,Hyderabad,HYD,16.8,KM,,297,INR,297,1.0,Concur,Board Review,MGR-S01,,REJECTED
EXP-0001310,RPT-202401-0328,EMP-1018,Aakash Tiwari,Sales,CC-SALES-01,2024-01-20,2024-01-10,2024-01-14,Airfare,Economy,Qatar Airways,Mumbai,BOM,Bangalore,BLR,,KM,,300,INR,300,1.0,Concur,Sales Pitch,MGR-S01,2024-01-23,APPROVED
EXP-0001311,RPT-202401-0328,EMP-1018,Aakash Tiwari,Sales,CC-SALES-01,2024-01-20,2024-01-10,2024-01-14,Hotel,,JW Marriott Bangalore,,,Bangalore,BLR,,,4,33500,INR,33500,1.0,Concur,Sales Pitch,MGR-S01,2024-01-23,APPROVED
EXP-0001312,RPT-202401-0328,EMP-1018,Aakash Tiwari,Sales,CC-SALES-01,2024-01-20,2024-01-10,2024-01-14,Ground Transport,,Black Cab,Bangalore,,Bangalore,BLR,29.8,KM,,548,INR,548,1.0,Concur,Sales Pitch,MGR-S01,2024-01-23,APPROVED
EXP-0001313,RPT-202401-0328,EMP-1018,Aakash Tiwari,Sales,CC-SALES-01,2024-01-20,2024-01-10,2024-01-14,Ground Transport,,Grab,,,Bangalore,BLR,16.4,KM,,285,INR,285,1.0,Concur,Sales Pitch,MGR-S01,2024-01-23,APPROVED
EXP-0001314,RPT-202401-0329,EMP-1010,Ravi Krishnan,Operations,CC-OPS-02,2024-01-09,2024-01-01,2024-01-03,Airfare,Economy,IndiGo,Chennai,MAA,Mumbai,BOM,,KM,,300,INR,300,1.0,Concur,Tech Conference,MGR-O01,2024-01-12,APPROVED
EXP-0001315,RPT-202401-0329,EMP-1010,Ravi Krishnan,Operations,CC-OPS-02,2024-01-09,2024-01-01,2024-01-03,Hotel,,Hyatt Regency Mumbai,,,Mumbai,BOM,,,2,9500,INR,9500,1.0,Concur,Tech Conference,MGR-O01,2024-01-12,APPROVED
EXP-0001316,RPT-202401-0329,EMP-1010,Ravi Krishnan,Operations,CC-OPS-02,2024-01-09,2024-01-01,2024-01-03,Ground Transport,,Ola,Mumbai,,Mumbai,BOM,34.8,KM,,551,INR,551,1.0,Concur,Tech Conference,MGR-O01,2024-01-12,APPROVED
EXP-0001317,RPT-202401-0330,EMP-1018,Aakash Tiwari,Sales,CC-SALES-01,2024-01-13,2024-01-11,2024-01-12,Airfare,Economy,Singapore Airlines,Mumbai,BOM,Bangalore,BLR,,KM,,300,INR,300,1.0,Concur,Tech Conference,MGR-S01,2024-01-16,APPROVED
EXP-0001318,RPT-202401-0330,EMP-1018,Aakash Tiwari,Sales,CC-SALES-01,2024-01-13,2024-01-11,2024-01-12,Hotel,,Marriott Bangalore,,,Bangalore,BLR,,,1,6500,INR,6500,1.0,Concur,Tech Conference,MGR-S01,2024-01-16,APPROVED
EXP-0001319,RPT-202401-0330,EMP-1018,Aakash Tiwari,Sales,CC-SALES-01,2024-01-13,2024-01-11,2024-01-12,Ground Transport,,Meru Cabs,Bangalore,,Bangalore,BLR,33.6,KM,,695,INR,695,1.0,Concur,Tech Conference,MGR-S01,2024-01-16,APPROVED
EXP-0001320,RPT-202401-0330,EMP-1018,Aakash Tiwari,Sales,CC-SALES-01,2024-01-13,2024-01-11,2024-01-12,Ground Transport,,Uber,,,Bangalore,BLR,36.8,KM,,1073,INR,1073,1.0,Concur,Tech Conference,MGR-S01,2024-01-16,APPROVED
EXP-0001321,RPT-202401-0331,EMP-1009,Sunita Gupta,Sales,CC-SALES-02,2024-01-23,2024-01-17,2024-01-21,Airfare,Business,SpiceJet,Mumbai,BOM,Sydney,SYD,,KM,,20700,INR,20700,1.0,Concur,Client Meeting,MGR-S01,2024-01-24,APPROVED
EXP-0001322,RPT-202401-0331,EMP-1009,Sunita Gupta,Sales,CC-SALES-02,2024-01-23,2024-01-17,2024-01-21,Hotel,,Sheraton Sydney,,,Sydney,SYD,,,4,122500,INR,122500,1.0,Concur,Client Meeting,MGR-S01,2024-01-24,APPROVED
EXP-0001323,RPT-202401-0331,EMP-1009,Sunita Gupta,Sales,CC-SALES-02,2024-01-23,2024-01-17,2024-01-21,Ground Transport,,Meru Cabs,Sydney,,Sydney,SYD,40.4,KM,,1195,INR,1195,1.0,Concur,Client Meeting,MGR-S01,2024-01-24,APPROVED
EXP-0001324,RPT-202401-0332,EMP-1006,Deepa Iyer,Marketing,CC-MKT-01,2024-01-23,2024-01-21,2024-01-22,Airfare,Business,Lufthansa,Mumbai,BOM,Ahmedabad,AMD,,KM,,200,INR,200,1.0,Concur,Tech Conference,MGR-M01,2024-01-26,APPROVED
EXP-0001325,RPT-202401-0332,EMP-1006,Deepa Iyer,Marketing,CC-MKT-01,2024-01-23,2024-01-21,2024-01-22,Hotel,,Hyatt Regency Ahmedabad,,,Ahmedabad,AMD,,,1,8500,INR,8500,1.0,Concur,Tech Conference,MGR-M01,2024-01-26,APPROVED
EXP-0001326,RPT-202401-0332,EMP-1006,Deepa Iyer,Marketing,CC-MKT-01,2024-01-23,2024-01-21,2024-01-22,Ground Transport,,Rapido,Ahmedabad,,Ahmedabad,AMD,23.2,KM,,659,INR,659,1.0,Concur,Tech Conference,MGR-M01,2024-01-26,APPROVED
EXP-0001327,RPT-202401-0332,EMP-1006,Deepa Iyer,Marketing,CC-MKT-01,2024-01-23,2024-01-21,2024-01-22,Ground Transport,,Rapido,,,Ahmedabad,AMD,19.6,KM,,407,INR,407,1.0,Concur,Tech Conference,MGR-M01,2024-01-26,APPROVED
EXP-0001328,RPT-202401-0332,EMP-1006,Deepa Iyer,Marketing,CC-MKT-01,2024-01-23,2024-01-21,2024-01-22,Ground Transport,,Local Taxi,Ahmedabad,,Ahmedabad,AMD,39.3,KM,,757,INR,757,1.0,Concur,Tech Conference,MGR-M01,2024-01-26,APPROVED
EXP-0001329,RPT-202401-0333,EMP-1010,Ravi Krishnan,Operations,CC-OPS-02,2024-01-25,2024-01-20,2024-01-24,Airfare,Economy,Singapore Airlines,Chennai,MAA,Hyderabad,HYD,,KM,,200,INR,200,1.0,Concur,Team Offsite,MGR-O01,2024-01-27,APPROVED
EXP-0001330,RPT-202401-0333,EMP-1010,Ravi Krishnan,Operations,CC-OPS-02,2024-01-25,2024-01-20,2024-01-24,Hotel,,Novotel Hyderabad,,,Hyderabad,HYD,,,4,28000,INR,28000,1.0,Concur,Team Offsite,MGR-O01,2024-01-27,APPROVED
EXP-0001331,RPT-202401-0333,EMP-1010,Ravi Krishnan,Operations,CC-OPS-02,2024-01-25,2024-01-20,2024-01-24,Ground Transport,,Local Taxi,Hyderabad,,Hyderabad,HYD,29.3,KM,,611,INR,611,1.0,Concur,Team Offsite,MGR-O01,2024-01-27,APPROVED
EXP-0001332,RPT-202401-0333,EMP-1010,Ravi Krishnan,Operations,CC-OPS-02,2024-01-25,2024-01-20,2024-01-24,Ground Transport,,Uber,,,Hyderabad,HYD,13.8,KM,,377,INR,377,1.0,Concur,Team Offsite,MGR-O01,2024-01-27,APPROVED
EXP-0001333,RPT-202401-0333,EMP-1010,Ravi Krishnan,Operations,CC-OPS-02,2024-01-25,2024-01-20,2024-01-24,Ground Transport,,Local Taxi,Hyderabad,,Hyderabad,HYD,31.6,KM,,531,INR,531,1.0,Concur,Team Offsite,MGR-O01,2024-01-27,APPROVED
EXP-0001334,RPT-202401-0334,EMP-1018,Aakash Tiwari,Sales,CC-SALES-01,2024-01-13,2024-01-03,2024-01-09,Airfare,Business,British Airways,Mumbai,BOM,Paris,CDG,,KM,,10900,INR,10900,1.0,Concur,Legal Negotiation,MGR-S01,2024-01-17,APPROVED
EXP-0001335,RPT-202401-0334,EMP-1018,Aakash Tiwari,Sales,CC-SALES-01,2024-01-13,2024-01-03,2024-01-09,Hotel,,Hyatt Paris,,,Paris,CDG,,,6,93000,INR,93000,1.0,Concur,Legal Negotiation,MGR-S01,2024-01-17,APPROVED
EXP-0001336,RPT-202401-0334,EMP-1018,Aakash Tiwari,Sales,CC-SALES-01,2024-01-13,2024-01-03,2024-01-09,Ground Transport,,Ola,Paris,,Paris,CDG,53.3,KM,,908,INR,908,1.0,Concur,Legal Negotiation,MGR-S01,2024-01-17,APPROVED
EXP-0001337,RPT-202401-0334,EMP-1018,Aakash Tiwari,Sales,CC-SALES-01,2024-01-13,2024-01-03,2024-01-09,Ground Transport,,Uber,,,Paris,CDG,45.7,KM,,1048,INR,1048,1.0,Concur,Legal Negotiation,MGR-S01,2024-01-17,APPROVED
EXP-0001338,RPT-202401-0334,EMP-1018,Aakash Tiwari,Sales,CC-SALES-01,2024-01-13,2024-01-03,2024-01-09,Ground Transport,,Rapido,Paris,,Paris,CDG,48.6,KM,,1350,INR,1350,1.0,Concur,Legal Negotiation,MGR-S01,2024-01-17,APPROVED
EXP-0001339,RPT-202401-0335,EMP-1004,Sneha Reddy,HR,CC-HR-01,2024-01-21,2024-01-14,2024-01-15,Airfare,Economy,Go First,Delhi,DEL,Pune,PNQ,,KM,,300,INR,300,1.0,Concur,Training Program,MGR-H01,2024-01-22,APPROVED
EXP-0001340,RPT-202401-0335,EMP-1004,Sneha Reddy,HR,CC-HR-01,2024-01-21,2024-01-14,2024-01-15,Hotel,,Hyatt Regency Pune,,,Pune,PNQ,,,1,5500,INR,5500,1.0,Concur,Training Program,MGR-H01,2024-01-22,APPROVED
EXP-0001341,RPT-202401-0335,EMP-1004,Sneha Reddy,HR,CC-HR-01,2024-01-21,2024-01-14,2024-01-15,Ground Transport,,Grab,Pune,,Pune,PNQ,36.9,KM,,1034,INR,1034,1.0,Concur,Training Program,MGR-H01,2024-01-22,APPROVED
EXP-0001342,RPT-202401-0336,EMP-1011,Anjali Singh,Marketing,CC-MKT-01,2024-01-14,2024-01-06,2024-01-10,Airfare,Economy,Vistara,Mumbai,BOM,Chennai,MAA,,KM,,300,INR,300,1.0,Concur,Training Program,MGR-M01,2024-01-17,APPROVED
EXP-0001343,RPT-202401-0336,EMP-1011,Anjali Singh,Marketing,CC-MKT-01,2024-01-14,2024-01-06,2024-01-10,Hotel,,Hyatt Regency Chennai,,,Chennai,MAA,,,4,22500,INR,22500,1.0,Concur,Training Program,MGR-M01,2024-01-17,APPROVED
EXP-0001344,RPT-202401-0336,EMP-1011,Anjali Singh,Marketing,CC-MKT-01,2024-01-14,2024-01-06,2024-01-10,Ground Transport,,Meru Cabs,Chennai,,Chennai,MAA,52.7,KM,,1174,INR,1174,1.0,Concur,Training Program,MGR-M01,2024-01-17,APPROVED
EXP-0001345,RPT-202401-0336,EMP-1011,Anjali Singh,Marketing,CC-MKT-01,2024-01-14,2024-01-06,2024-01-10,Ground Transport,,Local Taxi,,,Chennai,MAA,14.5,KM,,356,INR,356,1.0,Concur,Training Program,MGR-M01,2024-01-17,APPROVED
EXP-0001346,RPT-202401-0337,EMP-1017,Meera Pillai,Engineering,CC-ENG-02,2024-01-14,2024-01-06,2024-01-10,Airfare,Economy,Air India,Bangalore,BLR,Pune,PNQ,,KM,,200,INR,200,1.0,Concur,HR Summit,MGR-E01,2024-01-18,APPROVED
EXP-0001347,RPT-202401-0337,EMP-1017,Meera Pillai,Engineering,CC-ENG-02,2024-01-14,2024-01-06,2024-01-10,Hotel,,Hyatt Regency Pune,,,Pune,PNQ,,,4,28500,INR,28500,1.0,Concur,HR Summit,MGR-E01,2024-01-18,APPROVED
EXP-0001348,RPT-202401-0337,EMP-1017,Meera Pillai,Engineering,CC-ENG-02,2024-01-14,2024-01-06,2024-01-10,Ground Transport,,Metro Rail,Pune,,Pune,PNQ,46.2,KM,,722,INR,722,1.0,Concur,HR Summit,MGR-E01,2024-01-18,APPROVED
EXP-0001349,RPT-202401-0338,EMP-1013,Nisha Verma,Engineering,CC-ENG-01,2024-01-17,2024-01-06,2024-01-09,Airfare,Economy,SpiceJet,Bangalore,BLR,Pune,PNQ,,KM,,200,INR,200,1.0,Concur,HR Summit,MGR-E01,2024-01-18,APPROVED
EXP-0001350,RPT-202401-0338,EMP-1013,Nisha Verma,Engineering,CC-ENG-01,2024-01-17,2024-01-06,2024-01-09,Hotel,,Taj Hotels Pune,,,Pune,PNQ,,,3,19500,INR,19500,1.0,Concur,HR Summit,MGR-E01,2024-01-18,APPROVED
EXP-0001351,RPT-202401-0338,EMP-1013,Nisha Verma,Engineering,CC-ENG-01,2024-01-17,2024-01-06,2024-01-09,Ground Transport,,Careem,Pune,,Pune,PNQ,53.1,KM,,1235,INR,1235,1.0,Concur,HR Summit,MGR-E01,2024-01-18,APPROVED
EXP-0001352,RPT-202401-0338,EMP-1013,Nisha Verma,Engineering,CC-ENG-01,2024-01-17,2024-01-06,2024-01-09,Ground Transport,,Black Cab,,,Pune,PNQ,16.2,KM,,450,INR,450,1.0,Concur,HR Summit,MGR-E01,2024-01-18,APPROVED
EXP-0001353,RPT-202401-0339,EMP-1018,Aakash Tiwari,Sales,CC-SALES-01,2024-01-17,2024-01-13,2024-01-16,Airfare,Business,Vistara,Mumbai,BOM,Kolkata,CCU,,KM,,800,INR,800,1.0,Concur,Annual Planning,MGR-S01,2024-01-21,APPROVED
EXP-0001354,RPT-202401-0339,EMP-1018,Aakash Tiwari,Sales,CC-SALES-01,2024-01-17,2024-01-13,2024-01-16,Hotel,,Hyatt Regency Kolkata,,,Kolkata,CCU,,,3,15500,INR,15500,1.0,Concur,Annual Planning,MGR-S01,2024-01-21,APPROVED
EXP-0001355,RPT-202401-0339,EMP-1018,Aakash Tiwari,Sales,CC-SALES-01,2024-01-17,2024-01-13,2024-01-16,Ground Transport,,Grab,Kolkata,,Kolkata,CCU,38.8,KM,,608,INR,608,1.0,Concur,Annual Planning,MGR-S01,2024-01-21,APPROVED
EXP-0001356,RPT-202401-0340,EMP-1001,Rahul Sharma,Sales,CC-SALES-01,2024-01-22,2024-01-14,2024-01-15,Airfare,Economy,Go First,Mumbai,,Delhi,DEL,,KM,,300,INR,300,1.0,Concur,Vendor Meeting,MGR-S01,2024-01-26,APPROVED
EXP-0001357,RPT-202401-0340,EMP-1001,Rahul Sharma,Sales,CC-SALES-01,2024-01-22,2024-01-14,2024-01-15,Hotel,,Radisson Blu Delhi,,,Delhi,DEL,,,1,9000,INR,9000,1.0,Concur,Vendor Meeting,MGR-S01,2024-01-26,APPROVED
EXP-0001358,RPT-202401-0340,EMP-1001,Rahul Sharma,Sales,CC-SALES-01,2024-01-22,2024-01-14,2024-01-15,Ground Transport,,Metro Rail,Delhi,,Delhi,DEL,25.4,KM,,592,INR,592,1.0,Concur,Vendor Meeting,MGR-S01,2024-01-26,APPROVED
EXP-0001359,RPT-202401-0340,EMP-1001,Rahul Sharma,Sales,CC-SALES-01,2024-01-22,2024-01-14,2024-01-15,Ground Transport,,Black Cab,,,Delhi,DEL,33.6,KM,,736,INR,736,1.0,Concur,Vendor Meeting,MGR-S01,2024-01-26,APPROVED
EXP-0001360,RPT-202401-0340,EMP-1001,Rahul Sharma,Sales,CC-SALES-01,2024-01-22,2024-01-14,2024-01-15,Ground Transport,,Local Taxi,Delhi,,Delhi,DEL,19.2,KM,,352,INR,352,1.0,Concur,Vendor Meeting,MGR-S01,2024-01-26,APPROVED
EXP-0001361,RPT-202401-0341,EMP-1005,Vikram Nair,Operations,CC-OPS-01,2024-01-23,2024-01-10,2024-01-16,Airfare,Economy,Air India,Chennai,MAA,New York,JFK,,KM,,12400,INR,12400,1.0,Concur,Board Review,MGR-O01,2024-01-27,APPROVED
EXP-0001362,RPT-202401-0341,EMP-1005,Vikram Nair,Operations,CC-OPS-01,2024-01-23,2024-01-10,2024-01-16,Hotel,,Sheraton New York,,,New York,JFK,,,6,183000,INR,183000,1.0,Concur,Board Review,MGR-O01,2024-01-27,APPROVED
EXP-0001363,RPT-202401-0341,EMP-1005,Vikram Nair,Operations,CC-OPS-01,2024-01-23,2024-01-10,2024-01-16,Ground Transport,,Black Cab,New York,,New York,JFK,33.5,KM,,637,INR,637,1.0,Concur,Board Review,MGR-O01,2024-01-27,APPROVED
EXP-0001364,RPT-202402-0342,EMP-1011,Anjali Singh,Marketing,CC-MKT-01,2024-02-07,2024-01-26,2024-01-30,Airfare,Economy,Go First,Mumbai,,Bangalore,BLR,,KM,,200,INR,200,1.0,Concur,Team Offsite,MGR-M01,2024-02-09,APPROVED
EXP-0001365,RPT-202402-0342,EMP-1011,Anjali Singh,Marketing,CC-MKT-01,2024-02-07,2024-01-26,2024-01-30,Hotel,,JW Marriott Bangalore,,,Bangalore,BLR,,,4,23000,INR,23000,1.0,Concur,Team Offsite,MGR-M01,2024-02-09,APPROVED
EXP-0001366,RPT-202402-0342,EMP-1011,Anjali Singh,Marketing,CC-MKT-01,2024-02-07,2024-01-26,2024-01-30,Ground Transport,,Uber,Bangalore,,Bangalore,BLR,44.1,KM,,749,INR,749,1.0,Concur,Team Offsite,MGR-M01,2024-02-09,APPROVED
EXP-0001367,RPT-202401-0343,EMP-1011,Anjali Singh,Marketing,CC-MKT-01,2024-01-19,2024-01-14,2024-01-17,Airfare,Business,Emirates,Mumbai,BOM,Kolkata,CCU,,KM,,800,INR,800,1.0,Concur,Partner Integration,MGR-M01,2024-01-22,APPROVED
EXP-0001368,RPT-202401-0343,EMP-1011,Anjali Singh,Marketing,CC-MKT-01,2024-01-19,2024-01-14,2024-01-17,Hotel,,Marriott Kolkata,,,Kolkata,CCU,,,3,19500,INR,19500,1.0,Concur,Partner Integration,MGR-M01,2024-01-22,APPROVED
EXP-0001369,RPT-202401-0343,EMP-1011,Anjali Singh,Marketing,CC-MKT-01,2024-01-19,2024-01-14,2024-01-17,Ground Transport,,Rapido,Kolkata,,Kolkata,CCU,39.9,KM,,833,INR,833,1.0,Concur,Partner Integration,MGR-M01,2024-01-22,APPROVED
EXP-0001370,RPT-202401-0343,EMP-1011,Anjali Singh,Marketing,CC-MKT-01,2024-01-19,2024-01-14,2024-01-17,Ground Transport,,Uber,,,Kolkata,CCU,36.2,KM,,894,INR,894,1.0,Concur,Partner Integration,MGR-M01,2024-01-22,APPROVED
EXP-0001371,RPT-202401-0344,EMP-1008,Arjun Mehta,Engineering,CC-ENG-02,2024-01-27,2024-01-21,2024-01-25,Airfare,Economy,Emirates,Bangalore,BLR,Chennai,MAA,,KM,,100,INR,100,1.0,Concur,Tech Conference,MGR-E01,2024-01-31,APPROVED
EXP-0001372,RPT-202401-0344,EMP-1008,Arjun Mehta,Engineering,CC-ENG-02,2024-01-27,2024-01-21,2024-01-25,Hotel,,Radisson Blu Chennai,,,Chennai,MAA,,,4,20500,INR,20500,1.0,Concur,Tech Conference,MGR-E01,2024-01-31,APPROVED
EXP-0001373,RPT-202401-0344,EMP-1008,Arjun Mehta,Engineering,CC-ENG-02,2024-01-27,2024-01-21,2024-01-25,Ground Transport,,Uber,Chennai,,Chennai,MAA,12.9,KM,,255,INR,255,1.0,Concur,Tech Conference,MGR-E01,2024-01-31,APPROVED
EXP-0001374,RPT-202401-0344,EMP-1008,Arjun Mehta,Engineering,CC-ENG-02,2024-01-27,2024-01-21,2024-01-25,Ground Transport,,Grab,,,Chennai,MAA,25.3,KM,,449,INR,449,1.0,Concur,Tech Conference,MGR-E01,2024-01-31,APPROVED
EXP-0001375,RPT-202401-0344,EMP-1008,Arjun Mehta,Engineering,CC-ENG-02,2024-01-27,2024-01-21,2024-01-25,Ground Transport,,Metro Rail,Chennai,,Chennai,MAA,39.8,KM,,855,INR,855,1.0,Concur,Tech Conference,MGR-E01,2024-01-31,APPROVED
EXP-0001376,RPT-202402-0345,EMP-1016,Dinesh Choudhary,Procurement,CC-PROC-01,2024-02-14,2024-02-06,2024-02-10,Airfare,Economy,Vistara,Mumbai,BOM,Hyderabad,HYD,,KM,,200,INR,200,1.0,Concur,Annual Planning,MGR-P01,2024-02-17,APPROVED
EXP-0001377,RPT-202402-0345,EMP-1016,Dinesh Choudhary,Procurement,CC-PROC-01,2024-02-14,2024-02-06,2024-02-10,Hotel,,Westin Hyderabad,,,Hyderabad,HYD,,,4,21000,INR,21000,1.0,Concur,Annual Planning,MGR-P01,2024-02-17,APPROVED
EXP-0001378,RPT-202402-0345,EMP-1016,Dinesh Choudhary,Procurement,CC-PROC-01,2024-02-14,2024-02-06,2024-02-10,Ground Transport,,Careem,Hyderabad,,Hyderabad,HYD,16.2,KM,,384,INR,384,1.0,Concur,Annual Planning,MGR-P01,2024-02-17,APPROVED
EXP-0001379,RPT-202403-0346,EMP-1007,Kiran Rao,Legal,CC-LEGAL-01,2024-03-02,2024-02-22,2024-02-25,Airfare,Business,Etihad,Delhi,DEL,Mumbai,BOM,,KM,,600,INR,600,1.0,Concur,Board Review,MGR-L01,2024-03-03,APPROVED
EXP-0001380,RPT-202403-0346,EMP-1007,Kiran Rao,Legal,CC-LEGAL-01,2024-03-02,2024-02-22,2024-02-25,Hotel,,Hilton Mumbai,,,Mumbai,BOM,,,3,14500,INR,14500,1.0,Concur,Board Review,MGR-L01,2024-03-03,APPROVED
EXP-0001381,RPT-202403-0346,EMP-1007,Kiran Rao,Legal,CC-LEGAL-01,2024-03-02,2024-02-22,2024-02-25,Ground Transport,,Careem,Mumbai,,Mumbai,BOM,49.6,KM,,1228,INR,1228,1.0,Concur,Board Review,MGR-L01,2024-03-03,APPROVED
EXP-0001382,RPT-202403-0346,EMP-1007,Kiran Rao,Legal,CC-LEGAL-01,2024-03-02,2024-02-22,2024-02-25,Ground Transport,,Meru Cabs,,,Mumbai,BOM,12.7,KM,,273,INR,273,1.0,Concur,Board Review,MGR-L01,2024-03-03,APPROVED
EXP-0001383,RPT-202403-0346,EMP-1007,Kiran Rao,Legal,CC-LEGAL-01,2024-03-02,2024-02-22,2024-02-25,Ground Transport,,Rapido,Mumbai,,Mumbai,BOM,20.5,KM,,554,INR,554,1.0,Concur,Board Review,MGR-L01,2024-03-03,APPROVED
EXP-0001384,RPT-202402-0347,EMP-1001,Rahul Sharma,Sales,CC-SALES-01,2024-02-12,2024-02-06,2024-02-08,Airfare,Economy,IndiGo,Mumbai,,Delhi,DEL,,KM,,400,INR,400,1.0,Concur,Board Review,MGR-S01,2024-02-14,APPROVED
EXP-0001385,RPT-202402-0347,EMP-1001,Rahul Sharma,Sales,CC-SALES-01,2024-02-12,2024-02-06,2024-02-08,Hotel,,ITC Hotels Delhi,,,Delhi,DEL,,,2,14000,INR,14000,1.0,Concur,Board Review,MGR-S01,2024-02-14,APPROVED
EXP-0001386,RPT-202402-0347,EMP-1001,Rahul Sharma,Sales,CC-SALES-01,2024-02-12,2024-02-06,2024-02-08,Ground Transport,,Careem,Delhi,,Delhi,DEL,29.4,KM,,753,INR,753,1.0,Concur,Board Review,MGR-S01,2024-02-14,APPROVED
EXP-0001387,RPT-202402-0347,EMP-1001,Rahul Sharma,Sales,CC-SALES-01,2024-02-12,2024-02-06,2024-02-08,Ground Transport,,Yellow Cab,,,Delhi,DEL,27.4,KM,,485,INR,485,1.0,Concur,Board Review,MGR-S01,2024-02-14,APPROVED
EXP-0001388,RPT-202402-0348,EMP-1015,Kavita Joshi,HR,CC-HR-01,2024-02-23,2024-02-13,2024-02-18,Airfare,Economy,IndiGo,Delhi,DEL,Frankfurt,FRA,,KM,,5300,INR,5300,1.0,Concur,Audit Review,MGR-H01,2024-02-27,APPROVED
EXP-0001389,RPT-202402-0348,EMP-1015,Kavita Joshi,HR,CC-HR-01,2024-02-23,2024-02-13,2024-02-18,Hotel,,Hilton Frankfurt,,,Frankfurt,FRA,,,5,164000,INR,164000,1.0,Concur,Audit Review,MGR-H01,2024-02-27,APPROVED
EXP-0001390,RPT-202402-0348,EMP-1015,Kavita Joshi,HR,CC-HR-01,2024-02-23,2024-02-13,2024-02-18,Ground Transport,,Yellow Cab,Frankfurt,,Frankfurt,FRA,53.5,KM,,1069,INR,1069,1.0,Concur,Audit Review,MGR-H01,2024-02-27,APPROVED
EXP-0001391,RPT-202403-0349,EMP-1004,Sneha Reddy,HR,CC-HR-01,2024-03-08,2024-02-28,2024-02-29,Airfare,Business,Air India,Delhi,DEL,Bangalore,BLR,,KM,,700,INR,700,1.0,Concur,Team Offsite,MGR-H01,2024-03-12,APPROVED
EXP-0001392,RPT-202403-0349,EMP-1004,Sneha Reddy,HR,CC-HR-01,2024-03-08,2024-02-28,2024-02-29,Hotel,,ITC Hotels Bangalore,,,Bangalore,BLR,,,1,8500,INR,8500,1.0,Concur,Team Offsite,MGR-H01,2024-03-12,APPROVED
EXP-0001393,RPT-202403-0349,EMP-1004,Sneha Reddy,HR,CC-HR-01,2024-03-08,2024-02-28,2024-02-29,Ground Transport,,Meru Cabs,Bangalore,,Bangalore,BLR,32.3,KM,,947,INR,947,1.0,Concur,Team Offsite,MGR-H01,2024-03-12,APPROVED
EXP-0001394,RPT-202402-0350,EMP-1005,Vikram Nair,Operations,CC-OPS-01,2024-02-25,2024-02-20,2024-02-22,Airfare,Economy,Lufthansa,Chennai,MAA,Mumbai,BOM,,KM,,300,INR,300,1.0,Concur,Team Offsite,MGR-O01,2024-02-27,APPROVED
EXP-0001395,RPT-202402-0350,EMP-1005,Vikram Nair,Operations,CC-OPS-01,2024-02-25,2024-02-20,2024-02-22,Hotel,,Hyatt Regency Mumbai,,,Mumbai,BOM,,,2,14500,INR,14500,1.0,Concur,Team Offsite,MGR-O01,2024-02-27,APPROVED
EXP-0001396,RPT-202402-0350,EMP-1005,Vikram Nair,Operations,CC-OPS-01,2024-02-25,2024-02-20,2024-02-22,Ground Transport,,Rapido,Mumbai,,Mumbai,BOM,34.9,KM,,932,INR,932,1.0,Concur,Team Offsite,MGR-O01,2024-02-27,APPROVED
EXP-0001397,RPT-202402-0350,EMP-1005,Vikram Nair,Operations,CC-OPS-01,2024-02-25,2024-02-20,2024-02-22,Ground Transport,,Ola,,,Mumbai,BOM,18.8,KM,,410,INR,410,1.0,Concur,Team Offsite,MGR-O01,2024-02-27,APPROVED
EXP-0001398,RPT-202402-0350,EMP-1005,Vikram Nair,Operations,CC-OPS-01,2024-02-25,2024-02-20,2024-02-22,Ground Transport,,Local Taxi,Mumbai,,Mumbai,BOM,50.6,KM,,1321,INR,1321,1.0,Concur,Team Offsite,MGR-O01,2024-02-27,APPROVED
EXP-0001399,RPT-202402-0351,EMP-1001,Rahul Sharma,Sales,CC-SALES-01,2024-02-14,2024-02-04,2024-02-08,Airfare,Economy,Vistara,Mumbai,BOM,Hyderabad,HYD,,KM,,200,INR,200,1.0,Concur,Annual Planning,MGR-S01,2024-02-18,APPROVED
EXP-0001400,RPT-202402-0351,EMP-1001,Rahul Sharma,Sales,CC-SALES-01,2024-02-14,2024-02-04,2024-02-08,Hotel,,Marriott Hyderabad,,,Hyderabad,HYD,,,4,29500,INR,29500,1.0,Concur,Annual Planning,MGR-S01,2024-02-18,APPROVED
EXP-0001401,RPT-202402-0351,EMP-1001,Rahul Sharma,Sales,CC-SALES-01,2024-02-14,2024-02-04,2024-02-08,Ground Transport,,Rapido,Hyderabad,,Hyderabad,HYD,24.7,KM,,428,INR,428,1.0,Concur,Annual Planning,MGR-S01,2024-02-18,APPROVED
EXP-0001402,RPT-202402-0352,EMP-1015,Kavita Joshi,HR,CC-HR-01,2024-02-16,2024-02-12,2024-02-13,Airfare,Business,Go First,Delhi,DEL,Bangalore,BLR,,KM,,700,INR,700,1.0,Concur,Team Offsite,MGR-H01,2024-02-18,APPROVED
EXP-0001403,RPT-202402-0352,EMP-1015,Kavita Joshi,HR,CC-HR-01,2024-02-16,2024-02-12,2024-02-13,Hotel,,Marriott Bangalore,,,Bangalore,BLR,,,1,6000,INR,6000,1.0,Concur,Team Offsite,MGR-H01,2024-02-18,APPROVED
EXP-0001404,RPT-202402-0352,EMP-1015,Kavita Joshi,HR,CC-HR-01,2024-02-16,2024-02-12,2024-02-13,Ground Transport,,Meru Cabs,Bangalore,,Bangalore,BLR,21.7,KM,,358,INR,358,1.0,Concur,Team Offsite,MGR-H01,2024-02-18,APPROVED
EXP-0001405,RPT-202402-0352,EMP-1015,Kavita Joshi,HR,CC-HR-01,2024-02-16,2024-02-12,2024-02-13,Ground Transport,,Rapido,,,Bangalore,BLR,25.0,KM,,742,INR,742,1.0,Concur,Team Offsite,MGR-H01,2024-02-18,APPROVED
EXP-0001406,RPT-202402-0352,EMP-1015,Kavita Joshi,HR,CC-HR-01,2024-02-16,2024-02-12,2024-02-13,Ground Transport,,Rapido,Bangalore,,Bangalore,BLR,35.3,KM,,700,INR,700,1.0,Concur,Team Offsite,MGR-H01,2024-02-18,APPROVED
EXP-0001407,RPT-202403-0353,EMP-1009,Sunita Gupta,Sales,CC-SALES-02,2024-03-06,2024-02-25,2024-02-28,Airfare,Business,SpiceJet,Mumbai,BOM,Amsterdam,AMS,,KM,,11100,INR,11100,1.0,Concur,Product Launch,MGR-S01,2024-03-08,APPROVED
EXP-0001408,RPT-202403-0353,EMP-1009,Sunita Gupta,Sales,CC-SALES-02,2024-03-06,2024-02-25,2024-02-28,Hotel,,Hyatt Amsterdam,,,Amsterdam,AMS,,,3,64000,INR,64000,1.0,Concur,Product Launch,MGR-S01,2024-03-08,APPROVED
EXP-0001409,RPT-202403-0353,EMP-1009,Sunita Gupta,Sales,CC-SALES-02,2024-03-06,2024-02-25,2024-02-28,Ground Transport,,Local Taxi,Amsterdam,,Amsterdam,AMS,43.3,KM,,1036,INR,1036,1.0,Concur,Product Launch,MGR-S01,2024-03-08,APPROVED
EXP-0001410,RPT-202403-0353,EMP-1009,Sunita Gupta,Sales,CC-SALES-02,2024-03-06,2024-02-25,2024-02-28,Ground Transport,,Local Taxi,,,Amsterdam,AMS,43.0,KM,,937,INR,937,1.0,Concur,Product Launch,MGR-S01,2024-03-08,APPROVED
EXP-0001411,RPT-202402-0354,EMP-1002,Priya Menon,Engineering,CC-ENG-01,2024-02-22,2024-02-13,2024-02-15,Airfare,Economy,Emirates,Bangalore,BLR,Mumbai,BOM,,KM,,200,INR,200,1.0,Concur,Audit Review,MGR-E01,2024-02-26,APPROVED
EXP-0001412,RPT-202402-0354,EMP-1002,Priya Menon,Engineering,CC-ENG-01,2024-02-22,2024-02-13,2024-02-15,Hotel,,Le Meridien Mumbai,,,Mumbai,BOM,,,2,17000,INR,17000,1.0,Concur,Audit Review,MGR-E01,2024-02-26,APPROVED
EXP-0001413,RPT-202402-0354,EMP-1002,Priya Menon,Engineering,CC-ENG-01,2024-02-22,2024-02-13,2024-02-15,Ground Transport,,Ola,Mumbai,,Mumbai,BOM,18.5,KM,,313,INR,313,1.0,Concur,Audit Review,MGR-E01,2024-02-26,APPROVED
EXP-0001414,RPT-202402-0354,EMP-1002,Priya Menon,Engineering,CC-ENG-01,2024-02-22,2024-02-13,2024-02-15,Ground Transport,,Local Taxi,,,Mumbai,BOM,30.3,KM,,550,INR,550,1.0,Concur,Audit Review,MGR-E01,2024-02-26,APPROVED
EXP-0001415,RPT-202403-0355,EMP-1013,Nisha Verma,Engineering,CC-ENG-01,2024-03-03,2024-02-28,2024-02-29,Airfare,Economy,SpiceJet,Bangalore,BLR,Kolkata,CCU,,KM,,400,INR,400,1.0,Concur,Team Offsite,MGR-E01,2024-03-04,APPROVED
EXP-0001416,RPT-202403-0355,EMP-1013,Nisha Verma,Engineering,CC-ENG-01,2024-03-03,2024-02-28,2024-02-29,Hotel,,Marriott Kolkata,,,Kolkata,CCU,,,1,5000,INR,5000,1.0,Concur,Team Offsite,MGR-E01,2024-03-04,APPROVED
EXP-0001417,RPT-202403-0355,EMP-1013,Nisha Verma,Engineering,CC-ENG-01,2024-03-03,2024-02-28,2024-02-29,Ground Transport,,Yellow Cab,Kolkata,,Kolkata,CCU,12.9,KM,,264,INR,264,1.0,Concur,Team Offsite,MGR-E01,2024-03-04,APPROVED
EXP-0001418,RPT-202403-0355,EMP-1013,Nisha Verma,Engineering,CC-ENG-01,2024-03-03,2024-02-28,2024-02-29,Ground Transport,,Black Cab,,,Kolkata,CCU,19.0,KM,,539,INR,539,1.0,Concur,Team Offsite,MGR-E01,2024-03-04,APPROVED
EXP-0001419,RPT-202403-0355,EMP-1013,Nisha Verma,Engineering,CC-ENG-01,2024-03-03,2024-02-28,2024-02-29,Ground Transport,,Meru Cabs,Kolkata,,Kolkata,CCU,42.0,KM,,877,INR,877,1.0,Concur,Team Offsite,MGR-E01,2024-03-04,APPROVED
EXP-0001420,RPT-202402-0356,EMP-1007,Kiran Rao,Legal,CC-LEGAL-01,2024-02-18,2024-02-13,2024-02-17,Airfare,Business,Air India,Delhi,DEL,Tokyo,NRT,,KM,,9100,INR,9100,1.0,Concur,Vendor Meeting,MGR-L01,2024-02-20,APPROVED
EXP-0001421,RPT-202402-0356,EMP-1007,Kiran Rao,Legal,CC-LEGAL-01,2024-02-18,2024-02-13,2024-02-17,Hotel,,Hyatt Tokyo,,,Tokyo,NRT,,,4,129500,INR,129500,1.0,Concur,Vendor Meeting,MGR-L01,2024-02-20,APPROVED
EXP-0001422,RPT-202402-0356,EMP-1007,Kiran Rao,Legal,CC-LEGAL-01,2024-02-18,2024-02-13,2024-02-17,Ground Transport,,Rapido,Tokyo,,Tokyo,NRT,46.7,KM,,1073,INR,1073,1.0,Concur,Vendor Meeting,MGR-L01,2024-02-20,APPROVED
EXP-0001423,RPT-202402-0357,EMP-1015,Kavita Joshi,HR,CC-HR-01,2024-02-22,2024-02-13,2024-02-15,Airfare,Business,Etihad,Delhi,DEL,Bangalore,BLR,,KM,,900,INR,900,1.0,Concur,Budget Review,MGR-H01,2024-02-23,APPROVED
EXP-0001424,RPT-202402-0357,EMP-1015,Kavita Joshi,HR,CC-HR-01,2024-02-22,2024-02-13,2024-02-15,Hotel,,Marriott Bangalore,,,Bangalore,BLR,,,2,17500,INR,17500,1.0,Concur,Budget Review,MGR-H01,2024-02-23,APPROVED
EXP-0001425,RPT-202402-0357,EMP-1015,Kavita Joshi,HR,CC-HR-01,2024-02-22,2024-02-13,2024-02-15,Ground Transport,,Rapido,Bangalore,,Bangalore,BLR,20.7,KM,,444,INR,444,1.0,Concur,Budget Review,MGR-H01,2024-02-23,APPROVED
EXP-0001426,RPT-202402-0357,EMP-1015,Kavita Joshi,HR,CC-HR-01,2024-02-22,2024-02-13,2024-02-15,Ground Transport,,Careem,,,Bangalore,BLR,37.0,KM,,982,INR,982,1.0,Concur,Budget Review,MGR-H01,2024-02-23,APPROVED
EXP-0001427,RPT-202402-0357,EMP-1015,Kavita Joshi,HR,CC-HR-01,2024-02-22,2024-02-13,2024-02-15,Ground Transport,,Metro Rail,Bangalore,,Bangalore,BLR,24.1,KM,,717,INR,717,1.0,Concur,Budget Review,MGR-H01,2024-02-23,APPROVED
EXP-0001428,RPT-202403-0358,EMP-1007,Kiran Rao,Legal,CC-LEGAL-01,2024-03-03,2024-02-22,2024-02-24,Airfare,Economy,Lufthansa,Delhi,DEL,Ahmedabad,AMD,,KM,,200,INR,200,1.0,Concur,Tech Conference,MGR-L01,2024-03-06,APPROVED
EXP-0001429,RPT-202403-0358,EMP-1007,Kiran Rao,Legal,CC-LEGAL-01,2024-03-03,2024-02-22,2024-02-24,Hotel,,Marriott Ahmedabad,,,Ahmedabad,AMD,,,2,10000,INR,10000,1.0,Concur,Tech Conference,MGR-L01,2024-03-06,APPROVED
EXP-0001430,RPT-202403-0358,EMP-1007,Kiran Rao,Legal,CC-LEGAL-01,2024-03-03,2024-02-22,2024-02-24,Ground Transport,,Metro Rail,Ahmedabad,,Ahmedabad,AMD,43.3,KM,,1006,INR,1006,1.0,Concur,Tech Conference,MGR-L01,2024-03-06,APPROVED
EXP-0001431,RPT-202403-0358,EMP-1007,Kiran Rao,Legal,CC-LEGAL-01,2024-03-03,2024-02-22,2024-02-24,Ground Transport,,Careem,,,Ahmedabad,AMD,24.8,KM,,667,INR,667,1.0,Concur,Tech Conference,MGR-L01,2024-03-06,APPROVED
EXP-0001432,RPT-202403-0358,EMP-1007,Kiran Rao,Legal,CC-LEGAL-01,2024-03-03,2024-02-22,2024-02-24,Ground Transport,,Meru Cabs,Ahmedabad,,Ahmedabad,AMD,28.0,KM,,464,INR,464,1.0,Concur,Tech Conference,MGR-L01,2024-03-06,APPROVED
EXP-0001433,RPT-202402-0359,EMP-1011,Anjali Singh,Marketing,CC-MKT-01,2024-02-23,2024-02-14,2024-02-16,Airfare,Economy,IndiGo,Mumbai,BOM,Ahmedabad,AMD,,KM,,100,INR,100,1.0,Concur,Product Launch,MGR-M01,,PENDING
EXP-0001434,RPT-202402-0359,EMP-1011,Anjali Singh,Marketing,CC-MKT-01,2024-02-23,2024-02-14,2024-02-16,Hotel,,Taj Hotels Ahmedabad,,,Ahmedabad,AMD,,,2,15000,INR,15000,1.0,Concur,Product Launch,MGR-M01,,PENDING
EXP-0001435,RPT-202402-0359,EMP-1011,Anjali Singh,Marketing,CC-MKT-01,2024-02-23,2024-02-14,2024-02-16,Ground Transport,,Careem,Ahmedabad,,Ahmedabad,AMD,14.5,KM,,259,INR,259,1.0,Concur,Product Launch,MGR-M01,,PENDING
EXP-0001436,RPT-202402-0359,EMP-1011,Anjali Singh,Marketing,CC-MKT-01,2024-02-23,2024-02-14,2024-02-16,Ground Transport,,Grab,,,Ahmedabad,AMD,18.7,KM,,529,INR,529,1.0,Concur,Product Launch,MGR-M01,,PENDING
EXP-0001437,RPT-202402-0359,EMP-1011,Anjali Singh,Marketing,CC-MKT-01,2024-02-23,2024-02-14,2024-02-16,Ground Transport,,Rapido,Ahmedabad,,Ahmedabad,AMD,27.0,KM,,480,INR,480,1.0,Concur,Product Launch,MGR-M01,,PENDING
EXP-0001438,RPT-202402-0360,EMP-1002,Priya Menon,Engineering,CC-ENG-01,2024-02-27,2024-02-18,2024-02-24,Airfare,Economy,Etihad,Bangalore,BLR,Paris,CDG,,KM,,7400,INR,7400,1.0,Concur,Board Review,MGR-E01,,PENDING
EXP-0001439,RPT-202402-0360,EMP-1002,Priya Menon,Engineering,CC-ENG-01,2024-02-27,2024-02-18,2024-02-24,Hotel,,Holiday Inn Paris,,,Paris,CDG,,,6,167000,INR,167000,1.0,Concur,Board Review,MGR-E01,,PENDING
EXP-0001440,RPT-202402-0360,EMP-1002,Priya Menon,Engineering,CC-ENG-01,2024-02-27,2024-02-18,2024-02-24,Ground Transport,,Black Cab,Paris,,Paris,CDG,18.7,KM,,380,INR,380,1.0,Concur,Board Review,MGR-E01,,PENDING
EXP-0001441,RPT-202402-0361,EMP-1013,Nisha Verma,Engineering,CC-ENG-01,2024-02-26,2024-02-16,2024-02-20,Airfare,Business,Air India,Bangalore,BLR,Chennai,MAA,,KM,,100,INR,100,1.0,Concur,Legal Negotiation,MGR-E01,2024-03-01,APPROVED
EXP-0001442,RPT-202402-0361,EMP-1013,Nisha Verma,Engineering,CC-ENG-01,2024-02-26,2024-02-16,2024-02-20,Hotel,,Le Meridien Chennai,,,Chennai,MAA,,,4,32500,INR,32500,1.0,Concur,Legal Negotiation,MGR-E01,2024-03-01,APPROVED
EXP-0001443,RPT-202402-0361,EMP-1013,Nisha Verma,Engineering,CC-ENG-01,2024-02-26,2024-02-16,2024-02-20,Ground Transport,,Uber,Chennai,,Chennai,MAA,49.5,KM,,1225,INR,1225,1.0,Concur,Legal Negotiation,MGR-E01,2024-03-01,APPROVED
EXP-0001444,RPT-202402-0361,EMP-1013,Nisha Verma,Engineering,CC-ENG-01,2024-02-26,2024-02-16,2024-02-20,Ground Transport,,Careem,,,Chennai,MAA,48.4,KM,,932,INR,932,1.0,Concur,Legal Negotiation,MGR-E01,2024-03-01,APPROVED
EXP-0001445,RPT-202403-0362,EMP-1016,Dinesh Choudhary,Procurement,CC-PROC-01,2024-03-04,2024-02-22,2024-02-26,Airfare,Business,Air India,Mumbai,BOM,Kolkata,CCU,,KM,,900,INR,900,1.0,Concur,Sales Pitch,MGR-P01,2024-03-08,APPROVED
EXP-0001446,RPT-202403-0362,EMP-1016,Dinesh Choudhary,Procurement,CC-PROC-01,2024-03-04,2024-02-22,2024-02-26,Hotel,,Hyatt Regency Kolkata,,,Kolkata,CCU,,,4,32000,INR,32000,1.0,Concur,Sales Pitch,MGR-P01,2024-03-08,APPROVED
EXP-0001447,RPT-202403-0362,EMP-1016,Dinesh Choudhary,Procurement,CC-PROC-01,2024-03-04,2024-02-22,2024-02-26,Ground Transport,,Local Taxi,Kolkata,,Kolkata,CCU,12.4,KM,,285,INR,285,1.0,Concur,Sales Pitch,MGR-P01,2024-03-08,APPROVED
EXP-0001448,RPT-202403-0362,EMP-1016,Dinesh Choudhary,Procurement,CC-PROC-01,2024-03-04,2024-02-22,2024-02-26,Ground Transport,,Grab,,,Kolkata,CCU,31.0,KM,,480,INR,480,1.0,Concur,Sales Pitch,MGR-P01,2024-03-08,APPROVED
EXP-0001449,RPT-202402-0363,EMP-1009,Sunita Gupta,Sales,CC-SALES-02,2024-02-08,2024-02-02,2024-02-03,Airfare,Business,IndiGo,Mumbai,BOM,Pune,PNQ,,KM,,100,INR,100,1.0,Concur,Partner Integration,MGR-S01,2024-02-11,APPROVED
EXP-0001450,RPT-202402-0363,EMP-1009,Sunita Gupta,Sales,CC-SALES-02,2024-02-08,2024-02-02,2024-02-03,Hotel,,Marriott Pune,,,Pune,PNQ,,,1,7500,INR,7500,1.0,Concur,Partner Integration,MGR-S01,2024-02-11,APPROVED
EXP-0001451,RPT-202402-0363,EMP-1009,Sunita Gupta,Sales,CC-SALES-02,2024-02-08,2024-02-02,2024-02-03,Ground Transport,,Black Cab,Pune,,Pune,PNQ,48.2,KM,,773,INR,773,1.0,Concur,Partner Integration,MGR-S01,2024-02-11,APPROVED
EXP-0001452,RPT-202402-0363,EMP-1009,Sunita Gupta,Sales,CC-SALES-02,2024-02-08,2024-02-02,2024-02-03,Ground Transport,,Black Cab,,,Pune,PNQ,14.9,KM,,413,INR,413,1.0,Concur,Partner Integration,MGR-S01,2024-02-11,APPROVED
EXP-0001453,RPT-202402-0363,EMP-1009,Sunita Gupta,Sales,CC-SALES-02,2024-02-08,2024-02-02,2024-02-03,Ground Transport,,Rapido,Pune,,Pune,PNQ,22.7,KM,,627,INR,627,1.0,Concur,Partner Integration,MGR-S01,2024-02-11,APPROVED
EXP-0001454,RPT-202403-0364,EMP-1010,Ravi Krishnan,Operations,CC-OPS-02,2024-03-16,2024-03-04,2024-03-08,Airfare,Economy,IndiGo,Chennai,,Delhi,DEL,,KM,,500,INR,500,1.0,Concur,Team Offsite,MGR-O01,2024-03-17,APPROVED
EXP-0001455,RPT-202403-0364,EMP-1010,Ravi Krishnan,Operations,CC-OPS-02,2024-03-16,2024-03-04,2024-03-08,Hotel,,Westin Delhi,,,Delhi,DEL,,,4,25500,INR,25500,1.0,Concur,Team Offsite,MGR-O01,2024-03-17,APPROVED
EXP-0001456,RPT-202403-0364,EMP-1010,Ravi Krishnan,Operations,CC-OPS-02,2024-03-16,2024-03-04,2024-03-08,Ground Transport,,Grab,Delhi,,Delhi,DEL,22.8,KM,,374,INR,374,1.0,Concur,Team Offsite,MGR-O01,2024-03-17,APPROVED
EXP-0001457,RPT-202403-0365,EMP-1010,Ravi Krishnan,Operations,CC-OPS-02,2024-03-20,2024-03-15,2024-03-17,Airfare,Economy,Qatar Airways,Chennai,MAA,Delhi,DEL,,KM,,400,INR,400,1.0,Concur,Training Program,MGR-O01,2024-03-21,APPROVED
EXP-0001458,RPT-202403-0365,EMP-1010,Ravi Krishnan,Operations,CC-OPS-02,2024-03-20,2024-03-15,2024-03-17,Hotel,,Westin Delhi,,,Delhi,DEL,,,2,13000,INR,13000,1.0,Concur,Training Program,MGR-O01,2024-03-21,APPROVED
EXP-0001459,RPT-202403-0365,EMP-1010,Ravi Krishnan,Operations,CC-OPS-02,2024-03-20,2024-03-15,2024-03-17,Ground Transport,,Yellow Cab,Delhi,,Delhi,DEL,18.5,KM,,409,INR,409,1.0,Concur,Training Program,MGR-O01,2024-03-21,APPROVED
EXP-0001460,RPT-202403-0366,EMP-1020,Sameer Khan,Legal,CC-LEGAL-01,2024-03-13,2024-03-03,2024-03-05,Airfare,Economy,IndiGo,Delhi,DEL,Hyderabad,HYD,,KM,,300,INR,300,1.0,Concur,Budget Review,MGR-L01,2024-03-15,APPROVED
EXP-0001461,RPT-202403-0366,EMP-1020,Sameer Khan,Legal,CC-LEGAL-01,2024-03-13,2024-03-03,2024-03-05,Hotel,,Westin Hyderabad,,,Hyderabad,HYD,,,2,12500,INR,12500,1.0,Concur,Budget Review,MGR-L01,2024-03-15,APPROVED
EXP-0001462,RPT-202403-0366,EMP-1020,Sameer Khan,Legal,CC-LEGAL-01,2024-03-13,2024-03-03,2024-03-05,Ground Transport,,Ola,Hyderabad,,Hyderabad,HYD,22.3,KM,,398,INR,398,1.0,Concur,Budget Review,MGR-L01,2024-03-15,APPROVED
EXP-0001463,RPT-202403-0366,EMP-1020,Sameer Khan,Legal,CC-LEGAL-01,2024-03-13,2024-03-03,2024-03-05,Ground Transport,,Yellow Cab,,,Hyderabad,HYD,21.9,KM,,445,INR,445,1.0,Concur,Budget Review,MGR-L01,2024-03-15,APPROVED
EXP-0001464,RPT-202403-0366,EMP-1020,Sameer Khan,Legal,CC-LEGAL-01,2024-03-13,2024-03-03,2024-03-05,Ground Transport,,Rapido,Hyderabad,,Hyderabad,HYD,10.4,KM,,301,INR,301,1.0,Concur,Budget Review,MGR-L01,2024-03-15,APPROVED
EXP-0001465,RPT-202403-0367,EMP-1019,Pooja Desai,Operations,CC-OPS-01,2024-03-29,2024-03-26,2024-03-28,Airfare,Economy,Singapore Airlines,Chennai,MAA,Ahmedabad,AMD,,KM,,400,INR,400,1.0,Concur,Training Program,MGR-O01,2024-04-02,APPROVED
EXP-0001466,RPT-202403-0367,EMP-1019,Pooja Desai,Operations,CC-OPS-01,2024-03-29,2024-03-26,2024-03-28,Hotel,,Novotel Ahmedabad,,,Ahmedabad,AMD,,,2,16000,INR,16000,1.0,Concur,Training Program,MGR-O01,2024-04-02,APPROVED
EXP-0001467,RPT-202403-0367,EMP-1019,Pooja Desai,Operations,CC-OPS-01,2024-03-29,2024-03-26,2024-03-28,Ground Transport,,Black Cab,Ahmedabad,,Ahmedabad,AMD,21.4,KM,,532,INR,532,1.0,Concur,Training Program,MGR-O01,2024-04-02,APPROVED
EXP-0001468,RPT-202403-0367,EMP-1019,Pooja Desai,Operations,CC-OPS-01,2024-03-29,2024-03-26,2024-03-28,Ground Transport,,Yellow Cab,,,Ahmedabad,AMD,33.2,KM,,533,INR,533,1.0,Concur,Training Program,MGR-O01,2024-04-02,APPROVED
EXP-0001469,RPT-202403-0368,EMP-1007,Kiran Rao,Legal,CC-LEGAL-01,2024-03-11,2024-03-01,2024-03-04,Airfare,Economy,SpiceJet,Delhi,DEL,Bangalore,BLR,,KM,,500,INR,500,1.0,Concur,HR Summit,MGR-L01,,PENDING
EXP-0001470,RPT-202403-0368,EMP-1007,Kiran Rao,Legal,CC-LEGAL-01,2024-03-11,2024-03-01,2024-03-04,Hotel,,Hilton Bangalore,,,Bangalore,BLR,,,3,21500,INR,21500,1.0,Concur,HR Summit,MGR-L01,,PENDING
EXP-0001471,RPT-202403-0368,EMP-1007,Kiran Rao,Legal,CC-LEGAL-01,2024-03-11,2024-03-01,2024-03-04,Ground Transport,,Metro Rail,Bangalore,,Bangalore,BLR,43.2,KM,,1246,INR,1246,1.0,Concur,HR Summit,MGR-L01,,PENDING
EXP-0001472,RPT-202403-0368,EMP-1007,Kiran Rao,Legal,CC-LEGAL-01,2024-03-11,2024-03-01,2024-03-04,Ground Transport,,Local Taxi,,,Bangalore,BLR,29.6,KM,,522,INR,522,1.0,Concur,HR Summit,MGR-L01,,PENDING
EXP-0001473,RPT-202403-0368,EMP-1007,Kiran Rao,Legal,CC-LEGAL-01,2024-03-11,2024-03-01,2024-03-04,Ground Transport,,Metro Rail,Bangalore,,Bangalore,BLR,45.4,KM,,767,INR,767,1.0,Concur,HR Summit,MGR-L01,,PENDING
EXP-0001474,RPT-202403-0369,EMP-1005,Vikram Nair,Operations,CC-OPS-01,2024-03-16,2024-03-11,2024-03-14,Airfare,Economy,Qatar Airways,Chennai,MAA,Mumbai,BOM,,KM,,300,INR,300,1.0,Concur,Client Meeting,MGR-O01,2024-03-17,APPROVED
EXP-0001475,RPT-202403-0369,EMP-1005,Vikram Nair,Operations,CC-OPS-01,2024-03-16,2024-03-11,2024-03-14,Hotel,,Hilton Mumbai,,,Mumbai,BOM,,,3,18000,INR,18000,1.0,Concur,Client Meeting,MGR-O01,2024-03-17,APPROVED
EXP-0001476,RPT-202403-0369,EMP-1005,Vikram Nair,Operations,CC-OPS-01,2024-03-16,2024-03-11,2024-03-14,Ground Transport,,Ola,Mumbai,,Mumbai,BOM,37.7,KM,,895,INR,895,1.0,Concur,Client Meeting,MGR-O01,2024-03-17,APPROVED
EXP-0001477,RPT-202403-0369,EMP-1005,Vikram Nair,Operations,CC-OPS-01,2024-03-16,2024-03-11,2024-03-14,Ground Transport,,Ola,,,Mumbai,BOM,54.6,KM,,1314,INR,1314,1.0,Concur,Client Meeting,MGR-O01,2024-03-17,APPROVED
EXP-0001478,RPT-202403-0369,EMP-1005,Vikram Nair,Operations,CC-OPS-01,2024-03-16,2024-03-11,2024-03-14,Ground Transport,,Local Taxi,Mumbai,,Mumbai,BOM,18.1,KM,,432,INR,432,1.0,Concur,Client Meeting,MGR-O01,2024-03-17,APPROVED
EXP-0001479,RPT-202403-0370,EMP-1003,Amit Patel,Finance,CC-FIN-01,2024-03-19,2024-03-15,2024-03-16,Airfare,Economy,Etihad,Delhi,DEL,Mumbai,BOM,,KM,,300,INR,300,1.0,Concur,Client Meeting,MGR-F01,2024-03-20,APPROVED
EXP-0001480,RPT-202403-0370,EMP-1003,Amit Patel,Finance,CC-FIN-01,2024-03-19,2024-03-15,2024-03-16,Hotel,,JW Marriott Mumbai,,,Mumbai,BOM,,,1,7000,INR,7000,1.0,Concur,Client Meeting,MGR-F01,2024-03-20,APPROVED
EXP-0001481,RPT-202403-0370,EMP-1003,Amit Patel,Finance,CC-FIN-01,2024-03-19,2024-03-15,2024-03-16,Ground Transport,,Uber,Mumbai,,Mumbai,BOM,51.9,KM,,878,INR,878,1.0,Concur,Client Meeting,MGR-F01,2024-03-20,APPROVED
EXP-0001482,RPT-202403-0370,EMP-1003,Amit Patel,Finance,CC-FIN-01,2024-03-19,2024-03-15,2024-03-16,Ground Transport,,Ola,,,Mumbai,BOM,31.4,KM,,570,INR,570,1.0,Concur,Client Meeting,MGR-F01,2024-03-20,APPROVED
EXP-0001483,RPT-202403-0371,EMP-1019,Pooja Desai,Operations,CC-OPS-01,2024-03-23,2024-03-20,2024-03-21,Airfare,Economy,SpiceJet,Chennai,MAA,Delhi,DEL,,KM,,500,INR,500,1.0,Concur,HR Summit,MGR-O01,2024-03-25,APPROVED
EXP-0001484,RPT-202403-0371,EMP-1019,Pooja Desai,Operations,CC-OPS-01,2024-03-23,2024-03-20,2024-03-21,Hotel,,Westin Delhi,,,Delhi,DEL,,,1,7500,INR,7500,1.0,Concur,HR Summit,MGR-O01,2024-03-25,APPROVED
EXP-0001485,RPT-202403-0371,EMP-1019,Pooja Desai,Operations,CC-OPS-01,2024-03-23,2024-03-20,2024-03-21,Ground Transport,,Black Cab,Delhi,,Delhi,DEL,10.6,KM,,274,INR,274,1.0,Concur,HR Summit,MGR-O01,2024-03-25,APPROVED
EXP-0001486,RPT-202403-0371,EMP-1019,Pooja Desai,Operations,CC-OPS-01,2024-03-23,2024-03-20,2024-03-21,Ground Transport,,Rapido,,,Delhi,DEL,41.2,KM,,1039,INR,1039,1.0,Concur,HR Summit,MGR-O01,2024-03-25,APPROVED
EXP-0001487,RPT-202404-0372,EMP-1004,Sneha Reddy,HR,CC-HR-01,2024-04-01,2024-03-27,2024-03-30,Airfare,Economy,Etihad,Delhi,DEL,Ahmedabad,AMD,,KM,,200,INR,200,1.0,Concur,Tech Conference,MGR-H01,2024-04-04,APPROVED
EXP-0001488,RPT-202404-0372,EMP-1004,Sneha Reddy,HR,CC-HR-01,2024-04-01,2024-03-27,2024-03-30,Hotel,,Hilton Ahmedabad,,,Ahmedabad,AMD,,,3,16500,INR,16500,1.0,Concur,Tech Conference,MGR-H01,2024-04-04,APPROVED
EXP-0001489,RPT-202404-0372,EMP-1004,Sneha Reddy,HR,CC-HR-01,2024-04-01,2024-03-27,2024-03-30,Ground Transport,,Meru Cabs,Ahmedabad,,Ahmedabad,AMD,51.9,KM,,1088,INR,1088,1.0,Concur,Tech Conference,MGR-H01,2024-04-04,APPROVED
EXP-0001490,RPT-202404-0373,EMP-1010,Ravi Krishnan,Operations,CC-OPS-02,2024-04-03,2024-03-28,2024-04-01,Airfare,Economy,Singapore Airlines,Chennai,MAA,Kolkata,CCU,,KM,,400,INR,400,1.0,Concur,Team Offsite,MGR-O01,,PENDING
EXP-0001491,RPT-202404-0373,EMP-1010,Ravi Krishnan,Operations,CC-OPS-02,2024-04-03,2024-03-28,2024-04-01,Hotel,,JW Marriott Kolkata,,,Kolkata,CCU,,,4,24000,INR,24000,1.0,Concur,Team Offsite,MGR-O01,,PENDING
EXP-0001492,RPT-202404-0373,EMP-1010,Ravi Krishnan,Operations,CC-OPS-02,2024-04-03,2024-03-28,2024-04-01,Ground Transport,,Local Taxi,Kolkata,,Kolkata,CCU,45.6,KM,,930,INR,930,1.0,Concur,Team Offsite,MGR-O01,,PENDING
EXP-0001493,RPT-202404-0373,EMP-1010,Ravi Krishnan,Operations,CC-OPS-02,2024-04-03,2024-03-28,2024-04-01,Ground Transport,,Yellow Cab,,,Kolkata,CCU,13.7,KM,,210,INR,210,1.0,Concur,Team Offsite,MGR-O01,,PENDING
EXP-0001494,RPT-202403-0374,EMP-1014,Suresh Babu,Sales,CC-SALES-03,2024-03-11,2024-03-09,2024-03-10,Airfare,Economy,IndiGo,Mumbai,,Ahmedabad,AMD,,KM,,100,INR,100,1.0,Concur,Client Meeting,MGR-S02,2024-03-13,APPROVED
EXP-0001495,RPT-202403-0374,EMP-1014,Suresh Babu,Sales,CC-SALES-03,2024-03-11,2024-03-09,2024-03-10,Hotel,,Taj Hotels Ahmedabad,,,Ahmedabad,AMD,,,1,7500,INR,7500,1.0,Concur,Client Meeting,MGR-S02,2024-03-13,APPROVED
EXP-0001496,RPT-202403-0374,EMP-1014,Suresh Babu,Sales,CC-SALES-03,2024-03-11,2024-03-09,2024-03-10,Ground Transport,,Grab,Ahmedabad,,Ahmedabad,AMD,40.4,KM,,906,INR,906,1.0,Concur,Client Meeting,MGR-S02,2024-03-13,APPROVED
EXP-0001497,RPT-202403-0374,EMP-1014,Suresh Babu,Sales,CC-SALES-03,2024-03-11,2024-03-09,2024-03-10,Ground Transport,,Grab,,,Ahmedabad,AMD,21.6,KM,,547,INR,547,1.0,Concur,Client Meeting,MGR-S02,2024-03-13,APPROVED
EXP-0001498,RPT-202403-0375,EMP-1013,Nisha Verma,Engineering,CC-ENG-01,2024-03-09,2024-03-02,2024-03-04,Airfare,Business,Lufthansa,Bangalore,BLR,Dubai,DXB,,KM,,4500,INR,4500,1.0,Concur,Partner Integration,MGR-E01,2024-03-10,APPROVED
EXP-0001499,RPT-202403-0375,EMP-1013,Nisha Verma,Engineering,CC-ENG-01,2024-03-09,2024-03-02,2024-03-04,Hotel,,Marriott Dubai,,,Dubai,DXB,,,2,25000,INR,25000,1.0,Concur,Partner Integration,MGR-E01,2024-03-10,APPROVED
EXP-0001500,RPT-202403-0375,EMP-1013,Nisha Verma,Engineering,CC-ENG-01,2024-03-09,2024-03-02,2024-03-04,Ground Transport,,Meru Cabs,Dubai,,Dubai,DXB,48.6,KM,,1451,INR,1451,1.0,Concur,Partner Integration,MGR-E01,2024-03-10,APPROVED
EXP-0001501,RPT-202403-0375,EMP-1013,Nisha Verma,Engineering,CC-ENG-01,2024-03-09,2024-03-02,2024-03-04,Ground Transport,,Careem,,,Dubai,DXB,20.2,KM,,320,INR,320,1.0,Concur,Partner Integration,MGR-E01,2024-03-10,APPROVED
EXP-0001502,RPT-202403-0375,EMP-1013,Nisha Verma,Engineering,CC-ENG-01,2024-03-09,2024-03-02,2024-03-04,Ground Transport,,Yellow Cab,Dubai,,Dubai,DXB,49.5,KM,,1190,INR,1190,1.0,Concur,Partner Integration,MGR-E01,2024-03-10,APPROVED
EXP-0001503,RPT-202403-0376,EMP-1011,Anjali Singh,Marketing,CC-MKT-01,2024-03-30,2024-03-23,2024-03-27,Airfare,Economy,Go First,Mumbai,BOM,Delhi,DEL,,KM,,300,INR,300,1.0,Concur,Operations Review,MGR-M01,2024-04-03,APPROVED
EXP-0001504,RPT-202403-0376,EMP-1011,Anjali Singh,Marketing,CC-MKT-01,2024-03-30,2024-03-23,2024-03-27,Hotel,,Westin Delhi,,,Delhi,DEL,,,4,19000,INR,19000,1.0,Concur,Operations Review,MGR-M01,2024-04-03,APPROVED
EXP-0001505,RPT-202403-0376,EMP-1011,Anjali Singh,Marketing,CC-MKT-01,2024-03-30,2024-03-23,2024-03-27,Ground Transport,,Metro Rail,Delhi,,Delhi,DEL,26.5,KM,,544,INR,544,1.0,Concur,Operations Review,MGR-M01,2024-04-03,APPROVED
EXP-0001506,RPT-202404-0377,EMP-1006,Deepa Iyer,Marketing,CC-MKT-01,2024-04-01,2024-03-27,2024-03-29,Airfare,Economy,Emirates,Mumbai,BOM,Bangalore,BLR,,KM,,200,INR,200,1.0,Concur,Product Launch,MGR-M01,2024-04-04,APPROVED
EXP-0001507,RPT-202404-0377,EMP-1006,Deepa Iyer,Marketing,CC-MKT-01,2024-04-01,2024-03-27,2024-03-29,Hotel,,Radisson Blu Bangalore,,,Bangalore,BLR,,,2,16500,INR,16500,1.0,Concur,Product Launch,MGR-M01,2024-04-04,APPROVED
EXP-0001508,RPT-202404-0377,EMP-1006,Deepa Iyer,Marketing,CC-MKT-01,2024-04-01,2024-03-27,2024-03-29,Ground Transport,,Ola,Bangalore,,Bangalore,BLR,35.4,KM,,731,INR,731,1.0,Concur,Product Launch,MGR-M01,2024-04-04,APPROVED
EXP-0001509,RPT-202404-0377,EMP-1006,Deepa Iyer,Marketing,CC-MKT-01,2024-04-01,2024-03-27,2024-03-29,Ground Transport,,Uber,,,Bangalore,BLR,43.7,KM,,942,INR,942,1.0,Concur,Product Launch,MGR-M01,2024-04-04,APPROVED
EXP-0001510,RPT-202404-0377,EMP-1006,Deepa Iyer,Marketing,CC-MKT-01,2024-04-01,2024-03-27,2024-03-29,Ground Transport,,Ola,Bangalore,,Bangalore,BLR,18.7,KM,,335,INR,335,1.0,Concur,Product Launch,MGR-M01,2024-04-04,APPROVED
EXP-0001511,RPT-202404-0378,EMP-1006,Deepa Iyer,Marketing,CC-MKT-01,2024-04-05,2024-03-26,2024-03-30,Airfare,Business,Lufthansa,Mumbai,BOM,Delhi,DEL,,KM,,400,INR,400,1.0,Concur,Vendor Meeting,MGR-M01,2024-04-08,APPROVED
EXP-0001512,RPT-202404-0378,EMP-1006,Deepa Iyer,Marketing,CC-MKT-01,2024-04-05,2024-03-26,2024-03-30,Hotel,,JW Marriott Delhi,,,Delhi,DEL,,,4,27500,INR,27500,1.0,Concur,Vendor Meeting,MGR-M01,2024-04-08,APPROVED
EXP-0001513,RPT-202404-0378,EMP-1006,Deepa Iyer,Marketing,CC-MKT-01,2024-04-05,2024-03-26,2024-03-30,Ground Transport,,Meru Cabs,Delhi,,Delhi,DEL,37.9,KM,,820,INR,820,1.0,Concur,Vendor Meeting,MGR-M01,2024-04-08,APPROVED
EXP-0001514,RPT-202404-0378,EMP-1006,Deepa Iyer,Marketing,CC-MKT-01,2024-04-05,2024-03-26,2024-03-30,Ground Transport,,Metro Rail,,,Delhi,DEL,32.8,KM,,962,INR,962,1.0,Concur,Vendor Meeting,MGR-M01,2024-04-08,APPROVED
EXP-0001515,RPT-202404-0378,EMP-1006,Deepa Iyer,Marketing,CC-MKT-01,2024-04-05,2024-03-26,2024-03-30,Ground Transport,,Ola,Delhi,,Delhi,DEL,43.0,KM,,1167,INR,1167,1.0,Concur,Vendor Meeting,MGR-M01,2024-04-08,APPROVED
EXP-0001516,RPT-202403-0379,EMP-1002,Priya Menon,Engineering,CC-ENG-01,2024-03-26,2024-03-22,2024-03-24,Airfare,Economy,Vistara,Bangalore,BLR,Mumbai,BOM,,KM,,200,INR,200,1.0,Concur,HR Summit,MGR-E01,2024-03-30,APPROVED
EXP-0001517,RPT-202403-0379,EMP-1002,Priya Menon,Engineering,CC-ENG-01,2024-03-26,2024-03-22,2024-03-24,Hotel,,Hilton Mumbai,,,Mumbai,BOM,,,2,14500,INR,14500,1.0,Concur,HR Summit,MGR-E01,2024-03-30,APPROVED
EXP-0001518,RPT-202403-0379,EMP-1002,Priya Menon,Engineering,CC-ENG-01,2024-03-26,2024-03-22,2024-03-24,Ground Transport,,Black Cab,Mumbai,,Mumbai,BOM,46.9,KM,,955,INR,955,1.0,Concur,HR Summit,MGR-E01,2024-03-30,APPROVED
EXP-0001519,RPT-202403-0379,EMP-1002,Priya Menon,Engineering,CC-ENG-01,2024-03-26,2024-03-22,2024-03-24,Ground Transport,,Ola,,,Mumbai,BOM,13.1,KM,,217,INR,217,1.0,Concur,HR Summit,MGR-E01,2024-03-30,APPROVED
EXP-0001520,RPT-202403-0379,EMP-1002,Priya Menon,Engineering,CC-ENG-01,2024-03-26,2024-03-22,2024-03-24,Ground Transport,,Uber,Mumbai,,Mumbai,BOM,28.6,KM,,680,INR,680,1.0,Concur,HR Summit,MGR-E01,2024-03-30,APPROVED
EXP-0001521,RPT-202403-0380,EMP-1014,Suresh Babu,Sales,CC-SALES-03,2024-03-10,2024-03-02,2024-03-04,Airfare,Economy,Qatar Airways,Mumbai,BOM,Frankfurt,FRA,,KM,,5300,INR,5300,1.0,Concur,Annual Planning,MGR-S02,,REJECTED
EXP-0001522,RPT-202403-0380,EMP-1014,Suresh Babu,Sales,CC-SALES-03,2024-03-10,2024-03-02,2024-03-04,Hotel,,Hyatt Frankfurt,,,Frankfurt,FRA,,,2,45000,INR,45000,1.0,Concur,Annual Planning,MGR-S02,,REJECTED
EXP-0001523,RPT-202403-0380,EMP-1014,Suresh Babu,Sales,CC-SALES-03,2024-03-10,2024-03-02,2024-03-04,Ground Transport,,Black Cab,Frankfurt,,Frankfurt,FRA,40.0,KM,,623,INR,623,1.0,Concur,Annual Planning,MGR-S02,,REJECTED
EXP-0001524,RPT-202403-0380,EMP-1014,Suresh Babu,Sales,CC-SALES-03,2024-03-10,2024-03-02,2024-03-04,Ground Transport,,Yellow Cab,,,Frankfurt,FRA,13.3,KM,,329,INR,329,1.0,Concur,Annual Planning,MGR-S02,,REJECTED
EXP-0001525,RPT-202403-0380,EMP-1014,Suresh Babu,Sales,CC-SALES-03,2024-03-10,2024-03-02,2024-03-04,Ground Transport,,Meru Cabs,Frankfurt,,Frankfurt,FRA,20.6,KM,,602,INR,602,1.0,Concur,Annual Planning,MGR-S02,,REJECTED
EXP-0001526,RPT-202403-0381,EMP-1012,Mohit Sharma,Finance,CC-FIN-01,2024-03-27,2024-03-16,2024-03-20,Airfare,Economy,SpiceJet,Delhi,DEL,Bangalore,BLR,,KM,,500,INR,500,1.0,Concur,Annual Planning,MGR-F01,2024-03-31,APPROVED
EXP-0001527,RPT-202403-0381,EMP-1012,Mohit Sharma,Finance,CC-FIN-01,2024-03-27,2024-03-16,2024-03-20,Hotel,,Le Meridien Bangalore,,,Bangalore,BLR,,,4,20500,INR,20500,1.0,Concur,Annual Planning,MGR-F01,2024-03-31,APPROVED
EXP-0001528,RPT-202403-0381,EMP-1012,Mohit Sharma,Finance,CC-FIN-01,2024-03-27,2024-03-16,2024-03-20,Ground Transport,,Black Cab,Bangalore,,Bangalore,BLR,10.3,KM,,276,INR,276,1.0,Concur,Annual Planning,MGR-F01,2024-03-31,APPROVED
EXP-0001529,RPT-202403-0381,EMP-1012,Mohit Sharma,Finance,CC-FIN-01,2024-03-27,2024-03-16,2024-03-20,Ground Transport,,Yellow Cab,,,Bangalore,BLR,14.8,KM,,262,INR,262,1.0,Concur,Annual Planning,MGR-F01,2024-03-31,APPROVED
EXP-0001530,RPT-202403-0381,EMP-1012,Mohit Sharma,Finance,CC-FIN-01,2024-03-27,2024-03-16,2024-03-20,Ground Transport,,Grab,Bangalore,,Bangalore,BLR,34.7,KM,,729,INR,729,1.0,Concur,Annual Planning,MGR-F01,2024-03-31,APPROVED
EXP-0001531,RPT-202403-0382,EMP-1003,Amit Patel,Finance,CC-FIN-01,2024-03-21,2024-03-16,2024-03-20,Airfare,Economy,SpiceJet,Delhi,DEL,Chennai,MAA,,KM,,400,INR,400,1.0,Concur,Annual Planning,MGR-F01,2024-03-24,APPROVED
EXP-0001532,RPT-202403-0382,EMP-1003,Amit Patel,Finance,CC-FIN-01,2024-03-21,2024-03-16,2024-03-20,Hotel,,Novotel Chennai,,,Chennai,MAA,,,4,29000,INR,29000,1.0,Concur,Annual Planning,MGR-F01,2024-03-24,APPROVED
EXP-0001533,RPT-202403-0382,EMP-1003,Amit Patel,Finance,CC-FIN-01,2024-03-21,2024-03-16,2024-03-20,Ground Transport,,Metro Rail,Chennai,,Chennai,MAA,48.1,KM,,1352,INR,1352,1.0,Concur,Annual Planning,MGR-F01,2024-03-24,APPROVED
EXP-0001534,RPT-202403-0382,EMP-1003,Amit Patel,Finance,CC-FIN-01,2024-03-21,2024-03-16,2024-03-20,Ground Transport,,Meru Cabs,,,Chennai,MAA,46.3,KM,,1154,INR,1154,1.0,Concur,Annual Planning,MGR-F01,2024-03-24,APPROVED
EXP-0001535,RPT-202403-0383,EMP-1019,Pooja Desai,Operations,CC-OPS-01,2024-03-15,2024-03-04,2024-03-08,Airfare,Economy,SpiceJet,Chennai,MAA,Hyderabad,HYD,,KM,,100,INR,100,1.0,Concur,Board Review,MGR-O01,2024-03-18,APPROVED
EXP-0001536,RPT-202403-0383,EMP-1019,Pooja Desai,Operations,CC-OPS-01,2024-03-15,2024-03-04,2024-03-08,Hotel,,Le Meridien Hyderabad,,,Hyderabad,HYD,,,4,19000,INR,19000,1.0,Concur,Board Review,MGR-O01,2024-03-18,APPROVED
EXP-0001537,RPT-202403-0383,EMP-1019,Pooja Desai,Operations,CC-OPS-01,2024-03-15,2024-03-04,2024-03-08,Ground Transport,,Yellow Cab,Hyderabad,,Hyderabad,HYD,32.1,KM,,883,INR,883,1.0,Concur,Board Review,MGR-O01,2024-03-18,APPROVED
EXP-0001538,RPT-202403-0383,EMP-1019,Pooja Desai,Operations,CC-OPS-01,2024-03-15,2024-03-04,2024-03-08,Ground Transport,,Grab,,,Hyderabad,HYD,14.4,KM,,351,INR,351,1.0,Concur,Board Review,MGR-O01,2024-03-18,APPROVED
EXP-0001539,RPT-202403-0384,EMP-1007,Kiran Rao,Legal,CC-LEGAL-01,2024-03-16,2024-03-12,2024-03-14,Airfare,Economy,Air India,Delhi,DEL,Ahmedabad,AMD,,KM,,200,INR,200,1.0,Concur,Vendor Meeting,MGR-L01,2024-03-18,APPROVED
EXP-0001540,RPT-202403-0384,EMP-1007,Kiran Rao,Legal,CC-LEGAL-01,2024-03-16,2024-03-12,2024-03-14,Hotel,,Marriott Ahmedabad,,,Ahmedabad,AMD,,,2,10000,INR,10000,1.0,Concur,Vendor Meeting,MGR-L01,2024-03-18,APPROVED
EXP-0001541,RPT-202403-0384,EMP-1007,Kiran Rao,Legal,CC-LEGAL-01,2024-03-16,2024-03-12,2024-03-14,Ground Transport,,Meru Cabs,Ahmedabad,,Ahmedabad,AMD,47.2,KM,,738,INR,738,1.0,Concur,Vendor Meeting,MGR-L01,2024-03-18,APPROVED
EXP-0001542,RPT-202403-0384,EMP-1007,Kiran Rao,Legal,CC-LEGAL-01,2024-03-16,2024-03-12,2024-03-14,Ground Transport,,Grab,,,Ahmedabad,AMD,53.6,KM,,1444,INR,1444,1.0,Concur,Vendor Meeting,MGR-L01,2024-03-18,APPROVED
EXP-0001543,RPT-202403-0385,EMP-1013,Nisha Verma,Engineering,CC-ENG-01,2024-03-17,2024-03-06,2024-03-09,Airfare,Economy,IndiGo,Bangalore,BLR,Delhi,DEL,,KM,,500,INR,500,1.0,Concur,Audit Review,MGR-E01,2024-03-20,APPROVED
EXP-0001544,RPT-202403-0385,EMP-1013,Nisha Verma,Engineering,CC-ENG-01,2024-03-17,2024-03-06,2024-03-09,Hotel,,Marriott Delhi,,,Delhi,DEL,,,3,15000,INR,15000,1.0,Concur,Audit Review,MGR-E01,2024-03-20,APPROVED
EXP-0001545,RPT-202403-0385,EMP-1013,Nisha Verma,Engineering,CC-ENG-01,2024-03-17,2024-03-06,2024-03-09,Ground Transport,,Local Taxi,Delhi,,Delhi,DEL,33.3,KM,,760,INR,760,1.0,Concur,Audit Review,MGR-E01,2024-03-20,APPROVED
EXP-0001546,RPT-202403-0385,EMP-1013,Nisha Verma,Engineering,CC-ENG-01,2024-03-17,2024-03-06,2024-03-09,Ground Transport,,Uber,,,Delhi,DEL,45.6,KM,,1107,INR,1107,1.0,Concur,Audit Review,MGR-E01,2024-03-20,APPROVED
EXP-0001547,RPT-202403-0386,EMP-1008,Arjun Mehta,Engineering,CC-ENG-02,2024-03-30,2024-03-24,2024-03-27,Airfare,Business,IndiGo,Bangalore,BLR,Ahmedabad,AMD,,KM,,600,INR,600,1.0,Concur,Partner Integration,MGR-E01,2024-04-03,APPROVED
EXP-0001548,RPT-202403-0386,EMP-1008,Arjun Mehta,Engineering,CC-ENG-02,2024-03-30,2024-03-24,2024-03-27,Hotel,,Radisson Blu Ahmedabad,,,Ahmedabad,AMD,,,3,18000,INR,18000,1.0,Concur,Partner Integration,MGR-E01,2024-04-03,APPROVED
EXP-0001549,RPT-202403-0386,EMP-1008,Arjun Mehta,Engineering,CC-ENG-02,2024-03-30,2024-03-24,2024-03-27,Ground Transport,,Local Taxi,Ahmedabad,,Ahmedabad,AMD,40.8,KM,,1081,INR,1081,1.0,Concur,Partner Integration,MGR-E01,2024-04-03,APPROVED
EXP-0001550,RPT-202403-0386,EMP-1008,Arjun Mehta,Engineering,CC-ENG-02,2024-03-30,2024-03-24,2024-03-27,Ground Transport,,Local Taxi,,,Ahmedabad,AMD,33.1,KM,,733,INR,733,1.0,Concur,Partner Integration,MGR-E01,2024-04-03,APPROVED
EXP-0001551,RPT-202403-0386,EMP-1008,Arjun Mehta,Engineering,CC-ENG-02,2024-03-30,2024-03-24,2024-03-27,Ground Transport,,Rapido,Ahmedabad,,Ahmedabad,AMD,11.1,KM,,275,INR,275,1.0,Concur,Partner Integration,MGR-E01,2024-04-03,APPROVED
EXP-0001552,RPT-202403-0387,EMP-1004,Sneha Reddy,HR,CC-HR-01,2024-03-20,2024-03-12,2024-03-13,Airfare,Economy,SpiceJet,Delhi,DEL,Chennai,MAA,,KM,,400,INR,400,1.0,Concur,Audit Review,MGR-H01,2024-03-22,APPROVED
EXP-0001553,RPT-202403-0387,EMP-1004,Sneha Reddy,HR,CC-HR-01,2024-03-20,2024-03-12,2024-03-13,Hotel,,JW Marriott Chennai,,,Chennai,MAA,,,1,7500,INR,7500,1.0,Concur,Audit Review,MGR-H01,2024-03-22,APPROVED
EXP-0001554,RPT-202403-0387,EMP-1004,Sneha Reddy,HR,CC-HR-01,2024-03-20,2024-03-12,2024-03-13,Ground Transport,,Careem,Chennai,,Chennai,MAA,54.4,KM,,1150,INR,1150,1.0,Concur,Audit Review,MGR-H01,2024-03-22,APPROVED
EXP-0001555,RPT-202403-0387,EMP-1004,Sneha Reddy,HR,CC-HR-01,2024-03-20,2024-03-12,2024-03-13,Ground Transport,,Ola,,,Chennai,MAA,45.6,KM,,1205,INR,1205,1.0,Concur,Audit Review,MGR-H01,2024-03-22,APPROVED
EXP-0001556,RPT-202403-0387,EMP-1004,Sneha Reddy,HR,CC-HR-01,2024-03-20,2024-03-12,2024-03-13,Ground Transport,,Local Taxi,Chennai,,Chennai,MAA,10.4,KM,,303,INR,303,1.0,Concur,Audit Review,MGR-H01,2024-03-22,APPROVED
EXP-0001557,RPT-202403-0388,EMP-1005,Vikram Nair,Operations,CC-OPS-01,2024-03-17,2024-03-12,2024-03-13,Airfare,Economy,Emirates,Chennai,MAA,Mumbai,BOM,,KM,,300,INR,300,1.0,Concur,Vendor Meeting,MGR-O01,2024-03-18,APPROVED
EXP-0001558,RPT-202403-0388,EMP-1005,Vikram Nair,Operations,CC-OPS-01,2024-03-17,2024-03-12,2024-03-13,Hotel,,Le Meridien Mumbai,,,Mumbai,BOM,,,1,6500,INR,6500,1.0,Concur,Vendor Meeting,MGR-O01,2024-03-18,APPROVED
EXP-0001559,RPT-202403-0388,EMP-1005,Vikram Nair,Operations,CC-OPS-01,2024-03-17,2024-03-12,2024-03-13,Ground Transport,,Careem,Mumbai,,Mumbai,BOM,19.0,KM,,371,INR,371,1.0,Concur,Vendor Meeting,MGR-O01,2024-03-18,APPROVED
EXP-0001560,RPT-202404-0389,EMP-1008,Arjun Mehta,Engineering,CC-ENG-02,2024-04-02,2024-03-22,2024-03-26,Airfare,Business,Emirates,Bangalore,BLR,Mumbai,BOM,,KM,,400,INR,400,1.0,Concur,Vendor Meeting,MGR-E01,2024-04-03,APPROVED
EXP-0001561,RPT-202404-0389,EMP-1008,Arjun Mehta,Engineering,CC-ENG-02,2024-04-02,2024-03-22,2024-03-26,Hotel,,Taj Hotels Mumbai,,,Mumbai,BOM,,,4,33500,INR,33500,1.0,Concur,Vendor Meeting,MGR-E01,2024-04-03,APPROVED
EXP-0001562,RPT-202404-0389,EMP-1008,Arjun Mehta,Engineering,CC-ENG-02,2024-04-02,2024-03-22,2024-03-26,Ground Transport,,Metro Rail,Mumbai,,Mumbai,BOM,17.5,KM,,402,INR,402,1.0,Concur,Vendor Meeting,MGR-E01,2024-04-03,APPROVED
EXP-0001563,RPT-202404-0389,EMP-1008,Arjun Mehta,Engineering,CC-ENG-02,2024-04-02,2024-03-22,2024-03-26,Ground Transport,,Grab,,,Mumbai,BOM,49.0,KM,,833,INR,833,1.0,Concur,Vendor Meeting,MGR-E01,2024-04-03,APPROVED
EXP-0001564,RPT-202404-0390,EMP-1016,Dinesh Choudhary,Procurement,CC-PROC-01,2024-04-05,2024-03-26,2024-04-02,Airfare,Economy,Etihad,Mumbai,BOM,Singapore,SIN,,KM,,3200,INR,3200,1.0,Concur,Vendor Meeting,MGR-P01,2024-04-09,APPROVED
EXP-0001565,RPT-202404-0390,EMP-1016,Dinesh Choudhary,Procurement,CC-PROC-01,2024-04-05,2024-03-26,2024-04-02,Hotel,,Four Seasons Singapore,,,Singapore,SIN,,,7,115500,INR,115500,1.0,Concur,Vendor Meeting,MGR-P01,2024-04-09,APPROVED
EXP-0001566,RPT-202404-0390,EMP-1016,Dinesh Choudhary,Procurement,CC-PROC-01,2024-04-05,2024-03-26,2024-04-02,Ground Transport,,Local Taxi,Singapore,,Singapore,SIN,28.0,KM,,610,INR,610,1.0,Concur,Vendor Meeting,MGR-P01,2024-04-09,APPROVED
EXP-0001567,RPT-202404-0390,EMP-1016,Dinesh Choudhary,Procurement,CC-PROC-01,2024-04-05,2024-03-26,2024-04-02,Ground Transport,,Ola,,,Singapore,SIN,43.5,KM,,854,INR,854,1.0,Concur,Vendor Meeting,MGR-P01,2024-04-09,APPROVED
EXP-0001568,RPT-202403-0391,EMP-1009,Sunita Gupta,Sales,CC-SALES-02,2024-03-12,2024-03-06,2024-03-10,Airfare,Economy,Vistara,Mumbai,BOM,Sydney,SYD,,KM,,8300,INR,8300,1.0,Concur,Vendor Meeting,MGR-S01,2024-03-15,APPROVED
EXP-0001569,RPT-202403-0391,EMP-1009,Sunita Gupta,Sales,CC-SALES-02,2024-03-12,2024-03-06,2024-03-10,Hotel,,Radisson Sydney,,,Sydney,SYD,,,4,112000,INR,112000,1.0,Concur,Vendor Meeting,MGR-S01,2024-03-15,APPROVED
EXP-0001570,RPT-202403-0391,EMP-1009,Sunita Gupta,Sales,CC-SALES-02,2024-03-12,2024-03-06,2024-03-10,Ground Transport,,Ola,Sydney,,Sydney,SYD,54.6,KM,,1058,INR,1058,1.0,Concur,Vendor Meeting,MGR-S01,2024-03-15,APPROVED
EXP-0001571,RPT-202403-0392,EMP-1006,Deepa Iyer,Marketing,CC-MKT-01,2024-03-16,2024-03-11,2024-03-12,Airfare,Economy,Etihad,Mumbai,BOM,Bangalore,BLR,,KM,,200,INR,200,1.0,Concur,Team Offsite,MGR-M01,2024-03-20,APPROVED
EXP-0001572,RPT-202403-0392,EMP-1006,Deepa Iyer,Marketing,CC-MKT-01,2024-03-16,2024-03-11,2024-03-12,Hotel,,Marriott Bangalore,,,Bangalore,BLR,,,1,6000,INR,6000,1.0,Concur,Team Offsite,MGR-M01,2024-03-20,APPROVED
EXP-0001573,RPT-202403-0392,EMP-1006,Deepa Iyer,Marketing,CC-MKT-01,2024-03-16,2024-03-11,2024-03-12,Ground Transport,,Uber,Bangalore,,Bangalore,BLR,27.1,KM,,728,INR,728,1.0,Concur,Team Offsite,MGR-M01,2024-03-20,APPROVED
EXP-0001574,RPT-202403-0392,EMP-1006,Deepa Iyer,Marketing,CC-MKT-01,2024-03-16,2024-03-11,2024-03-12,Ground Transport,,Meru Cabs,,,Bangalore,BLR,15.3,KM,,414,INR,414,1.0,Concur,Team Offsite,MGR-M01,2024-03-20,APPROVED
EXP-0001575,RPT-202403-0392,EMP-1006,Deepa Iyer,Marketing,CC-MKT-01,2024-03-16,2024-03-11,2024-03-12,Ground Transport,,Local Taxi,Bangalore,,Bangalore,BLR,23.6,KM,,578,INR,578,1.0,Concur,Team Offsite,MGR-M01,2024-03-20,APPROVED
EXP-0001576,RPT-202404-0393,EMP-1015,Kavita Joshi,HR,CC-HR-01,2024-04-27,2024-04-20,2024-04-26,Airfare,Economy,Lufthansa,Delhi,DEL,London,LHR,,KM,,5600,INR,5600,1.0,Concur,Board Review,MGR-H01,2024-04-28,APPROVED
EXP-0001577,RPT-202404-0393,EMP-1015,Kavita Joshi,HR,CC-HR-01,2024-04-27,2024-04-20,2024-04-26,Hotel,,Radisson London,,,London,LHR,,,6,156000,INR,156000,1.0,Concur,Board Review,MGR-H01,2024-04-28,APPROVED
EXP-0001578,RPT-202404-0393,EMP-1015,Kavita Joshi,HR,CC-HR-01,2024-04-27,2024-04-20,2024-04-26,Ground Transport,,Yellow Cab,London,,London,LHR,24.6,KM,,633,INR,633,1.0,Concur,Board Review,MGR-H01,2024-04-28,APPROVED
EXP-0001579,RPT-202404-0393,EMP-1015,Kavita Joshi,HR,CC-HR-01,2024-04-27,2024-04-20,2024-04-26,Ground Transport,,Ola,,,London,LHR,30.6,KM,,873,INR,873,1.0,Concur,Board Review,MGR-H01,2024-04-28,APPROVED
EXP-0001580,RPT-202405-0394,EMP-1007,Kiran Rao,Legal,CC-LEGAL-01,2024-05-03,2024-04-25,2024-04-29,Airfare,Economy,SpiceJet,Delhi,DEL,Bangalore,BLR,,KM,,600,INR,600,1.0,Concur,Vendor Meeting,MGR-L01,2024-05-05,APPROVED
EXP-0001581,RPT-202405-0394,EMP-1007,Kiran Rao,Legal,CC-LEGAL-01,2024-05-03,2024-04-25,2024-04-29,Hotel,,Le Meridien Bangalore,,,Bangalore,BLR,,,4,20500,INR,20500,1.0,Concur,Vendor Meeting,MGR-L01,2024-05-05,APPROVED
EXP-0001582,RPT-202405-0394,EMP-1007,Kiran Rao,Legal,CC-LEGAL-01,2024-05-03,2024-04-25,2024-04-29,Ground Transport,,Local Taxi,Bangalore,,Bangalore,BLR,55.0,KM,,1268,INR,1268,1.0,Concur,Vendor Meeting,MGR-L01,2024-05-05,APPROVED
EXP-0001583,RPT-202404-0395,EMP-1015,Kavita Joshi,HR,CC-HR-01,2024-04-22,2024-04-11,2024-04-15,Airfare,Economy,Etihad,Delhi,DEL,Frankfurt,FRA,,KM,,6100,INR,6100,1.0,Concur,Product Launch,MGR-H01,2024-04-23,APPROVED
EXP-0001584,RPT-202404-0395,EMP-1015,Kavita Joshi,HR,CC-HR-01,2024-04-22,2024-04-11,2024-04-15,Hotel,,Holiday Inn Frankfurt,,,Frankfurt,FRA,,,4,132500,INR,132500,1.0,Concur,Product Launch,MGR-H01,2024-04-23,APPROVED
EXP-0001585,RPT-202404-0395,EMP-1015,Kavita Joshi,HR,CC-HR-01,2024-04-22,2024-04-11,2024-04-15,Ground Transport,,Rapido,Frankfurt,,Frankfurt,FRA,53.9,KM,,1365,INR,1365,1.0,Concur,Product Launch,MGR-H01,2024-04-23,APPROVED
EXP-0001586,RPT-202404-0395,EMP-1015,Kavita Joshi,HR,CC-HR-01,2024-04-22,2024-04-11,2024-04-15,Ground Transport,,Uber,,,Frankfurt,FRA,45.9,KM,,725,INR,725,1.0,Concur,Product Launch,MGR-H01,2024-04-23,APPROVED
EXP-0001587,RPT-202404-0396,EMP-1011,Anjali Singh,Marketing,CC-MKT-01,2024-04-20,2024-04-11,2024-04-13,Airfare,Economy,Lufthansa,Mumbai,BOM,Pune,PNQ,,KM,,0,INR,0,1.0,Concur,Tech Conference,MGR-M01,2024-04-22,APPROVED
EXP-0001588,RPT-202404-0396,EMP-1011,Anjali Singh,Marketing,CC-MKT-01,2024-04-20,2024-04-11,2024-04-13,Hotel,,Hyatt Regency Pune,,,Pune,PNQ,,,2,11000,INR,11000,1.0,Concur,Tech Conference,MGR-M01,2024-04-22,APPROVED
EXP-0001589,RPT-202404-0396,EMP-1011,Anjali Singh,Marketing,CC-MKT-01,2024-04-20,2024-04-11,2024-04-13,Ground Transport,,Careem,Pune,,Pune,PNQ,31.9,KM,,885,INR,885,1.0,Concur,Tech Conference,MGR-M01,2024-04-22,APPROVED
EXP-0001590,RPT-202404-0396,EMP-1011,Anjali Singh,Marketing,CC-MKT-01,2024-04-20,2024-04-11,2024-04-13,Ground Transport,,Rapido,,,Pune,PNQ,15.4,KM,,306,INR,306,1.0,Concur,Tech Conference,MGR-M01,2024-04-22,APPROVED
EXP-0001591,RPT-202404-0396,EMP-1011,Anjali Singh,Marketing,CC-MKT-01,2024-04-20,2024-04-11,2024-04-13,Ground Transport,,Yellow Cab,Pune,,Pune,PNQ,46.9,KM,,1175,INR,1175,1.0,Concur,Tech Conference,MGR-M01,2024-04-22,APPROVED
EXP-0001592,RPT-202404-0397,EMP-1011,Anjali Singh,Marketing,CC-MKT-01,2024-04-10,2024-04-01,2024-04-04,Airfare,Economy,Lufthansa,Mumbai,BOM,Chennai,MAA,,KM,,300,INR,300,1.0,Concur,Sales Pitch,MGR-M01,2024-04-13,APPROVED
EXP-0001593,RPT-202404-0397,EMP-1011,Anjali Singh,Marketing,CC-MKT-01,2024-04-10,2024-04-01,2024-04-04,Hotel,,Novotel Chennai,,,Chennai,MAA,,,3,16500,INR,16500,1.0,Concur,Sales Pitch,MGR-M01,2024-04-13,APPROVED
EXP-0001594,RPT-202404-0397,EMP-1011,Anjali Singh,Marketing,CC-MKT-01,2024-04-10,2024-04-01,2024-04-04,Ground Transport,,Metro Rail,Chennai,,Chennai,MAA,22.0,KM,,472,INR,472,1.0,Concur,Sales Pitch,MGR-M01,2024-04-13,APPROVED
EXP-0001595,RPT-202404-0397,EMP-1011,Anjali Singh,Marketing,CC-MKT-01,2024-04-10,2024-04-01,2024-04-04,Ground Transport,,Metro Rail,,,Chennai,MAA,35.1,KM,,850,INR,850,1.0,Concur,Sales Pitch,MGR-M01,2024-04-13,APPROVED
EXP-0001596,RPT-202404-0397,EMP-1011,Anjali Singh,Marketing,CC-MKT-01,2024-04-10,2024-04-01,2024-04-04,Ground Transport,,Black Cab,Chennai,,Chennai,MAA,46.9,KM,,911,INR,911,1.0,Concur,Sales Pitch,MGR-M01,2024-04-13,APPROVED
EXP-0001597,RPT-202404-0398,EMP-1015,Kavita Joshi,HR,CC-HR-01,2024-04-20,2024-04-12,2024-04-15,Airfare,Business,Qatar Airways,Delhi,DEL,Pune,PNQ,,KM,,500,INR,500,1.0,Concur,Operations Review,MGR-H01,2024-04-23,APPROVED
EXP-0001598,RPT-202404-0398,EMP-1015,Kavita Joshi,HR,CC-HR-01,2024-04-20,2024-04-12,2024-04-15,Hotel,,Novotel Pune,,,Pune,PNQ,,,3,21000,INR,21000,1.0,Concur,Operations Review,MGR-H01,2024-04-23,APPROVED
EXP-0001599,RPT-202404-0398,EMP-1015,Kavita Joshi,HR,CC-HR-01,2024-04-20,2024-04-12,2024-04-15,Ground Transport,,Black Cab,Pune,,Pune,PNQ,13.5,KM,,325,INR,325,1.0,Concur,Operations Review,MGR-H01,2024-04-23,APPROVED
EXP-0001600,RPT-202404-0398,EMP-1015,Kavita Joshi,HR,CC-HR-01,2024-04-20,2024-04-12,2024-04-15,Ground Transport,,Ola,,,Pune,PNQ,12.8,KM,,355,INR,355,1.0,Concur,Operations Review,MGR-H01,2024-04-23,APPROVED
EXP-0001601,RPT-202404-0399,EMP-1019,Pooja Desai,Operations,CC-OPS-01,2024-04-26,2024-04-17,2024-04-21,Airfare,Business,Etihad,Chennai,MAA,Amsterdam,AMS,,KM,,15100,INR,15100,1.0,Concur,Legal Negotiation,MGR-O01,2024-04-27,APPROVED
EXP-0001602,RPT-202404-0399,EMP-1019,Pooja Desai,Operations,CC-OPS-01,2024-04-26,2024-04-17,2024-04-21,Hotel,,Radisson Amsterdam,,,Amsterdam,AMS,,,4,100000,INR,100000,1.0,Concur,Legal Negotiation,MGR-O01,2024-04-27,APPROVED
EXP-0001603,RPT-202404-0399,EMP-1019,Pooja Desai,Operations,CC-OPS-01,2024-04-26,2024-04-17,2024-04-21,Ground Transport,,Grab,Amsterdam,,Amsterdam,AMS,16.3,KM,,257,INR,257,1.0,Concur,Legal Negotiation,MGR-O01,2024-04-27,APPROVED
EXP-0001604,RPT-202404-0399,EMP-1019,Pooja Desai,Operations,CC-OPS-01,2024-04-26,2024-04-17,2024-04-21,Ground Transport,,Black Cab,,,Amsterdam,AMS,13.3,KM,,321,INR,321,1.0,Concur,Legal Negotiation,MGR-O01,2024-04-27,APPROVED
EXP-0001605,RPT-202404-0399,EMP-1019,Pooja Desai,Operations,CC-OPS-01,2024-04-26,2024-04-17,2024-04-21,Ground Transport,,Uber,Amsterdam,,Amsterdam,AMS,16.6,KM,,272,INR,272,1.0,Concur,Legal Negotiation,MGR-O01,2024-04-27,APPROVED
EXP-0001606,RPT-202404-0400,EMP-1007,Kiran Rao,Legal,CC-LEGAL-01,2024-04-27,2024-04-19,2024-04-22,Airfare,Economy,Singapore Airlines,Delhi,DEL,Sydney,SYD,,KM,,9200,INR,9200,1.0,Concur,Team Offsite,MGR-L01,2024-04-29,APPROVED
EXP-0001607,RPT-202404-0400,EMP-1007,Kiran Rao,Legal,CC-LEGAL-01,2024-04-27,2024-04-19,2024-04-22,Hotel,,Ibis Sydney,,,Sydney,SYD,,,3,37000,INR,37000,1.0,Concur,Team Offsite,MGR-L01,2024-04-29,APPROVED
EXP-0001608,RPT-202404-0400,EMP-1007,Kiran Rao,Legal,CC-LEGAL-01,2024-04-27,2024-04-19,2024-04-22,Ground Transport,,Meru Cabs,Sydney,,Sydney,SYD,10.6,KM,,242,INR,242,1.0,Concur,Team Offsite,MGR-L01,2024-04-29,APPROVED
EXP-0001609,RPT-202404-0400,EMP-1007,Kiran Rao,Legal,CC-LEGAL-01,2024-04-27,2024-04-19,2024-04-22,Ground Transport,,Yellow Cab,,,Sydney,SYD,40.3,KM,,843,INR,843,1.0,Concur,Team Offsite,MGR-L01,2024-04-29,APPROVED
EXP-0001610,RPT-202404-0401,EMP-1005,Vikram Nair,Operations,CC-OPS-01,2024-04-23,2024-04-15,2024-04-18,Airfare,Economy,Air India,Chennai,MAA,Hyderabad,HYD,,KM,,100,INR,100,1.0,Concur,Sales Pitch,MGR-O01,2024-04-25,APPROVED
EXP-0001611,RPT-202404-0401,EMP-1005,Vikram Nair,Operations,CC-OPS-01,2024-04-23,2024-04-15,2024-04-18,Hotel,,Marriott Hyderabad,,,Hyderabad,HYD,,,3,27000,INR,27000,1.0,Concur,Sales Pitch,MGR-O01,2024-04-25,APPROVED
EXP-0001612,RPT-202404-0401,EMP-1005,Vikram Nair,Operations,CC-OPS-01,2024-04-23,2024-04-15,2024-04-18,Ground Transport,,Ola,Hyderabad,,Hyderabad,HYD,45.4,KM,,931,INR,931,1.0,Concur,Sales Pitch,MGR-O01,2024-04-25,APPROVED
EXP-0001613,RPT-202404-0401,EMP-1005,Vikram Nair,Operations,CC-OPS-01,2024-04-23,2024-04-15,2024-04-18,Ground Transport,,Rapido,,,Hyderabad,HYD,22.0,KM,,510,INR,510,1.0,Concur,Sales Pitch,MGR-O01,2024-04-25,APPROVED
EXP-0001614,RPT-202404-0401,EMP-1005,Vikram Nair,Operations,CC-OPS-01,2024-04-23,2024-04-15,2024-04-18,Ground Transport,,Black Cab,Hyderabad,,Hyderabad,HYD,22.5,KM,,411,INR,411,1.0,Concur,Sales Pitch,MGR-O01,2024-04-25,APPROVED
EXP-0001615,RPT-202404-0402,EMP-1020,Sameer Khan,Legal,CC-LEGAL-01,2024-04-15,2024-04-09,2024-04-14,Airfare,Economy,Etihad,Delhi,DEL,Sydney,SYD,,KM,,10500,INR,10500,1.0,Concur,Client Meeting,MGR-L01,2024-04-16,APPROVED
EXP-0001616,RPT-202404-0402,EMP-1020,Sameer Khan,Legal,CC-LEGAL-01,2024-04-15,2024-04-09,2024-04-14,Hotel,,Marriott Sydney,,,Sydney,SYD,,,5,169500,INR,169500,1.0,Concur,Client Meeting,MGR-L01,2024-04-16,APPROVED
EXP-0001617,RPT-202404-0402,EMP-1020,Sameer Khan,Legal,CC-LEGAL-01,2024-04-15,2024-04-09,2024-04-14,Ground Transport,,Local Taxi,Sydney,,Sydney,SYD,31.2,KM,,888,INR,888,1.0,Concur,Client Meeting,MGR-L01,2024-04-16,APPROVED
EXP-0001618,RPT-202404-0403,EMP-1019,Pooja Desai,Operations,CC-OPS-01,2024-04-30,2024-04-27,2024-04-28,Airfare,Business,Lufthansa,Chennai,MAA,Mumbai,BOM,,KM,,400,INR,400,1.0,Concur,Tech Conference,MGR-O01,2024-05-02,APPROVED
EXP-0001619,RPT-202404-0403,EMP-1019,Pooja Desai,Operations,CC-OPS-01,2024-04-30,2024-04-27,2024-04-28,Hotel,,Marriott Mumbai,,,Mumbai,BOM,,,1,8500,INR,8500,1.0,Concur,Tech Conference,MGR-O01,2024-05-02,APPROVED
EXP-0001620,RPT-202404-0403,EMP-1019,Pooja Desai,Operations,CC-OPS-01,2024-04-30,2024-04-27,2024-04-28,Ground Transport,,Local Taxi,Mumbai,,Mumbai,BOM,31.8,KM,,755,INR,755,1.0,Concur,Tech Conference,MGR-O01,2024-05-02,APPROVED
EXP-0001621,RPT-202404-0403,EMP-1019,Pooja Desai,Operations,CC-OPS-01,2024-04-30,2024-04-27,2024-04-28,Ground Transport,,Metro Rail,,,Mumbai,BOM,19.7,KM,,481,INR,481,1.0,Concur,Tech Conference,MGR-O01,2024-05-02,APPROVED
EXP-0001622,RPT-202404-0404,EMP-1013,Nisha Verma,Engineering,CC-ENG-01,2024-04-09,2024-04-05,2024-04-07,Airfare,Economy,Vistara,Bangalore,BLR,Ahmedabad,AMD,,KM,,300,INR,300,1.0,Concur,Operations Review,MGR-E01,2024-04-13,APPROVED
EXP-0001623,RPT-202404-0404,EMP-1013,Nisha Verma,Engineering,CC-ENG-01,2024-04-09,2024-04-05,2024-04-07,Hotel,,Novotel Ahmedabad,,,Ahmedabad,AMD,,,2,17000,INR,17000,1.0,Concur,Operations Review,MGR-E01,2024-04-13,APPROVED
EXP-0001624,RPT-202404-0404,EMP-1013,Nisha Verma,Engineering,CC-ENG-01,2024-04-09,2024-04-05,2024-04-07,Ground Transport,,Grab,Ahmedabad,,Ahmedabad,AMD,19.1,KM,,411,INR,411,1.0,Concur,Operations Review,MGR-E01,2024-04-13,APPROVED
EXP-0001625,RPT-202404-0404,EMP-1013,Nisha Verma,Engineering,CC-ENG-01,2024-04-09,2024-04-05,2024-04-07,Ground Transport,,Careem,,,Ahmedabad,AMD,36.5,KM,,720,INR,720,1.0,Concur,Operations Review,MGR-E01,2024-04-13,APPROVED
EXP-0001626,RPT-202405-0405,EMP-1004,Sneha Reddy,HR,CC-HR-01,2024-05-05,2024-04-27,2024-05-02,Airfare,Business,Etihad,Delhi,DEL,Amsterdam,AMS,,KM,,9900,INR,9900,1.0,Concur,Client Meeting,MGR-H01,2024-05-07,APPROVED
EXP-0001627,RPT-202405-0405,EMP-1004,Sneha Reddy,HR,CC-HR-01,2024-05-05,2024-04-27,2024-05-02,Hotel,,Sofitel Amsterdam,,,Amsterdam,AMS,,,5,114500,INR,114500,1.0,Concur,Client Meeting,MGR-H01,2024-05-07,APPROVED
EXP-0001628,RPT-202405-0405,EMP-1004,Sneha Reddy,HR,CC-HR-01,2024-05-05,2024-04-27,2024-05-02,Ground Transport,,Grab,Amsterdam,,Amsterdam,AMS,39.6,KM,,621,INR,621,1.0,Concur,Client Meeting,MGR-H01,2024-05-07,APPROVED
EXP-0001629,RPT-202405-0405,EMP-1004,Sneha Reddy,HR,CC-HR-01,2024-05-05,2024-04-27,2024-05-02,Ground Transport,,Careem,,,Amsterdam,AMS,15.3,KM,,249,INR,249,1.0,Concur,Client Meeting,MGR-H01,2024-05-07,APPROVED
EXP-0001630,RPT-202405-0405,EMP-1004,Sneha Reddy,HR,CC-HR-01,2024-05-05,2024-04-27,2024-05-02,Ground Transport,,Careem,Amsterdam,,Amsterdam,AMS,36.6,KM,,680,INR,680,1.0,Concur,Client Meeting,MGR-H01,2024-05-07,APPROVED
EXP-0001631,RPT-202404-0406,EMP-1005,Vikram Nair,Operations,CC-OPS-01,2024-04-07,2024-04-03,2024-04-04,Airfare,Economy,Vistara,Chennai,MAA,Mumbai,BOM,,KM,,200,INR,200,1.0,Concur,Training Program,MGR-O01,2024-04-09,APPROVED
EXP-0001632,RPT-202404-0406,EMP-1005,Vikram Nair,Operations,CC-OPS-01,2024-04-07,2024-04-03,2024-04-04,Hotel,,Hilton Mumbai,,,Mumbai,BOM,,,1,4500,INR,4500,1.0,Concur,Training Program,MGR-O01,2024-04-09,APPROVED
EXP-0001633,RPT-202404-0406,EMP-1005,Vikram Nair,Operations,CC-OPS-01,2024-04-07,2024-04-03,2024-04-04,Ground Transport,,Yellow Cab,Mumbai,,Mumbai,BOM,23.1,KM,,524,INR,524,1.0,Concur,Training Program,MGR-O01,2024-04-09,APPROVED
EXP-0001634,RPT-202404-0406,EMP-1005,Vikram Nair,Operations,CC-OPS-01,2024-04-07,2024-04-03,2024-04-04,Ground Transport,,Metro Rail,,,Mumbai,BOM,47.7,KM,,889,INR,889,1.0,Concur,Training Program,MGR-O01,2024-04-09,APPROVED
EXP-0001635,RPT-202404-0407,EMP-1009,Sunita Gupta,Sales,CC-SALES-02,2024-04-11,2024-04-05,2024-04-06,Airfare,Economy,Go First,Mumbai,BOM,Pune,PNQ,,KM,,0,INR,0,1.0,Concur,Audit Review,MGR-S01,,PENDING
EXP-0001636,RPT-202404-0407,EMP-1009,Sunita Gupta,Sales,CC-SALES-02,2024-04-11,2024-04-05,2024-04-06,Hotel,,Hyatt Regency Pune,,,Pune,PNQ,,,1,5000,INR,5000,1.0,Concur,Audit Review,MGR-S01,,PENDING
EXP-0001637,RPT-202404-0407,EMP-1009,Sunita Gupta,Sales,CC-SALES-02,2024-04-11,2024-04-05,2024-04-06,Ground Transport,,Metro Rail,Pune,,Pune,PNQ,11.5,KM,,185,INR,185,1.0,Concur,Audit Review,MGR-S01,,PENDING
EXP-0001638,RPT-202405-0408,EMP-1013,Nisha Verma,Engineering,CC-ENG-01,2024-05-01,2024-04-26,2024-04-30,Airfare,Economy,Air India,Bangalore,BLR,Ahmedabad,AMD,,KM,,300,INR,300,1.0,Concur,Team Offsite,MGR-E01,2024-05-03,APPROVED
EXP-0001639,RPT-202405-0408,EMP-1013,Nisha Verma,Engineering,CC-ENG-01,2024-05-01,2024-04-26,2024-04-30,Hotel,,Novotel Ahmedabad,,,Ahmedabad,AMD,,,4,27500,INR,27500,1.0,Concur,Team Offsite,MGR-E01,2024-05-03,APPROVED
EXP-0001640,RPT-202405-0408,EMP-1013,Nisha Verma,Engineering,CC-ENG-01,2024-05-01,2024-04-26,2024-04-30,Ground Transport,,Metro Rail,Ahmedabad,,Ahmedabad,AMD,48.5,KM,,1108,INR,1108,1.0,Concur,Team Offsite,MGR-E01,2024-05-03,APPROVED
EXP-0001641,RPT-202405-0408,EMP-1013,Nisha Verma,Engineering,CC-ENG-01,2024-05-01,2024-04-26,2024-04-30,Ground Transport,,Rapido,,,Ahmedabad,AMD,11.9,KM,,238,INR,238,1.0,Concur,Team Offsite,MGR-E01,2024-05-03,APPROVED
EXP-0001642,RPT-202404-0409,EMP-1005,Vikram Nair,Operations,CC-OPS-01,2024-04-29,2024-04-20,2024-04-24,Airfare,Business,IndiGo,Chennai,MAA,Pune,PNQ,,KM,,400,INR,400,1.0,Concur,Board Review,MGR-O01,2024-04-30,APPROVED
EXP-0001643,RPT-202404-0409,EMP-1005,Vikram Nair,Operations,CC-OPS-01,2024-04-29,2024-04-20,2024-04-24,Hotel,,Westin Pune,,,Pune,PNQ,,,4,24000,INR,24000,1.0,Concur,Board Review,MGR-O01,2024-04-30,APPROVED
EXP-0001644,RPT-202404-0409,EMP-1005,Vikram Nair,Operations,CC-OPS-01,2024-04-29,2024-04-20,2024-04-24,Ground Transport,,Meru Cabs,Pune,,Pune,PNQ,39.4,KM,,1017,INR,1017,1.0,Concur,Board Review,MGR-O01,2024-04-30,APPROVED
EXP-0001645,RPT-202404-0409,EMP-1005,Vikram Nair,Operations,CC-OPS-01,2024-04-29,2024-04-20,2024-04-24,Ground Transport,,Careem,,,Pune,PNQ,53.2,KM,,1074,INR,1074,1.0,Concur,Board Review,MGR-O01,2024-04-30,APPROVED
EXP-0001646,RPT-202404-0410,EMP-1009,Sunita Gupta,Sales,CC-SALES-02,2024-04-30,2024-04-26,2024-04-29,Airfare,Economy,Vistara,Mumbai,BOM,Chennai,MAA,,KM,,300,INR,300,1.0,Concur,Annual Planning,MGR-S01,,PENDING
EXP-0001647,RPT-202404-0410,EMP-1009,Sunita Gupta,Sales,CC-SALES-02,2024-04-30,2024-04-26,2024-04-29,Hotel,,JW Marriott Chennai,,,Chennai,MAA,,,3,14000,INR,14000,1.0,Concur,Annual Planning,MGR-S01,,PENDING
EXP-0001648,RPT-202404-0410,EMP-1009,Sunita Gupta,Sales,CC-SALES-02,2024-04-30,2024-04-26,2024-04-29,Ground Transport,,Careem,Chennai,,Chennai,MAA,12.7,KM,,194,INR,194,1.0,Concur,Annual Planning,MGR-S01,,PENDING
EXP-0001649,RPT-202404-0410,EMP-1009,Sunita Gupta,Sales,CC-SALES-02,2024-04-30,2024-04-26,2024-04-29,Ground Transport,,Black Cab,,,Chennai,MAA,32.4,KM,,968,INR,968,1.0,Concur,Annual Planning,MGR-S01,,PENDING
EXP-0001650,RPT-202404-0411,EMP-1004,Sneha Reddy,HR,CC-HR-01,2024-04-11,2024-04-06,2024-04-07,Airfare,Economy,SpiceJet,Delhi,DEL,Chennai,MAA,,KM,,500,INR,500,1.0,Concur,Sales Pitch,MGR-H01,2024-04-14,APPROVED
EXP-0001651,RPT-202404-0411,EMP-1004,Sneha Reddy,HR,CC-HR-01,2024-04-11,2024-04-06,2024-04-07,Hotel,,Novotel Chennai,,,Chennai,MAA,,,1,8500,INR,8500,1.0,Concur,Sales Pitch,MGR-H01,2024-04-14,APPROVED
EXP-0001652,RPT-202404-0411,EMP-1004,Sneha Reddy,HR,CC-HR-01,2024-04-11,2024-04-06,2024-04-07,Ground Transport,,Ola,Chennai,,Chennai,MAA,11.0,KM,,255,INR,255,1.0,Concur,Sales Pitch,MGR-H01,2024-04-14,APPROVED
EXP-0001653,RPT-202404-0411,EMP-1004,Sneha Reddy,HR,CC-HR-01,2024-04-11,2024-04-06,2024-04-07,Ground Transport,,Yellow Cab,,,Chennai,MAA,19.9,KM,,521,INR,521,1.0,Concur,Sales Pitch,MGR-H01,2024-04-14,APPROVED
EXP-0001654,RPT-202404-0412,EMP-1020,Sameer Khan,Legal,CC-LEGAL-01,2024-04-28,2024-04-23,2024-04-27,Airfare,Economy,Qatar Airways,Delhi,DEL,Sydney,SYD,,KM,,10000,INR,10000,1.0,Concur,Client Meeting,MGR-L01,2024-05-02,APPROVED
EXP-0001655,RPT-202404-0412,EMP-1020,Sameer Khan,Legal,CC-LEGAL-01,2024-04-28,2024-04-23,2024-04-27,Hotel,,Ritz Carlton Sydney,,,Sydney,SYD,,,4,100500,INR,100500,1.0,Concur,Client Meeting,MGR-L01,2024-05-02,APPROVED
EXP-0001656,RPT-202404-0412,EMP-1020,Sameer Khan,Legal,CC-LEGAL-01,2024-04-28,2024-04-23,2024-04-27,Ground Transport,,Rapido,Sydney,,Sydney,SYD,10.4,KM,,277,INR,277,1.0,Concur,Client Meeting,MGR-L01,2024-05-02,APPROVED
EXP-0001657,RPT-202404-0413,EMP-1020,Sameer Khan,Legal,CC-LEGAL-01,2024-04-06,2024-04-03,2024-04-05,Airfare,Economy,IndiGo,Delhi,DEL,Hyderabad,HYD,,KM,,300,INR,300,1.0,Concur,Training Program,MGR-L01,2024-04-10,APPROVED
EXP-0001658,RPT-202404-0413,EMP-1020,Sameer Khan,Legal,CC-LEGAL-01,2024-04-06,2024-04-03,2024-04-05,Hotel,,Novotel Hyderabad,,,Hyderabad,HYD,,,2,9500,INR,9500,1.0,Concur,Training Program,MGR-L01,2024-04-10,APPROVED
EXP-0001659,RPT-202404-0413,EMP-1020,Sameer Khan,Legal,CC-LEGAL-01,2024-04-06,2024-04-03,2024-04-05,Ground Transport,,Yellow Cab,Hyderabad,,Hyderabad,HYD,31.5,KM,,881,INR,881,1.0,Concur,Training Program,MGR-L01,2024-04-10,APPROVED
EXP-0001660,RPT-202404-0413,EMP-1020,Sameer Khan,Legal,CC-LEGAL-01,2024-04-06,2024-04-03,2024-04-05,Ground Transport,,Metro Rail,,,Hyderabad,HYD,16.7,KM,,297,INR,297,1.0,Concur,Training Program,MGR-L01,2024-04-10,APPROVED
EXP-0001661,RPT-202404-0413,EMP-1020,Sameer Khan,Legal,CC-LEGAL-01,2024-04-06,2024-04-03,2024-04-05,Ground Transport,,Meru Cabs,Hyderabad,,Hyderabad,HYD,22.3,KM,,370,INR,370,1.0,Concur,Training Program,MGR-L01,2024-04-10,APPROVED
EXP-0001662,RPT-202405-0414,EMP-1011,Anjali Singh,Marketing,CC-MKT-01,2024-05-09,2024-05-02,2024-05-05,Airfare,Economy,British Airways,Mumbai,BOM,Pune,PNQ,,KM,,0,INR,0,1.0,Concur,Sales Pitch,MGR-M01,,REJECTED
EXP-0001663,RPT-202405-0414,EMP-1011,Anjali Singh,Marketing,CC-MKT-01,2024-05-09,2024-05-02,2024-05-05,Hotel,,Hilton Pune,,,Pune,PNQ,,,3,25500,INR,25500,1.0,Concur,Sales Pitch,MGR-M01,,REJECTED
EXP-0001664,RPT-202405-0414,EMP-1011,Anjali Singh,Marketing,CC-MKT-01,2024-05-09,2024-05-02,2024-05-05,Ground Transport,,Yellow Cab,Pune,,Pune,PNQ,23.5,KM,,637,INR,637,1.0,Concur,Sales Pitch,MGR-M01,,REJECTED
EXP-0001665,RPT-202405-0414,EMP-1011,Anjali Singh,Marketing,CC-MKT-01,2024-05-09,2024-05-02,2024-05-05,Ground Transport,,Meru Cabs,,,Pune,PNQ,48.8,KM,,980,INR,980,1.0,Concur,Sales Pitch,MGR-M01,,REJECTED
EXP-0001666,RPT-202405-0415,EMP-1002,Priya Menon,Engineering,CC-ENG-01,2024-05-08,2024-05-03,2024-05-07,Airfare,Economy,Emirates,Bangalore,BLR,Mumbai,BOM,,KM,,200,INR,200,1.0,Concur,HR Summit,MGR-E01,2024-05-11,APPROVED
EXP-0001667,RPT-202405-0415,EMP-1002,Priya Menon,Engineering,CC-ENG-01,2024-05-08,2024-05-03,2024-05-07,Hotel,,Westin Mumbai,,,Mumbai,BOM,,,4,35000,INR,35000,1.0,Concur,HR Summit,MGR-E01,2024-05-11,APPROVED
EXP-0001668,RPT-202405-0415,EMP-1002,Priya Menon,Engineering,CC-ENG-01,2024-05-08,2024-05-03,2024-05-07,Ground Transport,,Rapido,Mumbai,,Mumbai,BOM,31.0,KM,,928,INR,928,1.0,Concur,HR Summit,MGR-E01,2024-05-11,APPROVED
EXP-0001669,RPT-202405-0416,EMP-1012,Mohit Sharma,Finance,CC-FIN-01,2024-05-28,2024-05-23,2024-05-27,Airfare,Business,Lufthansa,Delhi,DEL,New York,JFK,,KM,,24100,INR,24100,1.0,Concur,Partner Integration,MGR-F01,2024-05-30,APPROVED
EXP-0001670,RPT-202405-0416,EMP-1012,Mohit Sharma,Finance,CC-FIN-01,2024-05-28,2024-05-23,2024-05-27,Hotel,,Radisson New York,,,New York,JFK,,,4,68500,INR,68500,1.0,Concur,Partner Integration,MGR-F01,2024-05-30,APPROVED
EXP-0001671,RPT-202405-0416,EMP-1012,Mohit Sharma,Finance,CC-FIN-01,2024-05-28,2024-05-23,2024-05-27,Ground Transport,,Black Cab,New York,,New York,JFK,25.1,KM,,682,INR,682,1.0,Concur,Partner Integration,MGR-F01,2024-05-30,APPROVED
EXP-0001672,RPT-202405-0416,EMP-1012,Mohit Sharma,Finance,CC-FIN-01,2024-05-28,2024-05-23,2024-05-27,Ground Transport,,Careem,,,New York,JFK,20.5,KM,,610,INR,610,1.0,Concur,Partner Integration,MGR-F01,2024-05-30,APPROVED
EXP-0001673,RPT-202405-0416,EMP-1012,Mohit Sharma,Finance,CC-FIN-01,2024-05-28,2024-05-23,2024-05-27,Ground Transport,,Black Cab,New York,,New York,JFK,46.1,KM,,1336,INR,1336,1.0,Concur,Partner Integration,MGR-F01,2024-05-30,APPROVED
EXP-0001674,RPT-202405-0417,EMP-1016,Dinesh Choudhary,Procurement,CC-PROC-01,2024-05-26,2024-05-18,2024-05-21,Airfare,Economy,Air India,Mumbai,BOM,Ahmedabad,AMD,,KM,,100,INR,100,1.0,Concur,Training Program,MGR-P01,2024-05-27,APPROVED
EXP-0001675,RPT-202405-0417,EMP-1016,Dinesh Choudhary,Procurement,CC-PROC-01,2024-05-26,2024-05-18,2024-05-21,Hotel,,Taj Hotels Ahmedabad,,,Ahmedabad,AMD,,,3,16000,INR,16000,1.0,Concur,Training Program,MGR-P01,2024-05-27,APPROVED
EXP-0001676,RPT-202405-0417,EMP-1016,Dinesh Choudhary,Procurement,CC-PROC-01,2024-05-26,2024-05-18,2024-05-21,Ground Transport,,Yellow Cab,Ahmedabad,,Ahmedabad,AMD,17.5,KM,,454,INR,454,1.0,Concur,Training Program,MGR-P01,2024-05-27,APPROVED
EXP-0001677,RPT-202405-0417,EMP-1016,Dinesh Choudhary,Procurement,CC-PROC-01,2024-05-26,2024-05-18,2024-05-21,Ground Transport,,Meru Cabs,,,Ahmedabad,AMD,35.1,KM,,862,INR,862,1.0,Concur,Training Program,MGR-P01,2024-05-27,APPROVED
EXP-0001678,RPT-202406-0418,EMP-1017,Meera Pillai,Engineering,CC-ENG-02,2024-06-03,2024-05-23,2024-05-27,Airfare,Economy,Etihad,Bangalore,BLR,Chennai,MAA,,KM,,100,INR,100,1.0,Concur,Team Offsite,MGR-E01,2024-06-06,APPROVED
EXP-0001679,RPT-202406-0418,EMP-1017,Meera Pillai,Engineering,CC-ENG-02,2024-06-03,2024-05-23,2024-05-27,Hotel,,Marriott Chennai,,,Chennai,MAA,,,4,31000,INR,31000,1.0,Concur,Team Offsite,MGR-E01,2024-06-06,APPROVED
EXP-0001680,RPT-202406-0418,EMP-1017,Meera Pillai,Engineering,CC-ENG-02,2024-06-03,2024-05-23,2024-05-27,Ground Transport,,Black Cab,Chennai,,Chennai,MAA,37.4,KM,,944,INR,944,1.0,Concur,Team Offsite,MGR-E01,2024-06-06,APPROVED
EXP-0001681,RPT-202406-0418,EMP-1017,Meera Pillai,Engineering,CC-ENG-02,2024-06-03,2024-05-23,2024-05-27,Ground Transport,,Meru Cabs,,,Chennai,MAA,45.0,KM,,1067,INR,1067,1.0,Concur,Team Offsite,MGR-E01,2024-06-06,APPROVED
EXP-0001682,RPT-202405-0419,EMP-1011,Anjali Singh,Marketing,CC-MKT-01,2024-05-21,2024-05-11,2024-05-14,Airfare,Economy,Emirates,Mumbai,BOM,Pune,PNQ,,KM,,0,INR,0,1.0,Concur,Board Review,MGR-M01,2024-05-23,APPROVED
EXP-0001683,RPT-202405-0419,EMP-1011,Anjali Singh,Marketing,CC-MKT-01,2024-05-21,2024-05-11,2024-05-14,Hotel,,Radisson Blu Pune,,,Pune,PNQ,,,3,20500,INR,20500,1.0,Concur,Board Review,MGR-M01,2024-05-23,APPROVED
EXP-0001684,RPT-202405-0419,EMP-1011,Anjali Singh,Marketing,CC-MKT-01,2024-05-21,2024-05-11,2024-05-14,Ground Transport,,Rapido,Pune,,Pune,PNQ,33.3,KM,,890,INR,890,1.0,Concur,Board Review,MGR-M01,2024-05-23,APPROVED
EXP-0001685,RPT-202405-0419,EMP-1011,Anjali Singh,Marketing,CC-MKT-01,2024-05-21,2024-05-11,2024-05-14,Ground Transport,,Meru Cabs,,,Pune,PNQ,29.2,KM,,550,INR,550,1.0,Concur,Board Review,MGR-M01,2024-05-23,APPROVED
EXP-0001686,RPT-202405-0420,EMP-1014,Suresh Babu,Sales,CC-SALES-03,2024-05-20,2024-05-08,2024-05-12,Airfare,Economy,IndiGo,Mumbai,BOM,New York,JFK,,KM,,12000,INR,12000,1.0,Concur,Partner Integration,MGR-S02,2024-05-21,APPROVED
EXP-0001687,RPT-202405-0420,EMP-1014,Suresh Babu,Sales,CC-SALES-03,2024-05-20,2024-05-08,2024-05-12,Hotel,,Hyatt New York,,,New York,JFK,,,4,131500,INR,131500,1.0,Concur,Partner Integration,MGR-S02,2024-05-21,APPROVED
EXP-0001688,RPT-202405-0420,EMP-1014,Suresh Babu,Sales,CC-SALES-03,2024-05-20,2024-05-08,2024-05-12,Ground Transport,,Rapido,New York,,New York,JFK,46.1,KM,,815,INR,815,1.0,Concur,Partner Integration,MGR-S02,2024-05-21,APPROVED
EXP-0001689,RPT-202405-0420,EMP-1014,Suresh Babu,Sales,CC-SALES-03,2024-05-20,2024-05-08,2024-05-12,Ground Transport,,Ola,,,New York,JFK,18.9,KM,,439,INR,439,1.0,Concur,Partner Integration,MGR-S02,2024-05-21,APPROVED
EXP-0001690,RPT-202405-0421,EMP-1003,Amit Patel,Finance,CC-FIN-01,2024-05-23,2024-05-15,2024-05-18,Airfare,Business,Lufthansa,Delhi,DEL,Bangalore,BLR,,KM,,700,INR,700,1.0,Concur,Sales Pitch,MGR-F01,2024-05-24,APPROVED
EXP-0001691,RPT-202405-0421,EMP-1003,Amit Patel,Finance,CC-FIN-01,2024-05-23,2024-05-15,2024-05-18,Hotel,,ITC Hotels Bangalore,,,Bangalore,BLR,,,3,27000,INR,27000,1.0,Concur,Sales Pitch,MGR-F01,2024-05-24,APPROVED
EXP-0001692,RPT-202405-0421,EMP-1003,Amit Patel,Finance,CC-FIN-01,2024-05-23,2024-05-15,2024-05-18,Ground Transport,,Metro Rail,Bangalore,,Bangalore,BLR,37.2,KM,,582,INR,582,1.0,Concur,Sales Pitch,MGR-F01,2024-05-24,APPROVED
EXP-0001693,RPT-202405-0421,EMP-1003,Amit Patel,Finance,CC-FIN-01,2024-05-23,2024-05-15,2024-05-18,Ground Transport,,Uber,,,Bangalore,BLR,33.1,KM,,981,INR,981,1.0,Concur,Sales Pitch,MGR-F01,2024-05-24,APPROVED
EXP-0001694,RPT-202405-0422,EMP-1001,Rahul Sharma,Sales,CC-SALES-01,2024-05-31,2024-05-26,2024-05-29,Airfare,Economy,Qatar Airways,Mumbai,BOM,Paris,CDG,,KM,,6600,INR,6600,1.0,Concur,Sales Pitch,MGR-S01,2024-06-01,APPROVED
EXP-0001695,RPT-202405-0422,EMP-1001,Rahul Sharma,Sales,CC-SALES-01,2024-05-31,2024-05-26,2024-05-29,Hotel,,Sheraton Paris,,,Paris,CDG,,,3,73000,INR,73000,1.0,Concur,Sales Pitch,MGR-S01,2024-06-01,APPROVED
EXP-0001696,RPT-202405-0422,EMP-1001,Rahul Sharma,Sales,CC-SALES-01,2024-05-31,2024-05-26,2024-05-29,Ground Transport,,Local Taxi,Paris,,Paris,CDG,21.8,KM,,462,INR,462,1.0,Concur,Sales Pitch,MGR-S01,2024-06-01,APPROVED
EXP-0001697,RPT-202405-0422,EMP-1001,Rahul Sharma,Sales,CC-SALES-01,2024-05-31,2024-05-26,2024-05-29,Ground Transport,,Local Taxi,,,Paris,CDG,27.1,KM,,460,INR,460,1.0,Concur,Sales Pitch,MGR-S01,2024-06-01,APPROVED
EXP-0001698,RPT-202405-0422,EMP-1001,Rahul Sharma,Sales,CC-SALES-01,2024-05-31,2024-05-26,2024-05-29,Ground Transport,,Grab,Paris,,Paris,CDG,46.9,KM,,1187,INR,1187,1.0,Concur,Sales Pitch,MGR-S01,2024-06-01,APPROVED
EXP-0001699,RPT-202405-0423,EMP-1010,Ravi Krishnan,Operations,CC-OPS-02,2024-05-26,2024-05-19,2024-05-20,Airfare,Business,British Airways,Chennai,MAA,Mumbai,BOM,,KM,,500,INR,500,1.0,Concur,Sales Pitch,MGR-O01,2024-05-30,APPROVED
EXP-0001700,RPT-202405-0423,EMP-1010,Ravi Krishnan,Operations,CC-OPS-02,2024-05-26,2024-05-19,2024-05-20,Hotel,,ITC Hotels Mumbai,,,Mumbai,BOM,,,1,8000,INR,8000,1.0,Concur,Sales Pitch,MGR-O01,2024-05-30,APPROVED
EXP-0001701,RPT-202405-0423,EMP-1010,Ravi Krishnan,Operations,CC-OPS-02,2024-05-26,2024-05-19,2024-05-20,Ground Transport,,Careem,Mumbai,,Mumbai,BOM,45.6,KM,,964,INR,964,1.0,Concur,Sales Pitch,MGR-O01,2024-05-30,APPROVED
EXP-0001702,RPT-202405-0424,EMP-1019,Pooja Desai,Operations,CC-OPS-01,2024-05-19,2024-05-14,2024-05-15,Airfare,Economy,IndiGo,Chennai,MAA,Delhi,DEL,,KM,,400,INR,400,1.0,Concur,Legal Negotiation,MGR-O01,2024-05-22,APPROVED
EXP-0001703,RPT-202405-0424,EMP-1019,Pooja Desai,Operations,CC-OPS-01,2024-05-19,2024-05-14,2024-05-15,Hotel,,Novotel Delhi,,,Delhi,DEL,,,1,7000,INR,7000,1.0,Concur,Legal Negotiation,MGR-O01,2024-05-22,APPROVED
EXP-0001704,RPT-202405-0424,EMP-1019,Pooja Desai,Operations,CC-OPS-01,2024-05-19,2024-05-14,2024-05-15,Ground Transport,,Careem,Delhi,,Delhi,DEL,23.5,KM,,396,INR,396,1.0,Concur,Legal Negotiation,MGR-O01,2024-05-22,APPROVED
EXP-0001705,RPT-202405-0425,EMP-1017,Meera Pillai,Engineering,CC-ENG-02,2024-05-28,2024-05-19,2024-05-21,Airfare,Economy,Etihad,Bangalore,BLR,Ahmedabad,AMD,,KM,,300,INR,300,1.0,Concur,Tech Conference,MGR-E01,2024-05-31,APPROVED
EXP-0001706,RPT-202405-0425,EMP-1017,Meera Pillai,Engineering,CC-ENG-02,2024-05-28,2024-05-19,2024-05-21,Hotel,,Novotel Ahmedabad,,,Ahmedabad,AMD,,,2,15500,INR,15500,1.0,Concur,Tech Conference,MGR-E01,2024-05-31,APPROVED
EXP-0001707,RPT-202405-0425,EMP-1017,Meera Pillai,Engineering,CC-ENG-02,2024-05-28,2024-05-19,2024-05-21,Ground Transport,,Black Cab,Ahmedabad,,Ahmedabad,AMD,15.1,KM,,270,INR,270,1.0,Concur,Tech Conference,MGR-E01,2024-05-31,APPROVED
EXP-0001708,RPT-202405-0426,EMP-1002,Priya Menon,Engineering,CC-ENG-01,2024-05-15,2024-05-05,2024-05-08,Airfare,Economy,Vistara,Bangalore,,Mumbai,BOM,,KM,,200,INR,200,1.0,Concur,Legal Negotiation,MGR-E01,2024-05-19,APPROVED
EXP-0001709,RPT-202405-0426,EMP-1002,Priya Menon,Engineering,CC-ENG-01,2024-05-15,2024-05-05,2024-05-08,Hotel,,Le Meridien Mumbai,,,Mumbai,BOM,,,3,24000,INR,24000,1.0,Concur,Legal Negotiation,MGR-E01,2024-05-19,APPROVED
EXP-0001710,RPT-202405-0426,EMP-1002,Priya Menon,Engineering,CC-ENG-01,2024-05-15,2024-05-05,2024-05-08,Ground Transport,,Yellow Cab,Mumbai,,Mumbai,BOM,10.9,KM,,170,INR,170,1.0,Concur,Legal Negotiation,MGR-E01,2024-05-19,APPROVED
EXP-0001711,RPT-202405-0426,EMP-1002,Priya Menon,Engineering,CC-ENG-01,2024-05-15,2024-05-05,2024-05-08,Ground Transport,,Uber,,,Mumbai,BOM,29.2,KM,,711,INR,711,1.0,Concur,Legal Negotiation,MGR-E01,2024-05-19,APPROVED
EXP-0001712,RPT-202405-0426,EMP-1002,Priya Menon,Engineering,CC-ENG-01,2024-05-15,2024-05-05,2024-05-08,Ground Transport,,Rapido,Mumbai,,Mumbai,BOM,28.9,KM,,471,INR,471,1.0,Concur,Legal Negotiation,MGR-E01,2024-05-19,APPROVED
EXP-0001713,RPT-202405-0427,EMP-1017,Meera Pillai,Engineering,CC-ENG-02,2024-05-19,2024-05-10,2024-05-14,Airfare,Business,Vistara,Bangalore,BLR,Mumbai,BOM,,KM,,400,INR,400,1.0,Concur,Client Meeting,MGR-E01,2024-05-21,APPROVED
EXP-0001714,RPT-202405-0427,EMP-1017,Meera Pillai,Engineering,CC-ENG-02,2024-05-19,2024-05-10,2024-05-14,Hotel,,Marriott Mumbai,,,Mumbai,BOM,,,4,28000,INR,28000,1.0,Concur,Client Meeting,MGR-E01,2024-05-21,APPROVED
EXP-0001715,RPT-202405-0427,EMP-1017,Meera Pillai,Engineering,CC-ENG-02,2024-05-19,2024-05-10,2024-05-14,Ground Transport,,Grab,Mumbai,,Mumbai,BOM,42.7,KM,,865,INR,865,1.0,Concur,Client Meeting,MGR-E01,2024-05-21,APPROVED
EXP-0001716,RPT-202405-0427,EMP-1017,Meera Pillai,Engineering,CC-ENG-02,2024-05-19,2024-05-10,2024-05-14,Ground Transport,,Careem,,,Mumbai,BOM,13.2,KM,,270,INR,270,1.0,Concur,Client Meeting,MGR-E01,2024-05-21,APPROVED
EXP-0001717,RPT-202405-0427,EMP-1017,Meera Pillai,Engineering,CC-ENG-02,2024-05-19,2024-05-10,2024-05-14,Ground Transport,,Local Taxi,Mumbai,,Mumbai,BOM,31.6,KM,,935,INR,935,1.0,Concur,Client Meeting,MGR-E01,2024-05-21,APPROVED
EXP-0001718,RPT-202405-0428,EMP-1019,Pooja Desai,Operations,CC-OPS-01,2024-05-18,2024-05-15,2024-05-17,Airfare,Economy,Go First,Chennai,MAA,Delhi,DEL,,KM,,600,INR,600,1.0,Concur,Partner Integration,MGR-O01,2024-05-20,APPROVED
EXP-0001719,RPT-202405-0428,EMP-1019,Pooja Desai,Operations,CC-OPS-01,2024-05-18,2024-05-15,2024-05-17,Hotel,,ITC Hotels Delhi,,,Delhi,DEL,,,2,13500,INR,13500,1.0,Concur,Partner Integration,MGR-O01,2024-05-20,APPROVED
EXP-0001720,RPT-202405-0428,EMP-1019,Pooja Desai,Operations,CC-OPS-01,2024-05-18,2024-05-15,2024-05-17,Ground Transport,,Rapido,Delhi,,Delhi,DEL,14.6,KM,,380,INR,380,1.0,Concur,Partner Integration,MGR-O01,2024-05-20,APPROVED
EXP-0001721,RPT-202405-0428,EMP-1019,Pooja Desai,Operations,CC-OPS-01,2024-05-18,2024-05-15,2024-05-17,Ground Transport,,Uber,,,Delhi,DEL,50.6,KM,,1132,INR,1132,1.0,Concur,Partner Integration,MGR-O01,2024-05-20,APPROVED
EXP-0001722,RPT-202405-0428,EMP-1019,Pooja Desai,Operations,CC-OPS-01,2024-05-18,2024-05-15,2024-05-17,Ground Transport,,Black Cab,Delhi,,Delhi,DEL,46.8,KM,,1167,INR,1167,1.0,Concur,Partner Integration,MGR-O01,2024-05-20,APPROVED
EXP-0001723,RPT-202405-0429,EMP-1018,Aakash Tiwari,Sales,CC-SALES-01,2024-05-27,2024-05-19,2024-05-22,Airfare,Economy,Qatar Airways,Mumbai,BOM,Delhi,DEL,,KM,,400,INR,400,1.0,Concur,Operations Review,MGR-S01,2024-05-30,APPROVED
EXP-0001724,RPT-202405-0429,EMP-1018,Aakash Tiwari,Sales,CC-SALES-01,2024-05-27,2024-05-19,2024-05-22,Hotel,,Taj Hotels Delhi,,,Delhi,DEL,,,3,23000,INR,23000,1.0,Concur,Operations Review,MGR-S01,2024-05-30,APPROVED
EXP-0001725,RPT-202405-0429,EMP-1018,Aakash Tiwari,Sales,CC-SALES-01,2024-05-27,2024-05-19,2024-05-22,Ground Transport,,Grab,Delhi,,Delhi,DEL,35.9,KM,,605,INR,605,1.0,Concur,Operations Review,MGR-S01,2024-05-30,APPROVED
EXP-0001726,RPT-202405-0429,EMP-1018,Aakash Tiwari,Sales,CC-SALES-01,2024-05-27,2024-05-19,2024-05-22,Ground Transport,,Careem,,,Delhi,DEL,47.9,KM,,1080,INR,1080,1.0,Concur,Operations Review,MGR-S01,2024-05-30,APPROVED
EXP-0001727,RPT-202405-0429,EMP-1018,Aakash Tiwari,Sales,CC-SALES-01,2024-05-27,2024-05-19,2024-05-22,Ground Transport,,Careem,Delhi,,Delhi,DEL,25.0,KM,,711,INR,711,1.0,Concur,Operations Review,MGR-S01,2024-05-30,APPROVED
EXP-0001728,RPT-202405-0430,EMP-1001,Rahul Sharma,Sales,CC-SALES-01,2024-05-12,2024-05-09,2024-05-11,Airfare,Economy,Air India,Mumbai,BOM,Hyderabad,HYD,,KM,,200,INR,200,1.0,Concur,Partner Integration,MGR-S01,2024-05-15,APPROVED
EXP-0001729,RPT-202405-0430,EMP-1001,Rahul Sharma,Sales,CC-SALES-01,2024-05-12,2024-05-09,2024-05-11,Hotel,,Radisson Blu Hyderabad,,,Hyderabad,HYD,,,2,12500,INR,12500,1.0,Concur,Partner Integration,MGR-S01,2024-05-15,APPROVED
EXP-0001730,RPT-202405-0430,EMP-1001,Rahul Sharma,Sales,CC-SALES-01,2024-05-12,2024-05-09,2024-05-11,Ground Transport,,Grab,Hyderabad,,Hyderabad,HYD,24.0,KM,,525,INR,525,1.0,Concur,Partner Integration,MGR-S01,2024-05-15,APPROVED
EXP-0001731,RPT-202406-0431,EMP-1004,Sneha Reddy,HR,CC-HR-01,2024-06-04,2024-05-28,2024-05-31,Airfare,Economy,Vistara,Delhi,,Hyderabad,HYD,,KM,,400,INR,400,1.0,Concur,Operations Review,MGR-H01,2024-06-08,APPROVED
EXP-0001732,RPT-202406-0431,EMP-1004,Sneha Reddy,HR,CC-HR-01,2024-06-04,2024-05-28,2024-05-31,Hotel,,Hilton Hyderabad,,,Hyderabad,HYD,,,3,22000,INR,22000,1.0,Concur,Operations Review,MGR-H01,2024-06-08,APPROVED
EXP-0001733,RPT-202406-0431,EMP-1004,Sneha Reddy,HR,CC-HR-01,2024-06-04,2024-05-28,2024-05-31,Ground Transport,,Metro Rail,Hyderabad,,Hyderabad,HYD,17.5,KM,,280,INR,280,1.0,Concur,Operations Review,MGR-H01,2024-06-08,APPROVED
EXP-0001734,RPT-202406-0431,EMP-1004,Sneha Reddy,HR,CC-HR-01,2024-06-04,2024-05-28,2024-05-31,Ground Transport,,Rapido,,,Hyderabad,HYD,33.2,KM,,771,INR,771,1.0,Concur,Operations Review,MGR-H01,2024-06-08,APPROVED
EXP-0001735,RPT-202405-0432,EMP-1003,Amit Patel,Finance,CC-FIN-01,2024-05-23,2024-05-13,2024-05-15,Airfare,Economy,IndiGo,Delhi,DEL,Ahmedabad,AMD,,KM,,200,INR,200,1.0,Concur,Team Offsite,MGR-F01,2024-05-27,APPROVED
EXP-0001736,RPT-202405-0432,EMP-1003,Amit Patel,Finance,CC-FIN-01,2024-05-23,2024-05-13,2024-05-15,Hotel,,Radisson Blu Ahmedabad,,,Ahmedabad,AMD,,,2,17000,INR,17000,1.0,Concur,Team Offsite,MGR-F01,2024-05-27,APPROVED
EXP-0001737,RPT-202405-0432,EMP-1003,Amit Patel,Finance,CC-FIN-01,2024-05-23,2024-05-13,2024-05-15,Ground Transport,,Yellow Cab,Ahmedabad,,Ahmedabad,AMD,39.5,KM,,1009,INR,1009,1.0,Concur,Team Offsite,MGR-F01,2024-05-27,APPROVED
EXP-0001738,RPT-202405-0433,EMP-1015,Kavita Joshi,HR,CC-HR-01,2024-05-13,2024-05-05,2024-05-09,Airfare,Economy,British Airways,Delhi,DEL,Amsterdam,AMS,,KM,,5900,INR,5900,1.0,Concur,Product Launch,MGR-H01,2024-05-14,APPROVED
EXP-0001739,RPT-202405-0433,EMP-1015,Kavita Joshi,HR,CC-HR-01,2024-05-13,2024-05-05,2024-05-09,Hotel,,Radisson Amsterdam,,,Amsterdam,AMS,,,4,59000,INR,59000,1.0,Concur,Product Launch,MGR-H01,2024-05-14,APPROVED
EXP-0001740,RPT-202405-0433,EMP-1015,Kavita Joshi,HR,CC-HR-01,2024-05-13,2024-05-05,2024-05-09,Ground Transport,,Rapido,Amsterdam,,Amsterdam,AMS,19.8,KM,,568,INR,568,1.0,Concur,Product Launch,MGR-H01,2024-05-14,APPROVED
EXP-0001741,RPT-202405-0433,EMP-1015,Kavita Joshi,HR,CC-HR-01,2024-05-13,2024-05-05,2024-05-09,Ground Transport,,Uber,,,Amsterdam,AMS,24.2,KM,,626,INR,626,1.0,Concur,Product Launch,MGR-H01,2024-05-14,APPROVED
EXP-0001742,RPT-202405-0434,EMP-1017,Meera Pillai,Engineering,CC-ENG-02,2024-05-23,2024-05-17,2024-05-18,Airfare,Business,Vistara,Bangalore,BLR,Hyderabad,HYD,,KM,,200,INR,200,1.0,Concur,Legal Negotiation,MGR-E01,2024-05-27,APPROVED
EXP-0001743,RPT-202405-0434,EMP-1017,Meera Pillai,Engineering,CC-ENG-02,2024-05-23,2024-05-17,2024-05-18,Hotel,,Taj Hotels Hyderabad,,,Hyderabad,HYD,,,1,9000,INR,9000,1.0,Concur,Legal Negotiation,MGR-E01,2024-05-27,APPROVED
EXP-0001744,RPT-202405-0434,EMP-1017,Meera Pillai,Engineering,CC-ENG-02,2024-05-23,2024-05-17,2024-05-18,Ground Transport,,Careem,Hyderabad,,Hyderabad,HYD,20.3,KM,,431,INR,431,1.0,Concur,Legal Negotiation,MGR-E01,2024-05-27,APPROVED
EXP-0001745,RPT-202405-0435,EMP-1019,Pooja Desai,Operations,CC-OPS-01,2024-05-31,2024-05-22,2024-05-26,Airfare,Economy,IndiGo,Chennai,MAA,Pune,PNQ,,KM,,200,INR,200,1.0,Concur,Audit Review,MGR-O01,2024-06-02,APPROVED
EXP-0001746,RPT-202405-0435,EMP-1019,Pooja Desai,Operations,CC-OPS-01,2024-05-31,2024-05-22,2024-05-26,Hotel,,JW Marriott Pune,,,Pune,PNQ,,,4,34500,INR,34500,1.0,Concur,Audit Review,MGR-O01,2024-06-02,APPROVED
EXP-0001747,RPT-202405-0435,EMP-1019,Pooja Desai,Operations,CC-OPS-01,2024-05-31,2024-05-22,2024-05-26,Ground Transport,,Black Cab,Pune,,Pune,PNQ,18.2,KM,,428,INR,428,1.0,Concur,Audit Review,MGR-O01,2024-06-02,APPROVED
EXP-0001748,RPT-202405-0435,EMP-1019,Pooja Desai,Operations,CC-OPS-01,2024-05-31,2024-05-22,2024-05-26,Ground Transport,,Ola,,,Pune,PNQ,17.9,KM,,375,INR,375,1.0,Concur,Audit Review,MGR-O01,2024-06-02,APPROVED
EXP-0001749,RPT-202405-0435,EMP-1019,Pooja Desai,Operations,CC-OPS-01,2024-05-31,2024-05-22,2024-05-26,Ground Transport,,Careem,Pune,,Pune,PNQ,23.0,KM,,616,INR,616,1.0,Concur,Audit Review,MGR-O01,2024-06-02,APPROVED
EXP-0001750,RPT-202405-0436,EMP-1002,Priya Menon,Engineering,CC-ENG-01,2024-05-30,2024-05-25,2024-05-26,Airfare,Economy,British Airways,Bangalore,BLR,Pune,PNQ,,KM,,200,INR,200,1.0,Concur,Board Review,MGR-E01,2024-06-02,APPROVED
EXP-0001751,RPT-202405-0436,EMP-1002,Priya Menon,Engineering,CC-ENG-01,2024-05-30,2024-05-25,2024-05-26,Hotel,,ITC Hotels Pune,,,Pune,PNQ,,,1,8500,INR,8500,1.0,Concur,Board Review,MGR-E01,2024-06-02,APPROVED
EXP-0001752,RPT-202405-0436,EMP-1002,Priya Menon,Engineering,CC-ENG-01,2024-05-30,2024-05-25,2024-05-26,Ground Transport,,Uber,Pune,,Pune,PNQ,47.1,KM,,1080,INR,1080,1.0,Concur,Board Review,MGR-E01,2024-06-02,APPROVED
EXP-0001753,RPT-202405-0436,EMP-1002,Priya Menon,Engineering,CC-ENG-01,2024-05-30,2024-05-25,2024-05-26,Ground Transport,,Careem,,,Pune,PNQ,20.9,KM,,323,INR,323,1.0,Concur,Board Review,MGR-E01,2024-06-02,APPROVED
EXP-0001754,RPT-202405-0437,EMP-1016,Dinesh Choudhary,Procurement,CC-PROC-01,2024-05-21,2024-05-13,2024-05-17,Airfare,Economy,Emirates,Mumbai,BOM,Kolkata,CCU,,KM,,600,INR,600,1.0,Concur,HR Summit,MGR-P01,2024-05-25,APPROVED
EXP-0001755,RPT-202405-0437,EMP-1016,Dinesh Choudhary,Procurement,CC-PROC-01,2024-05-21,2024-05-13,2024-05-17,Hotel,,Radisson Blu Kolkata,,,Kolkata,CCU,,,4,23500,INR,23500,1.0,Concur,HR Summit,MGR-P01,2024-05-25,APPROVED
EXP-0001756,RPT-202405-0437,EMP-1016,Dinesh Choudhary,Procurement,CC-PROC-01,2024-05-21,2024-05-13,2024-05-17,Ground Transport,,Meru Cabs,Kolkata,,Kolkata,CCU,41.9,KM,,1242,INR,1242,1.0,Concur,HR Summit,MGR-P01,2024-05-25,APPROVED
EXP-0001757,RPT-202405-0437,EMP-1016,Dinesh Choudhary,Procurement,CC-PROC-01,2024-05-21,2024-05-13,2024-05-17,Ground Transport,,Ola,,,Kolkata,CCU,24.9,KM,,683,INR,683,1.0,Concur,HR Summit,MGR-P01,2024-05-25,APPROVED
EXP-0001758,RPT-202405-0437,EMP-1016,Dinesh Choudhary,Procurement,CC-PROC-01,2024-05-21,2024-05-13,2024-05-17,Ground Transport,,Uber,Kolkata,,Kolkata,CCU,36.6,KM,,946,INR,946,1.0,Concur,HR Summit,MGR-P01,2024-05-25,APPROVED
EXP-0001759,RPT-202406-0438,EMP-1010,Ravi Krishnan,Operations,CC-OPS-02,2024-06-05,2024-05-27,2024-05-29,Airfare,Economy,Singapore Airlines,Chennai,MAA,Hyderabad,HYD,,KM,,200,INR,200,1.0,Concur,Client Meeting,MGR-O01,2024-06-06,APPROVED
EXP-0001760,RPT-202406-0438,EMP-1010,Ravi Krishnan,Operations,CC-OPS-02,2024-06-05,2024-05-27,2024-05-29,Hotel,,ITC Hotels Hyderabad,,,Hyderabad,HYD,,,2,16000,INR,16000,1.0,Concur,Client Meeting,MGR-O01,2024-06-06,APPROVED
EXP-0001761,RPT-202406-0438,EMP-1010,Ravi Krishnan,Operations,CC-OPS-02,2024-06-05,2024-05-27,2024-05-29,Ground Transport,,Grab,Hyderabad,,Hyderabad,HYD,44.3,KM,,1130,INR,1130,1.0,Concur,Client Meeting,MGR-O01,2024-06-06,APPROVED
EXP-0001762,RPT-202406-0438,EMP-1010,Ravi Krishnan,Operations,CC-OPS-02,2024-06-05,2024-05-27,2024-05-29,Ground Transport,,Ola,,,Hyderabad,HYD,35.4,KM,,939,INR,939,1.0,Concur,Client Meeting,MGR-O01,2024-06-06,APPROVED
EXP-0001763,RPT-202406-0438,EMP-1010,Ravi Krishnan,Operations,CC-OPS-02,2024-06-05,2024-05-27,2024-05-29,Ground Transport,,Yellow Cab,Hyderabad,,Hyderabad,HYD,29.6,KM,,653,INR,653,1.0,Concur,Client Meeting,MGR-O01,2024-06-06,APPROVED
EXP-0001764,RPT-202405-0439,EMP-1019,Pooja Desai,Operations,CC-OPS-01,2024-05-31,2024-05-22,2024-05-24,Airfare,Business,Etihad,Chennai,MAA,Bangalore,BLR,,KM,,100,INR,100,1.0,Concur,Tech Conference,MGR-O01,2024-06-02,APPROVED
EXP-0001765,RPT-202405-0439,EMP-1019,Pooja Desai,Operations,CC-OPS-01,2024-05-31,2024-05-22,2024-05-24,Hotel,,Hilton Bangalore,,,Bangalore,BLR,,,2,15500,INR,15500,1.0,Concur,Tech Conference,MGR-O01,2024-06-02,APPROVED
EXP-0001766,RPT-202405-0439,EMP-1019,Pooja Desai,Operations,CC-OPS-01,2024-05-31,2024-05-22,2024-05-24,Ground Transport,,Ola,Bangalore,,Bangalore,BLR,44.0,KM,,798,INR,798,1.0,Concur,Tech Conference,MGR-O01,2024-06-02,APPROVED
EXP-0001767,RPT-202405-0440,EMP-1019,Pooja Desai,Operations,CC-OPS-01,2024-05-15,2024-05-13,2024-05-14,Airfare,Economy,IndiGo,Chennai,MAA,Pune,PNQ,,KM,,300,INR,300,1.0,Concur,Operations Review,MGR-O01,2024-05-17,APPROVED
EXP-0001768,RPT-202405-0440,EMP-1019,Pooja Desai,Operations,CC-OPS-01,2024-05-15,2024-05-13,2024-05-14,Hotel,,JW Marriott Pune,,,Pune,PNQ,,,1,6500,INR,6500,1.0,Concur,Operations Review,MGR-O01,2024-05-17,APPROVED
EXP-0001769,RPT-202405-0440,EMP-1019,Pooja Desai,Operations,CC-OPS-01,2024-05-15,2024-05-13,2024-05-14,Ground Transport,,Grab,Pune,,Pune,PNQ,24.9,KM,,572,INR,572,1.0,Concur,Operations Review,MGR-O01,2024-05-17,APPROVED
EXP-0001770,RPT-202405-0441,EMP-1017,Meera Pillai,Engineering,CC-ENG-02,2024-05-08,2024-05-02,2024-05-05,Airfare,Economy,Vistara,Bangalore,BLR,Hyderabad,HYD,,KM,,100,INR,100,1.0,Concur,Training Program,MGR-E01,2024-05-10,APPROVED
EXP-0001771,RPT-202405-0441,EMP-1017,Meera Pillai,Engineering,CC-ENG-02,2024-05-08,2024-05-02,2024-05-05,Hotel,,Hilton Hyderabad,,,Hyderabad,HYD,,,3,23000,INR,23000,1.0,Concur,Training Program,MGR-E01,2024-05-10,APPROVED
EXP-0001772,RPT-202405-0441,EMP-1017,Meera Pillai,Engineering,CC-ENG-02,2024-05-08,2024-05-02,2024-05-05,Ground Transport,,Ola,Hyderabad,,Hyderabad,HYD,22.8,KM,,582,INR,582,1.0,Concur,Training Program,MGR-E01,2024-05-10,APPROVED
EXP-0001773,RPT-202405-0442,EMP-1004,Sneha Reddy,HR,CC-HR-01,2024-05-28,2024-05-21,2024-05-23,Airfare,Economy,Vistara,Delhi,DEL,Chennai,MAA,,KM,,600,INR,600,1.0,Concur,Training Program,MGR-H01,2024-05-29,APPROVED
EXP-0001774,RPT-202405-0442,EMP-1004,Sneha Reddy,HR,CC-HR-01,2024-05-28,2024-05-21,2024-05-23,Hotel,,Hilton Chennai,,,Chennai,MAA,,,2,9500,INR,9500,1.0,Concur,Training Program,MGR-H01,2024-05-29,APPROVED
EXP-0001775,RPT-202405-0442,EMP-1004,Sneha Reddy,HR,CC-HR-01,2024-05-28,2024-05-21,2024-05-23,Ground Transport,,Meru Cabs,Chennai,,Chennai,MAA,13.4,KM,,363,INR,363,1.0,Concur,Training Program,MGR-H01,2024-05-29,APPROVED
EXP-0001776,RPT-202405-0442,EMP-1004,Sneha Reddy,HR,CC-HR-01,2024-05-28,2024-05-21,2024-05-23,Ground Transport,,Uber,,,Chennai,MAA,38.1,KM,,1055,INR,1055,1.0,Concur,Training Program,MGR-H01,2024-05-29,APPROVED
EXP-0001777,RPT-202405-0443,EMP-1013,Nisha Verma,Engineering,CC-ENG-01,2024-05-28,2024-05-22,2024-05-24,Airfare,Economy,IndiGo,Bangalore,BLR,Kolkata,CCU,,KM,,500,INR,500,1.0,Concur,Team Offsite,MGR-E01,2024-06-01,APPROVED
EXP-0001778,RPT-202405-0443,EMP-1013,Nisha Verma,Engineering,CC-ENG-01,2024-05-28,2024-05-22,2024-05-24,Hotel,,Hyatt Regency Kolkata,,,Kolkata,CCU,,,2,13000,INR,13000,1.0,Concur,Team Offsite,MGR-E01,2024-06-01,APPROVED
EXP-0001779,RPT-202405-0443,EMP-1013,Nisha Verma,Engineering,CC-ENG-01,2024-05-28,2024-05-22,2024-05-24,Ground Transport,,Meru Cabs,Kolkata,,Kolkata,CCU,14.1,KM,,316,INR,316,1.0,Concur,Team Offsite,MGR-E01,2024-06-01,APPROVED
EXP-0001780,RPT-202405-0444,EMP-1017,Meera Pillai,Engineering,CC-ENG-02,2024-05-19,2024-05-17,2024-05-18,Airfare,Economy,SpiceJet,Bangalore,BLR,Pune,PNQ,,KM,,200,INR,200,1.0,Concur,Legal Negotiation,MGR-E01,2024-05-21,APPROVED
EXP-0001781,RPT-202405-0444,EMP-1017,Meera Pillai,Engineering,CC-ENG-02,2024-05-19,2024-05-17,2024-05-18,Hotel,,Marriott Pune,,,Pune,PNQ,,,1,8500,INR,8500,1.0,Concur,Legal Negotiation,MGR-E01,2024-05-21,APPROVED
EXP-0001782,RPT-202405-0444,EMP-1017,Meera Pillai,Engineering,CC-ENG-02,2024-05-19,2024-05-17,2024-05-18,Ground Transport,,Local Taxi,Pune,,Pune,PNQ,33.9,KM,,724,INR,724,1.0,Concur,Legal Negotiation,MGR-E01,2024-05-21,APPROVED
EXP-0001783,RPT-202405-0444,EMP-1017,Meera Pillai,Engineering,CC-ENG-02,2024-05-19,2024-05-17,2024-05-18,Ground Transport,,Black Cab,,,Pune,PNQ,17.5,KM,,316,INR,316,1.0,Concur,Legal Negotiation,MGR-E01,2024-05-21,APPROVED
EXP-0001784,RPT-202405-0444,EMP-1017,Meera Pillai,Engineering,CC-ENG-02,2024-05-19,2024-05-17,2024-05-18,Ground Transport,,Meru Cabs,Pune,,Pune,PNQ,37.8,KM,,648,INR,648,1.0,Concur,Legal Negotiation,MGR-E01,2024-05-21,APPROVED
EXP-0001785,RPT-202405-0445,EMP-1009,Sunita Gupta,Sales,CC-SALES-02,2024-05-23,2024-05-18,2024-05-19,Airfare,Economy,IndiGo,Mumbai,BOM,Delhi,DEL,,KM,,300,INR,300,1.0,Concur,Sales Pitch,MGR-S01,2024-05-24,APPROVED
EXP-0001786,RPT-202405-0445,EMP-1009,Sunita Gupta,Sales,CC-SALES-02,2024-05-23,2024-05-18,2024-05-19,Hotel,,Marriott Delhi,,,Delhi,DEL,,,1,4500,INR,4500,1.0,Concur,Sales Pitch,MGR-S01,2024-05-24,APPROVED
EXP-0001787,RPT-202405-0445,EMP-1009,Sunita Gupta,Sales,CC-SALES-02,2024-05-23,2024-05-18,2024-05-19,Ground Transport,,Yellow Cab,Delhi,,Delhi,DEL,12.5,KM,,330,INR,330,1.0,Concur,Sales Pitch,MGR-S01,2024-05-24,APPROVED
EXP-0001788,RPT-202405-0445,EMP-1009,Sunita Gupta,Sales,CC-SALES-02,2024-05-23,2024-05-18,2024-05-19,Ground Transport,,Grab,,,Delhi,DEL,21.8,KM,,540,INR,540,1.0,Concur,Sales Pitch,MGR-S01,2024-05-24,APPROVED
EXP-0001789,RPT-202406-0446,EMP-1004,Sneha Reddy,HR,CC-HR-01,2024-06-06,2024-06-02,2024-06-05,Airfare,Economy,SpiceJet,Delhi,DEL,Kolkata,CCU,,KM,,300,INR,300,1.0,Concur,Training Program,MGR-H01,2024-06-10,APPROVED
EXP-0001790,RPT-202406-0446,EMP-1004,Sneha Reddy,HR,CC-HR-01,2024-06-06,2024-06-02,2024-06-05,Hotel,,Marriott Kolkata,,,Kolkata,CCU,,,3,25500,INR,25500,1.0,Concur,Training Program,MGR-H01,2024-06-10,APPROVED
EXP-0001791,RPT-202406-0446,EMP-1004,Sneha Reddy,HR,CC-HR-01,2024-06-06,2024-06-02,2024-06-05,Ground Transport,,Black Cab,Kolkata,,Kolkata,CCU,34.5,KM,,862,INR,862,1.0,Concur,Training Program,MGR-H01,2024-06-10,APPROVED
EXP-0001792,RPT-202406-0446,EMP-1004,Sneha Reddy,HR,CC-HR-01,2024-06-06,2024-06-02,2024-06-05,Ground Transport,,Yellow Cab,,,Kolkata,CCU,22.8,KM,,452,INR,452,1.0,Concur,Training Program,MGR-H01,2024-06-10,APPROVED
EXP-0001793,RPT-202406-0446,EMP-1004,Sneha Reddy,HR,CC-HR-01,2024-06-06,2024-06-02,2024-06-05,Ground Transport,,Uber,Kolkata,,Kolkata,CCU,17.6,KM,,449,INR,449,1.0,Concur,Training Program,MGR-H01,2024-06-10,APPROVED
EXP-0001794,RPT-202406-0447,EMP-1019,Pooja Desai,Operations,CC-OPS-01,2024-06-14,2024-06-06,2024-06-10,Airfare,Business,Emirates,Chennai,MAA,Mumbai,BOM,,KM,,500,INR,500,1.0,Concur,Partner Integration,MGR-O01,2024-06-16,APPROVED
EXP-0001795,RPT-202406-0447,EMP-1019,Pooja Desai,Operations,CC-OPS-01,2024-06-14,2024-06-06,2024-06-10,Hotel,,Hilton Mumbai,,,Mumbai,BOM,,,4,35500,INR,35500,1.0,Concur,Partner Integration,MGR-O01,2024-06-16,APPROVED
EXP-0001796,RPT-202406-0447,EMP-1019,Pooja Desai,Operations,CC-OPS-01,2024-06-14,2024-06-06,2024-06-10,Ground Transport,,Ola,Mumbai,,Mumbai,BOM,12.4,KM,,351,INR,351,1.0,Concur,Partner Integration,MGR-O01,2024-06-16,APPROVED
EXP-0001797,RPT-202407-0448,EMP-1007,Kiran Rao,Legal,CC-LEGAL-01,2024-07-02,2024-06-22,2024-06-24,Airfare,Economy,IndiGo,Delhi,DEL,Singapore,SIN,,KM,,3300,INR,3300,1.0,Concur,Vendor Meeting,MGR-L01,2024-07-04,APPROVED
EXP-0001798,RPT-202407-0448,EMP-1007,Kiran Rao,Legal,CC-LEGAL-01,2024-07-02,2024-06-22,2024-06-24,Hotel,,Marriott Singapore,,,Singapore,SIN,,,2,66500,INR,66500,1.0,Concur,Vendor Meeting,MGR-L01,2024-07-04,APPROVED
EXP-0001799,RPT-202407-0448,EMP-1007,Kiran Rao,Legal,CC-LEGAL-01,2024-07-02,2024-06-22,2024-06-24,Ground Transport,,Ola,Singapore,,Singapore,SIN,10.8,KM,,200,INR,200,1.0,Concur,Vendor Meeting,MGR-L01,2024-07-04,APPROVED
EXP-0001800,RPT-202406-0449,EMP-1009,Sunita Gupta,Sales,CC-SALES-02,2024-06-19,2024-06-09,2024-06-11,Airfare,Economy,IndiGo,Mumbai,BOM,Ahmedabad,AMD,,KM,,100,INR,100,1.0,Concur,Board Review,MGR-S01,2024-06-22,APPROVED
EXP-0001801,RPT-202406-0449,EMP-1009,Sunita Gupta,Sales,CC-SALES-02,2024-06-19,2024-06-09,2024-06-11,Hotel,,JW Marriott Ahmedabad,,,Ahmedabad,AMD,,,2,15500,INR,15500,1.0,Concur,Board Review,MGR-S01,2024-06-22,APPROVED
EXP-0001802,RPT-202406-0449,EMP-1009,Sunita Gupta,Sales,CC-SALES-02,2024-06-19,2024-06-09,2024-06-11,Ground Transport,,Uber,Ahmedabad,,Ahmedabad,AMD,37.8,KM,,848,INR,848,1.0,Concur,Board Review,MGR-S01,2024-06-22,APPROVED
EXP-0001803,RPT-202406-0449,EMP-1009,Sunita Gupta,Sales,CC-SALES-02,2024-06-19,2024-06-09,2024-06-11,Ground Transport,,Yellow Cab,,,Ahmedabad,AMD,33.2,KM,,659,INR,659,1.0,Concur,Board Review,MGR-S01,2024-06-22,APPROVED
EXP-0001804,RPT-202406-0450,EMP-1008,Arjun Mehta,Engineering,CC-ENG-02,2024-06-12,2024-06-02,2024-06-08,Airfare,Business,IndiGo,Bangalore,BLR,London,LHR,,KM,,14300,INR,14300,1.0,Concur,Annual Planning,MGR-E01,2024-06-16,APPROVED
EXP-0001805,RPT-202406-0450,EMP-1008,Arjun Mehta,Engineering,CC-ENG-02,2024-06-12,2024-06-02,2024-06-08,Hotel,,Four Seasons London,,,London,LHR,,,6,115500,INR,115500,1.0,Concur,Annual Planning,MGR-E01,2024-06-16,APPROVED
EXP-0001806,RPT-202406-0450,EMP-1008,Arjun Mehta,Engineering,CC-ENG-02,2024-06-12,2024-06-02,2024-06-08,Ground Transport,,Careem,London,,London,LHR,53.7,KM,,1079,INR,1079,1.0,Concur,Annual Planning,MGR-E01,2024-06-16,APPROVED
EXP-0001807,RPT-202406-0450,EMP-1008,Arjun Mehta,Engineering,CC-ENG-02,2024-06-12,2024-06-02,2024-06-08,Ground Transport,,Metro Rail,,,London,LHR,54.2,KM,,1299,INR,1299,1.0,Concur,Annual Planning,MGR-E01,2024-06-16,APPROVED
EXP-0001808,RPT-202406-0451,EMP-1006,Deepa Iyer,Marketing,CC-MKT-01,2024-06-19,2024-06-10,2024-06-12,Airfare,Business,SpiceJet,Mumbai,BOM,Hyderabad,HYD,,KM,,300,INR,300,1.0,Concur,Partner Integration,MGR-M01,,PENDING
EXP-0001809,RPT-202406-0451,EMP-1006,Deepa Iyer,Marketing,CC-MKT-01,2024-06-19,2024-06-10,2024-06-12,Hotel,,Taj Hotels Hyderabad,,,Hyderabad,HYD,,,2,11000,INR,11000,1.0,Concur,Partner Integration,MGR-M01,,PENDING
EXP-0001810,RPT-202406-0451,EMP-1006,Deepa Iyer,Marketing,CC-MKT-01,2024-06-19,2024-06-10,2024-06-12,Ground Transport,,Rapido,Hyderabad,,Hyderabad,HYD,50.4,KM,,1463,INR,1463,1.0,Concur,Partner Integration,MGR-M01,,PENDING
EXP-0001811,RPT-202406-0451,EMP-1006,Deepa Iyer,Marketing,CC-MKT-01,2024-06-19,2024-06-10,2024-06-12,Ground Transport,,Meru Cabs,,,Hyderabad,HYD,38.2,KM,,1104,INR,1104,1.0,Concur,Partner Integration,MGR-M01,,PENDING
EXP-0001812,RPT-202407-0452,EMP-1008,Arjun Mehta,Engineering,CC-ENG-02,2024-07-04,2024-06-26,2024-06-29,Airfare,Economy,Go First,Bangalore,BLR,Mumbai,BOM,,KM,,200,INR,200,1.0,Concur,Annual Planning,MGR-E01,2024-07-05,APPROVED
EXP-0001813,RPT-202407-0452,EMP-1008,Arjun Mehta,Engineering,CC-ENG-02,2024-07-04,2024-06-26,2024-06-29,Hotel,,Marriott Mumbai,,,Mumbai,BOM,,,3,19000,INR,19000,1.0,Concur,Annual Planning,MGR-E01,2024-07-05,APPROVED
EXP-0001814,RPT-202407-0452,EMP-1008,Arjun Mehta,Engineering,CC-ENG-02,2024-07-04,2024-06-26,2024-06-29,Ground Transport,,Ola,Mumbai,,Mumbai,BOM,17.0,KM,,397,INR,397,1.0,Concur,Annual Planning,MGR-E01,2024-07-05,APPROVED
EXP-0001815,RPT-202407-0452,EMP-1008,Arjun Mehta,Engineering,CC-ENG-02,2024-07-04,2024-06-26,2024-06-29,Ground Transport,,Careem,,,Mumbai,BOM,12.3,KM,,305,INR,305,1.0,Concur,Annual Planning,MGR-E01,2024-07-05,APPROVED
EXP-0001816,RPT-202407-0453,EMP-1002,Priya Menon,Engineering,CC-ENG-01,2024-07-08,2024-06-27,2024-07-01,Airfare,Economy,Qatar Airways,Bangalore,BLR,Kolkata,CCU,,KM,,500,INR,500,1.0,Concur,Budget Review,MGR-E01,,PENDING
EXP-0001817,RPT-202407-0453,EMP-1002,Priya Menon,Engineering,CC-ENG-01,2024-07-08,2024-06-27,2024-07-01,Hotel,,Le Meridien Kolkata,,,Kolkata,CCU,,,4,35500,INR,35500,1.0,Concur,Budget Review,MGR-E01,,PENDING
EXP-0001818,RPT-202407-0453,EMP-1002,Priya Menon,Engineering,CC-ENG-01,2024-07-08,2024-06-27,2024-07-01,Ground Transport,,Careem,Kolkata,,Kolkata,CCU,48.0,KM,,1066,INR,1066,1.0,Concur,Budget Review,MGR-E01,,PENDING
EXP-0001819,RPT-202407-0453,EMP-1002,Priya Menon,Engineering,CC-ENG-01,2024-07-08,2024-06-27,2024-07-01,Ground Transport,,Metro Rail,,,Kolkata,CCU,27.1,KM,,602,INR,602,1.0,Concur,Budget Review,MGR-E01,,PENDING
EXP-0001820,RPT-202407-0453,EMP-1002,Priya Menon,Engineering,CC-ENG-01,2024-07-08,2024-06-27,2024-07-01,Ground Transport,,Meru Cabs,Kolkata,,Kolkata,CCU,24.9,KM,,532,INR,532,1.0,Concur,Budget Review,MGR-E01,,PENDING
EXP-0001821,RPT-202406-0454,EMP-1019,Pooja Desai,Operations,CC-OPS-01,2024-06-25,2024-06-16,2024-06-20,Airfare,Economy,Air India,Chennai,MAA,Mumbai,BOM,,KM,,200,INR,200,1.0,Concur,Product Launch,MGR-O01,2024-06-27,APPROVED
EXP-0001822,RPT-202406-0454,EMP-1019,Pooja Desai,Operations,CC-OPS-01,2024-06-25,2024-06-16,2024-06-20,Hotel,,Taj Hotels Mumbai,,,Mumbai,BOM,,,4,27500,INR,27500,1.0,Concur,Product Launch,MGR-O01,2024-06-27,APPROVED
EXP-0001823,RPT-202406-0454,EMP-1019,Pooja Desai,Operations,CC-OPS-01,2024-06-25,2024-06-16,2024-06-20,Ground Transport,,Careem,Mumbai,,Mumbai,BOM,28.5,KM,,621,INR,621,1.0,Concur,Product Launch,MGR-O01,2024-06-27,APPROVED
EXP-0001824,RPT-202406-0454,EMP-1019,Pooja Desai,Operations,CC-OPS-01,2024-06-25,2024-06-16,2024-06-20,Ground Transport,,Careem,,,Mumbai,BOM,22.0,KM,,578,INR,578,1.0,Concur,Product Launch,MGR-O01,2024-06-27,APPROVED
EXP-0001825,RPT-202406-0454,EMP-1019,Pooja Desai,Operations,CC-OPS-01,2024-06-25,2024-06-16,2024-06-20,Ground Transport,,Black Cab,Mumbai,,Mumbai,BOM,12.8,KM,,321,INR,321,1.0,Concur,Product Launch,MGR-O01,2024-06-27,APPROVED
EXP-0001826,RPT-202406-0455,EMP-1010,Ravi Krishnan,Operations,CC-OPS-02,2024-06-09,2024-06-02,2024-06-06,Airfare,Economy,SpiceJet,Chennai,MAA,Delhi,DEL,,KM,,600,INR,600,1.0,Concur,Tech Conference,MGR-O01,2024-06-10,APPROVED
EXP-0001827,RPT-202406-0455,EMP-1010,Ravi Krishnan,Operations,CC-OPS-02,2024-06-09,2024-06-02,2024-06-06,Hotel,,ITC Hotels Delhi,,,Delhi,DEL,,,4,34000,INR,34000,1.0,Concur,Tech Conference,MGR-O01,2024-06-10,APPROVED
EXP-0001828,RPT-202406-0455,EMP-1010,Ravi Krishnan,Operations,CC-OPS-02,2024-06-09,2024-06-02,2024-06-06,Ground Transport,,Ola,Delhi,,Delhi,DEL,45.1,KM,,843,INR,843,1.0,Concur,Tech Conference,MGR-O01,2024-06-10,APPROVED
EXP-0001829,RPT-202406-0455,EMP-1010,Ravi Krishnan,Operations,CC-OPS-02,2024-06-09,2024-06-02,2024-06-06,Ground Transport,,Careem,,,Delhi,DEL,13.9,KM,,352,INR,352,1.0,Concur,Tech Conference,MGR-O01,2024-06-10,APPROVED
EXP-0001830,RPT-202406-0456,EMP-1009,Sunita Gupta,Sales,CC-SALES-02,2024-06-27,2024-06-15,2024-06-19,Airfare,Business,IndiGo,Mumbai,BOM,Paris,CDG,,KM,,10700,INR,10700,1.0,Concur,Training Program,MGR-S01,2024-06-29,APPROVED
EXP-0001831,RPT-202406-0456,EMP-1009,Sunita Gupta,Sales,CC-SALES-02,2024-06-27,2024-06-15,2024-06-19,Hotel,,Holiday Inn Paris,,,Paris,CDG,,,4,80000,INR,80000,1.0,Concur,Training Program,MGR-S01,2024-06-29,APPROVED
EXP-0001832,RPT-202406-0456,EMP-1009,Sunita Gupta,Sales,CC-SALES-02,2024-06-27,2024-06-15,2024-06-19,Ground Transport,,Careem,Paris,,Paris,CDG,32.0,KM,,598,INR,598,1.0,Concur,Training Program,MGR-S01,2024-06-29,APPROVED
EXP-0001833,RPT-202406-0456,EMP-1009,Sunita Gupta,Sales,CC-SALES-02,2024-06-27,2024-06-15,2024-06-19,Ground Transport,,Rapido,,,Paris,CDG,11.3,KM,,277,INR,277,1.0,Concur,Training Program,MGR-S01,2024-06-29,APPROVED
EXP-0001834,RPT-202406-0457,EMP-1019,Pooja Desai,Operations,CC-OPS-01,2024-06-20,2024-06-17,2024-06-19,Airfare,Business,Singapore Airlines,Chennai,MAA,Hyderabad,HYD,,KM,,300,INR,300,1.0,Concur,Sales Pitch,MGR-O01,2024-06-24,APPROVED
EXP-0001835,RPT-202406-0457,EMP-1019,Pooja Desai,Operations,CC-OPS-01,2024-06-20,2024-06-17,2024-06-19,Hotel,,Le Meridien Hyderabad,,,Hyderabad,HYD,,,2,15500,INR,15500,1.0,Concur,Sales Pitch,MGR-O01,2024-06-24,APPROVED
EXP-0001836,RPT-202406-0457,EMP-1019,Pooja Desai,Operations,CC-OPS-01,2024-06-20,2024-06-17,2024-06-19,Ground Transport,,Yellow Cab,Hyderabad,,Hyderabad,HYD,18.8,KM,,495,INR,495,1.0,Concur,Sales Pitch,MGR-O01,2024-06-24,APPROVED
EXP-0001837,RPT-202407-0458,EMP-1007,Kiran Rao,Legal,CC-LEGAL-01,2024-07-04,2024-06-26,2024-06-27,Airfare,Economy,Singapore Airlines,Delhi,DEL,Kolkata,CCU,,KM,,300,INR,300,1.0,Concur,Team Offsite,MGR-L01,2024-07-08,APPROVED
EXP-0001838,RPT-202407-0458,EMP-1007,Kiran Rao,Legal,CC-LEGAL-01,2024-07-04,2024-06-26,2024-06-27,Hotel,,ITC Hotels Kolkata,,,Kolkata,CCU,,,1,8000,INR,8000,1.0,Concur,Team Offsite,MGR-L01,2024-07-08,APPROVED
EXP-0001839,RPT-202407-0458,EMP-1007,Kiran Rao,Legal,CC-LEGAL-01,2024-07-04,2024-06-26,2024-06-27,Ground Transport,,Rapido,Kolkata,,Kolkata,CCU,26.3,KM,,689,INR,689,1.0,Concur,Team Offsite,MGR-L01,2024-07-08,APPROVED
EXP-0001840,RPT-202406-0459,EMP-1011,Anjali Singh,Marketing,CC-MKT-01,2024-06-29,2024-06-18,2024-06-23,Airfare,Business,Singapore Airlines,Mumbai,BOM,Tokyo,NRT,,KM,,12000,INR,12000,1.0,Concur,Budget Review,MGR-M01,,PENDING
EXP-0001841,RPT-202406-0459,EMP-1011,Anjali Singh,Marketing,CC-MKT-01,2024-06-29,2024-06-18,2024-06-23,Hotel,,Ibis Tokyo,,,Tokyo,NRT,,,5,154500,INR,154500,1.0,Concur,Budget Review,MGR-M01,,PENDING
EXP-0001842,RPT-202406-0459,EMP-1011,Anjali Singh,Marketing,CC-MKT-01,2024-06-29,2024-06-18,2024-06-23,Ground Transport,,Careem,Tokyo,,Tokyo,NRT,47.8,KM,,1336,INR,1336,1.0,Concur,Budget Review,MGR-M01,,PENDING
EXP-0001843,RPT-202407-0460,EMP-1020,Sameer Khan,Legal,CC-LEGAL-01,2024-07-02,2024-06-26,2024-06-27,Airfare,Business,SpiceJet,Delhi,DEL,Ahmedabad,AMD,,KM,,300,INR,300,1.0,Concur,Product Launch,MGR-L01,2024-07-04,APPROVED
EXP-0001844,RPT-202407-0460,EMP-1020,Sameer Khan,Legal,CC-LEGAL-01,2024-07-02,2024-06-26,2024-06-27,Hotel,,Radisson Blu Ahmedabad,,,Ahmedabad,AMD,,,1,6500,INR,6500,1.0,Concur,Product Launch,MGR-L01,2024-07-04,APPROVED
EXP-0001845,RPT-202407-0460,EMP-1020,Sameer Khan,Legal,CC-LEGAL-01,2024-07-02,2024-06-26,2024-06-27,Ground Transport,,Metro Rail,Ahmedabad,,Ahmedabad,AMD,53.3,KM,,1010,INR,1010,1.0,Concur,Product Launch,MGR-L01,2024-07-04,APPROVED
EXP-0001846,RPT-202407-0460,EMP-1020,Sameer Khan,Legal,CC-LEGAL-01,2024-07-02,2024-06-26,2024-06-27,Ground Transport,,Careem,,,Ahmedabad,AMD,34.4,KM,,610,INR,610,1.0,Concur,Product Launch,MGR-L01,2024-07-04,APPROVED
EXP-0001847,RPT-202406-0461,EMP-1012,Mohit Sharma,Finance,CC-FIN-01,2024-06-10,2024-06-04,2024-06-09,Airfare,Economy,Vistara,Delhi,DEL,San Francisco,SFO,,KM,,10500,INR,10500,1.0,Concur,Legal Negotiation,MGR-F01,2024-06-12,APPROVED
EXP-0001848,RPT-202406-0461,EMP-1012,Mohit Sharma,Finance,CC-FIN-01,2024-06-10,2024-06-04,2024-06-09,Hotel,,Four Seasons San Francisco,,,San Francisco,SFO,,,5,160500,INR,160500,1.0,Concur,Legal Negotiation,MGR-F01,2024-06-12,APPROVED
EXP-0001849,RPT-202406-0461,EMP-1012,Mohit Sharma,Finance,CC-FIN-01,2024-06-10,2024-06-04,2024-06-09,Ground Transport,,Rapido,San Francisco,,San Francisco,SFO,11.4,KM,,267,INR,267,1.0,Concur,Legal Negotiation,MGR-F01,2024-06-12,APPROVED
EXP-0001850,RPT-202406-0461,EMP-1012,Mohit Sharma,Finance,CC-FIN-01,2024-06-10,2024-06-04,2024-06-09,Ground Transport,,Uber,,,San Francisco,SFO,49.5,KM,,1371,INR,1371,1.0,Concur,Legal Negotiation,MGR-F01,2024-06-12,APPROVED
EXP-0001851,RPT-202407-0462,EMP-1012,Mohit Sharma,Finance,CC-FIN-01,2024-07-01,2024-06-23,2024-06-28,Airfare,Economy,Air India,Delhi,DEL,Sydney,SYD,,KM,,10100,INR,10100,1.0,Concur,HR Summit,MGR-F01,2024-07-02,APPROVED
EXP-0001852,RPT-202407-0462,EMP-1012,Mohit Sharma,Finance,CC-FIN-01,2024-07-01,2024-06-23,2024-06-28,Hotel,,Holiday Inn Sydney,,,Sydney,SYD,,,5,172500,INR,172500,1.0,Concur,HR Summit,MGR-F01,2024-07-02,APPROVED
EXP-0001853,RPT-202407-0462,EMP-1012,Mohit Sharma,Finance,CC-FIN-01,2024-07-01,2024-06-23,2024-06-28,Ground Transport,,Uber,Sydney,,Sydney,SYD,47.0,KM,,913,INR,913,1.0,Concur,HR Summit,MGR-F01,2024-07-02,APPROVED
EXP-0001854,RPT-202407-0462,EMP-1012,Mohit Sharma,Finance,CC-FIN-01,2024-07-01,2024-06-23,2024-06-28,Ground Transport,,Uber,,,Sydney,SYD,53.9,KM,,826,INR,826,1.0,Concur,HR Summit,MGR-F01,2024-07-02,APPROVED
EXP-0001855,RPT-202406-0463,EMP-1019,Pooja Desai,Operations,CC-OPS-01,2024-06-28,2024-06-23,2024-06-24,Airfare,Economy,Vistara,Chennai,MAA,Mumbai,BOM,,KM,,300,INR,300,1.0,Concur,Board Review,MGR-O01,2024-07-02,APPROVED
EXP-0001856,RPT-202406-0463,EMP-1019,Pooja Desai,Operations,CC-OPS-01,2024-06-28,2024-06-23,2024-06-24,Hotel,,JW Marriott Mumbai,,,Mumbai,BOM,,,1,8500,INR,8500,1.0,Concur,Board Review,MGR-O01,2024-07-02,APPROVED
EXP-0001857,RPT-202406-0463,EMP-1019,Pooja Desai,Operations,CC-OPS-01,2024-06-28,2024-06-23,2024-06-24,Ground Transport,,Black Cab,Mumbai,,Mumbai,BOM,11.9,KM,,248,INR,248,1.0,Concur,Board Review,MGR-O01,2024-07-02,APPROVED
EXP-0001858,RPT-202406-0463,EMP-1019,Pooja Desai,Operations,CC-OPS-01,2024-06-28,2024-06-23,2024-06-24,Ground Transport,,Uber,,,Mumbai,BOM,50.4,KM,,1198,INR,1198,1.0,Concur,Board Review,MGR-O01,2024-07-02,APPROVED
EXP-0001859,RPT-202407-0464,EMP-1020,Sameer Khan,Legal,CC-LEGAL-01,2024-07-04,2024-06-28,2024-07-01,Airfare,Economy,British Airways,Delhi,DEL,Hyderabad,HYD,,KM,,400,INR,400,1.0,Concur,Vendor Meeting,MGR-L01,2024-07-07,APPROVED
EXP-0001860,RPT-202407-0464,EMP-1020,Sameer Khan,Legal,CC-LEGAL-01,2024-07-04,2024-06-28,2024-07-01,Hotel,,Hyatt Regency Hyderabad,,,Hyderabad,HYD,,,3,18500,INR,18500,1.0,Concur,Vendor Meeting,MGR-L01,2024-07-07,APPROVED
EXP-0001861,RPT-202407-0464,EMP-1020,Sameer Khan,Legal,CC-LEGAL-01,2024-07-04,2024-06-28,2024-07-01,Ground Transport,,Rapido,Hyderabad,,Hyderabad,HYD,36.3,KM,,789,INR,789,1.0,Concur,Vendor Meeting,MGR-L01,2024-07-07,APPROVED
EXP-0001862,RPT-202407-0465,EMP-1018,Aakash Tiwari,Sales,CC-SALES-01,2024-07-01,2024-06-24,2024-06-26,Airfare,Economy,British Airways,Mumbai,BOM,Bangalore,BLR,,KM,,200,INR,200,1.0,Concur,Product Launch,MGR-S01,2024-07-03,APPROVED
EXP-0001863,RPT-202407-0465,EMP-1018,Aakash Tiwari,Sales,CC-SALES-01,2024-07-01,2024-06-24,2024-06-26,Hotel,,Hilton Bangalore,,,Bangalore,BLR,,,2,9000,INR,9000,1.0,Concur,Product Launch,MGR-S01,2024-07-03,APPROVED
EXP-0001864,RPT-202407-0465,EMP-1018,Aakash Tiwari,Sales,CC-SALES-01,2024-07-01,2024-06-24,2024-06-26,Ground Transport,,Uber,Bangalore,,Bangalore,BLR,27.5,KM,,529,INR,529,1.0,Concur,Product Launch,MGR-S01,2024-07-03,APPROVED
EXP-0001865,RPT-202407-0465,EMP-1018,Aakash Tiwari,Sales,CC-SALES-01,2024-07-01,2024-06-24,2024-06-26,Ground Transport,,Uber,,,Bangalore,BLR,26.2,KM,,468,INR,468,1.0,Concur,Product Launch,MGR-S01,2024-07-03,APPROVED
EXP-0001866,RPT-202407-0465,EMP-1018,Aakash Tiwari,Sales,CC-SALES-01,2024-07-01,2024-06-24,2024-06-26,Ground Transport,,Rapido,Bangalore,,Bangalore,BLR,29.7,KM,,880,INR,880,1.0,Concur,Product Launch,MGR-S01,2024-07-03,APPROVED
EXP-0001867,RPT-202406-0466,EMP-1014,Suresh Babu,Sales,CC-SALES-03,2024-06-17,2024-06-06,2024-06-10,Airfare,Business,Air India,Mumbai,BOM,Hyderabad,HYD,,KM,,300,INR,300,1.0,Concur,Operations Review,MGR-S02,,PENDING
EXP-0001868,RPT-202406-0466,EMP-1014,Suresh Babu,Sales,CC-SALES-03,2024-06-17,2024-06-06,2024-06-10,Hotel,,ITC Hotels Hyderabad,,,Hyderabad,HYD,,,4,22000,INR,22000,1.0,Concur,Operations Review,MGR-S02,,PENDING
EXP-0001869,RPT-202406-0466,EMP-1014,Suresh Babu,Sales,CC-SALES-03,2024-06-17,2024-06-06,2024-06-10,Ground Transport,,Yellow Cab,Hyderabad,,Hyderabad,HYD,25.4,KM,,424,INR,424,1.0,Concur,Operations Review,MGR-S02,,PENDING
EXP-0001870,RPT-202407-0467,EMP-1007,Kiran Rao,Legal,CC-LEGAL-01,2024-07-08,2024-06-28,2024-07-01,Airfare,Economy,Qatar Airways,Delhi,DEL,Kolkata,CCU,,KM,,300,INR,300,1.0,Concur,Team Offsite,MGR-L01,2024-07-11,APPROVED
EXP-0001871,RPT-202407-0467,EMP-1007,Kiran Rao,Legal,CC-LEGAL-01,2024-07-08,2024-06-28,2024-07-01,Hotel,,Le Meridien Kolkata,,,Kolkata,CCU,,,3,15000,INR,15000,1.0,Concur,Team Offsite,MGR-L01,2024-07-11,APPROVED
EXP-0001872,RPT-202407-0467,EMP-1007,Kiran Rao,Legal,CC-LEGAL-01,2024-07-08,2024-06-28,2024-07-01,Ground Transport,,Uber,Kolkata,,Kolkata,CCU,29.4,KM,,657,INR,657,1.0,Concur,Team Offsite,MGR-L01,2024-07-11,APPROVED
EXP-0001873,RPT-202407-0468,EMP-1019,Pooja Desai,Operations,CC-OPS-01,2024-07-04,2024-06-26,2024-06-30,Airfare,Business,Qatar Airways,Chennai,MAA,London,LHR,,KM,,16200,INR,16200,1.0,Concur,Vendor Meeting,MGR-O01,2024-07-08,APPROVED
EXP-0001874,RPT-202407-0468,EMP-1019,Pooja Desai,Operations,CC-OPS-01,2024-07-04,2024-06-26,2024-06-30,Hotel,,Sheraton London,,,London,LHR,,,4,69500,INR,69500,1.0,Concur,Vendor Meeting,MGR-O01,2024-07-08,APPROVED
EXP-0001875,RPT-202407-0468,EMP-1019,Pooja Desai,Operations,CC-OPS-01,2024-07-04,2024-06-26,2024-06-30,Ground Transport,,Careem,London,,London,LHR,20.9,KM,,593,INR,593,1.0,Concur,Vendor Meeting,MGR-O01,2024-07-08,APPROVED
EXP-0001876,RPT-202407-0468,EMP-1019,Pooja Desai,Operations,CC-OPS-01,2024-07-04,2024-06-26,2024-06-30,Ground Transport,,Careem,,,London,LHR,32.8,KM,,728,INR,728,1.0,Concur,Vendor Meeting,MGR-O01,2024-07-08,APPROVED
EXP-0001877,RPT-202407-0469,EMP-1006,Deepa Iyer,Marketing,CC-MKT-01,2024-07-05,2024-06-27,2024-06-28,Airfare,Business,Singapore Airlines,Mumbai,BOM,Hyderabad,HYD,,KM,,300,INR,300,1.0,Concur,Board Review,MGR-M01,2024-07-07,APPROVED
EXP-0001878,RPT-202407-0469,EMP-1006,Deepa Iyer,Marketing,CC-MKT-01,2024-07-05,2024-06-27,2024-06-28,Hotel,,Radisson Blu Hyderabad,,,Hyderabad,HYD,,,1,5500,INR,5500,1.0,Concur,Board Review,MGR-M01,2024-07-07,APPROVED
EXP-0001879,RPT-202407-0469,EMP-1006,Deepa Iyer,Marketing,CC-MKT-01,2024-07-05,2024-06-27,2024-06-28,Ground Transport,,Metro Rail,Hyderabad,,Hyderabad,HYD,49.7,KM,,1340,INR,1340,1.0,Concur,Board Review,MGR-M01,2024-07-07,APPROVED
EXP-0001880,RPT-202407-0469,EMP-1006,Deepa Iyer,Marketing,CC-MKT-01,2024-07-05,2024-06-27,2024-06-28,Ground Transport,,Black Cab,,,Hyderabad,HYD,37.0,KM,,932,INR,932,1.0,Concur,Board Review,MGR-M01,2024-07-07,APPROVED
EXP-0001881,RPT-202407-0469,EMP-1006,Deepa Iyer,Marketing,CC-MKT-01,2024-07-05,2024-06-27,2024-06-28,Ground Transport,,Uber,Hyderabad,,Hyderabad,HYD,35.7,KM,,1051,INR,1051,1.0,Concur,Board Review,MGR-M01,2024-07-07,APPROVED
EXP-0001882,RPT-202406-0470,EMP-1010,Ravi Krishnan,Operations,CC-OPS-02,2024-06-29,2024-06-25,2024-06-26,Airfare,Economy,Air India,Chennai,MAA,Ahmedabad,AMD,,KM,,300,INR,300,1.0,Concur,Product Launch,MGR-O01,2024-07-01,APPROVED
EXP-0001883,RPT-202406-0470,EMP-1010,Ravi Krishnan,Operations,CC-OPS-02,2024-06-29,2024-06-25,2024-06-26,Hotel,,Taj Hotels Ahmedabad,,,Ahmedabad,AMD,,,1,8500,INR,8500,1.0,Concur,Product Launch,MGR-O01,2024-07-01,APPROVED
EXP-0001884,RPT-202406-0470,EMP-1010,Ravi Krishnan,Operations,CC-OPS-02,2024-06-29,2024-06-25,2024-06-26,Ground Transport,,Uber,Ahmedabad,,Ahmedabad,AMD,43.8,KM,,762,INR,762,1.0,Concur,Product Launch,MGR-O01,2024-07-01,APPROVED
EXP-0001885,RPT-202406-0470,EMP-1010,Ravi Krishnan,Operations,CC-OPS-02,2024-06-29,2024-06-25,2024-06-26,Ground Transport,,Careem,,,Ahmedabad,AMD,51.6,KM,,869,INR,869,1.0,Concur,Product Launch,MGR-O01,2024-07-01,APPROVED
EXP-0001886,RPT-202406-0471,EMP-1006,Deepa Iyer,Marketing,CC-MKT-01,2024-06-21,2024-06-16,2024-06-18,Airfare,Economy,Singapore Airlines,Mumbai,BOM,Ahmedabad,AMD,,KM,,100,INR,100,1.0,Concur,Tech Conference,MGR-M01,2024-06-25,APPROVED
EXP-0001887,RPT-202406-0471,EMP-1006,Deepa Iyer,Marketing,CC-MKT-01,2024-06-21,2024-06-16,2024-06-18,Hotel,,JW Marriott Ahmedabad,,,Ahmedabad,AMD,,,2,14000,INR,14000,1.0,Concur,Tech Conference,MGR-M01,2024-06-25,APPROVED
EXP-0001888,RPT-202406-0471,EMP-1006,Deepa Iyer,Marketing,CC-MKT-01,2024-06-21,2024-06-16,2024-06-18,Ground Transport,,Local Taxi,Ahmedabad,,Ahmedabad,AMD,54.4,KM,,1518,INR,1518,1.0,Concur,Tech Conference,MGR-M01,2024-06-25,APPROVED
EXP-0001889,RPT-202406-0471,EMP-1006,Deepa Iyer,Marketing,CC-MKT-01,2024-06-21,2024-06-16,2024-06-18,Ground Transport,,Local Taxi,,,Ahmedabad,AMD,22.3,KM,,442,INR,442,1.0,Concur,Tech Conference,MGR-M01,2024-06-25,APPROVED
EXP-0001890,RPT-202406-0471,EMP-1006,Deepa Iyer,Marketing,CC-MKT-01,2024-06-21,2024-06-16,2024-06-18,Ground Transport,,Metro Rail,Ahmedabad,,Ahmedabad,AMD,31.3,KM,,718,INR,718,1.0,Concur,Tech Conference,MGR-M01,2024-06-25,APPROVED
EXP-0001891,RPT-202406-0472,EMP-1001,Rahul Sharma,Sales,CC-SALES-01,2024-06-09,2024-06-03,2024-06-06,Airfare,Business,IndiGo,Mumbai,BOM,Chennai,MAA,,KM,,500,INR,500,1.0,Concur,Vendor Meeting,MGR-S01,2024-06-10,APPROVED
EXP-0001892,RPT-202406-0472,EMP-1001,Rahul Sharma,Sales,CC-SALES-01,2024-06-09,2024-06-03,2024-06-06,Hotel,,Westin Chennai,,,Chennai,MAA,,,3,21500,INR,21500,1.0,Concur,Vendor Meeting,MGR-S01,2024-06-10,APPROVED
EXP-0001893,RPT-202406-0472,EMP-1001,Rahul Sharma,Sales,CC-SALES-01,2024-06-09,2024-06-03,2024-06-06,Ground Transport,,Ola,Chennai,,Chennai,MAA,36.9,KM,,929,INR,929,1.0,Concur,Vendor Meeting,MGR-S01,2024-06-10,APPROVED
EXP-0001894,RPT-202406-0472,EMP-1001,Rahul Sharma,Sales,CC-SALES-01,2024-06-09,2024-06-03,2024-06-06,Ground Transport,,Uber,,,Chennai,MAA,27.2,KM,,442,INR,442,1.0,Concur,Vendor Meeting,MGR-S01,2024-06-10,APPROVED
EXP-0001895,RPT-202406-0472,EMP-1001,Rahul Sharma,Sales,CC-SALES-01,2024-06-09,2024-06-03,2024-06-06,Ground Transport,,Black Cab,Chennai,,Chennai,MAA,34.2,KM,,924,INR,924,1.0,Concur,Vendor Meeting,MGR-S01,2024-06-10,APPROVED
EXP-0001896,RPT-202406-0473,EMP-1007,Kiran Rao,Legal,CC-LEGAL-01,2024-06-29,2024-06-17,2024-06-21,Airfare,Economy,Go First,Delhi,DEL,Chennai,MAA,,KM,,400,INR,400,1.0,Concur,Tech Conference,MGR-L01,,PENDING
EXP-0001897,RPT-202406-0473,EMP-1007,Kiran Rao,Legal,CC-LEGAL-01,2024-06-29,2024-06-17,2024-06-21,Hotel,,Hyatt Regency Chennai,,,Chennai,MAA,,,4,21000,INR,21000,1.0,Concur,Tech Conference,MGR-L01,,PENDING
EXP-0001898,RPT-202406-0473,EMP-1007,Kiran Rao,Legal,CC-LEGAL-01,2024-06-29,2024-06-17,2024-06-21,Ground Transport,,Uber,Chennai,,Chennai,MAA,47.5,KM,,767,INR,767,1.0,Concur,Tech Conference,MGR-L01,,PENDING
EXP-0001899,RPT-202406-0473,EMP-1007,Kiran Rao,Legal,CC-LEGAL-01,2024-06-29,2024-06-17,2024-06-21,Ground Transport,,Uber,,,Chennai,MAA,11.5,KM,,291,INR,291,1.0,Concur,Tech Conference,MGR-L01,,PENDING
EXP-0001900,RPT-202406-0473,EMP-1007,Kiran Rao,Legal,CC-LEGAL-01,2024-06-29,2024-06-17,2024-06-21,Ground Transport,,Uber,Chennai,,Chennai,MAA,26.1,KM,,601,INR,601,1.0,Concur,Tech Conference,MGR-L01,,PENDING
EXP-0001901,RPT-202407-0474,EMP-1005,Vikram Nair,Operations,CC-OPS-01,2024-07-24,2024-07-16,2024-07-17,Airfare,Economy,Go First,Chennai,MAA,Delhi,DEL,,KM,,400,INR,400,1.0,Concur,Partner Integration,MGR-O01,2024-07-27,APPROVED
EXP-0001902,RPT-202407-0474,EMP-1005,Vikram Nair,Operations,CC-OPS-01,2024-07-24,2024-07-16,2024-07-17,Hotel,,Hilton Delhi,,,Delhi,DEL,,,1,6000,INR,6000,1.0,Concur,Partner Integration,MGR-O01,2024-07-27,APPROVED
EXP-0001903,RPT-202407-0474,EMP-1005,Vikram Nair,Operations,CC-OPS-01,2024-07-24,2024-07-16,2024-07-17,Ground Transport,,Uber,Delhi,,Delhi,DEL,52.4,KM,,1151,INR,1151,1.0,Concur,Partner Integration,MGR-O01,2024-07-27,APPROVED
EXP-0001904,RPT-202407-0474,EMP-1005,Vikram Nair,Operations,CC-OPS-01,2024-07-24,2024-07-16,2024-07-17,Ground Transport,,Black Cab,,,Delhi,DEL,37.1,KM,,723,INR,723,1.0,Concur,Partner Integration,MGR-O01,2024-07-27,APPROVED
EXP-0001905,RPT-202407-0475,EMP-1001,Rahul Sharma,Sales,CC-SALES-01,2024-07-28,2024-07-24,2024-07-26,Airfare,Business,SpiceJet,Mumbai,BOM,Delhi,DEL,,KM,,400,INR,400,1.0,Concur,Tech Conference,MGR-S01,2024-07-30,APPROVED
EXP-0001906,RPT-202407-0475,EMP-1001,Rahul Sharma,Sales,CC-SALES-01,2024-07-28,2024-07-24,2024-07-26,Hotel,,Novotel Delhi,,,Delhi,DEL,,,2,16500,INR,16500,1.0,Concur,Tech Conference,MGR-S01,2024-07-30,APPROVED
EXP-0001907,RPT-202407-0475,EMP-1001,Rahul Sharma,Sales,CC-SALES-01,2024-07-28,2024-07-24,2024-07-26,Ground Transport,,Careem,Delhi,,Delhi,DEL,21.3,KM,,625,INR,625,1.0,Concur,Tech Conference,MGR-S01,2024-07-30,APPROVED
EXP-0001908,RPT-202407-0476,EMP-1020,Sameer Khan,Legal,CC-LEGAL-01,2024-07-28,2024-07-19,2024-07-22,Airfare,Economy,SpiceJet,Delhi,DEL,Kolkata,CCU,,KM,,400,INR,400,1.0,Concur,Partner Integration,MGR-L01,2024-07-30,APPROVED
EXP-0001909,RPT-202407-0476,EMP-1020,Sameer Khan,Legal,CC-LEGAL-01,2024-07-28,2024-07-19,2024-07-22,Hotel,,Taj Hotels Kolkata,,,Kolkata,CCU,,,3,24000,INR,24000,1.0,Concur,Partner Integration,MGR-L01,2024-07-30,APPROVED
EXP-0001910,RPT-202407-0476,EMP-1020,Sameer Khan,Legal,CC-LEGAL-01,2024-07-28,2024-07-19,2024-07-22,Ground Transport,,Ola,Kolkata,,Kolkata,CCU,30.9,KM,,793,INR,793,1.0,Concur,Partner Integration,MGR-L01,2024-07-30,APPROVED
EXP-0001911,RPT-202407-0476,EMP-1020,Sameer Khan,Legal,CC-LEGAL-01,2024-07-28,2024-07-19,2024-07-22,Ground Transport,,Meru Cabs,,,Kolkata,CCU,52.5,KM,,1323,INR,1323,1.0,Concur,Partner Integration,MGR-L01,2024-07-30,APPROVED
EXP-0001912,RPT-202407-0476,EMP-1020,Sameer Khan,Legal,CC-LEGAL-01,2024-07-28,2024-07-19,2024-07-22,Ground Transport,,Ola,Kolkata,,Kolkata,CCU,37.8,KM,,1035,INR,1035,1.0,Concur,Partner Integration,MGR-L01,2024-07-30,APPROVED
EXP-0001913,RPT-202407-0477,EMP-1008,Arjun Mehta,Engineering,CC-ENG-02,2024-07-24,2024-07-18,2024-07-19,Airfare,Business,Go First,Bangalore,BLR,Pune,PNQ,,KM,,300,INR,300,1.0,Concur,HR Summit,MGR-E01,2024-07-27,APPROVED
EXP-0001914,RPT-202407-0477,EMP-1008,Arjun Mehta,Engineering,CC-ENG-02,2024-07-24,2024-07-18,2024-07-19,Hotel,,Hilton Pune,,,Pune,PNQ,,,1,8000,INR,8000,1.0,Concur,HR Summit,MGR-E01,2024-07-27,APPROVED
EXP-0001915,RPT-202407-0477,EMP-1008,Arjun Mehta,Engineering,CC-ENG-02,2024-07-24,2024-07-18,2024-07-19,Ground Transport,,Ola,Pune,,Pune,PNQ,45.9,KM,,1300,INR,1300,1.0,Concur,HR Summit,MGR-E01,2024-07-27,APPROVED
EXP-0001916,RPT-202407-0477,EMP-1008,Arjun Mehta,Engineering,CC-ENG-02,2024-07-24,2024-07-18,2024-07-19,Ground Transport,,Local Taxi,,,Pune,PNQ,27.3,KM,,458,INR,458,1.0,Concur,HR Summit,MGR-E01,2024-07-27,APPROVED
EXP-0001917,RPT-202407-0478,EMP-1008,Arjun Mehta,Engineering,CC-ENG-02,2024-07-31,2024-07-28,2024-07-30,Airfare,Business,Go First,Bangalore,BLR,Kolkata,CCU,,KM,,600,INR,600,1.0,Concur,Annual Planning,MGR-E01,2024-08-04,APPROVED
EXP-0001918,RPT-202407-0478,EMP-1008,Arjun Mehta,Engineering,CC-ENG-02,2024-07-31,2024-07-28,2024-07-30,Hotel,,Radisson Blu Kolkata,,,Kolkata,CCU,,,2,9500,INR,9500,1.0,Concur,Annual Planning,MGR-E01,2024-08-04,APPROVED
EXP-0001919,RPT-202407-0478,EMP-1008,Arjun Mehta,Engineering,CC-ENG-02,2024-07-31,2024-07-28,2024-07-30,Ground Transport,,Black Cab,Kolkata,,Kolkata,CCU,39.6,KM,,1071,INR,1071,1.0,Concur,Annual Planning,MGR-E01,2024-08-04,APPROVED
EXP-0001920,RPT-202407-0478,EMP-1008,Arjun Mehta,Engineering,CC-ENG-02,2024-07-31,2024-07-28,2024-07-30,Ground Transport,,Careem,,,Kolkata,CCU,28.2,KM,,707,INR,707,1.0,Concur,Annual Planning,MGR-E01,2024-08-04,APPROVED
EXP-0001921,RPT-202407-0478,EMP-1008,Arjun Mehta,Engineering,CC-ENG-02,2024-07-31,2024-07-28,2024-07-30,Ground Transport,,Grab,Kolkata,,Kolkata,CCU,16.3,KM,,487,INR,487,1.0,Concur,Annual Planning,MGR-E01,2024-08-04,APPROVED
EXP-0001922,RPT-202407-0479,EMP-1005,Vikram Nair,Operations,CC-OPS-01,2024-07-29,2024-07-19,2024-07-21,Airfare,Economy,Lufthansa,Chennai,MAA,Pune,PNQ,,KM,,300,INR,300,1.0,Concur,Tech Conference,MGR-O01,2024-08-02,APPROVED
EXP-0001923,RPT-202407-0479,EMP-1005,Vikram Nair,Operations,CC-OPS-01,2024-07-29,2024-07-19,2024-07-21,Hotel,,Hilton Pune,,,Pune,PNQ,,,2,17500,INR,17500,1.0,Concur,Tech Conference,MGR-O01,2024-08-02,APPROVED
EXP-0001924,RPT-202407-0479,EMP-1005,Vikram Nair,Operations,CC-OPS-01,2024-07-29,2024-07-19,2024-07-21,Ground Transport,,Rapido,Pune,,Pune,PNQ,42.5,KM,,815,INR,815,1.0,Concur,Tech Conference,MGR-O01,2024-08-02,APPROVED
EXP-0001925,RPT-202407-0479,EMP-1005,Vikram Nair,Operations,CC-OPS-01,2024-07-29,2024-07-19,2024-07-21,Ground Transport,,Grab,,,Pune,PNQ,40.5,KM,,958,INR,958,1.0,Concur,Tech Conference,MGR-O01,2024-08-02,APPROVED
EXP-0001926,RPT-202407-0480,EMP-1017,Meera Pillai,Engineering,CC-ENG-02,2024-07-11,2024-07-09,2024-07-10,Airfare,Economy,Air India,Bangalore,BLR,Hyderabad,HYD,,KM,,100,INR,100,1.0,Concur,Budget Review,MGR-E01,2024-07-13,APPROVED
EXP-0001927,RPT-202407-0480,EMP-1017,Meera Pillai,Engineering,CC-ENG-02,2024-07-11,2024-07-09,2024-07-10,Hotel,,Novotel Hyderabad,,,Hyderabad,HYD,,,1,7000,INR,7000,1.0,Concur,Budget Review,MGR-E01,2024-07-13,APPROVED
EXP-0001928,RPT-202407-0480,EMP-1017,Meera Pillai,Engineering,CC-ENG-02,2024-07-11,2024-07-09,2024-07-10,Ground Transport,,Grab,Hyderabad,,Hyderabad,HYD,26.9,KM,,735,INR,735,1.0,Concur,Budget Review,MGR-E01,2024-07-13,APPROVED
EXP-0001929,RPT-202407-0480,EMP-1017,Meera Pillai,Engineering,CC-ENG-02,2024-07-11,2024-07-09,2024-07-10,Ground Transport,,Ola,,,Hyderabad,HYD,29.4,KM,,881,INR,881,1.0,Concur,Budget Review,MGR-E01,2024-07-13,APPROVED
EXP-0001930,RPT-202407-0480,EMP-1017,Meera Pillai,Engineering,CC-ENG-02,2024-07-11,2024-07-09,2024-07-10,Ground Transport,,Grab,Hyderabad,,Hyderabad,HYD,28.8,KM,,751,INR,751,1.0,Concur,Budget Review,MGR-E01,2024-07-13,APPROVED
EXP-0001931,RPT-202407-0481,EMP-1012,Mohit Sharma,Finance,CC-FIN-01,2024-07-27,2024-07-24,2024-07-25,Airfare,Economy,Qatar Airways,Delhi,DEL,Hyderabad,HYD,,KM,,400,INR,400,1.0,Concur,Team Offsite,MGR-F01,2024-07-31,APPROVED
EXP-0001932,RPT-202407-0481,EMP-1012,Mohit Sharma,Finance,CC-FIN-01,2024-07-27,2024-07-24,2024-07-25,Hotel,,ITC Hotels Hyderabad,,,Hyderabad,HYD,,,1,5000,INR,5000,1.0,Concur,Team Offsite,MGR-F01,2024-07-31,APPROVED
EXP-0001933,RPT-202407-0481,EMP-1012,Mohit Sharma,Finance,CC-FIN-01,2024-07-27,2024-07-24,2024-07-25,Ground Transport,,Grab,Hyderabad,,Hyderabad,HYD,29.6,KM,,485,INR,485,1.0,Concur,Team Offsite,MGR-F01,2024-07-31,APPROVED
EXP-0001934,RPT-202407-0481,EMP-1012,Mohit Sharma,Finance,CC-FIN-01,2024-07-27,2024-07-24,2024-07-25,Ground Transport,,Rapido,,,Hyderabad,HYD,44.9,KM,,955,INR,955,1.0,Concur,Team Offsite,MGR-F01,2024-07-31,APPROVED
EXP-0001935,RPT-202407-0481,EMP-1012,Mohit Sharma,Finance,CC-FIN-01,2024-07-27,2024-07-24,2024-07-25,Ground Transport,,Black Cab,Hyderabad,,Hyderabad,HYD,34.2,KM,,653,INR,653,1.0,Concur,Team Offsite,MGR-F01,2024-07-31,APPROVED
EXP-0001936,RPT-202407-0482,EMP-1006,Deepa Iyer,Marketing,CC-MKT-01,2024-07-25,2024-07-14,2024-07-17,Airfare,Economy,Etihad,Mumbai,BOM,Ahmedabad,AMD,,KM,,100,INR,100,1.0,Concur,Sales Pitch,MGR-M01,2024-07-27,APPROVED
EXP-0001937,RPT-202407-0482,EMP-1006,Deepa Iyer,Marketing,CC-MKT-01,2024-07-25,2024-07-14,2024-07-17,Hotel,,ITC Hotels Ahmedabad,,,Ahmedabad,AMD,,,3,20000,INR,20000,1.0,Concur,Sales Pitch,MGR-M01,2024-07-27,APPROVED
EXP-0001938,RPT-202407-0482,EMP-1006,Deepa Iyer,Marketing,CC-MKT-01,2024-07-25,2024-07-14,2024-07-17,Ground Transport,,Local Taxi,Ahmedabad,,Ahmedabad,AMD,45.6,KM,,931,INR,931,1.0,Concur,Sales Pitch,MGR-M01,2024-07-27,APPROVED
EXP-0001939,RPT-202407-0482,EMP-1006,Deepa Iyer,Marketing,CC-MKT-01,2024-07-25,2024-07-14,2024-07-17,Ground Transport,,Grab,,,Ahmedabad,AMD,27.0,KM,,671,INR,671,1.0,Concur,Sales Pitch,MGR-M01,2024-07-27,APPROVED
EXP-0001940,RPT-202407-0483,EMP-1006,Deepa Iyer,Marketing,CC-MKT-01,2024-07-23,2024-07-21,2024-07-22,Airfare,Economy,Vistara,Mumbai,BOM,Bangalore,BLR,,KM,,200,INR,200,1.0,Concur,Team Offsite,MGR-M01,2024-07-25,APPROVED
EXP-0001941,RPT-202407-0483,EMP-1006,Deepa Iyer,Marketing,CC-MKT-01,2024-07-23,2024-07-21,2024-07-22,Hotel,,Novotel Bangalore,,,Bangalore,BLR,,,1,7500,INR,7500,1.0,Concur,Team Offsite,MGR-M01,2024-07-25,APPROVED
EXP-0001942,RPT-202407-0483,EMP-1006,Deepa Iyer,Marketing,CC-MKT-01,2024-07-23,2024-07-21,2024-07-22,Ground Transport,,Uber,Bangalore,,Bangalore,BLR,40.8,KM,,1180,INR,1180,1.0,Concur,Team Offsite,MGR-M01,2024-07-25,APPROVED
EXP-0001943,RPT-202407-0483,EMP-1006,Deepa Iyer,Marketing,CC-MKT-01,2024-07-23,2024-07-21,2024-07-22,Ground Transport,,Metro Rail,,,Bangalore,BLR,29.5,KM,,595,INR,595,1.0,Concur,Team Offsite,MGR-M01,2024-07-25,APPROVED
EXP-0001944,RPT-202407-0483,EMP-1006,Deepa Iyer,Marketing,CC-MKT-01,2024-07-23,2024-07-21,2024-07-22,Ground Transport,,Local Taxi,Bangalore,,Bangalore,BLR,25.6,KM,,743,INR,743,1.0,Concur,Team Offsite,MGR-M01,2024-07-25,APPROVED
EXP-0001945,RPT-202407-0484,EMP-1007,Kiran Rao,Legal,CC-LEGAL-01,2024-07-31,2024-07-20,2024-07-25,Airfare,Business,Singapore Airlines,Delhi,DEL,Paris,CDG,,KM,,12600,INR,12600,1.0,Concur,Budget Review,MGR-L01,2024-08-02,APPROVED
EXP-0001946,RPT-202407-0484,EMP-1007,Kiran Rao,Legal,CC-LEGAL-01,2024-07-31,2024-07-20,2024-07-25,Hotel,,Ibis Paris,,,Paris,CDG,,,5,97000,INR,97000,1.0,Concur,Budget Review,MGR-L01,2024-08-02,APPROVED
EXP-0001947,RPT-202407-0484,EMP-1007,Kiran Rao,Legal,CC-LEGAL-01,2024-07-31,2024-07-20,2024-07-25,Ground Transport,,Meru Cabs,Paris,,Paris,CDG,47.5,KM,,872,INR,872,1.0,Concur,Budget Review,MGR-L01,2024-08-02,APPROVED
EXP-0001948,RPT-202407-0485,EMP-1007,Kiran Rao,Legal,CC-LEGAL-01,2024-07-23,2024-07-14,2024-07-17,Airfare,Economy,SpiceJet,Delhi,DEL,Ahmedabad,AMD,,KM,,200,INR,200,1.0,Concur,Team Offsite,MGR-L01,2024-07-24,APPROVED
EXP-0001949,RPT-202407-0485,EMP-1007,Kiran Rao,Legal,CC-LEGAL-01,2024-07-23,2024-07-14,2024-07-17,Hotel,,Novotel Ahmedabad,,,Ahmedabad,AMD,,,3,20000,INR,20000,1.0,Concur,Team Offsite,MGR-L01,2024-07-24,APPROVED
EXP-0001950,RPT-202407-0485,EMP-1007,Kiran Rao,Legal,CC-LEGAL-01,2024-07-23,2024-07-14,2024-07-17,Ground Transport,,Metro Rail,Ahmedabad,,Ahmedabad,AMD,23.3,KM,,574,INR,574,1.0,Concur,Team Offsite,MGR-L01,2024-07-24,APPROVED
EXP-0001951,RPT-202407-0485,EMP-1007,Kiran Rao,Legal,CC-LEGAL-01,2024-07-23,2024-07-14,2024-07-17,Ground Transport,,Grab,,,Ahmedabad,AMD,23.8,KM,,632,INR,632,1.0,Concur,Team Offsite,MGR-L01,2024-07-24,APPROVED
EXP-0001952,RPT-202407-0485,EMP-1007,Kiran Rao,Legal,CC-LEGAL-01,2024-07-23,2024-07-14,2024-07-17,Ground Transport,,Metro Rail,Ahmedabad,,Ahmedabad,AMD,25.6,KM,,411,INR,411,1.0,Concur,Team Offsite,MGR-L01,2024-07-24,APPROVED
EXP-0001953,RPT-202407-0486,EMP-1019,Pooja Desai,Operations,CC-OPS-01,2024-07-11,2024-07-09,2024-07-10,Airfare,Economy,Etihad,Chennai,MAA,Hyderabad,HYD,,KM,,200,INR,200,1.0,Concur,Partner Integration,MGR-O01,2024-07-14,APPROVED
EXP-0001954,RPT-202407-0486,EMP-1019,Pooja Desai,Operations,CC-OPS-01,2024-07-11,2024-07-09,2024-07-10,Hotel,,Radisson Blu Hyderabad,,,Hyderabad,HYD,,,1,4500,INR,4500,1.0,Concur,Partner Integration,MGR-O01,2024-07-14,APPROVED
EXP-0001955,RPT-202407-0486,EMP-1019,Pooja Desai,Operations,CC-OPS-01,2024-07-11,2024-07-09,2024-07-10,Ground Transport,,Ola,Hyderabad,,Hyderabad,HYD,24.9,KM,,601,INR,601,1.0,Concur,Partner Integration,MGR-O01,2024-07-14,APPROVED
EXP-0001956,RPT-202407-0487,EMP-1004,Sneha Reddy,HR,CC-HR-01,2024-07-21,2024-07-15,2024-07-20,Airfare,Economy,Singapore Airlines,Delhi,DEL,Dubai,DXB,,KM,,2100,INR,2100,1.0,Concur,Vendor Meeting,MGR-H01,2024-07-23,APPROVED
EXP-0001957,RPT-202407-0487,EMP-1004,Sneha Reddy,HR,CC-HR-01,2024-07-21,2024-07-15,2024-07-20,Hotel,,Hyatt Dubai,,,Dubai,DXB,,,5,174000,INR,174000,1.0,Concur,Vendor Meeting,MGR-H01,2024-07-23,APPROVED
EXP-0001958,RPT-202407-0487,EMP-1004,Sneha Reddy,HR,CC-HR-01,2024-07-21,2024-07-15,2024-07-20,Ground Transport,,Uber,Dubai,,Dubai,DXB,13.6,KM,,344,INR,344,1.0,Concur,Vendor Meeting,MGR-H01,2024-07-23,APPROVED
EXP-0001959,RPT-202407-0487,EMP-1004,Sneha Reddy,HR,CC-HR-01,2024-07-21,2024-07-15,2024-07-20,Ground Transport,,Ola,,,Dubai,DXB,25.0,KM,,641,INR,641,1.0,Concur,Vendor Meeting,MGR-H01,2024-07-23,APPROVED
EXP-0001960,RPT-202407-0488,EMP-1006,Deepa Iyer,Marketing,CC-MKT-01,2024-07-08,2024-07-04,2024-07-06,Airfare,Economy,IndiGo,Mumbai,BOM,Bangalore,BLR,,KM,,300,INR,300,1.0,Concur,Audit Review,MGR-M01,2024-07-09,APPROVED
EXP-0001961,RPT-202407-0488,EMP-1006,Deepa Iyer,Marketing,CC-MKT-01,2024-07-08,2024-07-04,2024-07-06,Hotel,,Hilton Bangalore,,,Bangalore,BLR,,,2,11000,INR,11000,1.0,Concur,Audit Review,MGR-M01,2024-07-09,APPROVED
EXP-0001962,RPT-202407-0488,EMP-1006,Deepa Iyer,Marketing,CC-MKT-01,2024-07-08,2024-07-04,2024-07-06,Ground Transport,,Careem,Bangalore,,Bangalore,BLR,13.8,KM,,382,INR,382,1.0,Concur,Audit Review,MGR-M01,2024-07-09,APPROVED
EXP-0001963,RPT-202407-0489,EMP-1004,Sneha Reddy,HR,CC-HR-01,2024-07-24,2024-07-16,2024-07-23,Airfare,Business,Lufthansa,Delhi,DEL,Tokyo,NRT,,KM,,10300,INR,10300,1.0,Concur,Vendor Meeting,MGR-H01,2024-07-26,APPROVED
EXP-0001964,RPT-202407-0489,EMP-1004,Sneha Reddy,HR,CC-HR-01,2024-07-24,2024-07-16,2024-07-23,Hotel,,Hyatt Tokyo,,,Tokyo,NRT,,,7,114000,INR,114000,1.0,Concur,Vendor Meeting,MGR-H01,2024-07-26,APPROVED
EXP-0001965,RPT-202407-0489,EMP-1004,Sneha Reddy,HR,CC-HR-01,2024-07-24,2024-07-16,2024-07-23,Ground Transport,,Grab,Tokyo,,Tokyo,NRT,21.0,KM,,486,INR,486,1.0,Concur,Vendor Meeting,MGR-H01,2024-07-26,APPROVED
EXP-0001966,RPT-202407-0490,EMP-1019,Pooja Desai,Operations,CC-OPS-01,2024-07-26,2024-07-23,2024-07-25,Airfare,Economy,Lufthansa,Chennai,MAA,Delhi,DEL,,KM,,500,INR,500,1.0,Concur,Budget Review,MGR-O01,2024-07-27,APPROVED
EXP-0001967,RPT-202407-0490,EMP-1019,Pooja Desai,Operations,CC-OPS-01,2024-07-26,2024-07-23,2024-07-25,Hotel,,Hyatt Regency Delhi,,,Delhi,DEL,,,2,11000,INR,11000,1.0,Concur,Budget Review,MGR-O01,2024-07-27,APPROVED
EXP-0001968,RPT-202407-0490,EMP-1019,Pooja Desai,Operations,CC-OPS-01,2024-07-26,2024-07-23,2024-07-25,Ground Transport,,Uber,Delhi,,Delhi,DEL,36.7,KM,,743,INR,743,1.0,Concur,Budget Review,MGR-O01,2024-07-27,APPROVED
EXP-0001969,RPT-202407-0491,EMP-1011,Anjali Singh,Marketing,CC-MKT-01,2024-07-24,2024-07-19,2024-07-22,Airfare,Economy,IndiGo,Mumbai,BOM,Delhi,DEL,,KM,,300,INR,300,1.0,Concur,Budget Review,MGR-M01,2024-07-28,APPROVED
EXP-0001970,RPT-202407-0491,EMP-1011,Anjali Singh,Marketing,CC-MKT-01,2024-07-24,2024-07-19,2024-07-22,Hotel,,Westin Delhi,,,Delhi,DEL,,,3,21500,INR,21500,1.0,Concur,Budget Review,MGR-M01,2024-07-28,APPROVED
EXP-0001971,RPT-202407-0491,EMP-1011,Anjali Singh,Marketing,CC-MKT-01,2024-07-24,2024-07-19,2024-07-22,Ground Transport,,Careem,Delhi,,Delhi,DEL,53.0,KM,,1420,INR,1420,1.0,Concur,Budget Review,MGR-M01,2024-07-28,APPROVED
EXP-0001972,RPT-202407-0491,EMP-1011,Anjali Singh,Marketing,CC-MKT-01,2024-07-24,2024-07-19,2024-07-22,Ground Transport,,Meru Cabs,,,Delhi,DEL,25.1,KM,,500,INR,500,1.0,Concur,Budget Review,MGR-M01,2024-07-28,APPROVED
EXP-0001973,RPT-202407-0492,EMP-1017,Meera Pillai,Engineering,CC-ENG-02,2024-07-15,2024-07-01,2024-07-08,Airfare,Business,Lufthansa,Bangalore,BLR,Singapore,SIN,,KM,,5900,INR,5900,1.0,Concur,Tech Conference,MGR-E01,2024-07-16,APPROVED
EXP-0001974,RPT-202407-0492,EMP-1017,Meera Pillai,Engineering,CC-ENG-02,2024-07-15,2024-07-01,2024-07-08,Hotel,,Holiday Inn Singapore,,,Singapore,SIN,,,7,95500,INR,95500,1.0,Concur,Tech Conference,MGR-E01,2024-07-16,APPROVED
EXP-0001975,RPT-202407-0492,EMP-1017,Meera Pillai,Engineering,CC-ENG-02,2024-07-15,2024-07-01,2024-07-08,Ground Transport,,Meru Cabs,Singapore,,Singapore,SIN,26.5,KM,,777,INR,777,1.0,Concur,Tech Conference,MGR-E01,2024-07-16,APPROVED
EXP-0001976,RPT-202407-0492,EMP-1017,Meera Pillai,Engineering,CC-ENG-02,2024-07-15,2024-07-01,2024-07-08,Ground Transport,,Meru Cabs,,,Singapore,SIN,52.5,KM,,1376,INR,1376,1.0,Concur,Tech Conference,MGR-E01,2024-07-16,APPROVED
EXP-0001977,RPT-202407-0492,EMP-1017,Meera Pillai,Engineering,CC-ENG-02,2024-07-15,2024-07-01,2024-07-08,Ground Transport,,Uber,Singapore,,Singapore,SIN,53.9,KM,,996,INR,996,1.0,Concur,Tech Conference,MGR-E01,2024-07-16,APPROVED
EXP-0001978,RPT-202407-0493,EMP-1014,Suresh Babu,Sales,CC-SALES-03,2024-07-10,2024-07-01,2024-07-04,Airfare,Business,Vistara,Mumbai,BOM,Delhi,DEL,,KM,,400,INR,400,1.0,Concur,Annual Planning,MGR-S02,,PENDING
EXP-0001979,RPT-202407-0493,EMP-1014,Suresh Babu,Sales,CC-SALES-03,2024-07-10,2024-07-01,2024-07-04,Hotel,,Marriott Delhi,,,Delhi,DEL,,,3,22000,INR,22000,1.0,Concur,Annual Planning,MGR-S02,,PENDING
EXP-0001980,RPT-202407-0493,EMP-1014,Suresh Babu,Sales,CC-SALES-03,2024-07-10,2024-07-01,2024-07-04,Ground Transport,,Rapido,Delhi,,Delhi,DEL,15.3,KM,,394,INR,394,1.0,Concur,Annual Planning,MGR-S02,,PENDING
EXP-0001981,RPT-202407-0493,EMP-1014,Suresh Babu,Sales,CC-SALES-03,2024-07-10,2024-07-01,2024-07-04,Ground Transport,,Ola,,,Delhi,DEL,48.9,KM,,1450,INR,1450,1.0,Concur,Annual Planning,MGR-S02,,PENDING
EXP-0001982,RPT-202407-0494,EMP-1001,Rahul Sharma,Sales,CC-SALES-01,2024-07-26,2024-07-18,2024-07-19,Airfare,Business,SpiceJet,Mumbai,BOM,Kolkata,CCU,,KM,,700,INR,700,1.0,Concur,Board Review,MGR-S01,2024-07-28,APPROVED
EXP-0001983,RPT-202407-0494,EMP-1001,Rahul Sharma,Sales,CC-SALES-01,2024-07-26,2024-07-18,2024-07-19,Hotel,,Le Meridien Kolkata,,,Kolkata,CCU,,,1,7500,INR,7500,1.0,Concur,Board Review,MGR-S01,2024-07-28,APPROVED
EXP-0001984,RPT-202407-0494,EMP-1001,Rahul Sharma,Sales,CC-SALES-01,2024-07-26,2024-07-18,2024-07-19,Ground Transport,,Metro Rail,Kolkata,,Kolkata,CCU,12.5,KM,,238,INR,238,1.0,Concur,Board Review,MGR-S01,2024-07-28,APPROVED
EXP-0001985,RPT-202407-0495,EMP-1010,Ravi Krishnan,Operations,CC-OPS-02,2024-07-30,2024-07-20,2024-07-23,Airfare,Economy,Etihad,Chennai,MAA,Mumbai,BOM,,KM,,300,INR,300,1.0,Concur,Operations Review,MGR-O01,2024-08-02,APPROVED
EXP-0001986,RPT-202407-0495,EMP-1010,Ravi Krishnan,Operations,CC-OPS-02,2024-07-30,2024-07-20,2024-07-23,Hotel,,Hyatt Regency Mumbai,,,Mumbai,BOM,,,3,22500,INR,22500,1.0,Concur,Operations Review,MGR-O01,2024-08-02,APPROVED
EXP-0001987,RPT-202407-0495,EMP-1010,Ravi Krishnan,Operations,CC-OPS-02,2024-07-30,2024-07-20,2024-07-23,Ground Transport,,Metro Rail,Mumbai,,Mumbai,BOM,48.6,KM,,1385,INR,1385,1.0,Concur,Operations Review,MGR-O01,2024-08-02,APPROVED
EXP-0001988,RPT-202407-0495,EMP-1010,Ravi Krishnan,Operations,CC-OPS-02,2024-07-30,2024-07-20,2024-07-23,Ground Transport,,Grab,,,Mumbai,BOM,20.0,KM,,339,INR,339,1.0,Concur,Operations Review,MGR-O01,2024-08-02,APPROVED
EXP-0001989,RPT-202407-0495,EMP-1010,Ravi Krishnan,Operations,CC-OPS-02,2024-07-30,2024-07-20,2024-07-23,Ground Transport,,Grab,Mumbai,,Mumbai,BOM,35.1,KM,,883,INR,883,1.0,Concur,Operations Review,MGR-O01,2024-08-02,APPROVED
EXP-0001990,RPT-202407-0496,EMP-1014,Suresh Babu,Sales,CC-SALES-03,2024-07-25,2024-07-18,2024-07-21,Airfare,Economy,Singapore Airlines,Mumbai,BOM,Ahmedabad,AMD,,KM,,100,INR,100,1.0,Concur,Budget Review,MGR-S02,2024-07-27,APPROVED
EXP-0001991,RPT-202407-0496,EMP-1014,Suresh Babu,Sales,CC-SALES-03,2024-07-25,2024-07-18,2024-07-21,Hotel,,Novotel Ahmedabad,,,Ahmedabad,AMD,,,3,19000,INR,19000,1.0,Concur,Budget Review,MGR-S02,2024-07-27,APPROVED
EXP-0001992,RPT-202407-0496,EMP-1014,Suresh Babu,Sales,CC-SALES-03,2024-07-25,2024-07-18,2024-07-21,Ground Transport,,Meru Cabs,Ahmedabad,,Ahmedabad,AMD,22.3,KM,,446,INR,446,1.0,Concur,Budget Review,MGR-S02,2024-07-27,APPROVED
EXP-0001993,RPT-202408-0497,EMP-1014,Suresh Babu,Sales,CC-SALES-03,2024-08-03,2024-07-26,2024-07-29,Airfare,Economy,Etihad,Mumbai,BOM,Chennai,MAA,,KM,,300,INR,300,1.0,Concur,Team Offsite,MGR-S02,2024-08-06,APPROVED
EXP-0001994,RPT-202408-0497,EMP-1014,Suresh Babu,Sales,CC-SALES-03,2024-08-03,2024-07-26,2024-07-29,Hotel,,Novotel Chennai,,,Chennai,MAA,,,3,16000,INR,16000,1.0,Concur,Team Offsite,MGR-S02,2024-08-06,APPROVED
EXP-0001995,RPT-202408-0497,EMP-1014,Suresh Babu,Sales,CC-SALES-03,2024-08-03,2024-07-26,2024-07-29,Ground Transport,,Ola,Chennai,,Chennai,MAA,36.1,KM,,542,INR,542,1.0,Concur,Team Offsite,MGR-S02,2024-08-06,APPROVED
EXP-0001996,RPT-202408-0497,EMP-1014,Suresh Babu,Sales,CC-SALES-03,2024-08-03,2024-07-26,2024-07-29,Ground Transport,,Metro Rail,,,Chennai,MAA,46.3,KM,,1087,INR,1087,1.0,Concur,Team Offsite,MGR-S02,2024-08-06,APPROVED
EXP-0001997,RPT-202408-0497,EMP-1014,Suresh Babu,Sales,CC-SALES-03,2024-08-03,2024-07-26,2024-07-29,Ground Transport,,Rapido,Chennai,,Chennai,MAA,18.2,KM,,406,INR,406,1.0,Concur,Team Offsite,MGR-S02,2024-08-06,APPROVED
EXP-0001998,RPT-202407-0498,EMP-1008,Arjun Mehta,Engineering,CC-ENG-02,2024-07-16,2024-07-05,2024-07-12,Airfare,Economy,British Airways,Bangalore,BLR,Amsterdam,AMS,,KM,,7400,INR,7400,1.0,Concur,Vendor Meeting,MGR-E01,2024-07-20,APPROVED
EXP-0001999,RPT-202407-0498,EMP-1008,Arjun Mehta,Engineering,CC-ENG-02,2024-07-16,2024-07-05,2024-07-12,Hotel,,Radisson Amsterdam,,,Amsterdam,AMS,,,7,113500,INR,113500,1.0,Concur,Vendor Meeting,MGR-E01,2024-07-20,APPROVED
EXP-0002000,RPT-202407-0498,EMP-1008,Arjun Mehta,Engineering,CC-ENG-02,2024-07-16,2024-07-05,2024-07-12,Ground Transport,,Local Taxi,Amsterdam,,Amsterdam,AMS,37.3,KM,,1010,INR,1010,1.0,Concur,Vendor Meeting,MGR-E01,2024-07-20,APPROVED
EXP-0002001,RPT-202407-0499,EMP-1003,Amit Patel,Finance,CC-FIN-01,2024-07-19,2024-07-07,2024-07-14,Airfare,Business,SpiceJet,Delhi,DEL,Paris,CDG,,KM,,11700,INR,11700,1.0,Concur,Partner Integration,MGR-F01,2024-07-20,APPROVED
EXP-0002002,RPT-202407-0499,EMP-1003,Amit Patel,Finance,CC-FIN-01,2024-07-19,2024-07-07,2024-07-14,Hotel,,Sofitel Paris,,,Paris,CDG,,,7,86500,INR,86500,1.0,Concur,Partner Integration,MGR-F01,2024-07-20,APPROVED
EXP-0002003,RPT-202407-0499,EMP-1003,Amit Patel,Finance,CC-FIN-01,2024-07-19,2024-07-07,2024-07-14,Ground Transport,,Local Taxi,Paris,,Paris,CDG,16.0,KM,,411,INR,411,1.0,Concur,Partner Integration,MGR-F01,2024-07-20,APPROVED
EXP-0002004,RPT-202407-0499,EMP-1003,Amit Patel,Finance,CC-FIN-01,2024-07-19,2024-07-07,2024-07-14,Ground Transport,,Grab,,,Paris,CDG,10.3,KM,,279,INR,279,1.0,Concur,Partner Integration,MGR-F01,2024-07-20,APPROVED
EXP-0002005,RPT-202407-0500,EMP-1007,Kiran Rao,Legal,CC-LEGAL-01,2024-07-16,2024-07-05,2024-07-09,Airfare,Economy,Air India,Delhi,DEL,Hyderabad,HYD,,KM,,400,INR,400,1.0,Concur,Audit Review,MGR-L01,2024-07-18,APPROVED
EXP-0002006,RPT-202407-0500,EMP-1007,Kiran Rao,Legal,CC-LEGAL-01,2024-07-16,2024-07-05,2024-07-09,Hotel,,Taj Hotels Hyderabad,,,Hyderabad,HYD,,,4,27500,INR,27500,1.0,Concur,Audit Review,MGR-L01,2024-07-18,APPROVED
EXP-0002007,RPT-202407-0500,EMP-1007,Kiran Rao,Legal,CC-LEGAL-01,2024-07-16,2024-07-05,2024-07-09,Ground Transport,,Careem,Hyderabad,,Hyderabad,HYD,39.1,KM,,1017,INR,1017,1.0,Concur,Audit Review,MGR-L01,2024-07-18,APPROVED
EXP-0002008,RPT-202409-0501,EMP-1014,Suresh Babu,Sales,CC-SALES-03,2024-09-02,2024-08-23,2024-08-25,Airfare,Economy,British Airways,Mumbai,BOM,Pune,PNQ,,KM,,0,INR,0,1.0,Concur,Legal Negotiation,MGR-S02,2024-09-04,APPROVED
EXP-0002009,RPT-202409-0501,EMP-1014,Suresh Babu,Sales,CC-SALES-03,2024-09-02,2024-08-23,2024-08-25,Hotel,,Le Meridien Pune,,,Pune,PNQ,,,2,15000,INR,15000,1.0,Concur,Legal Negotiation,MGR-S02,2024-09-04,APPROVED
EXP-0002010,RPT-202409-0501,EMP-1014,Suresh Babu,Sales,CC-SALES-03,2024-09-02,2024-08-23,2024-08-25,Ground Transport,,Grab,Pune,,Pune,PNQ,11.7,KM,,339,INR,339,1.0,Concur,Legal Negotiation,MGR-S02,2024-09-04,APPROVED
EXP-0002011,RPT-202408-0502,EMP-1016,Dinesh Choudhary,Procurement,CC-PROC-01,2024-08-21,2024-08-13,2024-08-14,Airfare,Economy,Vistara,Mumbai,BOM,Bangalore,BLR,,KM,,200,INR,200,1.0,Concur,Board Review,MGR-P01,,PENDING
EXP-0002012,RPT-202408-0502,EMP-1016,Dinesh Choudhary,Procurement,CC-PROC-01,2024-08-21,2024-08-13,2024-08-14,Hotel,,Hilton Bangalore,,,Bangalore,BLR,,,1,7000,INR,7000,1.0,Concur,Board Review,MGR-P01,,PENDING
EXP-0002013,RPT-202408-0502,EMP-1016,Dinesh Choudhary,Procurement,CC-PROC-01,2024-08-21,2024-08-13,2024-08-14,Ground Transport,,Grab,Bangalore,,Bangalore,BLR,40.6,KM,,1055,INR,1055,1.0,Concur,Board Review,MGR-P01,,PENDING
EXP-0002014,RPT-202408-0502,EMP-1016,Dinesh Choudhary,Procurement,CC-PROC-01,2024-08-21,2024-08-13,2024-08-14,Ground Transport,,Black Cab,,,Bangalore,BLR,48.0,KM,,974,INR,974,1.0,Concur,Board Review,MGR-P01,,PENDING
EXP-0002015,RPT-202408-0502,EMP-1016,Dinesh Choudhary,Procurement,CC-PROC-01,2024-08-21,2024-08-13,2024-08-14,Ground Transport,,Rapido,Bangalore,,Bangalore,BLR,30.9,KM,,644,INR,644,1.0,Concur,Board Review,MGR-P01,,PENDING
EXP-0002016,RPT-202408-0503,EMP-1018,Aakash Tiwari,Sales,CC-SALES-01,2024-08-20,2024-08-15,2024-08-19,Airfare,Economy,Emirates,Mumbai,BOM,Amsterdam,AMS,,KM,,6100,INR,6100,1.0,Concur,Tech Conference,MGR-S01,2024-08-22,APPROVED
EXP-0002017,RPT-202408-0503,EMP-1018,Aakash Tiwari,Sales,CC-SALES-01,2024-08-20,2024-08-15,2024-08-19,Hotel,,Holiday Inn Amsterdam,,,Amsterdam,AMS,,,4,71000,INR,71000,1.0,Concur,Tech Conference,MGR-S01,2024-08-22,APPROVED
EXP-0002018,RPT-202408-0503,EMP-1018,Aakash Tiwari,Sales,CC-SALES-01,2024-08-20,2024-08-15,2024-08-19,Ground Transport,,Rapido,Amsterdam,,Amsterdam,AMS,28.4,KM,,740,INR,740,1.0,Concur,Tech Conference,MGR-S01,2024-08-22,APPROVED
EXP-0002019,RPT-202408-0504,EMP-1009,Sunita Gupta,Sales,CC-SALES-02,2024-08-07,2024-08-02,2024-08-03,Airfare,Economy,Go First,Mumbai,BOM,Kolkata,CCU,,KM,,500,INR,500,1.0,Concur,Team Offsite,MGR-S01,2024-08-10,APPROVED
EXP-0002020,RPT-202408-0504,EMP-1009,Sunita Gupta,Sales,CC-SALES-02,2024-08-07,2024-08-02,2024-08-03,Hotel,,Marriott Kolkata,,,Kolkata,CCU,,,1,6000,INR,6000,1.0,Concur,Team Offsite,MGR-S01,2024-08-10,APPROVED
EXP-0002021,RPT-202408-0504,EMP-1009,Sunita Gupta,Sales,CC-SALES-02,2024-08-07,2024-08-02,2024-08-03,Ground Transport,,Local Taxi,Kolkata,,Kolkata,CCU,19.0,KM,,405,INR,405,1.0,Concur,Team Offsite,MGR-S01,2024-08-10,APPROVED
EXP-0002022,RPT-202408-0504,EMP-1009,Sunita Gupta,Sales,CC-SALES-02,2024-08-07,2024-08-02,2024-08-03,Ground Transport,,Grab,,,Kolkata,CCU,28.5,KM,,800,INR,800,1.0,Concur,Team Offsite,MGR-S01,2024-08-10,APPROVED
EXP-0002023,RPT-202409-0505,EMP-1005,Vikram Nair,Operations,CC-OPS-01,2024-09-07,2024-08-28,2024-09-01,Airfare,Business,Qatar Airways,Chennai,MAA,Mumbai,BOM,,KM,,500,INR,500,1.0,Concur,Sales Pitch,MGR-O01,2024-09-08,APPROVED
EXP-0002024,RPT-202409-0505,EMP-1005,Vikram Nair,Operations,CC-OPS-01,2024-09-07,2024-08-28,2024-09-01,Hotel,,Hyatt Regency Mumbai,,,Mumbai,BOM,,,4,29000,INR,29000,1.0,Concur,Sales Pitch,MGR-O01,2024-09-08,APPROVED
EXP-0002025,RPT-202409-0505,EMP-1005,Vikram Nair,Operations,CC-OPS-01,2024-09-07,2024-08-28,2024-09-01,Ground Transport,,Local Taxi,Mumbai,,Mumbai,BOM,42.9,KM,,1175,INR,1175,1.0,Concur,Sales Pitch,MGR-O01,2024-09-08,APPROVED
EXP-0002026,RPT-202409-0505,EMP-1005,Vikram Nair,Operations,CC-OPS-01,2024-09-07,2024-08-28,2024-09-01,Ground Transport,,Black Cab,,,Mumbai,BOM,31.7,KM,,666,INR,666,1.0,Concur,Sales Pitch,MGR-O01,2024-09-08,APPROVED
EXP-0002027,RPT-202408-0506,EMP-1015,Kavita Joshi,HR,CC-HR-01,2024-08-09,2024-08-04,2024-08-07,Airfare,Business,Air India,Delhi,DEL,Chennai,MAA,,KM,,800,INR,800,1.0,Concur,Product Launch,MGR-H01,2024-08-10,APPROVED
EXP-0002028,RPT-202408-0506,EMP-1015,Kavita Joshi,HR,CC-HR-01,2024-08-09,2024-08-04,2024-08-07,Hotel,,Marriott Chennai,,,Chennai,MAA,,,3,16000,INR,16000,1.0,Concur,Product Launch,MGR-H01,2024-08-10,APPROVED
EXP-0002029,RPT-202408-0506,EMP-1015,Kavita Joshi,HR,CC-HR-01,2024-08-09,2024-08-04,2024-08-07,Ground Transport,,Grab,Chennai,,Chennai,MAA,50.1,KM,,1347,INR,1347,1.0,Concur,Product Launch,MGR-H01,2024-08-10,APPROVED
EXP-0002030,RPT-202408-0506,EMP-1015,Kavita Joshi,HR,CC-HR-01,2024-08-09,2024-08-04,2024-08-07,Ground Transport,,Local Taxi,,,Chennai,MAA,34.9,KM,,737,INR,737,1.0,Concur,Product Launch,MGR-H01,2024-08-10,APPROVED
EXP-0002031,RPT-202408-0507,EMP-1015,Kavita Joshi,HR,CC-HR-01,2024-08-19,2024-08-14,2024-08-16,Airfare,Economy,Qatar Airways,Delhi,DEL,Tokyo,NRT,,KM,,5200,INR,5200,1.0,Concur,Product Launch,MGR-H01,,PENDING
EXP-0002032,RPT-202408-0507,EMP-1015,Kavita Joshi,HR,CC-HR-01,2024-08-19,2024-08-14,2024-08-16,Hotel,,Sheraton Tokyo,,,Tokyo,NRT,,,2,26000,INR,26000,1.0,Concur,Product Launch,MGR-H01,,PENDING
EXP-0002033,RPT-202408-0507,EMP-1015,Kavita Joshi,HR,CC-HR-01,2024-08-19,2024-08-14,2024-08-16,Ground Transport,,Local Taxi,Tokyo,,Tokyo,NRT,31.0,KM,,853,INR,853,1.0,Concur,Product Launch,MGR-H01,,PENDING
EXP-0002034,RPT-202408-0507,EMP-1015,Kavita Joshi,HR,CC-HR-01,2024-08-19,2024-08-14,2024-08-16,Ground Transport,,Metro Rail,,,Tokyo,NRT,16.1,KM,,305,INR,305,1.0,Concur,Product Launch,MGR-H01,,PENDING
EXP-0002035,RPT-202408-0508,EMP-1006,Deepa Iyer,Marketing,CC-MKT-01,2024-08-25,2024-08-22,2024-08-24,Airfare,Economy,Vistara,Mumbai,BOM,Tokyo,NRT,,KM,,6100,INR,6100,1.0,Concur,Audit Review,MGR-M01,2024-08-27,APPROVED
EXP-0002036,RPT-202408-0508,EMP-1006,Deepa Iyer,Marketing,CC-MKT-01,2024-08-25,2024-08-22,2024-08-24,Hotel,,Sofitel Tokyo,,,Tokyo,NRT,,,2,60000,INR,60000,1.0,Concur,Audit Review,MGR-M01,2024-08-27,APPROVED
EXP-0002037,RPT-202408-0508,EMP-1006,Deepa Iyer,Marketing,CC-MKT-01,2024-08-25,2024-08-22,2024-08-24,Ground Transport,,Local Taxi,Tokyo,,Tokyo,NRT,38.9,KM,,614,INR,614,1.0,Concur,Audit Review,MGR-M01,2024-08-27,APPROVED
EXP-0002038,RPT-202408-0508,EMP-1006,Deepa Iyer,Marketing,CC-MKT-01,2024-08-25,2024-08-22,2024-08-24,Ground Transport,,Careem,,,Tokyo,NRT,53.5,KM,,1410,INR,1410,1.0,Concur,Audit Review,MGR-M01,2024-08-27,APPROVED
EXP-0002039,RPT-202408-0508,EMP-1006,Deepa Iyer,Marketing,CC-MKT-01,2024-08-25,2024-08-22,2024-08-24,Ground Transport,,Rapido,Tokyo,,Tokyo,NRT,32.8,KM,,964,INR,964,1.0,Concur,Audit Review,MGR-M01,2024-08-27,APPROVED
EXP-0002040,RPT-202408-0509,EMP-1017,Meera Pillai,Engineering,CC-ENG-02,2024-08-21,2024-08-17,2024-08-18,Airfare,Economy,Air India,Bangalore,BLR,Mumbai,BOM,,KM,,200,INR,200,1.0,Concur,Sales Pitch,MGR-E01,2024-08-25,APPROVED
EXP-0002041,RPT-202408-0509,EMP-1017,Meera Pillai,Engineering,CC-ENG-02,2024-08-21,2024-08-17,2024-08-18,Hotel,,Hyatt Regency Mumbai,,,Mumbai,BOM,,,1,6000,INR,6000,1.0,Concur,Sales Pitch,MGR-E01,2024-08-25,APPROVED
EXP-0002042,RPT-202408-0509,EMP-1017,Meera Pillai,Engineering,CC-ENG-02,2024-08-21,2024-08-17,2024-08-18,Ground Transport,,Rapido,Mumbai,,Mumbai,BOM,21.8,KM,,577,INR,577,1.0,Concur,Sales Pitch,MGR-E01,2024-08-25,APPROVED
EXP-0002043,RPT-202408-0509,EMP-1017,Meera Pillai,Engineering,CC-ENG-02,2024-08-21,2024-08-17,2024-08-18,Ground Transport,,Yellow Cab,,,Mumbai,BOM,29.3,KM,,509,INR,509,1.0,Concur,Sales Pitch,MGR-E01,2024-08-25,APPROVED
EXP-0002044,RPT-202408-0509,EMP-1017,Meera Pillai,Engineering,CC-ENG-02,2024-08-21,2024-08-17,2024-08-18,Ground Transport,,Yellow Cab,Mumbai,,Mumbai,BOM,15.1,KM,,381,INR,381,1.0,Concur,Sales Pitch,MGR-E01,2024-08-25,APPROVED
EXP-0002045,RPT-202408-0510,EMP-1006,Deepa Iyer,Marketing,CC-MKT-01,2024-08-23,2024-08-21,2024-08-22,Airfare,Business,Qatar Airways,Mumbai,BOM,Chennai,MAA,,KM,,400,INR,400,1.0,Concur,Sales Pitch,MGR-M01,,PENDING
EXP-0002046,RPT-202408-0510,EMP-1006,Deepa Iyer,Marketing,CC-MKT-01,2024-08-23,2024-08-21,2024-08-22,Hotel,,Hilton Chennai,,,Chennai,MAA,,,1,6500,INR,6500,1.0,Concur,Sales Pitch,MGR-M01,,PENDING
EXP-0002047,RPT-202408-0510,EMP-1006,Deepa Iyer,Marketing,CC-MKT-01,2024-08-23,2024-08-21,2024-08-22,Ground Transport,,Grab,Chennai,,Chennai,MAA,47.5,KM,,915,INR,915,1.0,Concur,Sales Pitch,MGR-M01,,PENDING
EXP-0002048,RPT-202408-0511,EMP-1018,Aakash Tiwari,Sales,CC-SALES-01,2024-08-28,2024-08-21,2024-08-22,Airfare,Economy,Emirates,Mumbai,BOM,Kolkata,CCU,,KM,,400,INR,400,1.0,Concur,Client Meeting,MGR-S01,2024-08-31,APPROVED
EXP-0002049,RPT-202408-0511,EMP-1018,Aakash Tiwari,Sales,CC-SALES-01,2024-08-28,2024-08-21,2024-08-22,Hotel,,Marriott Kolkata,,,Kolkata,CCU,,,1,6500,INR,6500,1.0,Concur,Client Meeting,MGR-S01,2024-08-31,APPROVED
EXP-0002050,RPT-202408-0511,EMP-1018,Aakash Tiwari,Sales,CC-SALES-01,2024-08-28,2024-08-21,2024-08-22,Ground Transport,,Uber,Kolkata,,Kolkata,CCU,46.1,KM,,941,INR,941,1.0,Concur,Client Meeting,MGR-S01,2024-08-31,APPROVED
EXP-0002051,RPT-202409-0512,EMP-1005,Vikram Nair,Operations,CC-OPS-01,2024-09-03,2024-08-24,2024-08-26,Airfare,Business,Etihad,Chennai,MAA,Mumbai,BOM,,KM,,400,INR,400,1.0,Concur,Annual Planning,MGR-O01,2024-09-07,APPROVED
EXP-0002052,RPT-202409-0512,EMP-1005,Vikram Nair,Operations,CC-OPS-01,2024-09-03,2024-08-24,2024-08-26,Hotel,,Novotel Mumbai,,,Mumbai,BOM,,,2,13500,INR,13500,1.0,Concur,Annual Planning,MGR-O01,2024-09-07,APPROVED
EXP-0002053,RPT-202409-0512,EMP-1005,Vikram Nair,Operations,CC-OPS-01,2024-09-03,2024-08-24,2024-08-26,Ground Transport,,Rapido,Mumbai,,Mumbai,BOM,26.6,KM,,625,INR,625,1.0,Concur,Annual Planning,MGR-O01,2024-09-07,APPROVED
EXP-0002054,RPT-202409-0512,EMP-1005,Vikram Nair,Operations,CC-OPS-01,2024-09-03,2024-08-24,2024-08-26,Ground Transport,,Metro Rail,,,Mumbai,BOM,19.4,KM,,434,INR,434,1.0,Concur,Annual Planning,MGR-O01,2024-09-07,APPROVED
EXP-0002055,RPT-202408-0513,EMP-1015,Kavita Joshi,HR,CC-HR-01,2024-08-10,2024-08-03,2024-08-04,Airfare,Economy,Singapore Airlines,Delhi,DEL,Chennai,MAA,,KM,,600,INR,600,1.0,Concur,Annual Planning,MGR-H01,2024-08-11,APPROVED
EXP-0002056,RPT-202408-0513,EMP-1015,Kavita Joshi,HR,CC-HR-01,2024-08-10,2024-08-03,2024-08-04,Hotel,,Taj Hotels Chennai,,,Chennai,MAA,,,1,9000,INR,9000,1.0,Concur,Annual Planning,MGR-H01,2024-08-11,APPROVED
EXP-0002057,RPT-202408-0513,EMP-1015,Kavita Joshi,HR,CC-HR-01,2024-08-10,2024-08-03,2024-08-04,Ground Transport,,Metro Rail,Chennai,,Chennai,MAA,25.3,KM,,734,INR,734,1.0,Concur,Annual Planning,MGR-H01,2024-08-11,APPROVED
EXP-0002058,RPT-202408-0514,EMP-1018,Aakash Tiwari,Sales,CC-SALES-01,2024-08-21,2024-08-15,2024-08-19,Airfare,Economy,Singapore Airlines,Mumbai,BOM,Bangalore,BLR,,KM,,200,INR,200,1.0,Concur,Board Review,MGR-S01,2024-08-25,APPROVED
EXP-0002059,RPT-202408-0514,EMP-1018,Aakash Tiwari,Sales,CC-SALES-01,2024-08-21,2024-08-15,2024-08-19,Hotel,,Westin Bangalore,,,Bangalore,BLR,,,4,34000,INR,34000,1.0,Concur,Board Review,MGR-S01,2024-08-25,APPROVED
EXP-0002060,RPT-202408-0514,EMP-1018,Aakash Tiwari,Sales,CC-SALES-01,2024-08-21,2024-08-15,2024-08-19,Ground Transport,,Local Taxi,Bangalore,,Bangalore,BLR,38.4,KM,,588,INR,588,1.0,Concur,Board Review,MGR-S01,2024-08-25,APPROVED
EXP-0002061,RPT-202408-0514,EMP-1018,Aakash Tiwari,Sales,CC-SALES-01,2024-08-21,2024-08-15,2024-08-19,Ground Transport,,Uber,,,Bangalore,BLR,42.5,KM,,852,INR,852,1.0,Concur,Board Review,MGR-S01,2024-08-25,APPROVED
EXP-0002062,RPT-202408-0515,EMP-1009,Sunita Gupta,Sales,CC-SALES-02,2024-08-21,2024-08-09,2024-08-13,Airfare,Economy,Vistara,Mumbai,BOM,Frankfurt,FRA,,KM,,5600,INR,5600,1.0,Concur,Legal Negotiation,MGR-S01,2024-08-25,APPROVED
EXP-0002063,RPT-202408-0515,EMP-1009,Sunita Gupta,Sales,CC-SALES-02,2024-08-21,2024-08-09,2024-08-13,Hotel,,Ritz Carlton Frankfurt,,,Frankfurt,FRA,,,4,60000,INR,60000,1.0,Concur,Legal Negotiation,MGR-S01,2024-08-25,APPROVED
EXP-0002064,RPT-202408-0515,EMP-1009,Sunita Gupta,Sales,CC-SALES-02,2024-08-21,2024-08-09,2024-08-13,Ground Transport,,Ola,Frankfurt,,Frankfurt,FRA,38.0,KM,,715,INR,715,1.0,Concur,Legal Negotiation,MGR-S01,2024-08-25,APPROVED
EXP-0002065,RPT-202408-0516,EMP-1001,Rahul Sharma,Sales,CC-SALES-01,2024-08-19,2024-08-10,2024-08-14,Airfare,Economy,Etihad,Mumbai,BOM,Kolkata,CCU,,KM,,400,INR,400,1.0,Concur,Training Program,MGR-S01,2024-08-21,APPROVED
EXP-0002066,RPT-202408-0516,EMP-1001,Rahul Sharma,Sales,CC-SALES-01,2024-08-19,2024-08-10,2024-08-14,Hotel,,Marriott Kolkata,,,Kolkata,CCU,,,4,24000,INR,24000,1.0,Concur,Training Program,MGR-S01,2024-08-21,APPROVED
EXP-0002067,RPT-202408-0516,EMP-1001,Rahul Sharma,Sales,CC-SALES-01,2024-08-19,2024-08-10,2024-08-14,Ground Transport,,Uber,Kolkata,,Kolkata,CCU,54.5,KM,,1400,INR,1400,1.0,Concur,Training Program,MGR-S01,2024-08-21,APPROVED
EXP-0002068,RPT-202408-0516,EMP-1001,Rahul Sharma,Sales,CC-SALES-01,2024-08-19,2024-08-10,2024-08-14,Ground Transport,,Ola,,,Kolkata,CCU,21.9,KM,,508,INR,508,1.0,Concur,Training Program,MGR-S01,2024-08-21,APPROVED
EXP-0002069,RPT-202408-0516,EMP-1001,Rahul Sharma,Sales,CC-SALES-01,2024-08-19,2024-08-10,2024-08-14,Ground Transport,,Careem,Kolkata,,Kolkata,CCU,44.7,KM,,789,INR,789,1.0,Concur,Training Program,MGR-S01,2024-08-21,APPROVED
EXP-0002070,RPT-202408-0517,EMP-1019,Pooja Desai,Operations,CC-OPS-01,2024-08-12,2024-08-01,2024-08-07,Airfare,Economy,Emirates,Chennai,MAA,London,LHR,,KM,,7300,INR,7300,1.0,Concur,Training Program,MGR-O01,2024-08-14,APPROVED
EXP-0002071,RPT-202408-0517,EMP-1019,Pooja Desai,Operations,CC-OPS-01,2024-08-12,2024-08-01,2024-08-07,Hotel,,Ibis London,,,London,LHR,,,6,161500,INR,161500,1.0,Concur,Training Program,MGR-O01,2024-08-14,APPROVED
EXP-0002072,RPT-202408-0517,EMP-1019,Pooja Desai,Operations,CC-OPS-01,2024-08-12,2024-08-01,2024-08-07,Ground Transport,,Uber,London,,London,LHR,28.2,KM,,624,INR,624,1.0,Concur,Training Program,MGR-O01,2024-08-14,APPROVED
EXP-0002073,RPT-202408-0517,EMP-1019,Pooja Desai,Operations,CC-OPS-01,2024-08-12,2024-08-01,2024-08-07,Ground Transport,,Uber,,,London,LHR,44.7,KM,,1184,INR,1184,1.0,Concur,Training Program,MGR-O01,2024-08-14,APPROVED
EXP-0002074,RPT-202408-0518,EMP-1015,Kavita Joshi,HR,CC-HR-01,2024-08-10,2024-08-03,2024-08-06,Airfare,Business,IndiGo,Delhi,DEL,Pune,PNQ,,KM,,500,INR,500,1.0,Concur,Client Meeting,MGR-H01,2024-08-12,APPROVED
EXP-0002075,RPT-202408-0518,EMP-1015,Kavita Joshi,HR,CC-HR-01,2024-08-10,2024-08-03,2024-08-06,Hotel,,Novotel Pune,,,Pune,PNQ,,,3,19000,INR,19000,1.0,Concur,Client Meeting,MGR-H01,2024-08-12,APPROVED
EXP-0002076,RPT-202408-0518,EMP-1015,Kavita Joshi,HR,CC-HR-01,2024-08-10,2024-08-03,2024-08-06,Ground Transport,,Metro Rail,Pune,,Pune,PNQ,50.2,KM,,1303,INR,1303,1.0,Concur,Client Meeting,MGR-H01,2024-08-12,APPROVED
EXP-0002077,RPT-202408-0519,EMP-1001,Rahul Sharma,Sales,CC-SALES-01,2024-08-18,2024-08-15,2024-08-16,Airfare,Economy,Vistara,Mumbai,BOM,Chennai,MAA,,KM,,300,INR,300,1.0,Concur,Audit Review,MGR-S01,2024-08-21,APPROVED
EXP-0002078,RPT-202408-0519,EMP-1001,Rahul Sharma,Sales,CC-SALES-01,2024-08-18,2024-08-15,2024-08-16,Hotel,,Hilton Chennai,,,Chennai,MAA,,,1,5000,INR,5000,1.0,Concur,Audit Review,MGR-S01,2024-08-21,APPROVED
EXP-0002079,RPT-202408-0519,EMP-1001,Rahul Sharma,Sales,CC-SALES-01,2024-08-18,2024-08-15,2024-08-16,Ground Transport,,Ola,Chennai,,Chennai,MAA,12.8,KM,,348,INR,348,1.0,Concur,Audit Review,MGR-S01,2024-08-21,APPROVED
EXP-0002080,RPT-202408-0519,EMP-1001,Rahul Sharma,Sales,CC-SALES-01,2024-08-18,2024-08-15,2024-08-16,Ground Transport,,Grab,,,Chennai,MAA,11.9,KM,,294,INR,294,1.0,Concur,Audit Review,MGR-S01,2024-08-21,APPROVED
EXP-0002081,RPT-202408-0519,EMP-1001,Rahul Sharma,Sales,CC-SALES-01,2024-08-18,2024-08-15,2024-08-16,Ground Transport,,Uber,Chennai,,Chennai,MAA,42.4,KM,,988,INR,988,1.0,Concur,Audit Review,MGR-S01,2024-08-21,APPROVED
EXP-0002082,RPT-202408-0520,EMP-1004,Sneha Reddy,HR,CC-HR-01,2024-08-24,2024-08-21,2024-08-23,Airfare,Business,British Airways,Delhi,DEL,Tokyo,NRT,,KM,,12000,INR,12000,1.0,Concur,Training Program,MGR-H01,2024-08-25,APPROVED
EXP-0002083,RPT-202408-0520,EMP-1004,Sneha Reddy,HR,CC-HR-01,2024-08-24,2024-08-21,2024-08-23,Hotel,,Sheraton Tokyo,,,Tokyo,NRT,,,2,33500,INR,33500,1.0,Concur,Training Program,MGR-H01,2024-08-25,APPROVED
EXP-0002084,RPT-202408-0520,EMP-1004,Sneha Reddy,HR,CC-HR-01,2024-08-24,2024-08-21,2024-08-23,Ground Transport,,Yellow Cab,Tokyo,,Tokyo,NRT,32.6,KM,,691,INR,691,1.0,Concur,Training Program,MGR-H01,2024-08-25,APPROVED
EXP-0002085,RPT-202408-0520,EMP-1004,Sneha Reddy,HR,CC-HR-01,2024-08-24,2024-08-21,2024-08-23,Ground Transport,,Meru Cabs,,,Tokyo,NRT,42.1,KM,,1141,INR,1141,1.0,Concur,Training Program,MGR-H01,2024-08-25,APPROVED
EXP-0002086,RPT-202408-0521,EMP-1015,Kavita Joshi,HR,CC-HR-01,2024-08-22,2024-08-16,2024-08-17,Airfare,Economy,Emirates,Delhi,DEL,Bangalore,BLR,,KM,,600,INR,600,1.0,Concur,Product Launch,MGR-H01,2024-08-25,APPROVED
EXP-0002087,RPT-202408-0521,EMP-1015,Kavita Joshi,HR,CC-HR-01,2024-08-22,2024-08-16,2024-08-17,Hotel,,Le Meridien Bangalore,,,Bangalore,BLR,,,1,8000,INR,8000,1.0,Concur,Product Launch,MGR-H01,2024-08-25,APPROVED
EXP-0002088,RPT-202408-0521,EMP-1015,Kavita Joshi,HR,CC-HR-01,2024-08-22,2024-08-16,2024-08-17,Ground Transport,,Black Cab,Bangalore,,Bangalore,BLR,13.1,KM,,327,INR,327,1.0,Concur,Product Launch,MGR-H01,2024-08-25,APPROVED
EXP-0002089,RPT-202408-0522,EMP-1008,Arjun Mehta,Engineering,CC-ENG-02,2024-08-11,2024-08-01,2024-08-05,Airfare,Business,IndiGo,Bangalore,BLR,Pune,PNQ,,KM,,300,INR,300,1.0,Concur,HR Summit,MGR-E01,2024-08-15,APPROVED
EXP-0002090,RPT-202408-0522,EMP-1008,Arjun Mehta,Engineering,CC-ENG-02,2024-08-11,2024-08-01,2024-08-05,Hotel,,JW Marriott Pune,,,Pune,PNQ,,,4,22000,INR,22000,1.0,Concur,HR Summit,MGR-E01,2024-08-15,APPROVED
EXP-0002091,RPT-202408-0522,EMP-1008,Arjun Mehta,Engineering,CC-ENG-02,2024-08-11,2024-08-01,2024-08-05,Ground Transport,,Rapido,Pune,,Pune,PNQ,12.5,KM,,355,INR,355,1.0,Concur,HR Summit,MGR-E01,2024-08-15,APPROVED
EXP-0002092,RPT-202408-0522,EMP-1008,Arjun Mehta,Engineering,CC-ENG-02,2024-08-11,2024-08-01,2024-08-05,Ground Transport,,Grab,,,Pune,PNQ,41.6,KM,,625,INR,625,1.0,Concur,HR Summit,MGR-E01,2024-08-15,APPROVED
EXP-0002093,RPT-202408-0522,EMP-1008,Arjun Mehta,Engineering,CC-ENG-02,2024-08-11,2024-08-01,2024-08-05,Ground Transport,,Rapido,Pune,,Pune,PNQ,11.2,KM,,249,INR,249,1.0,Concur,HR Summit,MGR-E01,2024-08-15,APPROVED
EXP-0002094,RPT-202408-0523,EMP-1004,Sneha Reddy,HR,CC-HR-01,2024-08-18,2024-08-10,2024-08-14,Airfare,Economy,Go First,Delhi,DEL,Mumbai,BOM,,KM,,400,INR,400,1.0,Concur,Operations Review,MGR-H01,2024-08-20,APPROVED
EXP-0002095,RPT-202408-0523,EMP-1004,Sneha Reddy,HR,CC-HR-01,2024-08-18,2024-08-10,2024-08-14,Hotel,,Radisson Blu Mumbai,,,Mumbai,BOM,,,4,19500,INR,19500,1.0,Concur,Operations Review,MGR-H01,2024-08-20,APPROVED
EXP-0002096,RPT-202408-0523,EMP-1004,Sneha Reddy,HR,CC-HR-01,2024-08-18,2024-08-10,2024-08-14,Ground Transport,,Metro Rail,Mumbai,,Mumbai,BOM,53.9,KM,,858,INR,858,1.0,Concur,Operations Review,MGR-H01,2024-08-20,APPROVED
EXP-0002097,RPT-202408-0523,EMP-1004,Sneha Reddy,HR,CC-HR-01,2024-08-18,2024-08-10,2024-08-14,Ground Transport,,Grab,,,Mumbai,BOM,48.3,KM,,1196,INR,1196,1.0,Concur,Operations Review,MGR-H01,2024-08-20,APPROVED
EXP-0002098,RPT-202408-0523,EMP-1004,Sneha Reddy,HR,CC-HR-01,2024-08-18,2024-08-10,2024-08-14,Ground Transport,,Yellow Cab,Mumbai,,Mumbai,BOM,52.5,KM,,945,INR,945,1.0,Concur,Operations Review,MGR-H01,2024-08-20,APPROVED
EXP-0002099,RPT-202408-0524,EMP-1019,Pooja Desai,Operations,CC-OPS-01,2024-08-27,2024-08-15,2024-08-19,Airfare,Economy,Air India,Chennai,MAA,Bangalore,BLR,,KM,,100,INR,100,1.0,Concur,Partner Integration,MGR-O01,2024-08-31,APPROVED
EXP-0002100,RPT-202408-0524,EMP-1019,Pooja Desai,Operations,CC-OPS-01,2024-08-27,2024-08-15,2024-08-19,Hotel,,ITC Hotels Bangalore,,,Bangalore,BLR,,,4,35500,INR,35500,1.0,Concur,Partner Integration,MGR-O01,2024-08-31,APPROVED
EXP-0002101,RPT-202408-0524,EMP-1019,Pooja Desai,Operations,CC-OPS-01,2024-08-27,2024-08-15,2024-08-19,Ground Transport,,Black Cab,Bangalore,,Bangalore,BLR,23.3,KM,,444,INR,444,1.0,Concur,Partner Integration,MGR-O01,2024-08-31,APPROVED
EXP-0002102,RPT-202408-0524,EMP-1019,Pooja Desai,Operations,CC-OPS-01,2024-08-27,2024-08-15,2024-08-19,Ground Transport,,Rapido,,,Bangalore,BLR,22.5,KM,,565,INR,565,1.0,Concur,Partner Integration,MGR-O01,2024-08-31,APPROVED
EXP-0002103,RPT-202408-0524,EMP-1019,Pooja Desai,Operations,CC-OPS-01,2024-08-27,2024-08-15,2024-08-19,Ground Transport,,Black Cab,Bangalore,,Bangalore,BLR,54.0,KM,,960,INR,960,1.0,Concur,Partner Integration,MGR-O01,2024-08-31,APPROVED
EXP-0002104,RPT-202408-0525,EMP-1019,Pooja Desai,Operations,CC-OPS-01,2024-08-16,2024-08-13,2024-08-14,Airfare,Economy,Emirates,Chennai,,Kolkata,CCU,,KM,,400,INR,400,1.0,Concur,Board Review,MGR-O01,2024-08-18,APPROVED
EXP-0002105,RPT-202408-0525,EMP-1019,Pooja Desai,Operations,CC-OPS-01,2024-08-16,2024-08-13,2024-08-14,Hotel,,Radisson Blu Kolkata,,,Kolkata,CCU,,,1,5500,INR,5500,1.0,Concur,Board Review,MGR-O01,2024-08-18,APPROVED
EXP-0002106,RPT-202408-0525,EMP-1019,Pooja Desai,Operations,CC-OPS-01,2024-08-16,2024-08-13,2024-08-14,Ground Transport,,Metro Rail,Kolkata,,Kolkata,CCU,42.0,KM,,644,INR,644,1.0,Concur,Board Review,MGR-O01,2024-08-18,APPROVED
EXP-0002107,RPT-202408-0525,EMP-1019,Pooja Desai,Operations,CC-OPS-01,2024-08-16,2024-08-13,2024-08-14,Ground Transport,,Black Cab,,,Kolkata,CCU,46.5,KM,,960,INR,960,1.0,Concur,Board Review,MGR-O01,2024-08-18,APPROVED
EXP-0002108,RPT-202408-0525,EMP-1019,Pooja Desai,Operations,CC-OPS-01,2024-08-16,2024-08-13,2024-08-14,Ground Transport,,Local Taxi,Kolkata,,Kolkata,CCU,44.3,KM,,1035,INR,1035,1.0,Concur,Board Review,MGR-O01,2024-08-18,APPROVED
EXP-0002109,RPT-202408-0526,EMP-1011,Anjali Singh,Marketing,CC-MKT-01,2024-08-25,2024-08-20,2024-08-21,Airfare,Economy,Vistara,Mumbai,BOM,Ahmedabad,AMD,,KM,,100,INR,100,1.0,Concur,Sales Pitch,MGR-M01,2024-08-28,APPROVED
EXP-0002110,RPT-202408-0526,EMP-1011,Anjali Singh,Marketing,CC-MKT-01,2024-08-25,2024-08-20,2024-08-21,Hotel,,Taj Hotels Ahmedabad,,,Ahmedabad,AMD,,,1,6500,INR,6500,1.0,Concur,Sales Pitch,MGR-M01,2024-08-28,APPROVED
EXP-0002111,RPT-202408-0526,EMP-1011,Anjali Singh,Marketing,CC-MKT-01,2024-08-25,2024-08-20,2024-08-21,Ground Transport,,Uber,Ahmedabad,,Ahmedabad,AMD,11.0,KM,,282,INR,282,1.0,Concur,Sales Pitch,MGR-M01,2024-08-28,APPROVED
EXP-0002112,RPT-202408-0526,EMP-1011,Anjali Singh,Marketing,CC-MKT-01,2024-08-25,2024-08-20,2024-08-21,Ground Transport,,Black Cab,,,Ahmedabad,AMD,40.3,KM,,1090,INR,1090,1.0,Concur,Sales Pitch,MGR-M01,2024-08-28,APPROVED
EXP-0002113,RPT-202408-0526,EMP-1011,Anjali Singh,Marketing,CC-MKT-01,2024-08-25,2024-08-20,2024-08-21,Ground Transport,,Black Cab,Ahmedabad,,Ahmedabad,AMD,17.1,KM,,274,INR,274,1.0,Concur,Sales Pitch,MGR-M01,2024-08-28,APPROVED
EXP-0002114,RPT-202408-0527,EMP-1010,Ravi Krishnan,Operations,CC-OPS-02,2024-08-17,2024-08-12,2024-08-14,Airfare,Economy,Etihad,Chennai,MAA,Delhi,DEL,,KM,,500,INR,500,1.0,Concur,Board Review,MGR-O01,2024-08-20,APPROVED
EXP-0002115,RPT-202408-0527,EMP-1010,Ravi Krishnan,Operations,CC-OPS-02,2024-08-17,2024-08-12,2024-08-14,Hotel,,Hyatt Regency Delhi,,,Delhi,DEL,,,2,17000,INR,17000,1.0,Concur,Board Review,MGR-O01,2024-08-20,APPROVED
EXP-0002116,RPT-202408-0527,EMP-1010,Ravi Krishnan,Operations,CC-OPS-02,2024-08-17,2024-08-12,2024-08-14,Ground Transport,,Meru Cabs,Delhi,,Delhi,DEL,33.2,KM,,747,INR,747,1.0,Concur,Board Review,MGR-O01,2024-08-20,APPROVED
EXP-0002117,RPT-202408-0527,EMP-1010,Ravi Krishnan,Operations,CC-OPS-02,2024-08-17,2024-08-12,2024-08-14,Ground Transport,,Metro Rail,,,Delhi,DEL,34.8,KM,,1011,INR,1011,1.0,Concur,Board Review,MGR-O01,2024-08-20,APPROVED
EXP-0002118,RPT-202408-0528,EMP-1016,Dinesh Choudhary,Procurement,CC-PROC-01,2024-08-22,2024-08-11,2024-08-15,Airfare,Business,Air India,Mumbai,BOM,Kolkata,CCU,,KM,,900,INR,900,1.0,Concur,Training Program,MGR-P01,2024-08-25,APPROVED
EXP-0002119,RPT-202408-0528,EMP-1016,Dinesh Choudhary,Procurement,CC-PROC-01,2024-08-22,2024-08-11,2024-08-15,Hotel,,Radisson Blu Kolkata,,,Kolkata,CCU,,,4,27000,INR,27000,1.0,Concur,Training Program,MGR-P01,2024-08-25,APPROVED
EXP-0002120,RPT-202408-0528,EMP-1016,Dinesh Choudhary,Procurement,CC-PROC-01,2024-08-22,2024-08-11,2024-08-15,Ground Transport,,Yellow Cab,Kolkata,,Kolkata,CCU,42.8,KM,,764,INR,764,1.0,Concur,Training Program,MGR-P01,2024-08-25,APPROVED
EXP-0002121,RPT-202408-0528,EMP-1016,Dinesh Choudhary,Procurement,CC-PROC-01,2024-08-22,2024-08-11,2024-08-15,Ground Transport,,Yellow Cab,,,Kolkata,CCU,19.6,KM,,455,INR,455,1.0,Concur,Training Program,MGR-P01,2024-08-25,APPROVED
EXP-0002122,RPT-202408-0528,EMP-1016,Dinesh Choudhary,Procurement,CC-PROC-01,2024-08-22,2024-08-11,2024-08-15,Ground Transport,,Black Cab,Kolkata,,Kolkata,CCU,48.3,KM,,968,INR,968,1.0,Concur,Training Program,MGR-P01,2024-08-25,APPROVED
EXP-0002123,RPT-202408-0529,EMP-1013,Nisha Verma,Engineering,CC-ENG-01,2024-08-15,2024-08-09,2024-08-10,Airfare,Business,Etihad,Bangalore,BLR,Delhi,DEL,,KM,,800,INR,800,1.0,Concur,Sales Pitch,MGR-E01,2024-08-19,APPROVED
EXP-0002124,RPT-202408-0529,EMP-1013,Nisha Verma,Engineering,CC-ENG-01,2024-08-15,2024-08-09,2024-08-10,Hotel,,JW Marriott Delhi,,,Delhi,DEL,,,1,8000,INR,8000,1.0,Concur,Sales Pitch,MGR-E01,2024-08-19,APPROVED
EXP-0002125,RPT-202408-0529,EMP-1013,Nisha Verma,Engineering,CC-ENG-01,2024-08-15,2024-08-09,2024-08-10,Ground Transport,,Careem,Delhi,,Delhi,DEL,24.6,KM,,490,INR,490,1.0,Concur,Sales Pitch,MGR-E01,2024-08-19,APPROVED
EXP-0002126,RPT-202408-0529,EMP-1013,Nisha Verma,Engineering,CC-ENG-01,2024-08-15,2024-08-09,2024-08-10,Ground Transport,,Meru Cabs,,,Delhi,DEL,36.6,KM,,1035,INR,1035,1.0,Concur,Sales Pitch,MGR-E01,2024-08-19,APPROVED
EXP-0002127,RPT-202408-0529,EMP-1013,Nisha Verma,Engineering,CC-ENG-01,2024-08-15,2024-08-09,2024-08-10,Ground Transport,,Meru Cabs,Delhi,,Delhi,DEL,37.0,KM,,722,INR,722,1.0,Concur,Sales Pitch,MGR-E01,2024-08-19,APPROVED
EXP-0002128,RPT-202409-0530,EMP-1011,Anjali Singh,Marketing,CC-MKT-01,2024-09-12,2024-09-06,2024-09-10,Airfare,Business,Singapore Airlines,Mumbai,BOM,Pune,PNQ,,KM,,100,INR,100,1.0,Concur,Training Program,MGR-M01,2024-09-13,APPROVED
EXP-0002129,RPT-202409-0530,EMP-1011,Anjali Singh,Marketing,CC-MKT-01,2024-09-12,2024-09-06,2024-09-10,Hotel,,Taj Hotels Pune,,,Pune,PNQ,,,4,27500,INR,27500,1.0,Concur,Training Program,MGR-M01,2024-09-13,APPROVED
EXP-0002130,RPT-202409-0530,EMP-1011,Anjali Singh,Marketing,CC-MKT-01,2024-09-12,2024-09-06,2024-09-10,Ground Transport,,Meru Cabs,Pune,,Pune,PNQ,36.7,KM,,668,INR,668,1.0,Concur,Training Program,MGR-M01,2024-09-13,APPROVED
EXP-0002131,RPT-202409-0531,EMP-1011,Anjali Singh,Marketing,CC-MKT-01,2024-09-17,2024-09-11,2024-09-16,Airfare,Business,IndiGo,Mumbai,BOM,Amsterdam,AMS,,KM,,10600,INR,10600,1.0,Concur,Sales Pitch,MGR-M01,2024-09-18,APPROVED
EXP-0002132,RPT-202409-0531,EMP-1011,Anjali Singh,Marketing,CC-MKT-01,2024-09-17,2024-09-11,2024-09-16,Hotel,,Marriott Amsterdam,,,Amsterdam,AMS,,,5,88000,INR,88000,1.0,Concur,Sales Pitch,MGR-M01,2024-09-18,APPROVED
EXP-0002133,RPT-202409-0531,EMP-1011,Anjali Singh,Marketing,CC-MKT-01,2024-09-17,2024-09-11,2024-09-16,Ground Transport,,Yellow Cab,Amsterdam,,Amsterdam,AMS,37.8,KM,,722,INR,722,1.0,Concur,Sales Pitch,MGR-M01,2024-09-18,APPROVED
EXP-0002134,RPT-202409-0532,EMP-1007,Kiran Rao,Legal,CC-LEGAL-01,2024-09-30,2024-09-19,2024-09-23,Airfare,Economy,Vistara,Delhi,DEL,Hyderabad,HYD,,KM,,400,INR,400,1.0,Concur,Annual Planning,MGR-L01,2024-10-02,APPROVED
EXP-0002135,RPT-202409-0532,EMP-1007,Kiran Rao,Legal,CC-LEGAL-01,2024-09-30,2024-09-19,2024-09-23,Hotel,,Westin Hyderabad,,,Hyderabad,HYD,,,4,34500,INR,34500,1.0,Concur,Annual Planning,MGR-L01,2024-10-02,APPROVED
EXP-0002136,RPT-202409-0532,EMP-1007,Kiran Rao,Legal,CC-LEGAL-01,2024-09-30,2024-09-19,2024-09-23,Ground Transport,,Rapido,Hyderabad,,Hyderabad,HYD,19.3,KM,,340,INR,340,1.0,Concur,Annual Planning,MGR-L01,2024-10-02,APPROVED
EXP-0002137,RPT-202409-0532,EMP-1007,Kiran Rao,Legal,CC-LEGAL-01,2024-09-30,2024-09-19,2024-09-23,Ground Transport,,Metro Rail,,,Hyderabad,HYD,53.2,KM,,1461,INR,1461,1.0,Concur,Annual Planning,MGR-L01,2024-10-02,APPROVED
EXP-0002138,RPT-202409-0532,EMP-1007,Kiran Rao,Legal,CC-LEGAL-01,2024-09-30,2024-09-19,2024-09-23,Ground Transport,,Meru Cabs,Hyderabad,,Hyderabad,HYD,13.5,KM,,243,INR,243,1.0,Concur,Annual Planning,MGR-L01,2024-10-02,APPROVED
EXP-0002139,RPT-202409-0533,EMP-1013,Nisha Verma,Engineering,CC-ENG-01,2024-09-27,2024-09-17,2024-09-19,Airfare,Economy,Emirates,Bangalore,BLR,Ahmedabad,AMD,,KM,,400,INR,400,1.0,Concur,Sales Pitch,MGR-E01,2024-09-28,APPROVED
EXP-0002140,RPT-202409-0533,EMP-1013,Nisha Verma,Engineering,CC-ENG-01,2024-09-27,2024-09-17,2024-09-19,Hotel,,Hilton Ahmedabad,,,Ahmedabad,AMD,,,2,17000,INR,17000,1.0,Concur,Sales Pitch,MGR-E01,2024-09-28,APPROVED
EXP-0002141,RPT-202409-0533,EMP-1013,Nisha Verma,Engineering,CC-ENG-01,2024-09-27,2024-09-17,2024-09-19,Ground Transport,,Metro Rail,Ahmedabad,,Ahmedabad,AMD,23.5,KM,,604,INR,604,1.0,Concur,Sales Pitch,MGR-E01,2024-09-28,APPROVED
EXP-0002142,RPT-202409-0534,EMP-1003,Amit Patel,Finance,CC-FIN-01,2024-09-29,2024-09-25,2024-09-27,Airfare,Business,Emirates,Delhi,DEL,Amsterdam,AMS,,KM,,12400,INR,12400,1.0,Concur,Training Program,MGR-F01,2024-10-03,APPROVED
EXP-0002143,RPT-202409-0534,EMP-1003,Amit Patel,Finance,CC-FIN-01,2024-09-29,2024-09-25,2024-09-27,Hotel,,Ritz Carlton Amsterdam,,,Amsterdam,AMS,,,2,45000,INR,45000,1.0,Concur,Training Program,MGR-F01,2024-10-03,APPROVED
EXP-0002144,RPT-202409-0534,EMP-1003,Amit Patel,Finance,CC-FIN-01,2024-09-29,2024-09-25,2024-09-27,Ground Transport,,Grab,Amsterdam,,Amsterdam,AMS,47.4,KM,,1307,INR,1307,1.0,Concur,Training Program,MGR-F01,2024-10-03,APPROVED
EXP-0002145,RPT-202409-0534,EMP-1003,Amit Patel,Finance,CC-FIN-01,2024-09-29,2024-09-25,2024-09-27,Ground Transport,,Uber,,,Amsterdam,AMS,16.3,KM,,346,INR,346,1.0,Concur,Training Program,MGR-F01,2024-10-03,APPROVED
EXP-0002146,RPT-202410-0535,EMP-1005,Vikram Nair,Operations,CC-OPS-01,2024-10-04,2024-09-26,2024-09-29,Airfare,Economy,Vistara,Chennai,MAA,Hyderabad,HYD,,KM,,100,INR,100,1.0,Concur,HR Summit,MGR-O01,2024-10-05,APPROVED
EXP-0002147,RPT-202410-0535,EMP-1005,Vikram Nair,Operations,CC-OPS-01,2024-10-04,2024-09-26,2024-09-29,Hotel,,Taj Hotels Hyderabad,,,Hyderabad,HYD,,,3,23500,INR,23500,1.0,Concur,HR Summit,MGR-O01,2024-10-05,APPROVED
EXP-0002148,RPT-202410-0535,EMP-1005,Vikram Nair,Operations,CC-OPS-01,2024-10-04,2024-09-26,2024-09-29,Ground Transport,,Ola,Hyderabad,,Hyderabad,HYD,11.4,KM,,234,INR,234,1.0,Concur,HR Summit,MGR-O01,2024-10-05,APPROVED
EXP-0002149,RPT-202410-0536,EMP-1014,Suresh Babu,Sales,CC-SALES-03,2024-10-05,2024-09-26,2024-09-27,Airfare,Economy,Vistara,Mumbai,BOM,Ahmedabad,AMD,,KM,,100,INR,100,1.0,Concur,Product Launch,MGR-S02,2024-10-08,APPROVED
EXP-0002150,RPT-202410-0536,EMP-1014,Suresh Babu,Sales,CC-SALES-03,2024-10-05,2024-09-26,2024-09-27,Hotel,,Hyatt Regency Ahmedabad,,,Ahmedabad,AMD,,,1,7000,INR,7000,1.0,Concur,Product Launch,MGR-S02,2024-10-08,APPROVED
EXP-0002151,RPT-202410-0536,EMP-1014,Suresh Babu,Sales,CC-SALES-03,2024-10-05,2024-09-26,2024-09-27,Ground Transport,,Grab,Ahmedabad,,Ahmedabad,AMD,12.5,KM,,267,INR,267,1.0,Concur,Product Launch,MGR-S02,2024-10-08,APPROVED
EXP-0002152,RPT-202410-0536,EMP-1014,Suresh Babu,Sales,CC-SALES-03,2024-10-05,2024-09-26,2024-09-27,Ground Transport,,Metro Rail,,,Ahmedabad,AMD,21.0,KM,,432,INR,432,1.0,Concur,Product Launch,MGR-S02,2024-10-08,APPROVED
EXP-0002153,RPT-202409-0537,EMP-1015,Kavita Joshi,HR,CC-HR-01,2024-09-14,2024-09-04,2024-09-08,Airfare,Economy,IndiGo,Delhi,DEL,Hyderabad,HYD,,KM,,400,INR,400,1.0,Concur,Product Launch,MGR-H01,2024-09-17,APPROVED
EXP-0002154,RPT-202409-0537,EMP-1015,Kavita Joshi,HR,CC-HR-01,2024-09-14,2024-09-04,2024-09-08,Hotel,,Hilton Hyderabad,,,Hyderabad,HYD,,,4,27000,INR,27000,1.0,Concur,Product Launch,MGR-H01,2024-09-17,APPROVED
EXP-0002155,RPT-202409-0537,EMP-1015,Kavita Joshi,HR,CC-HR-01,2024-09-14,2024-09-04,2024-09-08,Ground Transport,,Yellow Cab,Hyderabad,,Hyderabad,HYD,44.4,KM,,681,INR,681,1.0,Concur,Product Launch,MGR-H01,2024-09-17,APPROVED
EXP-0002156,RPT-202409-0537,EMP-1015,Kavita Joshi,HR,CC-HR-01,2024-09-14,2024-09-04,2024-09-08,Ground Transport,,Ola,,,Hyderabad,HYD,51.2,KM,,1101,INR,1101,1.0,Concur,Product Launch,MGR-H01,2024-09-17,APPROVED
EXP-0002157,RPT-202409-0537,EMP-1015,Kavita Joshi,HR,CC-HR-01,2024-09-14,2024-09-04,2024-09-08,Ground Transport,,Careem,Hyderabad,,Hyderabad,HYD,39.9,KM,,643,INR,643,1.0,Concur,Product Launch,MGR-H01,2024-09-17,APPROVED
EXP-0002158,RPT-202409-0538,EMP-1015,Kavita Joshi,HR,CC-HR-01,2024-09-13,2024-09-04,2024-09-08,Airfare,Economy,Emirates,Delhi,DEL,Chennai,MAA,,KM,,500,INR,500,1.0,Concur,Budget Review,MGR-H01,2024-09-17,APPROVED
EXP-0002159,RPT-202409-0538,EMP-1015,Kavita Joshi,HR,CC-HR-01,2024-09-13,2024-09-04,2024-09-08,Hotel,,Le Meridien Chennai,,,Chennai,MAA,,,4,19000,INR,19000,1.0,Concur,Budget Review,MGR-H01,2024-09-17,APPROVED
EXP-0002160,RPT-202409-0538,EMP-1015,Kavita Joshi,HR,CC-HR-01,2024-09-13,2024-09-04,2024-09-08,Ground Transport,,Black Cab,Chennai,,Chennai,MAA,34.5,KM,,991,INR,991,1.0,Concur,Budget Review,MGR-H01,2024-09-17,APPROVED
EXP-0002161,RPT-202409-0538,EMP-1015,Kavita Joshi,HR,CC-HR-01,2024-09-13,2024-09-04,2024-09-08,Ground Transport,,Local Taxi,,,Chennai,MAA,35.6,KM,,582,INR,582,1.0,Concur,Budget Review,MGR-H01,2024-09-17,APPROVED
EXP-0002162,RPT-202409-0539,EMP-1007,Kiran Rao,Legal,CC-LEGAL-01,2024-09-17,2024-09-09,2024-09-11,Airfare,Business,SpiceJet,Delhi,DEL,Paris,CDG,,KM,,11100,INR,11100,1.0,Concur,Partner Integration,MGR-L01,2024-09-20,APPROVED
EXP-0002163,RPT-202409-0539,EMP-1007,Kiran Rao,Legal,CC-LEGAL-01,2024-09-17,2024-09-09,2024-09-11,Hotel,,Holiday Inn Paris,,,Paris,CDG,,,2,57000,INR,57000,1.0,Concur,Partner Integration,MGR-L01,2024-09-20,APPROVED
EXP-0002164,RPT-202409-0539,EMP-1007,Kiran Rao,Legal,CC-LEGAL-01,2024-09-17,2024-09-09,2024-09-11,Ground Transport,,Ola,Paris,,Paris,CDG,22.4,KM,,597,INR,597,1.0,Concur,Partner Integration,MGR-L01,2024-09-20,APPROVED
EXP-0002165,RPT-202409-0539,EMP-1007,Kiran Rao,Legal,CC-LEGAL-01,2024-09-17,2024-09-09,2024-09-11,Ground Transport,,Metro Rail,,,Paris,CDG,46.4,KM,,1069,INR,1069,1.0,Concur,Partner Integration,MGR-L01,2024-09-20,APPROVED
EXP-0002166,RPT-202409-0540,EMP-1015,Kavita Joshi,HR,CC-HR-01,2024-09-18,2024-09-08,2024-09-11,Airfare,Economy,IndiGo,Delhi,DEL,Chennai,MAA,,KM,,400,INR,400,1.0,Concur,Vendor Meeting,MGR-H01,2024-09-21,APPROVED
EXP-0002167,RPT-202409-0540,EMP-1015,Kavita Joshi,HR,CC-HR-01,2024-09-18,2024-09-08,2024-09-11,Hotel,,JW Marriott Chennai,,,Chennai,MAA,,,3,17000,INR,17000,1.0,Concur,Vendor Meeting,MGR-H01,2024-09-21,APPROVED
EXP-0002168,RPT-202409-0540,EMP-1015,Kavita Joshi,HR,CC-HR-01,2024-09-18,2024-09-08,2024-09-11,Ground Transport,,Meru Cabs,Chennai,,Chennai,MAA,20.9,KM,,470,INR,470,1.0,Concur,Vendor Meeting,MGR-H01,2024-09-21,APPROVED
EXP-0002169,RPT-202409-0541,EMP-1004,Sneha Reddy,HR,CC-HR-01,2024-09-25,2024-09-18,2024-09-20,Airfare,Economy,Etihad,Delhi,DEL,Pune,PNQ,,KM,,300,INR,300,1.0,Concur,Board Review,MGR-H01,,PENDING
EXP-0002170,RPT-202409-0541,EMP-1004,Sneha Reddy,HR,CC-HR-01,2024-09-25,2024-09-18,2024-09-20,Hotel,,Novotel Pune,,,Pune,PNQ,,,2,15500,INR,15500,1.0,Concur,Board Review,MGR-H01,,PENDING
EXP-0002171,RPT-202409-0541,EMP-1004,Sneha Reddy,HR,CC-HR-01,2024-09-25,2024-09-18,2024-09-20,Ground Transport,,Yellow Cab,Pune,,Pune,PNQ,49.1,KM,,980,INR,980,1.0,Concur,Board Review,MGR-H01,,PENDING
EXP-0002172,RPT-202409-0541,EMP-1004,Sneha Reddy,HR,CC-HR-01,2024-09-25,2024-09-18,2024-09-20,Ground Transport,,Rapido,,,Pune,PNQ,51.1,KM,,1416,INR,1416,1.0,Concur,Board Review,MGR-H01,,PENDING
EXP-0002173,RPT-202409-0541,EMP-1004,Sneha Reddy,HR,CC-HR-01,2024-09-25,2024-09-18,2024-09-20,Ground Transport,,Local Taxi,Pune,,Pune,PNQ,20.1,KM,,412,INR,412,1.0,Concur,Board Review,MGR-H01,,PENDING
EXP-0002174,RPT-202410-0542,EMP-1020,Sameer Khan,Legal,CC-LEGAL-01,2024-10-01,2024-09-21,2024-09-23,Airfare,Economy,Vistara,Delhi,DEL,Mumbai,BOM,,KM,,300,INR,300,1.0,Concur,Legal Negotiation,MGR-L01,2024-10-03,APPROVED
EXP-0002175,RPT-202410-0542,EMP-1020,Sameer Khan,Legal,CC-LEGAL-01,2024-10-01,2024-09-21,2024-09-23,Hotel,,Hyatt Regency Mumbai,,,Mumbai,BOM,,,2,15000,INR,15000,1.0,Concur,Legal Negotiation,MGR-L01,2024-10-03,APPROVED
EXP-0002176,RPT-202410-0542,EMP-1020,Sameer Khan,Legal,CC-LEGAL-01,2024-10-01,2024-09-21,2024-09-23,Ground Transport,,Yellow Cab,Mumbai,,Mumbai,BOM,29.3,KM,,676,INR,676,1.0,Concur,Legal Negotiation,MGR-L01,2024-10-03,APPROVED
EXP-0002177,RPT-202409-0543,EMP-1003,Amit Patel,Finance,CC-FIN-01,2024-09-21,2024-09-11,2024-09-14,Airfare,Economy,Vistara,Delhi,DEL,Mumbai,BOM,,KM,,300,INR,300,1.0,Concur,Audit Review,MGR-F01,2024-09-22,APPROVED
EXP-0002178,RPT-202409-0543,EMP-1003,Amit Patel,Finance,CC-FIN-01,2024-09-21,2024-09-11,2024-09-14,Hotel,,Taj Hotels Mumbai,,,Mumbai,BOM,,,3,20000,INR,20000,1.0,Concur,Audit Review,MGR-F01,2024-09-22,APPROVED
EXP-0002179,RPT-202409-0543,EMP-1003,Amit Patel,Finance,CC-FIN-01,2024-09-21,2024-09-11,2024-09-14,Ground Transport,,Yellow Cab,Mumbai,,Mumbai,BOM,43.6,KM,,1232,INR,1232,1.0,Concur,Audit Review,MGR-F01,2024-09-22,APPROVED
EXP-0002180,RPT-202409-0543,EMP-1003,Amit Patel,Finance,CC-FIN-01,2024-09-21,2024-09-11,2024-09-14,Ground Transport,,Grab,,,Mumbai,BOM,33.3,KM,,989,INR,989,1.0,Concur,Audit Review,MGR-F01,2024-09-22,APPROVED
EXP-0002181,RPT-202409-0544,EMP-1012,Mohit Sharma,Finance,CC-FIN-01,2024-09-19,2024-09-13,2024-09-18,Airfare,Business,IndiGo,Delhi,DEL,Kuala Lumpur,KUL,,KM,,7400,INR,7400,1.0,Concur,HR Summit,MGR-F01,2024-09-20,APPROVED
EXP-0002182,RPT-202409-0544,EMP-1012,Mohit Sharma,Finance,CC-FIN-01,2024-09-19,2024-09-13,2024-09-18,Hotel,,Ritz Carlton Kuala Lumpur,,,Kuala Lumpur,KUL,,,5,127500,INR,127500,1.0,Concur,HR Summit,MGR-F01,2024-09-20,APPROVED
EXP-0002183,RPT-202409-0544,EMP-1012,Mohit Sharma,Finance,CC-FIN-01,2024-09-19,2024-09-13,2024-09-18,Ground Transport,,Black Cab,Kuala Lumpur,,Kuala Lumpur,KUL,16.0,KM,,246,INR,246,1.0,Concur,HR Summit,MGR-F01,2024-09-20,APPROVED
EXP-0002184,RPT-202409-0544,EMP-1012,Mohit Sharma,Finance,CC-FIN-01,2024-09-19,2024-09-13,2024-09-18,Ground Transport,,Yellow Cab,,,Kuala Lumpur,KUL,19.2,KM,,528,INR,528,1.0,Concur,HR Summit,MGR-F01,2024-09-20,APPROVED
EXP-0002185,RPT-202409-0544,EMP-1012,Mohit Sharma,Finance,CC-FIN-01,2024-09-19,2024-09-13,2024-09-18,Ground Transport,,Ola,Kuala Lumpur,,Kuala Lumpur,KUL,35.1,KM,,542,INR,542,1.0,Concur,HR Summit,MGR-F01,2024-09-20,APPROVED
EXP-0002186,RPT-202410-0545,EMP-1014,Suresh Babu,Sales,CC-SALES-03,2024-10-03,2024-09-27,2024-09-29,Airfare,Economy,Vistara,Mumbai,BOM,Bangalore,BLR,,KM,,200,INR,200,1.0,Concur,Product Launch,MGR-S02,2024-10-05,APPROVED
EXP-0002187,RPT-202410-0545,EMP-1014,Suresh Babu,Sales,CC-SALES-03,2024-10-03,2024-09-27,2024-09-29,Hotel,,Hyatt Regency Bangalore,,,Bangalore,BLR,,,2,14000,INR,14000,1.0,Concur,Product Launch,MGR-S02,2024-10-05,APPROVED
EXP-0002188,RPT-202410-0545,EMP-1014,Suresh Babu,Sales,CC-SALES-03,2024-10-03,2024-09-27,2024-09-29,Ground Transport,,Meru Cabs,Bangalore,,Bangalore,BLR,39.0,KM,,865,INR,865,1.0,Concur,Product Launch,MGR-S02,2024-10-05,APPROVED
EXP-0002189,RPT-202410-0545,EMP-1014,Suresh Babu,Sales,CC-SALES-03,2024-10-03,2024-09-27,2024-09-29,Ground Transport,,Grab,,,Bangalore,BLR,24.2,KM,,660,INR,660,1.0,Concur,Product Launch,MGR-S02,2024-10-05,APPROVED
EXP-0002190,RPT-202409-0546,EMP-1006,Deepa Iyer,Marketing,CC-MKT-01,2024-09-23,2024-09-20,2024-09-22,Airfare,Economy,Emirates,Mumbai,BOM,Delhi,DEL,,KM,,300,INR,300,1.0,Concur,HR Summit,MGR-M01,2024-09-27,APPROVED
EXP-0002191,RPT-202409-0546,EMP-1006,Deepa Iyer,Marketing,CC-MKT-01,2024-09-23,2024-09-20,2024-09-22,Hotel,,Le Meridien Delhi,,,Delhi,DEL,,,2,11000,INR,11000,1.0,Concur,HR Summit,MGR-M01,2024-09-27,APPROVED
EXP-0002192,RPT-202409-0546,EMP-1006,Deepa Iyer,Marketing,CC-MKT-01,2024-09-23,2024-09-20,2024-09-22,Ground Transport,,Ola,Delhi,,Delhi,DEL,11.3,KM,,276,INR,276,1.0,Concur,HR Summit,MGR-M01,2024-09-27,APPROVED
EXP-0002193,RPT-202409-0546,EMP-1006,Deepa Iyer,Marketing,CC-MKT-01,2024-09-23,2024-09-20,2024-09-22,Ground Transport,,Metro Rail,,,Delhi,DEL,28.6,KM,,668,INR,668,1.0,Concur,HR Summit,MGR-M01,2024-09-27,APPROVED
EXP-0002194,RPT-202409-0547,EMP-1001,Rahul Sharma,Sales,CC-SALES-01,2024-09-11,2024-09-04,2024-09-05,Airfare,Economy,SpiceJet,Mumbai,BOM,Bangalore,BLR,,KM,,200,INR,200,1.0,Concur,Tech Conference,MGR-S01,2024-09-15,APPROVED
EXP-0002195,RPT-202409-0547,EMP-1001,Rahul Sharma,Sales,CC-SALES-01,2024-09-11,2024-09-04,2024-09-05,Hotel,,Hilton Bangalore,,,Bangalore,BLR,,,1,5500,INR,5500,1.0,Concur,Tech Conference,MGR-S01,2024-09-15,APPROVED
EXP-0002196,RPT-202409-0547,EMP-1001,Rahul Sharma,Sales,CC-SALES-01,2024-09-11,2024-09-04,2024-09-05,Ground Transport,,Rapido,Bangalore,,Bangalore,BLR,16.7,KM,,500,INR,500,1.0,Concur,Tech Conference,MGR-S01,2024-09-15,APPROVED
EXP-0002197,RPT-202410-0548,EMP-1001,Rahul Sharma,Sales,CC-SALES-01,2024-10-03,2024-09-28,2024-09-30,Airfare,Economy,IndiGo,Mumbai,BOM,Hyderabad,HYD,,KM,,200,INR,200,1.0,Concur,Legal Negotiation,MGR-S01,2024-10-07,APPROVED
EXP-0002198,RPT-202410-0548,EMP-1001,Rahul Sharma,Sales,CC-SALES-01,2024-10-03,2024-09-28,2024-09-30,Hotel,,ITC Hotels Hyderabad,,,Hyderabad,HYD,,,2,16000,INR,16000,1.0,Concur,Legal Negotiation,MGR-S01,2024-10-07,APPROVED
EXP-0002199,RPT-202410-0548,EMP-1001,Rahul Sharma,Sales,CC-SALES-01,2024-10-03,2024-09-28,2024-09-30,Ground Transport,,Grab,Hyderabad,,Hyderabad,HYD,49.7,KM,,943,INR,943,1.0,Concur,Legal Negotiation,MGR-S01,2024-10-07,APPROVED
EXP-0002200,RPT-202409-0549,EMP-1005,Vikram Nair,Operations,CC-OPS-01,2024-09-11,2024-09-04,2024-09-05,Airfare,Economy,Lufthansa,Chennai,MAA,Bangalore,BLR,,KM,,100,INR,100,1.0,Concur,Operations Review,MGR-O01,2024-09-15,APPROVED
EXP-0002201,RPT-202409-0549,EMP-1005,Vikram Nair,Operations,CC-OPS-01,2024-09-11,2024-09-04,2024-09-05,Hotel,,Westin Bangalore,,,Bangalore,BLR,,,1,8500,INR,8500,1.0,Concur,Operations Review,MGR-O01,2024-09-15,APPROVED
EXP-0002202,RPT-202409-0549,EMP-1005,Vikram Nair,Operations,CC-OPS-01,2024-09-11,2024-09-04,2024-09-05,Ground Transport,,Careem,Bangalore,,Bangalore,BLR,10.5,KM,,299,INR,299,1.0,Concur,Operations Review,MGR-O01,2024-09-15,APPROVED
EXP-0002203,RPT-202409-0549,EMP-1005,Vikram Nair,Operations,CC-OPS-01,2024-09-11,2024-09-04,2024-09-05,Ground Transport,,Grab,,,Bangalore,BLR,52.1,KM,,834,INR,834,1.0,Concur,Operations Review,MGR-O01,2024-09-15,APPROVED
EXP-0002204,RPT-202411-0550,EMP-1002,Priya Menon,Engineering,CC-ENG-01,2024-11-02,2024-10-24,2024-10-31,Airfare,Economy,British Airways,Bangalore,BLR,Tokyo,NRT,,KM,,5700,INR,5700,1.0,Concur,Tech Conference,MGR-E01,2024-11-04,APPROVED
EXP-0002205,RPT-202411-0550,EMP-1002,Priya Menon,Engineering,CC-ENG-01,2024-11-02,2024-10-24,2024-10-31,Hotel,,Radisson Tokyo,,,Tokyo,NRT,,,7,103000,INR,103000,1.0,Concur,Tech Conference,MGR-E01,2024-11-04,APPROVED
EXP-0002206,RPT-202411-0550,EMP-1002,Priya Menon,Engineering,CC-ENG-01,2024-11-02,2024-10-24,2024-10-31,Ground Transport,,Black Cab,Tokyo,,Tokyo,NRT,23.2,KM,,368,INR,368,1.0,Concur,Tech Conference,MGR-E01,2024-11-04,APPROVED
EXP-0002207,RPT-202411-0550,EMP-1002,Priya Menon,Engineering,CC-ENG-01,2024-11-02,2024-10-24,2024-10-31,Ground Transport,,Black Cab,,,Tokyo,NRT,26.3,KM,,722,INR,722,1.0,Concur,Tech Conference,MGR-E01,2024-11-04,APPROVED
EXP-0002208,RPT-202410-0551,EMP-1002,Priya Menon,Engineering,CC-ENG-01,2024-10-31,2024-10-28,2024-10-30,Airfare,Economy,Go First,Bangalore,BLR,Hyderabad,HYD,,KM,,100,INR,100,1.0,Concur,Client Meeting,MGR-E01,2024-11-02,APPROVED
EXP-0002209,RPT-202410-0551,EMP-1002,Priya Menon,Engineering,CC-ENG-01,2024-10-31,2024-10-28,2024-10-30,Hotel,,Marriott Hyderabad,,,Hyderabad,HYD,,,2,11000,INR,11000,1.0,Concur,Client Meeting,MGR-E01,2024-11-02,APPROVED
EXP-0002210,RPT-202410-0551,EMP-1002,Priya Menon,Engineering,CC-ENG-01,2024-10-31,2024-10-28,2024-10-30,Ground Transport,,Black Cab,Hyderabad,,Hyderabad,HYD,36.6,KM,,1046,INR,1046,1.0,Concur,Client Meeting,MGR-E01,2024-11-02,APPROVED
EXP-0002211,RPT-202410-0552,EMP-1001,Rahul Sharma,Sales,CC-SALES-01,2024-10-18,2024-10-11,2024-10-15,Airfare,Economy,Vistara,Mumbai,BOM,Chennai,MAA,,KM,,300,INR,300,1.0,Concur,Vendor Meeting,MGR-S01,2024-10-19,APPROVED
EXP-0002212,RPT-202410-0552,EMP-1001,Rahul Sharma,Sales,CC-SALES-01,2024-10-18,2024-10-11,2024-10-15,Hotel,,ITC Hotels Chennai,,,Chennai,MAA,,,4,29500,INR,29500,1.0,Concur,Vendor Meeting,MGR-S01,2024-10-19,APPROVED
EXP-0002213,RPT-202410-0552,EMP-1001,Rahul Sharma,Sales,CC-SALES-01,2024-10-18,2024-10-11,2024-10-15,Ground Transport,,Local Taxi,Chennai,,Chennai,MAA,53.5,KM,,1233,INR,1233,1.0,Concur,Vendor Meeting,MGR-S01,2024-10-19,APPROVED
EXP-0002214,RPT-202410-0553,EMP-1019,Pooja Desai,Operations,CC-OPS-01,2024-10-29,2024-10-21,2024-10-22,Airfare,Business,SpiceJet,Chennai,MAA,Mumbai,BOM,,KM,,500,INR,500,1.0,Concur,Budget Review,MGR-O01,2024-11-01,APPROVED
EXP-0002215,RPT-202410-0553,EMP-1019,Pooja Desai,Operations,CC-OPS-01,2024-10-29,2024-10-21,2024-10-22,Hotel,,Taj Hotels Mumbai,,,Mumbai,BOM,,,1,6000,INR,6000,1.0,Concur,Budget Review,MGR-O01,2024-11-01,APPROVED
EXP-0002216,RPT-202410-0553,EMP-1019,Pooja Desai,Operations,CC-OPS-01,2024-10-29,2024-10-21,2024-10-22,Ground Transport,,Rapido,Mumbai,,Mumbai,BOM,33.2,KM,,993,INR,993,1.0,Concur,Budget Review,MGR-O01,2024-11-01,APPROVED
EXP-0002217,RPT-202410-0553,EMP-1019,Pooja Desai,Operations,CC-OPS-01,2024-10-29,2024-10-21,2024-10-22,Ground Transport,,Meru Cabs,,,Mumbai,BOM,38.3,KM,,705,INR,705,1.0,Concur,Budget Review,MGR-O01,2024-11-01,APPROVED
EXP-0002218,RPT-202410-0553,EMP-1019,Pooja Desai,Operations,CC-OPS-01,2024-10-29,2024-10-21,2024-10-22,Ground Transport,,Ola,Mumbai,,Mumbai,BOM,39.8,KM,,910,INR,910,1.0,Concur,Budget Review,MGR-O01,2024-11-01,APPROVED
EXP-0002219,RPT-202411-0554,EMP-1017,Meera Pillai,Engineering,CC-ENG-02,2024-11-05,2024-10-28,2024-10-31,Airfare,Economy,British Airways,Bangalore,BLR,Mumbai,BOM,,KM,,300,INR,300,1.0,Concur,Sales Pitch,MGR-E01,2024-11-06,APPROVED
EXP-0002220,RPT-202411-0554,EMP-1017,Meera Pillai,Engineering,CC-ENG-02,2024-11-05,2024-10-28,2024-10-31,Hotel,,JW Marriott Mumbai,,,Mumbai,BOM,,,3,17000,INR,17000,1.0,Concur,Sales Pitch,MGR-E01,2024-11-06,APPROVED
EXP-0002221,RPT-202411-0554,EMP-1017,Meera Pillai,Engineering,CC-ENG-02,2024-11-05,2024-10-28,2024-10-31,Ground Transport,,Ola,Mumbai,,Mumbai,BOM,45.3,KM,,1338,INR,1338,1.0,Concur,Sales Pitch,MGR-E01,2024-11-06,APPROVED
EXP-0002222,RPT-202410-0555,EMP-1003,Amit Patel,Finance,CC-FIN-01,2024-10-17,2024-10-07,2024-10-10,Airfare,Economy,Air India,Delhi,DEL,Bangalore,BLR,,KM,,500,INR,500,1.0,Concur,Annual Planning,MGR-F01,2024-10-18,APPROVED
EXP-0002223,RPT-202410-0555,EMP-1003,Amit Patel,Finance,CC-FIN-01,2024-10-17,2024-10-07,2024-10-10,Hotel,,Le Meridien Bangalore,,,Bangalore,BLR,,,3,18500,INR,18500,1.0,Concur,Annual Planning,MGR-F01,2024-10-18,APPROVED
EXP-0002224,RPT-202410-0555,EMP-1003,Amit Patel,Finance,CC-FIN-01,2024-10-17,2024-10-07,2024-10-10,Ground Transport,,Local Taxi,Bangalore,,Bangalore,BLR,46.0,KM,,1358,INR,1358,1.0,Concur,Annual Planning,MGR-F01,2024-10-18,APPROVED
EXP-0002225,RPT-202410-0555,EMP-1003,Amit Patel,Finance,CC-FIN-01,2024-10-17,2024-10-07,2024-10-10,Ground Transport,,Meru Cabs,,,Bangalore,BLR,10.9,KM,,296,INR,296,1.0,Concur,Annual Planning,MGR-F01,2024-10-18,APPROVED
EXP-0002226,RPT-202410-0555,EMP-1003,Amit Patel,Finance,CC-FIN-01,2024-10-17,2024-10-07,2024-10-10,Ground Transport,,Ola,Bangalore,,Bangalore,BLR,17.3,KM,,418,INR,418,1.0,Concur,Annual Planning,MGR-F01,2024-10-18,APPROVED
EXP-0002227,RPT-202411-0556,EMP-1020,Sameer Khan,Legal,CC-LEGAL-01,2024-11-02,2024-10-23,2024-10-25,Airfare,Economy,Air India,Delhi,DEL,Kolkata,CCU,,KM,,400,INR,400,1.0,Concur,Board Review,MGR-L01,2024-11-04,APPROVED
EXP-0002228,RPT-202411-0556,EMP-1020,Sameer Khan,Legal,CC-LEGAL-01,2024-11-02,2024-10-23,2024-10-25,Hotel,,Novotel Kolkata,,,Kolkata,CCU,,,2,15500,INR,15500,1.0,Concur,Board Review,MGR-L01,2024-11-04,APPROVED
EXP-0002229,RPT-202411-0556,EMP-1020,Sameer Khan,Legal,CC-LEGAL-01,2024-11-02,2024-10-23,2024-10-25,Ground Transport,,Ola,Kolkata,,Kolkata,CCU,15.9,KM,,241,INR,241,1.0,Concur,Board Review,MGR-L01,2024-11-04,APPROVED
EXP-0002230,RPT-202411-0556,EMP-1020,Sameer Khan,Legal,CC-LEGAL-01,2024-11-02,2024-10-23,2024-10-25,Ground Transport,,Black Cab,,,Kolkata,CCU,32.4,KM,,588,INR,588,1.0,Concur,Board Review,MGR-L01,2024-11-04,APPROVED
EXP-0002231,RPT-202410-0557,EMP-1014,Suresh Babu,Sales,CC-SALES-03,2024-10-27,2024-10-22,2024-10-26,Airfare,Economy,Singapore Airlines,Mumbai,BOM,Delhi,DEL,,KM,,300,INR,300,1.0,Concur,Client Meeting,MGR-S02,2024-10-28,APPROVED
EXP-0002232,RPT-202410-0557,EMP-1014,Suresh Babu,Sales,CC-SALES-03,2024-10-27,2024-10-22,2024-10-26,Hotel,,JW Marriott Delhi,,,Delhi,DEL,,,4,24000,INR,24000,1.0,Concur,Client Meeting,MGR-S02,2024-10-28,APPROVED
EXP-0002233,RPT-202410-0557,EMP-1014,Suresh Babu,Sales,CC-SALES-03,2024-10-27,2024-10-22,2024-10-26,Ground Transport,,Careem,Delhi,,Delhi,DEL,41.2,KM,,860,INR,860,1.0,Concur,Client Meeting,MGR-S02,2024-10-28,APPROVED
EXP-0002234,RPT-202410-0557,EMP-1014,Suresh Babu,Sales,CC-SALES-03,2024-10-27,2024-10-22,2024-10-26,Ground Transport,,Local Taxi,,,Delhi,DEL,54.3,KM,,1277,INR,1277,1.0,Concur,Client Meeting,MGR-S02,2024-10-28,APPROVED
EXP-0002235,RPT-202410-0558,EMP-1020,Sameer Khan,Legal,CC-LEGAL-01,2024-10-18,2024-10-12,2024-10-15,Airfare,Economy,Go First,Delhi,DEL,Ahmedabad,AMD,,KM,,200,INR,200,1.0,Concur,Product Launch,MGR-L01,2024-10-19,APPROVED
EXP-0002236,RPT-202410-0558,EMP-1020,Sameer Khan,Legal,CC-LEGAL-01,2024-10-18,2024-10-12,2024-10-15,Hotel,,Le Meridien Ahmedabad,,,Ahmedabad,AMD,,,3,17500,INR,17500,1.0,Concur,Product Launch,MGR-L01,2024-10-19,APPROVED
EXP-0002237,RPT-202410-0558,EMP-1020,Sameer Khan,Legal,CC-LEGAL-01,2024-10-18,2024-10-12,2024-10-15,Ground Transport,,Meru Cabs,Ahmedabad,,Ahmedabad,AMD,19.8,KM,,466,INR,466,1.0,Concur,Product Launch,MGR-L01,2024-10-19,APPROVED
EXP-0002238,RPT-202410-0558,EMP-1020,Sameer Khan,Legal,CC-LEGAL-01,2024-10-18,2024-10-12,2024-10-15,Ground Transport,,Yellow Cab,,,Ahmedabad,AMD,15.5,KM,,356,INR,356,1.0,Concur,Product Launch,MGR-L01,2024-10-19,APPROVED
EXP-0002239,RPT-202410-0558,EMP-1020,Sameer Khan,Legal,CC-LEGAL-01,2024-10-18,2024-10-12,2024-10-15,Ground Transport,,Careem,Ahmedabad,,Ahmedabad,AMD,32.4,KM,,689,INR,689,1.0,Concur,Product Launch,MGR-L01,2024-10-19,APPROVED
EXP-0002240,RPT-202410-0559,EMP-1003,Amit Patel,Finance,CC-FIN-01,2024-10-27,2024-10-21,2024-10-23,Airfare,Economy,Vistara,Delhi,DEL,Hyderabad,HYD,,KM,,300,INR,300,1.0,Concur,Audit Review,MGR-F01,2024-10-30,APPROVED
EXP-0002241,RPT-202410-0559,EMP-1003,Amit Patel,Finance,CC-FIN-01,2024-10-27,2024-10-21,2024-10-23,Hotel,,Marriott Hyderabad,,,Hyderabad,HYD,,,2,17500,INR,17500,1.0,Concur,Audit Review,MGR-F01,2024-10-30,APPROVED
EXP-0002242,RPT-202410-0559,EMP-1003,Amit Patel,Finance,CC-FIN-01,2024-10-27,2024-10-21,2024-10-23,Ground Transport,,Uber,Hyderabad,,Hyderabad,HYD,26.3,KM,,586,INR,586,1.0,Concur,Audit Review,MGR-F01,2024-10-30,APPROVED
EXP-0002243,RPT-202410-0559,EMP-1003,Amit Patel,Finance,CC-FIN-01,2024-10-27,2024-10-21,2024-10-23,Ground Transport,,Yellow Cab,,,Hyderabad,HYD,49.4,KM,,1255,INR,1255,1.0,Concur,Audit Review,MGR-F01,2024-10-30,APPROVED
EXP-0002244,RPT-202410-0560,EMP-1003,Amit Patel,Finance,CC-FIN-01,2024-10-11,2024-10-04,2024-10-08,Airfare,Economy,Emirates,Delhi,DEL,Chennai,MAA,,KM,,400,INR,400,1.0,Concur,Product Launch,MGR-F01,2024-10-12,APPROVED
EXP-0002245,RPT-202410-0560,EMP-1003,Amit Patel,Finance,CC-FIN-01,2024-10-11,2024-10-04,2024-10-08,Hotel,,Radisson Blu Chennai,,,Chennai,MAA,,,4,22000,INR,22000,1.0,Concur,Product Launch,MGR-F01,2024-10-12,APPROVED
EXP-0002246,RPT-202410-0560,EMP-1003,Amit Patel,Finance,CC-FIN-01,2024-10-11,2024-10-04,2024-10-08,Ground Transport,,Black Cab,Chennai,,Chennai,MAA,51.8,KM,,882,INR,882,1.0,Concur,Product Launch,MGR-F01,2024-10-12,APPROVED
EXP-0002247,RPT-202410-0560,EMP-1003,Amit Patel,Finance,CC-FIN-01,2024-10-11,2024-10-04,2024-10-08,Ground Transport,,Black Cab,,,Chennai,MAA,38.1,KM,,881,INR,881,1.0,Concur,Product Launch,MGR-F01,2024-10-12,APPROVED
EXP-0002248,RPT-202410-0560,EMP-1003,Amit Patel,Finance,CC-FIN-01,2024-10-11,2024-10-04,2024-10-08,Ground Transport,,Black Cab,Chennai,,Chennai,MAA,38.9,KM,,801,INR,801,1.0,Concur,Product Launch,MGR-F01,2024-10-12,APPROVED
EXP-0002249,RPT-202410-0561,EMP-1017,Meera Pillai,Engineering,CC-ENG-02,2024-10-19,2024-10-13,2024-10-15,Airfare,Economy,Lufthansa,Bangalore,BLR,Mumbai,BOM,,KM,,300,INR,300,1.0,Concur,Legal Negotiation,MGR-E01,,REJECTED
EXP-0002250,RPT-202410-0561,EMP-1017,Meera Pillai,Engineering,CC-ENG-02,2024-10-19,2024-10-13,2024-10-15,Hotel,,Taj Hotels Mumbai,,,Mumbai,BOM,,,2,12500,INR,12500,1.0,Concur,Legal Negotiation,MGR-E01,,REJECTED
EXP-0002251,RPT-202410-0561,EMP-1017,Meera Pillai,Engineering,CC-ENG-02,2024-10-19,2024-10-13,2024-10-15,Ground Transport,,Yellow Cab,Mumbai,,Mumbai,BOM,42.2,KM,,717,INR,717,1.0,Concur,Legal Negotiation,MGR-E01,,REJECTED
EXP-0002252,RPT-202411-0562,EMP-1018,Aakash Tiwari,Sales,CC-SALES-01,2024-11-02,2024-10-27,2024-10-28,Airfare,Economy,British Airways,Mumbai,BOM,Hyderabad,HYD,,KM,,200,INR,200,1.0,Concur,Team Offsite,MGR-S01,2024-11-03,APPROVED
EXP-0002253,RPT-202411-0562,EMP-1018,Aakash Tiwari,Sales,CC-SALES-01,2024-11-02,2024-10-27,2024-10-28,Hotel,,Radisson Blu Hyderabad,,,Hyderabad,HYD,,,1,5000,INR,5000,1.0,Concur,Team Offsite,MGR-S01,2024-11-03,APPROVED
EXP-0002254,RPT-202411-0562,EMP-1018,Aakash Tiwari,Sales,CC-SALES-01,2024-11-02,2024-10-27,2024-10-28,Ground Transport,,Yellow Cab,Hyderabad,,Hyderabad,HYD,45.2,KM,,1329,INR,1329,1.0,Concur,Team Offsite,MGR-S01,2024-11-03,APPROVED
EXP-0002255,RPT-202411-0562,EMP-1018,Aakash Tiwari,Sales,CC-SALES-01,2024-11-02,2024-10-27,2024-10-28,Ground Transport,,Yellow Cab,,,Hyderabad,HYD,23.0,KM,,513,INR,513,1.0,Concur,Team Offsite,MGR-S01,2024-11-03,APPROVED
EXP-0002256,RPT-202411-0562,EMP-1018,Aakash Tiwari,Sales,CC-SALES-01,2024-11-02,2024-10-27,2024-10-28,Ground Transport,,Careem,Hyderabad,,Hyderabad,HYD,23.7,KM,,374,INR,374,1.0,Concur,Team Offsite,MGR-S01,2024-11-03,APPROVED
EXP-0002257,RPT-202410-0563,EMP-1020,Sameer Khan,Legal,CC-LEGAL-01,2024-10-12,2024-10-05,2024-10-09,Airfare,Business,IndiGo,Delhi,DEL,Kolkata,CCU,,KM,,500,INR,500,1.0,Concur,Client Meeting,MGR-L01,2024-10-15,APPROVED
EXP-0002258,RPT-202410-0563,EMP-1020,Sameer Khan,Legal,CC-LEGAL-01,2024-10-12,2024-10-05,2024-10-09,Hotel,,JW Marriott Kolkata,,,Kolkata,CCU,,,4,26000,INR,26000,1.0,Concur,Client Meeting,MGR-L01,2024-10-15,APPROVED
EXP-0002259,RPT-202410-0563,EMP-1020,Sameer Khan,Legal,CC-LEGAL-01,2024-10-12,2024-10-05,2024-10-09,Ground Transport,,Metro Rail,Kolkata,,Kolkata,CCU,14.4,KM,,324,INR,324,1.0,Concur,Client Meeting,MGR-L01,2024-10-15,APPROVED
EXP-0002260,RPT-202410-0564,EMP-1001,Rahul Sharma,Sales,CC-SALES-01,2024-10-10,2024-10-03,2024-10-05,Airfare,Economy,Etihad,Mumbai,BOM,Sydney,SYD,,KM,,7800,INR,7800,1.0,Concur,Product Launch,MGR-S01,2024-10-13,APPROVED
EXP-0002261,RPT-202410-0564,EMP-1001,Rahul Sharma,Sales,CC-SALES-01,2024-10-10,2024-10-03,2024-10-05,Hotel,,Radisson Sydney,,,Sydney,SYD,,,2,57500,INR,57500,1.0,Concur,Product Launch,MGR-S01,2024-10-13,APPROVED
EXP-0002262,RPT-202410-0564,EMP-1001,Rahul Sharma,Sales,CC-SALES-01,2024-10-10,2024-10-03,2024-10-05,Ground Transport,,Local Taxi,Sydney,,Sydney,SYD,14.6,KM,,377,INR,377,1.0,Concur,Product Launch,MGR-S01,2024-10-13,APPROVED
EXP-0002263,RPT-202410-0564,EMP-1001,Rahul Sharma,Sales,CC-SALES-01,2024-10-10,2024-10-03,2024-10-05,Ground Transport,,Meru Cabs,,,Sydney,SYD,27.4,KM,,438,INR,438,1.0,Concur,Product Launch,MGR-S01,2024-10-13,APPROVED
EXP-0002264,RPT-202411-0565,EMP-1005,Vikram Nair,Operations,CC-OPS-01,2024-11-01,2024-10-21,2024-10-25,Airfare,Economy,British Airways,Chennai,MAA,Bangkok,BKK,,KM,,2100,INR,2100,1.0,Concur,Budget Review,MGR-O01,2024-11-02,APPROVED
EXP-0002265,RPT-202411-0565,EMP-1005,Vikram Nair,Operations,CC-OPS-01,2024-11-01,2024-10-21,2024-10-25,Hotel,,Ibis Bangkok,,,Bangkok,BKK,,,4,127500,INR,127500,1.0,Concur,Budget Review,MGR-O01,2024-11-02,APPROVED
EXP-0002266,RPT-202411-0565,EMP-1005,Vikram Nair,Operations,CC-OPS-01,2024-11-01,2024-10-21,2024-10-25,Ground Transport,,Ola,Bangkok,,Bangkok,BKK,17.5,KM,,387,INR,387,1.0,Concur,Budget Review,MGR-O01,2024-11-02,APPROVED
EXP-0002267,RPT-202411-0565,EMP-1005,Vikram Nair,Operations,CC-OPS-01,2024-11-01,2024-10-21,2024-10-25,Ground Transport,,Ola,,,Bangkok,BKK,44.6,KM,,1088,INR,1088,1.0,Concur,Budget Review,MGR-O01,2024-11-02,APPROVED
EXP-0002268,RPT-202411-0565,EMP-1005,Vikram Nair,Operations,CC-OPS-01,2024-11-01,2024-10-21,2024-10-25,Ground Transport,,Careem,Bangkok,,Bangkok,BKK,41.9,KM,,1193,INR,1193,1.0,Concur,Budget Review,MGR-O01,2024-11-02,APPROVED
EXP-0002269,RPT-202410-0566,EMP-1010,Ravi Krishnan,Operations,CC-OPS-02,2024-10-12,2024-10-08,2024-10-09,Airfare,Business,Singapore Airlines,Chennai,MAA,Delhi,DEL,,KM,,600,INR,600,1.0,Concur,Product Launch,MGR-O01,2024-10-16,APPROVED
EXP-0002270,RPT-202410-0566,EMP-1010,Ravi Krishnan,Operations,CC-OPS-02,2024-10-12,2024-10-08,2024-10-09,Hotel,,Novotel Delhi,,,Delhi,DEL,,,1,8500,INR,8500,1.0,Concur,Product Launch,MGR-O01,2024-10-16,APPROVED
EXP-0002271,RPT-202410-0566,EMP-1010,Ravi Krishnan,Operations,CC-OPS-02,2024-10-12,2024-10-08,2024-10-09,Ground Transport,,Careem,Delhi,,Delhi,DEL,44.7,KM,,1050,INR,1050,1.0,Concur,Product Launch,MGR-O01,2024-10-16,APPROVED
EXP-0002272,RPT-202410-0566,EMP-1010,Ravi Krishnan,Operations,CC-OPS-02,2024-10-12,2024-10-08,2024-10-09,Ground Transport,,Metro Rail,,,Delhi,DEL,15.7,KM,,288,INR,288,1.0,Concur,Product Launch,MGR-O01,2024-10-16,APPROVED
EXP-0002273,RPT-202410-0566,EMP-1010,Ravi Krishnan,Operations,CC-OPS-02,2024-10-12,2024-10-08,2024-10-09,Ground Transport,,Uber,Delhi,,Delhi,DEL,18.5,KM,,317,INR,317,1.0,Concur,Product Launch,MGR-O01,2024-10-16,APPROVED
EXP-0002274,RPT-202411-0567,EMP-1009,Sunita Gupta,Sales,CC-SALES-02,2024-11-10,2024-10-28,2024-11-03,Airfare,Business,Air India,Mumbai,BOM,New York,JFK,,KM,,21600,INR,21600,1.0,Concur,Training Program,MGR-S01,2024-11-11,APPROVED
EXP-0002275,RPT-202411-0567,EMP-1009,Sunita Gupta,Sales,CC-SALES-02,2024-11-10,2024-10-28,2024-11-03,Hotel,,Radisson New York,,,New York,JFK,,,6,205500,INR,205500,1.0,Concur,Training Program,MGR-S01,2024-11-11,APPROVED
EXP-0002276,RPT-202411-0567,EMP-1009,Sunita Gupta,Sales,CC-SALES-02,2024-11-10,2024-10-28,2024-11-03,Ground Transport,,Grab,New York,,New York,JFK,54.1,KM,,866,INR,866,1.0,Concur,Training Program,MGR-S01,2024-11-11,APPROVED
EXP-0002277,RPT-202410-0568,EMP-1010,Ravi Krishnan,Operations,CC-OPS-02,2024-10-26,2024-10-14,2024-10-18,Airfare,Economy,Qatar Airways,Chennai,MAA,Pune,PNQ,,KM,,300,INR,300,1.0,Concur,Partner Integration,MGR-O01,2024-10-28,APPROVED
EXP-0002278,RPT-202410-0568,EMP-1010,Ravi Krishnan,Operations,CC-OPS-02,2024-10-26,2024-10-14,2024-10-18,Hotel,,Hyatt Regency Pune,,,Pune,PNQ,,,4,28000,INR,28000,1.0,Concur,Partner Integration,MGR-O01,2024-10-28,APPROVED
EXP-0002279,RPT-202410-0568,EMP-1010,Ravi Krishnan,Operations,CC-OPS-02,2024-10-26,2024-10-14,2024-10-18,Ground Transport,,Uber,Pune,,Pune,PNQ,40.5,KM,,1033,INR,1033,1.0,Concur,Partner Integration,MGR-O01,2024-10-28,APPROVED
EXP-0002280,RPT-202410-0568,EMP-1010,Ravi Krishnan,Operations,CC-OPS-02,2024-10-26,2024-10-14,2024-10-18,Ground Transport,,Uber,,,Pune,PNQ,44.0,KM,,1155,INR,1155,1.0,Concur,Partner Integration,MGR-O01,2024-10-28,APPROVED
EXP-0002281,RPT-202410-0568,EMP-1010,Ravi Krishnan,Operations,CC-OPS-02,2024-10-26,2024-10-14,2024-10-18,Ground Transport,,Metro Rail,Pune,,Pune,PNQ,33.7,KM,,586,INR,586,1.0,Concur,Partner Integration,MGR-O01,2024-10-28,APPROVED
EXP-0002282,RPT-202410-0569,EMP-1011,Anjali Singh,Marketing,CC-MKT-01,2024-10-13,2024-10-03,2024-10-05,Airfare,Economy,Emirates,Mumbai,BOM,Frankfurt,FRA,,KM,,5600,INR,5600,1.0,Concur,HR Summit,MGR-M01,2024-10-15,APPROVED
EXP-0002283,RPT-202410-0569,EMP-1011,Anjali Singh,Marketing,CC-MKT-01,2024-10-13,2024-10-03,2024-10-05,Hotel,,Marriott Frankfurt,,,Frankfurt,FRA,,,2,63500,INR,63500,1.0,Concur,HR Summit,MGR-M01,2024-10-15,APPROVED
EXP-0002284,RPT-202410-0569,EMP-1011,Anjali Singh,Marketing,CC-MKT-01,2024-10-13,2024-10-03,2024-10-05,Ground Transport,,Metro Rail,Frankfurt,,Frankfurt,FRA,20.0,KM,,555,INR,555,1.0,Concur,HR Summit,MGR-M01,2024-10-15,APPROVED
EXP-0002285,RPT-202410-0570,EMP-1005,Vikram Nair,Operations,CC-OPS-01,2024-10-26,2024-10-18,2024-10-23,Airfare,Economy,Vistara,Chennai,MAA,Kuala Lumpur,KUL,,KM,,2200,INR,2200,1.0,Concur,Operations Review,MGR-O01,2024-10-28,APPROVED
EXP-0002286,RPT-202410-0570,EMP-1005,Vikram Nair,Operations,CC-OPS-01,2024-10-26,2024-10-18,2024-10-23,Hotel,,Four Seasons Kuala Lumpur,,,Kuala Lumpur,KUL,,,5,142000,INR,142000,1.0,Concur,Operations Review,MGR-O01,2024-10-28,APPROVED
EXP-0002287,RPT-202410-0570,EMP-1005,Vikram Nair,Operations,CC-OPS-01,2024-10-26,2024-10-18,2024-10-23,Ground Transport,,Black Cab,Kuala Lumpur,,Kuala Lumpur,KUL,10.6,KM,,221,INR,221,1.0,Concur,Operations Review,MGR-O01,2024-10-28,APPROVED
EXP-0002288,RPT-202410-0570,EMP-1005,Vikram Nair,Operations,CC-OPS-01,2024-10-26,2024-10-18,2024-10-23,Ground Transport,,Ola,,,Kuala Lumpur,KUL,37.7,KM,,1109,INR,1109,1.0,Concur,Operations Review,MGR-O01,2024-10-28,APPROVED
EXP-0002289,RPT-202410-0570,EMP-1005,Vikram Nair,Operations,CC-OPS-01,2024-10-26,2024-10-18,2024-10-23,Ground Transport,,Grab,Kuala Lumpur,,Kuala Lumpur,KUL,54.8,KM,,1321,INR,1321,1.0,Concur,Operations Review,MGR-O01,2024-10-28,APPROVED
EXP-0002290,RPT-202411-0571,EMP-1010,Ravi Krishnan,Operations,CC-OPS-02,2024-11-05,2024-10-26,2024-10-30,Airfare,Economy,Vistara,Chennai,MAA,Tokyo,NRT,,KM,,5500,INR,5500,1.0,Concur,Training Program,MGR-O01,,REJECTED
EXP-0002291,RPT-202411-0571,EMP-1010,Ravi Krishnan,Operations,CC-OPS-02,2024-11-05,2024-10-26,2024-10-30,Hotel,,Four Seasons Tokyo,,,Tokyo,NRT,,,4,123000,INR,123000,1.0,Concur,Training Program,MGR-O01,,REJECTED
EXP-0002292,RPT-202411-0571,EMP-1010,Ravi Krishnan,Operations,CC-OPS-02,2024-11-05,2024-10-26,2024-10-30,Ground Transport,,Metro Rail,Tokyo,,Tokyo,NRT,10.3,KM,,225,INR,225,1.0,Concur,Training Program,MGR-O01,,REJECTED
EXP-0002293,RPT-202411-0572,EMP-1010,Ravi Krishnan,Operations,CC-OPS-02,2024-11-01,2024-10-24,2024-10-26,Airfare,Economy,Go First,Chennai,MAA,Ahmedabad,AMD,,KM,,400,INR,400,1.0,Concur,Sales Pitch,MGR-O01,2024-11-02,APPROVED
EXP-0002294,RPT-202411-0572,EMP-1010,Ravi Krishnan,Operations,CC-OPS-02,2024-11-01,2024-10-24,2024-10-26,Hotel,,Westin Ahmedabad,,,Ahmedabad,AMD,,,2,11500,INR,11500,1.0,Concur,Sales Pitch,MGR-O01,2024-11-02,APPROVED
EXP-0002295,RPT-202411-0572,EMP-1010,Ravi Krishnan,Operations,CC-OPS-02,2024-11-01,2024-10-24,2024-10-26,Ground Transport,,Local Taxi,Ahmedabad,,Ahmedabad,AMD,53.5,KM,,879,INR,879,1.0,Concur,Sales Pitch,MGR-O01,2024-11-02,APPROVED
EXP-0002296,RPT-202411-0572,EMP-1010,Ravi Krishnan,Operations,CC-OPS-02,2024-11-01,2024-10-24,2024-10-26,Ground Transport,,Ola,,,Ahmedabad,AMD,22.7,KM,,591,INR,591,1.0,Concur,Sales Pitch,MGR-O01,2024-11-02,APPROVED
EXP-0002297,RPT-202411-0572,EMP-1010,Ravi Krishnan,Operations,CC-OPS-02,2024-11-01,2024-10-24,2024-10-26,Ground Transport,,Local Taxi,Ahmedabad,,Ahmedabad,AMD,33.4,KM,,567,INR,567,1.0,Concur,Sales Pitch,MGR-O01,2024-11-02,APPROVED
EXP-0002298,RPT-202410-0573,EMP-1020,Sameer Khan,Legal,CC-LEGAL-01,2024-10-09,2024-10-01,2024-10-04,Airfare,Economy,SpiceJet,Delhi,,Kolkata,CCU,,KM,,400,INR,400,1.0,Concur,Product Launch,MGR-L01,2024-10-10,APPROVED
EXP-0002299,RPT-202410-0573,EMP-1020,Sameer Khan,Legal,CC-LEGAL-01,2024-10-09,2024-10-01,2024-10-04,Hotel,,JW Marriott Kolkata,,,Kolkata,CCU,,,3,18000,INR,18000,1.0,Concur,Product Launch,MGR-L01,2024-10-10,APPROVED
EXP-0002300,RPT-202410-0573,EMP-1020,Sameer Khan,Legal,CC-LEGAL-01,2024-10-09,2024-10-01,2024-10-04,Ground Transport,,Black Cab,Kolkata,,Kolkata,CCU,34.7,KM,,867,INR,867,1.0,Concur,Product Launch,MGR-L01,2024-10-10,APPROVED
EXP-0002301,RPT-202410-0573,EMP-1020,Sameer Khan,Legal,CC-LEGAL-01,2024-10-09,2024-10-01,2024-10-04,Ground Transport,,Yellow Cab,,,Kolkata,CCU,36.9,KM,,988,INR,988,1.0,Concur,Product Launch,MGR-L01,2024-10-10,APPROVED
EXP-0002302,RPT-202410-0573,EMP-1020,Sameer Khan,Legal,CC-LEGAL-01,2024-10-09,2024-10-01,2024-10-04,Ground Transport,,Yellow Cab,Kolkata,,Kolkata,CCU,16.1,KM,,312,INR,312,1.0,Concur,Product Launch,MGR-L01,2024-10-10,APPROVED
EXP-0002303,RPT-202410-0574,EMP-1007,Kiran Rao,Legal,CC-LEGAL-01,2024-10-20,2024-10-17,2024-10-18,Airfare,Economy,SpiceJet,Delhi,DEL,Chennai,MAA,,KM,,500,INR,500,1.0,Concur,Partner Integration,MGR-L01,2024-10-24,APPROVED
EXP-0002304,RPT-202410-0574,EMP-1007,Kiran Rao,Legal,CC-LEGAL-01,2024-10-20,2024-10-17,2024-10-18,Hotel,,Taj Hotels Chennai,,,Chennai,MAA,,,1,5500,INR,5500,1.0,Concur,Partner Integration,MGR-L01,2024-10-24,APPROVED
EXP-0002305,RPT-202410-0574,EMP-1007,Kiran Rao,Legal,CC-LEGAL-01,2024-10-20,2024-10-17,2024-10-18,Ground Transport,,Ola,Chennai,,Chennai,MAA,47.2,KM,,843,INR,843,1.0,Concur,Partner Integration,MGR-L01,2024-10-24,APPROVED
EXP-0002306,RPT-202410-0574,EMP-1007,Kiran Rao,Legal,CC-LEGAL-01,2024-10-20,2024-10-17,2024-10-18,Ground Transport,,Meru Cabs,,,Chennai,MAA,11.1,KM,,233,INR,233,1.0,Concur,Partner Integration,MGR-L01,2024-10-24,APPROVED
EXP-0002307,RPT-202411-0575,EMP-1008,Arjun Mehta,Engineering,CC-ENG-02,2024-11-01,2024-10-27,2024-10-31,Airfare,Business,Vistara,Bangalore,BLR,Ahmedabad,AMD,,KM,,500,INR,500,1.0,Concur,Client Meeting,MGR-E01,2024-11-04,APPROVED
EXP-0002308,RPT-202411-0575,EMP-1008,Arjun Mehta,Engineering,CC-ENG-02,2024-11-01,2024-10-27,2024-10-31,Hotel,,Taj Hotels Ahmedabad,,,Ahmedabad,AMD,,,4,29000,INR,29000,1.0,Concur,Client Meeting,MGR-E01,2024-11-04,APPROVED
EXP-0002309,RPT-202411-0575,EMP-1008,Arjun Mehta,Engineering,CC-ENG-02,2024-11-01,2024-10-27,2024-10-31,Ground Transport,,Rapido,Ahmedabad,,Ahmedabad,AMD,10.1,KM,,235,INR,235,1.0,Concur,Client Meeting,MGR-E01,2024-11-04,APPROVED
EXP-0002310,RPT-202411-0575,EMP-1008,Arjun Mehta,Engineering,CC-ENG-02,2024-11-01,2024-10-27,2024-10-31,Ground Transport,,Uber,,,Ahmedabad,AMD,49.7,KM,,879,INR,879,1.0,Concur,Client Meeting,MGR-E01,2024-11-04,APPROVED
EXP-0002311,RPT-202411-0575,EMP-1008,Arjun Mehta,Engineering,CC-ENG-02,2024-11-01,2024-10-27,2024-10-31,Ground Transport,,Black Cab,Ahmedabad,,Ahmedabad,AMD,22.6,KM,,591,INR,591,1.0,Concur,Client Meeting,MGR-E01,2024-11-04,APPROVED
EXP-0002312,RPT-202410-0576,EMP-1017,Meera Pillai,Engineering,CC-ENG-02,2024-10-12,2024-10-08,2024-10-11,Airfare,Business,Emirates,Bangalore,BLR,Delhi,DEL,,KM,,800,INR,800,1.0,Concur,Product Launch,MGR-E01,2024-10-15,APPROVED
EXP-0002313,RPT-202410-0576,EMP-1017,Meera Pillai,Engineering,CC-ENG-02,2024-10-12,2024-10-08,2024-10-11,Hotel,,ITC Hotels Delhi,,,Delhi,DEL,,,3,15000,INR,15000,1.0,Concur,Product Launch,MGR-E01,2024-10-15,APPROVED
EXP-0002314,RPT-202410-0576,EMP-1017,Meera Pillai,Engineering,CC-ENG-02,2024-10-12,2024-10-08,2024-10-11,Ground Transport,,Yellow Cab,Delhi,,Delhi,DEL,23.9,KM,,656,INR,656,1.0,Concur,Product Launch,MGR-E01,2024-10-15,APPROVED
EXP-0002315,RPT-202410-0576,EMP-1017,Meera Pillai,Engineering,CC-ENG-02,2024-10-12,2024-10-08,2024-10-11,Ground Transport,,Rapido,,,Delhi,DEL,28.8,KM,,762,INR,762,1.0,Concur,Product Launch,MGR-E01,2024-10-15,APPROVED
EXP-0002316,RPT-202410-0576,EMP-1017,Meera Pillai,Engineering,CC-ENG-02,2024-10-12,2024-10-08,2024-10-11,Ground Transport,,Uber,Delhi,,Delhi,DEL,32.0,KM,,664,INR,664,1.0,Concur,Product Launch,MGR-E01,2024-10-15,APPROVED
EXP-0002317,RPT-202411-0577,EMP-1003,Amit Patel,Finance,CC-FIN-01,2024-11-03,2024-10-26,2024-10-28,Airfare,Economy,British Airways,Delhi,DEL,Ahmedabad,AMD,,KM,,200,INR,200,1.0,Concur,Partner Integration,MGR-F01,2024-11-06,APPROVED
EXP-0002318,RPT-202411-0577,EMP-1003,Amit Patel,Finance,CC-FIN-01,2024-11-03,2024-10-26,2024-10-28,Hotel,,Westin Ahmedabad,,,Ahmedabad,AMD,,,2,9500,INR,9500,1.0,Concur,Partner Integration,MGR-F01,2024-11-06,APPROVED
EXP-0002319,RPT-202411-0577,EMP-1003,Amit Patel,Finance,CC-FIN-01,2024-11-03,2024-10-26,2024-10-28,Ground Transport,,Grab,Ahmedabad,,Ahmedabad,AMD,46.4,KM,,896,INR,896,1.0,Concur,Partner Integration,MGR-F01,2024-11-06,APPROVED
EXP-0002320,RPT-202411-0577,EMP-1003,Amit Patel,Finance,CC-FIN-01,2024-11-03,2024-10-26,2024-10-28,Ground Transport,,Rapido,,,Ahmedabad,AMD,40.1,KM,,666,INR,666,1.0,Concur,Partner Integration,MGR-F01,2024-11-06,APPROVED
EXP-0002321,RPT-202411-0577,EMP-1003,Amit Patel,Finance,CC-FIN-01,2024-11-03,2024-10-26,2024-10-28,Ground Transport,,Local Taxi,Ahmedabad,,Ahmedabad,AMD,41.6,KM,,1238,INR,1238,1.0,Concur,Partner Integration,MGR-F01,2024-11-06,APPROVED
EXP-0002322,RPT-202411-0578,EMP-1009,Sunita Gupta,Sales,CC-SALES-02,2024-11-02,2024-10-25,2024-10-26,Airfare,Economy,Vistara,Mumbai,BOM,Hyderabad,HYD,,KM,,100,INR,100,1.0,Concur,Operations Review,MGR-S01,,PENDING
EXP-0002323,RPT-202411-0578,EMP-1009,Sunita Gupta,Sales,CC-SALES-02,2024-11-02,2024-10-25,2024-10-26,Hotel,,Hilton Hyderabad,,,Hyderabad,HYD,,,1,5500,INR,5500,1.0,Concur,Operations Review,MGR-S01,,PENDING
EXP-0002324,RPT-202411-0578,EMP-1009,Sunita Gupta,Sales,CC-SALES-02,2024-11-02,2024-10-25,2024-10-26,Ground Transport,,Local Taxi,Hyderabad,,Hyderabad,HYD,44.4,KM,,1106,INR,1106,1.0,Concur,Operations Review,MGR-S01,,PENDING
EXP-0002325,RPT-202411-0578,EMP-1009,Sunita Gupta,Sales,CC-SALES-02,2024-11-02,2024-10-25,2024-10-26,Ground Transport,,Meru Cabs,,,Hyderabad,HYD,48.2,KM,,1329,INR,1329,1.0,Concur,Operations Review,MGR-S01,,PENDING
EXP-0002326,RPT-202411-0578,EMP-1009,Sunita Gupta,Sales,CC-SALES-02,2024-11-02,2024-10-25,2024-10-26,Ground Transport,,Grab,Hyderabad,,Hyderabad,HYD,36.4,KM,,654,INR,654,1.0,Concur,Operations Review,MGR-S01,,PENDING
EXP-0002327,RPT-202410-0579,EMP-1020,Sameer Khan,Legal,CC-LEGAL-01,2024-10-27,2024-10-18,2024-10-19,Airfare,Business,British Airways,Delhi,DEL,Kolkata,CCU,,KM,,500,INR,500,1.0,Concur,HR Summit,MGR-L01,2024-10-28,APPROVED
EXP-0002328,RPT-202410-0579,EMP-1020,Sameer Khan,Legal,CC-LEGAL-01,2024-10-27,2024-10-18,2024-10-19,Hotel,,Radisson Blu Kolkata,,,Kolkata,CCU,,,1,9000,INR,9000,1.0,Concur,HR Summit,MGR-L01,2024-10-28,APPROVED
EXP-0002329,RPT-202410-0579,EMP-1020,Sameer Khan,Legal,CC-LEGAL-01,2024-10-27,2024-10-18,2024-10-19,Ground Transport,,Meru Cabs,Kolkata,,Kolkata,CCU,15.4,KM,,237,INR,237,1.0,Concur,HR Summit,MGR-L01,2024-10-28,APPROVED
EXP-0002330,RPT-202410-0579,EMP-1020,Sameer Khan,Legal,CC-LEGAL-01,2024-10-27,2024-10-18,2024-10-19,Ground Transport,,Black Cab,,,Kolkata,CCU,26.6,KM,,434,INR,434,1.0,Concur,HR Summit,MGR-L01,2024-10-28,APPROVED
EXP-0002331,RPT-202410-0579,EMP-1020,Sameer Khan,Legal,CC-LEGAL-01,2024-10-27,2024-10-18,2024-10-19,Ground Transport,,Yellow Cab,Kolkata,,Kolkata,CCU,53.2,KM,,952,INR,952,1.0,Concur,HR Summit,MGR-L01,2024-10-28,APPROVED
EXP-0002332,RPT-202411-0580,EMP-1015,Kavita Joshi,HR,CC-HR-01,2024-11-25,2024-11-20,2024-11-22,Airfare,Economy,Air India,Delhi,DEL,Ahmedabad,AMD,,KM,,200,INR,200,1.0,Concur,Budget Review,MGR-H01,2024-11-27,APPROVED
EXP-0002333,RPT-202411-0580,EMP-1015,Kavita Joshi,HR,CC-HR-01,2024-11-25,2024-11-20,2024-11-22,Hotel,,Hyatt Regency Ahmedabad,,,Ahmedabad,AMD,,,2,10000,INR,10000,1.0,Concur,Budget Review,MGR-H01,2024-11-27,APPROVED
EXP-0002334,RPT-202411-0580,EMP-1015,Kavita Joshi,HR,CC-HR-01,2024-11-25,2024-11-20,2024-11-22,Ground Transport,,Yellow Cab,Ahmedabad,,Ahmedabad,AMD,35.3,KM,,901,INR,901,1.0,Concur,Budget Review,MGR-H01,2024-11-27,APPROVED
EXP-0002335,RPT-202411-0580,EMP-1015,Kavita Joshi,HR,CC-HR-01,2024-11-25,2024-11-20,2024-11-22,Ground Transport,,Meru Cabs,,,Ahmedabad,AMD,23.6,KM,,553,INR,553,1.0,Concur,Budget Review,MGR-H01,2024-11-27,APPROVED
EXP-0002336,RPT-202411-0581,EMP-1006,Deepa Iyer,Marketing,CC-MKT-01,2024-11-08,2024-11-04,2024-11-05,Airfare,Business,Air India,Mumbai,BOM,Hyderabad,HYD,,KM,,300,INR,300,1.0,Concur,Team Offsite,MGR-M01,2024-11-12,APPROVED
EXP-0002337,RPT-202411-0581,EMP-1006,Deepa Iyer,Marketing,CC-MKT-01,2024-11-08,2024-11-04,2024-11-05,Hotel,,Hyatt Regency Hyderabad,,,Hyderabad,HYD,,,1,7500,INR,7500,1.0,Concur,Team Offsite,MGR-M01,2024-11-12,APPROVED
EXP-0002338,RPT-202411-0581,EMP-1006,Deepa Iyer,Marketing,CC-MKT-01,2024-11-08,2024-11-04,2024-11-05,Ground Transport,,Local Taxi,Hyderabad,,Hyderabad,HYD,28.0,KM,,715,INR,715,1.0,Concur,Team Offsite,MGR-M01,2024-11-12,APPROVED
EXP-0002339,RPT-202411-0581,EMP-1006,Deepa Iyer,Marketing,CC-MKT-01,2024-11-08,2024-11-04,2024-11-05,Ground Transport,,Metro Rail,,,Hyderabad,HYD,40.0,KM,,668,INR,668,1.0,Concur,Team Offsite,MGR-M01,2024-11-12,APPROVED
EXP-0002340,RPT-202411-0582,EMP-1007,Kiran Rao,Legal,CC-LEGAL-01,2024-11-17,2024-11-07,2024-11-09,Airfare,Economy,Emirates,Delhi,DEL,Ahmedabad,AMD,,KM,,200,INR,200,1.0,Concur,Partner Integration,MGR-L01,2024-11-18,APPROVED
EXP-0002341,RPT-202411-0582,EMP-1007,Kiran Rao,Legal,CC-LEGAL-01,2024-11-17,2024-11-07,2024-11-09,Hotel,,Novotel Ahmedabad,,,Ahmedabad,AMD,,,2,9500,INR,9500,1.0,Concur,Partner Integration,MGR-L01,2024-11-18,APPROVED
EXP-0002342,RPT-202411-0582,EMP-1007,Kiran Rao,Legal,CC-LEGAL-01,2024-11-17,2024-11-07,2024-11-09,Ground Transport,,Rapido,Ahmedabad,,Ahmedabad,AMD,23.1,KM,,348,INR,348,1.0,Concur,Partner Integration,MGR-L01,2024-11-18,APPROVED
EXP-0002343,RPT-202411-0582,EMP-1007,Kiran Rao,Legal,CC-LEGAL-01,2024-11-17,2024-11-07,2024-11-09,Ground Transport,,Black Cab,,,Ahmedabad,AMD,31.5,KM,,543,INR,543,1.0,Concur,Partner Integration,MGR-L01,2024-11-18,APPROVED
EXP-0002344,RPT-202412-0583,EMP-1013,Nisha Verma,Engineering,CC-ENG-01,2024-12-06,2024-11-27,2024-12-01,Airfare,Business,Air India,Bangalore,BLR,Kuala Lumpur,KUL,,KM,,4800,INR,4800,1.0,Concur,Legal Negotiation,MGR-E01,2024-12-07,APPROVED
EXP-0002345,RPT-202412-0583,EMP-1013,Nisha Verma,Engineering,CC-ENG-01,2024-12-06,2024-11-27,2024-12-01,Hotel,,Sheraton Kuala Lumpur,,,Kuala Lumpur,KUL,,,4,63500,INR,63500,1.0,Concur,Legal Negotiation,MGR-E01,2024-12-07,APPROVED
EXP-0002346,RPT-202412-0583,EMP-1013,Nisha Verma,Engineering,CC-ENG-01,2024-12-06,2024-11-27,2024-12-01,Ground Transport,,Careem,Kuala Lumpur,,Kuala Lumpur,KUL,13.5,KM,,258,INR,258,1.0,Concur,Legal Negotiation,MGR-E01,2024-12-07,APPROVED
EXP-0002347,RPT-202412-0583,EMP-1013,Nisha Verma,Engineering,CC-ENG-01,2024-12-06,2024-11-27,2024-12-01,Ground Transport,,Black Cab,,,Kuala Lumpur,KUL,49.9,KM,,750,INR,750,1.0,Concur,Legal Negotiation,MGR-E01,2024-12-07,APPROVED
EXP-0002348,RPT-202412-0583,EMP-1013,Nisha Verma,Engineering,CC-ENG-01,2024-12-06,2024-11-27,2024-12-01,Ground Transport,,Rapido,Kuala Lumpur,,Kuala Lumpur,KUL,44.6,KM,,1269,INR,1269,1.0,Concur,Legal Negotiation,MGR-E01,2024-12-07,APPROVED
EXP-0002349,RPT-202411-0584,EMP-1010,Ravi Krishnan,Operations,CC-OPS-02,2024-11-08,2024-11-02,2024-11-04,Airfare,Economy,Vistara,Chennai,MAA,Bangalore,BLR,,KM,,100,INR,100,1.0,Concur,Budget Review,MGR-O01,2024-11-12,APPROVED
EXP-0002350,RPT-202411-0584,EMP-1010,Ravi Krishnan,Operations,CC-OPS-02,2024-11-08,2024-11-02,2024-11-04,Hotel,,ITC Hotels Bangalore,,,Bangalore,BLR,,,2,9500,INR,9500,1.0,Concur,Budget Review,MGR-O01,2024-11-12,APPROVED
EXP-0002351,RPT-202411-0584,EMP-1010,Ravi Krishnan,Operations,CC-OPS-02,2024-11-08,2024-11-02,2024-11-04,Ground Transport,,Local Taxi,Bangalore,,Bangalore,BLR,27.4,KM,,810,INR,810,1.0,Concur,Budget Review,MGR-O01,2024-11-12,APPROVED
EXP-0002352,RPT-202412-0585,EMP-1012,Mohit Sharma,Finance,CC-FIN-01,2024-12-07,2024-11-24,2024-12-01,Airfare,Business,IndiGo,Delhi,DEL,Dubai,DXB,,KM,,3400,INR,3400,1.0,Concur,Board Review,MGR-F01,2024-12-11,APPROVED
EXP-0002353,RPT-202412-0585,EMP-1012,Mohit Sharma,Finance,CC-FIN-01,2024-12-07,2024-11-24,2024-12-01,Hotel,,Sheraton Dubai,,,Dubai,DXB,,,7,158000,INR,158000,1.0,Concur,Board Review,MGR-F01,2024-12-11,APPROVED
EXP-0002354,RPT-202412-0585,EMP-1012,Mohit Sharma,Finance,CC-FIN-01,2024-12-07,2024-11-24,2024-12-01,Ground Transport,,Meru Cabs,Dubai,,Dubai,DXB,19.4,KM,,417,INR,417,1.0,Concur,Board Review,MGR-F01,2024-12-11,APPROVED
EXP-0002355,RPT-202412-0585,EMP-1012,Mohit Sharma,Finance,CC-FIN-01,2024-12-07,2024-11-24,2024-12-01,Ground Transport,,Ola,,,Dubai,DXB,43.8,KM,,1167,INR,1167,1.0,Concur,Board Review,MGR-F01,2024-12-11,APPROVED
EXP-0002356,RPT-202411-0586,EMP-1015,Kavita Joshi,HR,CC-HR-01,2024-11-13,2024-11-09,2024-11-10,Airfare,Economy,Go First,Delhi,,Hyderabad,HYD,,KM,,300,INR,300,1.0,Concur,Legal Negotiation,MGR-H01,2024-11-15,APPROVED
EXP-0002357,RPT-202411-0586,EMP-1015,Kavita Joshi,HR,CC-HR-01,2024-11-13,2024-11-09,2024-11-10,Hotel,,Novotel Hyderabad,,,Hyderabad,HYD,,,1,5500,INR,5500,1.0,Concur,Legal Negotiation,MGR-H01,2024-11-15,APPROVED
EXP-0002358,RPT-202411-0586,EMP-1015,Kavita Joshi,HR,CC-HR-01,2024-11-13,2024-11-09,2024-11-10,Ground Transport,,Rapido,Hyderabad,,Hyderabad,HYD,45.1,KM,,1231,INR,1231,1.0,Concur,Legal Negotiation,MGR-H01,2024-11-15,APPROVED
EXP-0002359,RPT-202411-0586,EMP-1015,Kavita Joshi,HR,CC-HR-01,2024-11-13,2024-11-09,2024-11-10,Ground Transport,,Metro Rail,,,Hyderabad,HYD,36.2,KM,,952,INR,952,1.0,Concur,Legal Negotiation,MGR-H01,2024-11-15,APPROVED
EXP-0002360,RPT-202411-0586,EMP-1015,Kavita Joshi,HR,CC-HR-01,2024-11-13,2024-11-09,2024-11-10,Ground Transport,,Grab,Hyderabad,,Hyderabad,HYD,31.4,KM,,647,INR,647,1.0,Concur,Legal Negotiation,MGR-H01,2024-11-15,APPROVED
EXP-0002361,RPT-202411-0587,EMP-1003,Amit Patel,Finance,CC-FIN-01,2024-11-13,2024-11-05,2024-11-07,Airfare,Economy,Go First,Delhi,DEL,Ahmedabad,AMD,,KM,,200,INR,200,1.0,Concur,Operations Review,MGR-F01,2024-11-16,APPROVED
EXP-0002362,RPT-202411-0587,EMP-1003,Amit Patel,Finance,CC-FIN-01,2024-11-13,2024-11-05,2024-11-07,Hotel,,Marriott Ahmedabad,,,Ahmedabad,AMD,,,2,11500,INR,11500,1.0,Concur,Operations Review,MGR-F01,2024-11-16,APPROVED
EXP-0002363,RPT-202411-0587,EMP-1003,Amit Patel,Finance,CC-FIN-01,2024-11-13,2024-11-05,2024-11-07,Ground Transport,,Local Taxi,Ahmedabad,,Ahmedabad,AMD,54.5,KM,,1544,INR,1544,1.0,Concur,Operations Review,MGR-F01,2024-11-16,APPROVED
EXP-0002364,RPT-202411-0587,EMP-1003,Amit Patel,Finance,CC-FIN-01,2024-11-13,2024-11-05,2024-11-07,Ground Transport,,Careem,,,Ahmedabad,AMD,51.7,KM,,1480,INR,1480,1.0,Concur,Operations Review,MGR-F01,2024-11-16,APPROVED
EXP-0002365,RPT-202411-0587,EMP-1003,Amit Patel,Finance,CC-FIN-01,2024-11-13,2024-11-05,2024-11-07,Ground Transport,,Grab,Ahmedabad,,Ahmedabad,AMD,27.3,KM,,640,INR,640,1.0,Concur,Operations Review,MGR-F01,2024-11-16,APPROVED
EXP-0002366,RPT-202411-0588,EMP-1019,Pooja Desai,Operations,CC-OPS-01,2024-11-26,2024-11-18,2024-11-21,Airfare,Business,British Airways,Chennai,MAA,Mumbai,BOM,,KM,,400,INR,400,1.0,Concur,Tech Conference,MGR-O01,2024-11-29,APPROVED
EXP-0002367,RPT-202411-0588,EMP-1019,Pooja Desai,Operations,CC-OPS-01,2024-11-26,2024-11-18,2024-11-21,Hotel,,JW Marriott Mumbai,,,Mumbai,BOM,,,3,26500,INR,26500,1.0,Concur,Tech Conference,MGR-O01,2024-11-29,APPROVED
EXP-0002368,RPT-202411-0588,EMP-1019,Pooja Desai,Operations,CC-OPS-01,2024-11-26,2024-11-18,2024-11-21,Ground Transport,,Grab,Mumbai,,Mumbai,BOM,50.3,KM,,913,INR,913,1.0,Concur,Tech Conference,MGR-O01,2024-11-29,APPROVED
EXP-0002369,RPT-202411-0588,EMP-1019,Pooja Desai,Operations,CC-OPS-01,2024-11-26,2024-11-18,2024-11-21,Ground Transport,,Meru Cabs,,,Mumbai,BOM,51.7,KM,,1481,INR,1481,1.0,Concur,Tech Conference,MGR-O01,2024-11-29,APPROVED
EXP-0002370,RPT-202411-0589,EMP-1005,Vikram Nair,Operations,CC-OPS-01,2024-11-15,2024-11-11,2024-11-14,Airfare,Economy,British Airways,Chennai,MAA,Paris,CDG,,KM,,8200,INR,8200,1.0,Concur,Training Program,MGR-O01,2024-11-18,APPROVED
EXP-0002371,RPT-202411-0589,EMP-1005,Vikram Nair,Operations,CC-OPS-01,2024-11-15,2024-11-11,2024-11-14,Hotel,,Ibis Paris,,,Paris,CDG,,,3,73500,INR,73500,1.0,Concur,Training Program,MGR-O01,2024-11-18,APPROVED
EXP-0002372,RPT-202411-0589,EMP-1005,Vikram Nair,Operations,CC-OPS-01,2024-11-15,2024-11-11,2024-11-14,Ground Transport,,Careem,Paris,,Paris,CDG,41.1,KM,,1072,INR,1072,1.0,Concur,Training Program,MGR-O01,2024-11-18,APPROVED
EXP-0002373,RPT-202411-0589,EMP-1005,Vikram Nair,Operations,CC-OPS-01,2024-11-15,2024-11-11,2024-11-14,Ground Transport,,Uber,,,Paris,CDG,39.2,KM,,933,INR,933,1.0,Concur,Training Program,MGR-O01,2024-11-18,APPROVED
EXP-0002374,RPT-202411-0590,EMP-1012,Mohit Sharma,Finance,CC-FIN-01,2024-11-16,2024-11-11,2024-11-13,Airfare,Economy,Etihad,Delhi,DEL,Paris,CDG,,KM,,6100,INR,6100,1.0,Concur,Team Offsite,MGR-F01,2024-11-19,APPROVED
EXP-0002375,RPT-202411-0590,EMP-1012,Mohit Sharma,Finance,CC-FIN-01,2024-11-16,2024-11-11,2024-11-13,Hotel,,Ritz Carlton Paris,,,Paris,CDG,,,2,44000,INR,44000,1.0,Concur,Team Offsite,MGR-F01,2024-11-19,APPROVED
EXP-0002376,RPT-202411-0590,EMP-1012,Mohit Sharma,Finance,CC-FIN-01,2024-11-16,2024-11-11,2024-11-13,Ground Transport,,Yellow Cab,Paris,,Paris,CDG,40.9,KM,,942,INR,942,1.0,Concur,Team Offsite,MGR-F01,2024-11-19,APPROVED
EXP-0002377,RPT-202411-0590,EMP-1012,Mohit Sharma,Finance,CC-FIN-01,2024-11-16,2024-11-11,2024-11-13,Ground Transport,,Uber,,,Paris,CDG,15.6,KM,,296,INR,296,1.0,Concur,Team Offsite,MGR-F01,2024-11-19,APPROVED
EXP-0002378,RPT-202411-0590,EMP-1012,Mohit Sharma,Finance,CC-FIN-01,2024-11-16,2024-11-11,2024-11-13,Ground Transport,,Meru Cabs,Paris,,Paris,CDG,41.1,KM,,1028,INR,1028,1.0,Concur,Team Offsite,MGR-F01,2024-11-19,APPROVED
EXP-0002379,RPT-202411-0591,EMP-1004,Sneha Reddy,HR,CC-HR-01,2024-11-30,2024-11-20,2024-11-24,Airfare,Economy,Qatar Airways,Delhi,DEL,Bangalore,BLR,,KM,,500,INR,500,1.0,Concur,Operations Review,MGR-H01,2024-12-04,APPROVED
EXP-0002380,RPT-202411-0591,EMP-1004,Sneha Reddy,HR,CC-HR-01,2024-11-30,2024-11-20,2024-11-24,Hotel,,Westin Bangalore,,,Bangalore,BLR,,,4,32000,INR,32000,1.0,Concur,Operations Review,MGR-H01,2024-12-04,APPROVED
EXP-0002381,RPT-202411-0591,EMP-1004,Sneha Reddy,HR,CC-HR-01,2024-11-30,2024-11-20,2024-11-24,Ground Transport,,Meru Cabs,Bangalore,,Bangalore,BLR,23.0,KM,,522,INR,522,1.0,Concur,Operations Review,MGR-H01,2024-12-04,APPROVED
EXP-0002382,RPT-202411-0591,EMP-1004,Sneha Reddy,HR,CC-HR-01,2024-11-30,2024-11-20,2024-11-24,Ground Transport,,Uber,,,Bangalore,BLR,15.0,KM,,340,INR,340,1.0,Concur,Operations Review,MGR-H01,2024-12-04,APPROVED
EXP-0002383,RPT-202412-0592,EMP-1009,Sunita Gupta,Sales,CC-SALES-02,2024-12-01,2024-11-23,2024-11-24,Airfare,Business,SpiceJet,Mumbai,BOM,Bangalore,BLR,,KM,,400,INR,400,1.0,Concur,Budget Review,MGR-S01,2024-12-05,APPROVED
EXP-0002384,RPT-202412-0592,EMP-1009,Sunita Gupta,Sales,CC-SALES-02,2024-12-01,2024-11-23,2024-11-24,Hotel,,Le Meridien Bangalore,,,Bangalore,BLR,,,1,5000,INR,5000,1.0,Concur,Budget Review,MGR-S01,2024-12-05,APPROVED
EXP-0002385,RPT-202412-0592,EMP-1009,Sunita Gupta,Sales,CC-SALES-02,2024-12-01,2024-11-23,2024-11-24,Ground Transport,,Rapido,Bangalore,,Bangalore,BLR,13.1,KM,,269,INR,269,1.0,Concur,Budget Review,MGR-S01,2024-12-05,APPROVED
EXP-0002386,RPT-202411-0593,EMP-1016,Dinesh Choudhary,Procurement,CC-PROC-01,2024-11-16,2024-11-13,2024-11-14,Airfare,Economy,Qatar Airways,Mumbai,BOM,Pune,PNQ,,KM,,0,INR,0,1.0,Concur,Tech Conference,MGR-P01,2024-11-19,APPROVED
EXP-0002387,RPT-202411-0593,EMP-1016,Dinesh Choudhary,Procurement,CC-PROC-01,2024-11-16,2024-11-13,2024-11-14,Hotel,,Hyatt Regency Pune,,,Pune,PNQ,,,1,4500,INR,4500,1.0,Concur,Tech Conference,MGR-P01,2024-11-19,APPROVED
EXP-0002388,RPT-202411-0593,EMP-1016,Dinesh Choudhary,Procurement,CC-PROC-01,2024-11-16,2024-11-13,2024-11-14,Ground Transport,,Yellow Cab,Pune,,Pune,PNQ,25.2,KM,,654,INR,654,1.0,Concur,Tech Conference,MGR-P01,2024-11-19,APPROVED
EXP-0002389,RPT-202411-0594,EMP-1014,Suresh Babu,Sales,CC-SALES-03,2024-11-22,2024-11-15,2024-11-19,Airfare,Business,Qatar Airways,Mumbai,BOM,Hyderabad,HYD,,KM,,300,INR,300,1.0,Concur,Annual Planning,MGR-S02,2024-11-24,APPROVED
EXP-0002390,RPT-202411-0594,EMP-1014,Suresh Babu,Sales,CC-SALES-03,2024-11-22,2024-11-15,2024-11-19,Hotel,,Le Meridien Hyderabad,,,Hyderabad,HYD,,,4,26500,INR,26500,1.0,Concur,Annual Planning,MGR-S02,2024-11-24,APPROVED
EXP-0002391,RPT-202411-0594,EMP-1014,Suresh Babu,Sales,CC-SALES-03,2024-11-22,2024-11-15,2024-11-19,Ground Transport,,Yellow Cab,Hyderabad,,Hyderabad,HYD,32.2,KM,,699,INR,699,1.0,Concur,Annual Planning,MGR-S02,2024-11-24,APPROVED
EXP-0002392,RPT-202411-0594,EMP-1014,Suresh Babu,Sales,CC-SALES-03,2024-11-22,2024-11-15,2024-11-19,Ground Transport,,Yellow Cab,,,Hyderabad,HYD,15.6,KM,,321,INR,321,1.0,Concur,Annual Planning,MGR-S02,2024-11-24,APPROVED
EXP-0002393,RPT-202411-0594,EMP-1014,Suresh Babu,Sales,CC-SALES-03,2024-11-22,2024-11-15,2024-11-19,Ground Transport,,Ola,Hyderabad,,Hyderabad,HYD,11.1,KM,,216,INR,216,1.0,Concur,Annual Planning,MGR-S02,2024-11-24,APPROVED
EXP-0002394,RPT-202411-0595,EMP-1013,Nisha Verma,Engineering,CC-ENG-01,2024-11-28,2024-11-19,2024-11-22,Airfare,Economy,Vistara,Bangalore,BLR,Delhi,DEL,,KM,,500,INR,500,1.0,Concur,Training Program,MGR-E01,2024-12-01,APPROVED
EXP-0002395,RPT-202411-0595,EMP-1013,Nisha Verma,Engineering,CC-ENG-01,2024-11-28,2024-11-19,2024-11-22,Hotel,,ITC Hotels Delhi,,,Delhi,DEL,,,3,16000,INR,16000,1.0,Concur,Training Program,MGR-E01,2024-12-01,APPROVED
EXP-0002396,RPT-202411-0595,EMP-1013,Nisha Verma,Engineering,CC-ENG-01,2024-11-28,2024-11-19,2024-11-22,Ground Transport,,Careem,Delhi,,Delhi,DEL,54.5,KM,,975,INR,975,1.0,Concur,Training Program,MGR-E01,2024-12-01,APPROVED
EXP-0002397,RPT-202411-0596,EMP-1007,Kiran Rao,Legal,CC-LEGAL-01,2024-11-25,2024-11-12,2024-11-18,Airfare,Economy,Lufthansa,Delhi,,Bangkok,BKK,,KM,,3000,INR,3000,1.0,Concur,Board Review,MGR-L01,2024-11-28,APPROVED
EXP-0002398,RPT-202411-0596,EMP-1007,Kiran Rao,Legal,CC-LEGAL-01,2024-11-25,2024-11-12,2024-11-18,Hotel,,Ibis Bangkok,,,Bangkok,BKK,,,6,207500,INR,207500,1.0,Concur,Board Review,MGR-L01,2024-11-28,APPROVED
EXP-0002399,RPT-202411-0596,EMP-1007,Kiran Rao,Legal,CC-LEGAL-01,2024-11-25,2024-11-12,2024-11-18,Ground Transport,,Rapido,Bangkok,,Bangkok,BKK,19.0,KM,,323,INR,323,1.0,Concur,Board Review,MGR-L01,2024-11-28,APPROVED
EXP-0002400,RPT-202411-0596,EMP-1007,Kiran Rao,Legal,CC-LEGAL-01,2024-11-25,2024-11-12,2024-11-18,Ground Transport,,Metro Rail,,,Bangkok,BKK,34.7,KM,,863,INR,863,1.0,Concur,Board Review,MGR-L01,2024-11-28,APPROVED
EXP-0002401,RPT-202411-0597,EMP-1015,Kavita Joshi,HR,CC-HR-01,2024-11-11,2024-11-07,2024-11-10,Airfare,Business,Etihad,Delhi,DEL,Kolkata,CCU,,KM,,500,INR,500,1.0,Concur,Client Meeting,MGR-H01,2024-11-15,APPROVED
EXP-0002402,RPT-202411-0597,EMP-1015,Kavita Joshi,HR,CC-HR-01,2024-11-11,2024-11-07,2024-11-10,Hotel,,Le Meridien Kolkata,,,Kolkata,CCU,,,3,19500,INR,19500,1.0,Concur,Client Meeting,MGR-H01,2024-11-15,APPROVED
EXP-0002403,RPT-202411-0597,EMP-1015,Kavita Joshi,HR,CC-HR-01,2024-11-11,2024-11-07,2024-11-10,Ground Transport,,Local Taxi,Kolkata,,Kolkata,CCU,31.6,KM,,760,INR,760,1.0,Concur,Client Meeting,MGR-H01,2024-11-15,APPROVED
EXP-0002404,RPT-202411-0597,EMP-1015,Kavita Joshi,HR,CC-HR-01,2024-11-11,2024-11-07,2024-11-10,Ground Transport,,Ola,,,Kolkata,CCU,44.7,KM,,1242,INR,1242,1.0,Concur,Client Meeting,MGR-H01,2024-11-15,APPROVED
EXP-0002405,RPT-202411-0597,EMP-1015,Kavita Joshi,HR,CC-HR-01,2024-11-11,2024-11-07,2024-11-10,Ground Transport,,Yellow Cab,Kolkata,,Kolkata,CCU,27.6,KM,,484,INR,484,1.0,Concur,Client Meeting,MGR-H01,2024-11-15,APPROVED
EXP-0002406,RPT-202411-0598,EMP-1010,Ravi Krishnan,Operations,CC-OPS-02,2024-11-24,2024-11-17,2024-11-21,Airfare,Economy,Air India,Chennai,MAA,Kolkata,CCU,,KM,,500,INR,500,1.0,Concur,Legal Negotiation,MGR-O01,2024-11-28,APPROVED
EXP-0002407,RPT-202411-0598,EMP-1010,Ravi Krishnan,Operations,CC-OPS-02,2024-11-24,2024-11-17,2024-11-21,Hotel,,ITC Hotels Kolkata,,,Kolkata,CCU,,,4,32500,INR,32500,1.0,Concur,Legal Negotiation,MGR-O01,2024-11-28,APPROVED
EXP-0002408,RPT-202411-0598,EMP-1010,Ravi Krishnan,Operations,CC-OPS-02,2024-11-24,2024-11-17,2024-11-21,Ground Transport,,Local Taxi,Kolkata,,Kolkata,CCU,13.1,KM,,294,INR,294,1.0,Concur,Legal Negotiation,MGR-O01,2024-11-28,APPROVED
EXP-0002409,RPT-202411-0598,EMP-1010,Ravi Krishnan,Operations,CC-OPS-02,2024-11-24,2024-11-17,2024-11-21,Ground Transport,,Yellow Cab,,,Kolkata,CCU,23.9,KM,,359,INR,359,1.0,Concur,Legal Negotiation,MGR-O01,2024-11-28,APPROVED
EXP-0002410,RPT-202411-0598,EMP-1010,Ravi Krishnan,Operations,CC-OPS-02,2024-11-24,2024-11-17,2024-11-21,Ground Transport,,Rapido,Kolkata,,Kolkata,CCU,39.7,KM,,904,INR,904,1.0,Concur,Legal Negotiation,MGR-O01,2024-11-28,APPROVED
EXP-0002411,RPT-202411-0599,EMP-1014,Suresh Babu,Sales,CC-SALES-03,2024-11-21,2024-11-14,2024-11-18,Airfare,Economy,Qatar Airways,Mumbai,BOM,Singapore,SIN,,KM,,3200,INR,3200,1.0,Concur,Audit Review,MGR-S02,2024-11-22,APPROVED
EXP-0002412,RPT-202411-0599,EMP-1014,Suresh Babu,Sales,CC-SALES-03,2024-11-21,2024-11-14,2024-11-18,Hotel,,Hyatt Singapore,,,Singapore,SIN,,,4,123000,INR,123000,1.0,Concur,Audit Review,MGR-S02,2024-11-22,APPROVED
EXP-0002413,RPT-202411-0599,EMP-1014,Suresh Babu,Sales,CC-SALES-03,2024-11-21,2024-11-14,2024-11-18,Ground Transport,,Black Cab,Singapore,,Singapore,SIN,26.5,KM,,735,INR,735,1.0,Concur,Audit Review,MGR-S02,2024-11-22,APPROVED
EXP-0002414,RPT-202411-0600,EMP-1020,Sameer Khan,Legal,CC-LEGAL-01,2024-11-19,2024-11-11,2024-11-14,Airfare,Business,Singapore Airlines,Delhi,DEL,Bangalore,BLR,,KM,,800,INR,800,1.0,Concur,HR Summit,MGR-L01,2024-11-20,APPROVED
EXP-0002415,RPT-202411-0600,EMP-1020,Sameer Khan,Legal,CC-LEGAL-01,2024-11-19,2024-11-11,2024-11-14,Hotel,,Hyatt Regency Bangalore,,,Bangalore,BLR,,,3,17500,INR,17500,1.0,Concur,HR Summit,MGR-L01,2024-11-20,APPROVED
EXP-0002416,RPT-202411-0600,EMP-1020,Sameer Khan,Legal,CC-LEGAL-01,2024-11-19,2024-11-11,2024-11-14,Ground Transport,,Black Cab,Bangalore,,Bangalore,BLR,38.9,KM,,636,INR,636,1.0,Concur,HR Summit,MGR-L01,2024-11-20,APPROVED
EXP-0002417,RPT-202411-0600,EMP-1020,Sameer Khan,Legal,CC-LEGAL-01,2024-11-19,2024-11-11,2024-11-14,Ground Transport,,Local Taxi,,,Bangalore,BLR,45.7,KM,,1147,INR,1147,1.0,Concur,HR Summit,MGR-L01,2024-11-20,APPROVED
EXP-0002418,RPT-202411-0601,EMP-1009,Sunita Gupta,Sales,CC-SALES-02,2024-11-23,2024-11-14,2024-11-18,Airfare,Economy,Etihad,Mumbai,BOM,Pune,PNQ,,KM,,0,INR,0,1.0,Concur,Training Program,MGR-S01,2024-11-26,APPROVED
EXP-0002419,RPT-202411-0601,EMP-1009,Sunita Gupta,Sales,CC-SALES-02,2024-11-23,2024-11-14,2024-11-18,Hotel,,Taj Hotels Pune,,,Pune,PNQ,,,4,28500,INR,28500,1.0,Concur,Training Program,MGR-S01,2024-11-26,APPROVED
EXP-0002420,RPT-202411-0601,EMP-1009,Sunita Gupta,Sales,CC-SALES-02,2024-11-23,2024-11-14,2024-11-18,Ground Transport,,Ola,Pune,,Pune,PNQ,46.3,KM,,1306,INR,1306,1.0,Concur,Training Program,MGR-S01,2024-11-26,APPROVED
EXP-0002421,RPT-202411-0601,EMP-1009,Sunita Gupta,Sales,CC-SALES-02,2024-11-23,2024-11-14,2024-11-18,Ground Transport,,Local Taxi,,,Pune,PNQ,22.6,KM,,614,INR,614,1.0,Concur,Training Program,MGR-S01,2024-11-26,APPROVED
EXP-0002422,RPT-202411-0601,EMP-1009,Sunita Gupta,Sales,CC-SALES-02,2024-11-23,2024-11-14,2024-11-18,Ground Transport,,Black Cab,Pune,,Pune,PNQ,32.6,KM,,825,INR,825,1.0,Concur,Training Program,MGR-S01,2024-11-26,APPROVED
EXP-0002423,RPT-202411-0602,EMP-1003,Amit Patel,Finance,CC-FIN-01,2024-11-13,2024-11-07,2024-11-10,Airfare,Economy,Vistara,Delhi,DEL,Hyderabad,HYD,,KM,,400,INR,400,1.0,Concur,Training Program,MGR-F01,2024-11-17,APPROVED
EXP-0002424,RPT-202411-0602,EMP-1003,Amit Patel,Finance,CC-FIN-01,2024-11-13,2024-11-07,2024-11-10,Hotel,,Le Meridien Hyderabad,,,Hyderabad,HYD,,,3,14000,INR,14000,1.0,Concur,Training Program,MGR-F01,2024-11-17,APPROVED
EXP-0002425,RPT-202411-0602,EMP-1003,Amit Patel,Finance,CC-FIN-01,2024-11-13,2024-11-07,2024-11-10,Ground Transport,,Yellow Cab,Hyderabad,,Hyderabad,HYD,38.9,KM,,741,INR,741,1.0,Concur,Training Program,MGR-F01,2024-11-17,APPROVED
EXP-0002426,RPT-202411-0603,EMP-1006,Deepa Iyer,Marketing,CC-MKT-01,2024-11-16,2024-11-09,2024-11-13,Airfare,Economy,IndiGo,Mumbai,BOM,Bangalore,BLR,,KM,,200,INR,200,1.0,Concur,Team Offsite,MGR-M01,2024-11-18,APPROVED
EXP-0002427,RPT-202411-0603,EMP-1006,Deepa Iyer,Marketing,CC-MKT-01,2024-11-16,2024-11-09,2024-11-13,Hotel,,ITC Hotels Bangalore,,,Bangalore,BLR,,,4,31000,INR,31000,1.0,Concur,Team Offsite,MGR-M01,2024-11-18,APPROVED
EXP-0002428,RPT-202411-0603,EMP-1006,Deepa Iyer,Marketing,CC-MKT-01,2024-11-16,2024-11-09,2024-11-13,Ground Transport,,Black Cab,Bangalore,,Bangalore,BLR,47.6,KM,,1184,INR,1184,1.0,Concur,Team Offsite,MGR-M01,2024-11-18,APPROVED
EXP-0002429,RPT-202411-0603,EMP-1006,Deepa Iyer,Marketing,CC-MKT-01,2024-11-16,2024-11-09,2024-11-13,Ground Transport,,Rapido,,,Bangalore,BLR,19.4,KM,,575,INR,575,1.0,Concur,Team Offsite,MGR-M01,2024-11-18,APPROVED
EXP-0002430,RPT-202411-0603,EMP-1006,Deepa Iyer,Marketing,CC-MKT-01,2024-11-16,2024-11-09,2024-11-13,Ground Transport,,Ola,Bangalore,,Bangalore,BLR,13.3,KM,,225,INR,225,1.0,Concur,Team Offsite,MGR-M01,2024-11-18,APPROVED
EXP-0002431,RPT-202411-0604,EMP-1003,Amit Patel,Finance,CC-FIN-01,2024-11-11,2024-11-02,2024-11-04,Airfare,Economy,Qatar Airways,Delhi,DEL,Pune,PNQ,,KM,,300,INR,300,1.0,Concur,Training Program,MGR-F01,2024-11-15,APPROVED
EXP-0002432,RPT-202411-0604,EMP-1003,Amit Patel,Finance,CC-FIN-01,2024-11-11,2024-11-02,2024-11-04,Hotel,,Le Meridien Pune,,,Pune,PNQ,,,2,16500,INR,16500,1.0,Concur,Training Program,MGR-F01,2024-11-15,APPROVED
EXP-0002433,RPT-202411-0604,EMP-1003,Amit Patel,Finance,CC-FIN-01,2024-11-11,2024-11-02,2024-11-04,Ground Transport,,Careem,Pune,,Pune,PNQ,51.8,KM,,813,INR,813,1.0,Concur,Training Program,MGR-F01,2024-11-15,APPROVED
EXP-0002434,RPT-202411-0604,EMP-1003,Amit Patel,Finance,CC-FIN-01,2024-11-11,2024-11-02,2024-11-04,Ground Transport,,Careem,,,Pune,PNQ,51.8,KM,,1280,INR,1280,1.0,Concur,Training Program,MGR-F01,2024-11-15,APPROVED
EXP-0002435,RPT-202411-0605,EMP-1010,Ravi Krishnan,Operations,CC-OPS-02,2024-11-26,2024-11-21,2024-11-22,Airfare,Economy,Singapore Airlines,Chennai,MAA,Ahmedabad,AMD,,KM,,300,INR,300,1.0,Concur,Sales Pitch,MGR-O01,2024-11-28,APPROVED
EXP-0002436,RPT-202411-0605,EMP-1010,Ravi Krishnan,Operations,CC-OPS-02,2024-11-26,2024-11-21,2024-11-22,Hotel,,Marriott Ahmedabad,,,Ahmedabad,AMD,,,1,7000,INR,7000,1.0,Concur,Sales Pitch,MGR-O01,2024-11-28,APPROVED
EXP-0002437,RPT-202411-0605,EMP-1010,Ravi Krishnan,Operations,CC-OPS-02,2024-11-26,2024-11-21,2024-11-22,Ground Transport,,Black Cab,Ahmedabad,,Ahmedabad,AMD,47.2,KM,,835,INR,835,1.0,Concur,Sales Pitch,MGR-O01,2024-11-28,APPROVED
EXP-0002438,RPT-202411-0605,EMP-1010,Ravi Krishnan,Operations,CC-OPS-02,2024-11-26,2024-11-21,2024-11-22,Ground Transport,,Yellow Cab,,,Ahmedabad,AMD,48.5,KM,,1273,INR,1273,1.0,Concur,Sales Pitch,MGR-O01,2024-11-28,APPROVED
EXP-0002439,RPT-202411-0606,EMP-1006,Deepa Iyer,Marketing,CC-MKT-01,2024-11-18,2024-11-09,2024-11-12,Airfare,Economy,Vistara,Mumbai,BOM,Pune,PNQ,,KM,,0,INR,0,1.0,Concur,Tech Conference,MGR-M01,2024-11-20,APPROVED
EXP-0002440,RPT-202411-0606,EMP-1006,Deepa Iyer,Marketing,CC-MKT-01,2024-11-18,2024-11-09,2024-11-12,Hotel,,Novotel Pune,,,Pune,PNQ,,,3,13500,INR,13500,1.0,Concur,Tech Conference,MGR-M01,2024-11-20,APPROVED
EXP-0002441,RPT-202411-0606,EMP-1006,Deepa Iyer,Marketing,CC-MKT-01,2024-11-18,2024-11-09,2024-11-12,Ground Transport,,Metro Rail,Pune,,Pune,PNQ,10.3,KM,,175,INR,175,1.0,Concur,Tech Conference,MGR-M01,2024-11-20,APPROVED
EXP-0002442,RPT-202411-0606,EMP-1006,Deepa Iyer,Marketing,CC-MKT-01,2024-11-18,2024-11-09,2024-11-12,Ground Transport,,Uber,,,Pune,PNQ,48.7,KM,,1458,INR,1458,1.0,Concur,Tech Conference,MGR-M01,2024-11-20,APPROVED
EXP-0002443,RPT-202411-0606,EMP-1006,Deepa Iyer,Marketing,CC-MKT-01,2024-11-18,2024-11-09,2024-11-12,Ground Transport,,Black Cab,Pune,,Pune,PNQ,26.6,KM,,552,INR,552,1.0,Concur,Tech Conference,MGR-M01,2024-11-20,APPROVED
EXP-0002444,RPT-202411-0607,EMP-1007,Kiran Rao,Legal,CC-LEGAL-01,2024-11-12,2024-11-08,2024-11-11,Airfare,Economy,Singapore Airlines,Delhi,,Hyderabad,HYD,,KM,,400,INR,400,1.0,Concur,Vendor Meeting,MGR-L01,2024-11-14,APPROVED
EXP-0002445,RPT-202411-0607,EMP-1007,Kiran Rao,Legal,CC-LEGAL-01,2024-11-12,2024-11-08,2024-11-11,Hotel,,Taj Hotels Hyderabad,,,Hyderabad,HYD,,,3,22500,INR,22500,1.0,Concur,Vendor Meeting,MGR-L01,2024-11-14,APPROVED
EXP-0002446,RPT-202411-0607,EMP-1007,Kiran Rao,Legal,CC-LEGAL-01,2024-11-12,2024-11-08,2024-11-11,Ground Transport,,Yellow Cab,Hyderabad,,Hyderabad,HYD,13.5,KM,,387,INR,387,1.0,Concur,Vendor Meeting,MGR-L01,2024-11-14,APPROVED
EXP-0002447,RPT-202411-0607,EMP-1007,Kiran Rao,Legal,CC-LEGAL-01,2024-11-12,2024-11-08,2024-11-11,Ground Transport,,Meru Cabs,,,Hyderabad,HYD,29.8,KM,,548,INR,548,1.0,Concur,Vendor Meeting,MGR-L01,2024-11-14,APPROVED
EXP-0002448,RPT-202411-0608,EMP-1007,Kiran Rao,Legal,CC-LEGAL-01,2024-11-14,2024-11-01,2024-11-08,Airfare,Economy,IndiGo,Delhi,DEL,Amsterdam,AMS,,KM,,6600,INR,6600,1.0,Concur,Annual Planning,MGR-L01,2024-11-18,APPROVED
EXP-0002449,RPT-202411-0608,EMP-1007,Kiran Rao,Legal,CC-LEGAL-01,2024-11-14,2024-11-01,2024-11-08,Hotel,,Ritz Carlton Amsterdam,,,Amsterdam,AMS,,,7,224500,INR,224500,1.0,Concur,Annual Planning,MGR-L01,2024-11-18,APPROVED
EXP-0002450,RPT-202411-0608,EMP-1007,Kiran Rao,Legal,CC-LEGAL-01,2024-11-14,2024-11-01,2024-11-08,Ground Transport,,Grab,Amsterdam,,Amsterdam,AMS,54.1,KM,,1199,INR,1199,1.0,Concur,Annual Planning,MGR-L01,2024-11-18,APPROVED
EXP-0002451,RPT-202411-0609,EMP-1008,Arjun Mehta,Engineering,CC-ENG-02,2024-11-25,2024-11-17,2024-11-20,Airfare,Business,SpiceJet,Bangalore,BLR,Mumbai,BOM,,KM,,400,INR,400,1.0,Concur,Audit Review,MGR-E01,2024-11-26,APPROVED
EXP-0002452,RPT-202411-0609,EMP-1008,Arjun Mehta,Engineering,CC-ENG-02,2024-11-25,2024-11-17,2024-11-20,Hotel,,Radisson Blu Mumbai,,,Mumbai,BOM,,,3,24500,INR,24500,1.0,Concur,Audit Review,MGR-E01,2024-11-26,APPROVED
EXP-0002453,RPT-202411-0609,EMP-1008,Arjun Mehta,Engineering,CC-ENG-02,2024-11-25,2024-11-17,2024-11-20,Ground Transport,,Local Taxi,Mumbai,,Mumbai,BOM,42.4,KM,,895,INR,895,1.0,Concur,Audit Review,MGR-E01,2024-11-26,APPROVED
EXP-0002454,RPT-202411-0609,EMP-1008,Arjun Mehta,Engineering,CC-ENG-02,2024-11-25,2024-11-17,2024-11-20,Ground Transport,,Careem,,,Mumbai,BOM,23.3,KM,,366,INR,366,1.0,Concur,Audit Review,MGR-E01,2024-11-26,APPROVED
EXP-0002455,RPT-202411-0610,EMP-1020,Sameer Khan,Legal,CC-LEGAL-01,2024-11-15,2024-11-09,2024-11-13,Airfare,Economy,British Airways,Delhi,DEL,Mumbai,BOM,,KM,,300,INR,300,1.0,Concur,Annual Planning,MGR-L01,2024-11-19,APPROVED
EXP-0002456,RPT-202411-0610,EMP-1020,Sameer Khan,Legal,CC-LEGAL-01,2024-11-15,2024-11-09,2024-11-13,Hotel,,Westin Mumbai,,,Mumbai,BOM,,,4,30000,INR,30000,1.0,Concur,Annual Planning,MGR-L01,2024-11-19,APPROVED
EXP-0002457,RPT-202411-0610,EMP-1020,Sameer Khan,Legal,CC-LEGAL-01,2024-11-15,2024-11-09,2024-11-13,Ground Transport,,Meru Cabs,Mumbai,,Mumbai,BOM,20.6,KM,,341,INR,341,1.0,Concur,Annual Planning,MGR-L01,2024-11-19,APPROVED
EXP-0002458,RPT-202411-0611,EMP-1012,Mohit Sharma,Finance,CC-FIN-01,2024-11-11,2024-11-08,2024-11-10,Airfare,Economy,SpiceJet,Delhi,DEL,Hyderabad,HYD,,KM,,300,INR,300,1.0,Concur,HR Summit,MGR-F01,2024-11-14,APPROVED
EXP-0002459,RPT-202411-0611,EMP-1012,Mohit Sharma,Finance,CC-FIN-01,2024-11-11,2024-11-08,2024-11-10,Hotel,,Taj Hotels Hyderabad,,,Hyderabad,HYD,,,2,16500,INR,16500,1.0,Concur,HR Summit,MGR-F01,2024-11-14,APPROVED
EXP-0002460,RPT-202411-0611,EMP-1012,Mohit Sharma,Finance,CC-FIN-01,2024-11-11,2024-11-08,2024-11-10,Ground Transport,,Careem,Hyderabad,,Hyderabad,HYD,13.4,KM,,324,INR,324,1.0,Concur,HR Summit,MGR-F01,2024-11-14,APPROVED
EXP-0002461,RPT-202411-0611,EMP-1012,Mohit Sharma,Finance,CC-FIN-01,2024-11-11,2024-11-08,2024-11-10,Ground Transport,,Careem,,,Hyderabad,HYD,15.8,KM,,267,INR,267,1.0,Concur,HR Summit,MGR-F01,2024-11-14,APPROVED
EXP-0002462,RPT-202411-0611,EMP-1012,Mohit Sharma,Finance,CC-FIN-01,2024-11-11,2024-11-08,2024-11-10,Ground Transport,,Black Cab,Hyderabad,,Hyderabad,HYD,13.2,KM,,239,INR,239,1.0,Concur,HR Summit,MGR-F01,2024-11-14,APPROVED
EXP-0002463,RPT-202501-0612,EMP-1011,Anjali Singh,Marketing,CC-MKT-01,2025-01-01,2024-12-24,2024-12-27,Airfare,Economy,SpiceJet,Mumbai,BOM,Kolkata,CCU,,KM,,500,INR,500,1.0,Concur,Audit Review,MGR-M01,2025-01-03,APPROVED
EXP-0002464,RPT-202501-0612,EMP-1011,Anjali Singh,Marketing,CC-MKT-01,2025-01-01,2024-12-24,2024-12-27,Hotel,,Marriott Kolkata,,,Kolkata,CCU,,,3,13500,INR,13500,1.0,Concur,Audit Review,MGR-M01,2025-01-03,APPROVED
EXP-0002465,RPT-202501-0612,EMP-1011,Anjali Singh,Marketing,CC-MKT-01,2025-01-01,2024-12-24,2024-12-27,Ground Transport,,Ola,Kolkata,,Kolkata,CCU,10.6,KM,,166,INR,166,1.0,Concur,Audit Review,MGR-M01,2025-01-03,APPROVED
EXP-0002466,RPT-202501-0613,EMP-1006,Deepa Iyer,Marketing,CC-MKT-01,2025-01-03,2024-12-27,2025-01-02,Airfare,Business,Etihad,Mumbai,BOM,London,LHR,,KM,,11900,INR,11900,1.0,Concur,Audit Review,MGR-M01,2025-01-04,APPROVED
EXP-0002467,RPT-202501-0613,EMP-1006,Deepa Iyer,Marketing,CC-MKT-01,2025-01-03,2024-12-27,2025-01-02,Hotel,,Sheraton London,,,London,LHR,,,6,201500,INR,201500,1.0,Concur,Audit Review,MGR-M01,2025-01-04,APPROVED
EXP-0002468,RPT-202501-0613,EMP-1006,Deepa Iyer,Marketing,CC-MKT-01,2025-01-03,2024-12-27,2025-01-02,Ground Transport,,Careem,London,,London,LHR,31.6,KM,,502,INR,502,1.0,Concur,Audit Review,MGR-M01,2025-01-04,APPROVED
EXP-0002469,RPT-202501-0613,EMP-1006,Deepa Iyer,Marketing,CC-MKT-01,2025-01-03,2024-12-27,2025-01-02,Ground Transport,,Black Cab,,,London,LHR,17.1,KM,,451,INR,451,1.0,Concur,Audit Review,MGR-M01,2025-01-04,APPROVED
EXP-0002470,RPT-202412-0614,EMP-1018,Aakash Tiwari,Sales,CC-SALES-01,2024-12-16,2024-12-10,2024-12-13,Airfare,Economy,Vistara,Mumbai,BOM,Chennai,MAA,,KM,,300,INR,300,1.0,Concur,Product Launch,MGR-S01,2024-12-18,APPROVED
EXP-0002471,RPT-202412-0614,EMP-1018,Aakash Tiwari,Sales,CC-SALES-01,2024-12-16,2024-12-10,2024-12-13,Hotel,,Le Meridien Chennai,,,Chennai,MAA,,,3,24000,INR,24000,1.0,Concur,Product Launch,MGR-S01,2024-12-18,APPROVED
EXP-0002472,RPT-202412-0614,EMP-1018,Aakash Tiwari,Sales,CC-SALES-01,2024-12-16,2024-12-10,2024-12-13,Ground Transport,,Careem,Chennai,,Chennai,MAA,27.8,KM,,506,INR,506,1.0,Concur,Product Launch,MGR-S01,2024-12-18,APPROVED
EXP-0002473,RPT-202412-0615,EMP-1010,Ravi Krishnan,Operations,CC-OPS-02,2024-12-05,2024-12-01,2024-12-04,Airfare,Economy,Go First,Chennai,MAA,Hyderabad,HYD,,KM,,200,INR,200,1.0,Concur,Partner Integration,MGR-O01,2024-12-07,APPROVED
EXP-0002474,RPT-202412-0615,EMP-1010,Ravi Krishnan,Operations,CC-OPS-02,2024-12-05,2024-12-01,2024-12-04,Hotel,,Novotel Hyderabad,,,Hyderabad,HYD,,,3,23000,INR,23000,1.0,Concur,Partner Integration,MGR-O01,2024-12-07,APPROVED
EXP-0002475,RPT-202412-0615,EMP-1010,Ravi Krishnan,Operations,CC-OPS-02,2024-12-05,2024-12-01,2024-12-04,Ground Transport,,Careem,Hyderabad,,Hyderabad,HYD,35.1,KM,,831,INR,831,1.0,Concur,Partner Integration,MGR-O01,2024-12-07,APPROVED
EXP-0002476,RPT-202412-0616,EMP-1006,Deepa Iyer,Marketing,CC-MKT-01,2024-12-08,2024-12-01,2024-12-05,Airfare,Business,British Airways,Mumbai,BOM,Ahmedabad,AMD,,KM,,200,INR,200,1.0,Concur,Tech Conference,MGR-M01,2024-12-11,APPROVED
EXP-0002477,RPT-202412-0616,EMP-1006,Deepa Iyer,Marketing,CC-MKT-01,2024-12-08,2024-12-01,2024-12-05,Hotel,,JW Marriott Ahmedabad,,,Ahmedabad,AMD,,,4,33500,INR,33500,1.0,Concur,Tech Conference,MGR-M01,2024-12-11,APPROVED
EXP-0002478,RPT-202412-0616,EMP-1006,Deepa Iyer,Marketing,CC-MKT-01,2024-12-08,2024-12-01,2024-12-05,Ground Transport,,Meru Cabs,Ahmedabad,,Ahmedabad,AMD,32.3,KM,,792,INR,792,1.0,Concur,Tech Conference,MGR-M01,2024-12-11,APPROVED
EXP-0002479,RPT-202412-0617,EMP-1020,Sameer Khan,Legal,CC-LEGAL-01,2024-12-12,2024-12-02,2024-12-04,Airfare,Business,Emirates,Delhi,DEL,Pune,PNQ,,KM,,500,INR,500,1.0,Concur,Operations Review,MGR-L01,2024-12-16,APPROVED
EXP-0002480,RPT-202412-0617,EMP-1020,Sameer Khan,Legal,CC-LEGAL-01,2024-12-12,2024-12-02,2024-12-04,Hotel,,Taj Hotels Pune,,,Pune,PNQ,,,2,16500,INR,16500,1.0,Concur,Operations Review,MGR-L01,2024-12-16,APPROVED
EXP-0002481,RPT-202412-0617,EMP-1020,Sameer Khan,Legal,CC-LEGAL-01,2024-12-12,2024-12-02,2024-12-04,Ground Transport,,Metro Rail,Pune,,Pune,PNQ,40.7,KM,,778,INR,778,1.0,Concur,Operations Review,MGR-L01,2024-12-16,APPROVED
EXP-0002482,RPT-202412-0617,EMP-1020,Sameer Khan,Legal,CC-LEGAL-01,2024-12-12,2024-12-02,2024-12-04,Ground Transport,,Black Cab,,,Pune,PNQ,35.1,KM,,876,INR,876,1.0,Concur,Operations Review,MGR-L01,2024-12-16,APPROVED
EXP-0002483,RPT-202501-0618,EMP-1009,Sunita Gupta,Sales,CC-SALES-02,2025-01-07,2024-12-25,2024-12-30,Airfare,Business,Emirates,Mumbai,BOM,Dubai,DXB,,KM,,3800,INR,3800,1.0,Concur,Product Launch,MGR-S01,2025-01-10,APPROVED
EXP-0002484,RPT-202501-0618,EMP-1009,Sunita Gupta,Sales,CC-SALES-02,2025-01-07,2024-12-25,2024-12-30,Hotel,,Ibis Dubai,,,Dubai,DXB,,,5,155000,INR,155000,1.0,Concur,Product Launch,MGR-S01,2025-01-10,APPROVED
EXP-0002485,RPT-202501-0618,EMP-1009,Sunita Gupta,Sales,CC-SALES-02,2025-01-07,2024-12-25,2024-12-30,Ground Transport,,Rapido,Dubai,,Dubai,DXB,40.6,KM,,633,INR,633,1.0,Concur,Product Launch,MGR-S01,2025-01-10,APPROVED
EXP-0002486,RPT-202412-0619,EMP-1002,Priya Menon,Engineering,CC-ENG-01,2024-12-15,2024-12-07,2024-12-08,Airfare,Economy,Etihad,Bangalore,BLR,Kolkata,CCU,,KM,,500,INR,500,1.0,Concur,Annual Planning,MGR-E01,2024-12-16,APPROVED
EXP-0002487,RPT-202412-0619,EMP-1002,Priya Menon,Engineering,CC-ENG-01,2024-12-15,2024-12-07,2024-12-08,Hotel,,Westin Kolkata,,,Kolkata,CCU,,,1,8500,INR,8500,1.0,Concur,Annual Planning,MGR-E01,2024-12-16,APPROVED
EXP-0002488,RPT-202412-0619,EMP-1002,Priya Menon,Engineering,CC-ENG-01,2024-12-15,2024-12-07,2024-12-08,Ground Transport,,Rapido,Kolkata,,Kolkata,CCU,50.3,KM,,1060,INR,1060,1.0,Concur,Annual Planning,MGR-E01,2024-12-16,APPROVED
EXP-0002489,RPT-202412-0620,EMP-1009,Sunita Gupta,Sales,CC-SALES-02,2024-12-20,2024-12-16,2024-12-18,Airfare,Economy,Vistara,Mumbai,BOM,Chennai,MAA,,KM,,300,INR,300,1.0,Concur,Product Launch,MGR-S01,2024-12-22,APPROVED
EXP-0002490,RPT-202412-0620,EMP-1009,Sunita Gupta,Sales,CC-SALES-02,2024-12-20,2024-12-16,2024-12-18,Hotel,,Westin Chennai,,,Chennai,MAA,,,2,17000,INR,17000,1.0,Concur,Product Launch,MGR-S01,2024-12-22,APPROVED
EXP-0002491,RPT-202412-0620,EMP-1009,Sunita Gupta,Sales,CC-SALES-02,2024-12-20,2024-12-16,2024-12-18,Ground Transport,,Ola,Chennai,,Chennai,MAA,34.5,KM,,629,INR,629,1.0,Concur,Product Launch,MGR-S01,2024-12-22,APPROVED
EXP-0002492,RPT-202412-0620,EMP-1009,Sunita Gupta,Sales,CC-SALES-02,2024-12-20,2024-12-16,2024-12-18,Ground Transport,,Uber,,,Chennai,MAA,38.1,KM,,602,INR,602,1.0,Concur,Product Launch,MGR-S01,2024-12-22,APPROVED
EXP-0002493,RPT-202412-0620,EMP-1009,Sunita Gupta,Sales,CC-SALES-02,2024-12-20,2024-12-16,2024-12-18,Ground Transport,,Yellow Cab,Chennai,,Chennai,MAA,12.9,KM,,231,INR,231,1.0,Concur,Product Launch,MGR-S01,2024-12-22,APPROVED
EXP-0002494,RPT-202412-0621,EMP-1002,Priya Menon,Engineering,CC-ENG-01,2024-12-08,2024-12-01,2024-12-04,Airfare,Economy,Air India,Bangalore,BLR,Ahmedabad,AMD,,KM,,300,INR,300,1.0,Concur,Partner Integration,MGR-E01,2024-12-12,APPROVED
EXP-0002495,RPT-202412-0621,EMP-1002,Priya Menon,Engineering,CC-ENG-01,2024-12-08,2024-12-01,2024-12-04,Hotel,,Novotel Ahmedabad,,,Ahmedabad,AMD,,,3,20000,INR,20000,1.0,Concur,Partner Integration,MGR-E01,2024-12-12,APPROVED
EXP-0002496,RPT-202412-0621,EMP-1002,Priya Menon,Engineering,CC-ENG-01,2024-12-08,2024-12-01,2024-12-04,Ground Transport,,Metro Rail,Ahmedabad,,Ahmedabad,AMD,44.3,KM,,1125,INR,1125,1.0,Concur,Partner Integration,MGR-E01,2024-12-12,APPROVED
EXP-0002497,RPT-202412-0622,EMP-1011,Anjali Singh,Marketing,CC-MKT-01,2024-12-16,2024-12-05,2024-12-08,Airfare,Business,Vistara,Mumbai,BOM,Bangalore,BLR,,KM,,400,INR,400,1.0,Concur,Budget Review,MGR-M01,2024-12-18,APPROVED
EXP-0002498,RPT-202412-0622,EMP-1011,Anjali Singh,Marketing,CC-MKT-01,2024-12-16,2024-12-05,2024-12-08,Hotel,,ITC Hotels Bangalore,,,Bangalore,BLR,,,3,23000,INR,23000,1.0,Concur,Budget Review,MGR-M01,2024-12-18,APPROVED
EXP-0002499,RPT-202412-0622,EMP-1011,Anjali Singh,Marketing,CC-MKT-01,2024-12-16,2024-12-05,2024-12-08,Ground Transport,,Metro Rail,Bangalore,,Bangalore,BLR,30.9,KM,,493,INR,493,1.0,Concur,Budget Review,MGR-M01,2024-12-18,APPROVED
EXP-0002500,RPT-202412-0622,EMP-1011,Anjali Singh,Marketing,CC-MKT-01,2024-12-16,2024-12-05,2024-12-08,Ground Transport,,Grab,,,Bangalore,BLR,47.1,KM,,912,INR,912,1.0,Concur,Budget Review,MGR-M01,2024-12-18,APPROVED
EXP-0002501,RPT-202412-0622,EMP-1011,Anjali Singh,Marketing,CC-MKT-01,2024-12-16,2024-12-05,2024-12-08,Ground Transport,,Black Cab,Bangalore,,Bangalore,BLR,49.1,KM,,1420,INR,1420,1.0,Concur,Budget Review,MGR-M01,2024-12-18,APPROVED
EXP-0002502,RPT-202412-0623,EMP-1009,Sunita Gupta,Sales,CC-SALES-02,2024-12-31,2024-12-28,2024-12-30,Airfare,Economy,SpiceJet,Mumbai,BOM,Chennai,MAA,,KM,,300,INR,300,1.0,Concur,Audit Review,MGR-S01,2025-01-02,APPROVED
EXP-0002503,RPT-202412-0623,EMP-1009,Sunita Gupta,Sales,CC-SALES-02,2024-12-31,2024-12-28,2024-12-30,Hotel,,Taj Hotels Chennai,,,Chennai,MAA,,,2,16500,INR,16500,1.0,Concur,Audit Review,MGR-S01,2025-01-02,APPROVED
EXP-0002504,RPT-202412-0623,EMP-1009,Sunita Gupta,Sales,CC-SALES-02,2024-12-31,2024-12-28,2024-12-30,Ground Transport,,Rapido,Chennai,,Chennai,MAA,12.6,KM,,239,INR,239,1.0,Concur,Audit Review,MGR-S01,2025-01-02,APPROVED
EXP-0002505,RPT-202412-0624,EMP-1016,Dinesh Choudhary,Procurement,CC-PROC-01,2024-12-22,2024-12-17,2024-12-19,Airfare,Business,British Airways,Mumbai,BOM,Chennai,MAA,,KM,,400,INR,400,1.0,Concur,Operations Review,MGR-P01,2024-12-26,APPROVED
EXP-0002506,RPT-202412-0624,EMP-1016,Dinesh Choudhary,Procurement,CC-PROC-01,2024-12-22,2024-12-17,2024-12-19,Hotel,,Novotel Chennai,,,Chennai,MAA,,,2,9500,INR,9500,1.0,Concur,Operations Review,MGR-P01,2024-12-26,APPROVED
EXP-0002507,RPT-202412-0624,EMP-1016,Dinesh Choudhary,Procurement,CC-PROC-01,2024-12-22,2024-12-17,2024-12-19,Ground Transport,,Local Taxi,Chennai,,Chennai,MAA,41.1,KM,,884,INR,884,1.0,Concur,Operations Review,MGR-P01,2024-12-26,APPROVED
EXP-0002508,RPT-202412-0624,EMP-1016,Dinesh Choudhary,Procurement,CC-PROC-01,2024-12-22,2024-12-17,2024-12-19,Ground Transport,,Metro Rail,,,Chennai,MAA,46.7,KM,,1389,INR,1389,1.0,Concur,Operations Review,MGR-P01,2024-12-26,APPROVED
EXP-0002509,RPT-202412-0625,EMP-1006,Deepa Iyer,Marketing,CC-MKT-01,2024-12-30,2024-12-26,2024-12-27,Airfare,Economy,Etihad,Mumbai,BOM,Hyderabad,HYD,,KM,,200,INR,200,1.0,Concur,Budget Review,MGR-M01,2024-12-31,APPROVED
EXP-0002510,RPT-202412-0625,EMP-1006,Deepa Iyer,Marketing,CC-MKT-01,2024-12-30,2024-12-26,2024-12-27,Hotel,,Novotel Hyderabad,,,Hyderabad,HYD,,,1,8500,INR,8500,1.0,Concur,Budget Review,MGR-M01,2024-12-31,APPROVED
EXP-0002511,RPT-202412-0625,EMP-1006,Deepa Iyer,Marketing,CC-MKT-01,2024-12-30,2024-12-26,2024-12-27,Ground Transport,,Ola,Hyderabad,,Hyderabad,HYD,21.3,KM,,612,INR,612,1.0,Concur,Budget Review,MGR-M01,2024-12-31,APPROVED
EXP-0002512,RPT-202501-0626,EMP-1013,Nisha Verma,Engineering,CC-ENG-01,2025-01-04,2024-12-27,2024-12-29,Airfare,Economy,Air India,Bangalore,BLR,Mumbai,BOM,,KM,,200,INR,200,1.0,Concur,Client Meeting,MGR-E01,,PENDING
EXP-0002513,RPT-202501-0626,EMP-1013,Nisha Verma,Engineering,CC-ENG-01,2025-01-04,2024-12-27,2024-12-29,Hotel,,Le Meridien Mumbai,,,Mumbai,BOM,,,2,13000,INR,13000,1.0,Concur,Client Meeting,MGR-E01,,PENDING
EXP-0002514,RPT-202501-0626,EMP-1013,Nisha Verma,Engineering,CC-ENG-01,2025-01-04,2024-12-27,2024-12-29,Ground Transport,,Grab,Mumbai,,Mumbai,BOM,25.2,KM,,725,INR,725,1.0,Concur,Client Meeting,MGR-E01,,PENDING
EXP-0002515,RPT-202501-0626,EMP-1013,Nisha Verma,Engineering,CC-ENG-01,2025-01-04,2024-12-27,2024-12-29,Ground Transport,,Black Cab,,,Mumbai,BOM,31.2,KM,,750,INR,750,1.0,Concur,Client Meeting,MGR-E01,,PENDING
EXP-0002516,RPT-202412-0627,EMP-1011,Anjali Singh,Marketing,CC-MKT-01,2024-12-25,2024-12-17,2024-12-19,Airfare,Business,Qatar Airways,Mumbai,BOM,Chennai,MAA,,KM,,400,INR,400,1.0,Concur,Sales Pitch,MGR-M01,2024-12-29,APPROVED
EXP-0002517,RPT-202412-0627,EMP-1011,Anjali Singh,Marketing,CC-MKT-01,2024-12-25,2024-12-17,2024-12-19,Hotel,,Westin Chennai,,,Chennai,MAA,,,2,14000,INR,14000,1.0,Concur,Sales Pitch,MGR-M01,2024-12-29,APPROVED
EXP-0002518,RPT-202412-0627,EMP-1011,Anjali Singh,Marketing,CC-MKT-01,2024-12-25,2024-12-17,2024-12-19,Ground Transport,,Careem,Chennai,,Chennai,MAA,30.5,KM,,572,INR,572,1.0,Concur,Sales Pitch,MGR-M01,2024-12-29,APPROVED
EXP-0002519,RPT-202412-0627,EMP-1011,Anjali Singh,Marketing,CC-MKT-01,2024-12-25,2024-12-17,2024-12-19,Ground Transport,,Uber,,,Chennai,MAA,34.3,KM,,872,INR,872,1.0,Concur,Sales Pitch,MGR-M01,2024-12-29,APPROVED
EXP-0002520,RPT-202412-0628,EMP-1018,Aakash Tiwari,Sales,CC-SALES-01,2024-12-20,2024-12-18,2024-12-19,Airfare,Economy,Vistara,Mumbai,BOM,Kolkata,CCU,,KM,,500,INR,500,1.0,Concur,Board Review,MGR-S01,2024-12-21,APPROVED
EXP-0002521,RPT-202412-0628,EMP-1018,Aakash Tiwari,Sales,CC-SALES-01,2024-12-20,2024-12-18,2024-12-19,Hotel,,Hyatt Regency Kolkata,,,Kolkata,CCU,,,1,7500,INR,7500,1.0,Concur,Board Review,MGR-S01,2024-12-21,APPROVED
EXP-0002522,RPT-202412-0628,EMP-1018,Aakash Tiwari,Sales,CC-SALES-01,2024-12-20,2024-12-18,2024-12-19,Ground Transport,,Grab,Kolkata,,Kolkata,CCU,11.5,KM,,274,INR,274,1.0,Concur,Board Review,MGR-S01,2024-12-21,APPROVED
EXP-0002523,RPT-202412-0628,EMP-1018,Aakash Tiwari,Sales,CC-SALES-01,2024-12-20,2024-12-18,2024-12-19,Ground Transport,,Metro Rail,,,Kolkata,CCU,24.6,KM,,517,INR,517,1.0,Concur,Board Review,MGR-S01,2024-12-21,APPROVED
EXP-0002524,RPT-202412-0628,EMP-1018,Aakash Tiwari,Sales,CC-SALES-01,2024-12-20,2024-12-18,2024-12-19,Ground Transport,,Ola,Kolkata,,Kolkata,CCU,16.1,KM,,341,INR,341,1.0,Concur,Board Review,MGR-S01,2024-12-21,APPROVED
EXP-0002525,RPT-202412-0629,EMP-1015,Kavita Joshi,HR,CC-HR-01,2024-12-29,2024-12-19,2024-12-25,Airfare,Economy,IndiGo,Delhi,DEL,New York,JFK,,KM,,11700,INR,11700,1.0,Concur,Client Meeting,MGR-H01,2025-01-02,APPROVED
EXP-0002526,RPT-202412-0629,EMP-1015,Kavita Joshi,HR,CC-HR-01,2024-12-29,2024-12-19,2024-12-25,Hotel,,Hilton New York,,,New York,JFK,,,6,89000,INR,89000,1.0,Concur,Client Meeting,MGR-H01,2025-01-02,APPROVED
EXP-0002527,RPT-202412-0629,EMP-1015,Kavita Joshi,HR,CC-HR-01,2024-12-29,2024-12-19,2024-12-25,Ground Transport,,Meru Cabs,New York,,New York,JFK,43.3,KM,,1162,INR,1162,1.0,Concur,Client Meeting,MGR-H01,2025-01-02,APPROVED
EXP-0002528,RPT-202412-0629,EMP-1015,Kavita Joshi,HR,CC-HR-01,2024-12-29,2024-12-19,2024-12-25,Ground Transport,,Uber,,,New York,JFK,37.8,KM,,1012,INR,1012,1.0,Concur,Client Meeting,MGR-H01,2025-01-02,APPROVED
EXP-0002529,RPT-202412-0630,EMP-1007,Kiran Rao,Legal,CC-LEGAL-01,2024-12-28,2024-12-24,2024-12-26,Airfare,Economy,Emirates,Delhi,DEL,Kolkata,CCU,,KM,,300,INR,300,1.0,Concur,Sales Pitch,MGR-L01,2025-01-01,APPROVED
EXP-0002530,RPT-202412-0630,EMP-1007,Kiran Rao,Legal,CC-LEGAL-01,2024-12-28,2024-12-24,2024-12-26,Hotel,,Hyatt Regency Kolkata,,,Kolkata,CCU,,,2,17000,INR,17000,1.0,Concur,Sales Pitch,MGR-L01,2025-01-01,APPROVED
EXP-0002531,RPT-202412-0630,EMP-1007,Kiran Rao,Legal,CC-LEGAL-01,2024-12-28,2024-12-24,2024-12-26,Ground Transport,,Rapido,Kolkata,,Kolkata,CCU,38.9,KM,,969,INR,969,1.0,Concur,Sales Pitch,MGR-L01,2025-01-01,APPROVED
EXP-0002532,RPT-202412-0630,EMP-1007,Kiran Rao,Legal,CC-LEGAL-01,2024-12-28,2024-12-24,2024-12-26,Ground Transport,,Metro Rail,,,Kolkata,CCU,32.7,KM,,730,INR,730,1.0,Concur,Sales Pitch,MGR-L01,2025-01-01,APPROVED
EXP-0002533,RPT-202501-0631,EMP-1015,Kavita Joshi,HR,CC-HR-01,2025-01-02,2024-12-22,2024-12-29,Airfare,Business,SpiceJet,Delhi,DEL,Dubai,DXB,,KM,,3600,INR,3600,1.0,Concur,Client Meeting,MGR-H01,2025-01-06,APPROVED
EXP-0002534,RPT-202501-0631,EMP-1015,Kavita Joshi,HR,CC-HR-01,2025-01-02,2024-12-22,2024-12-29,Hotel,,Holiday Inn Dubai,,,Dubai,DXB,,,7,224000,INR,224000,1.0,Concur,Client Meeting,MGR-H01,2025-01-06,APPROVED
EXP-0002535,RPT-202501-0631,EMP-1015,Kavita Joshi,HR,CC-HR-01,2025-01-02,2024-12-22,2024-12-29,Ground Transport,,Yellow Cab,Dubai,,Dubai,DXB,26.9,KM,,584,INR,584,1.0,Concur,Client Meeting,MGR-H01,2025-01-06,APPROVED
EXP-0002536,RPT-202501-0631,EMP-1015,Kavita Joshi,HR,CC-HR-01,2025-01-02,2024-12-22,2024-12-29,Ground Transport,,Uber,,,Dubai,DXB,15.5,KM,,334,INR,334,1.0,Concur,Client Meeting,MGR-H01,2025-01-06,APPROVED
EXP-0002537,RPT-202501-0631,EMP-1015,Kavita Joshi,HR,CC-HR-01,2025-01-02,2024-12-22,2024-12-29,Ground Transport,,Metro Rail,Dubai,,Dubai,DXB,27.7,KM,,749,INR,749,1.0,Concur,Client Meeting,MGR-H01,2025-01-06,APPROVED
EXP-0002538,RPT-202412-0632,EMP-1016,Dinesh Choudhary,Procurement,CC-PROC-01,2024-12-09,2024-12-04,2024-12-06,Airfare,Economy,Vistara,Mumbai,BOM,Hyderabad,HYD,,KM,,100,INR,100,1.0,Concur,Operations Review,MGR-P01,2024-12-10,APPROVED
EXP-0002539,RPT-202412-0632,EMP-1016,Dinesh Choudhary,Procurement,CC-PROC-01,2024-12-09,2024-12-04,2024-12-06,Hotel,,Novotel Hyderabad,,,Hyderabad,HYD,,,2,18000,INR,18000,1.0,Concur,Operations Review,MGR-P01,2024-12-10,APPROVED
EXP-0002540,RPT-202412-0632,EMP-1016,Dinesh Choudhary,Procurement,CC-PROC-01,2024-12-09,2024-12-04,2024-12-06,Ground Transport,,Grab,Hyderabad,,Hyderabad,HYD,19.4,KM,,535,INR,535,1.0,Concur,Operations Review,MGR-P01,2024-12-10,APPROVED
EXP-0002541,RPT-202412-0632,EMP-1016,Dinesh Choudhary,Procurement,CC-PROC-01,2024-12-09,2024-12-04,2024-12-06,Ground Transport,,Rapido,,,Hyderabad,HYD,30.8,KM,,886,INR,886,1.0,Concur,Operations Review,MGR-P01,2024-12-10,APPROVED
EXP-0002542,RPT-202412-0632,EMP-1016,Dinesh Choudhary,Procurement,CC-PROC-01,2024-12-09,2024-12-04,2024-12-06,Ground Transport,,Local Taxi,Hyderabad,,Hyderabad,HYD,29.1,KM,,824,INR,824,1.0,Concur,Operations Review,MGR-P01,2024-12-10,APPROVED
EXP-0002543,RPT-202412-0633,EMP-1016,Dinesh Choudhary,Procurement,CC-PROC-01,2024-12-07,2024-12-01,2024-12-05,Airfare,Economy,Air India,Mumbai,BOM,Delhi,DEL,,KM,,300,INR,300,1.0,Concur,Team Offsite,MGR-P01,2024-12-11,APPROVED
EXP-0002544,RPT-202412-0633,EMP-1016,Dinesh Choudhary,Procurement,CC-PROC-01,2024-12-07,2024-12-01,2024-12-05,Hotel,,JW Marriott Delhi,,,Delhi,DEL,,,4,32000,INR,32000,1.0,Concur,Team Offsite,MGR-P01,2024-12-11,APPROVED
EXP-0002545,RPT-202412-0633,EMP-1016,Dinesh Choudhary,Procurement,CC-PROC-01,2024-12-07,2024-12-01,2024-12-05,Ground Transport,,Metro Rail,Delhi,,Delhi,DEL,26.4,KM,,452,INR,452,1.0,Concur,Team Offsite,MGR-P01,2024-12-11,APPROVED
EXP-0002546,RPT-202412-0634,EMP-1017,Meera Pillai,Engineering,CC-ENG-02,2024-12-16,2024-12-08,2024-12-10,Airfare,Economy,Emirates,Bangalore,BLR,Chennai,MAA,,KM,,100,INR,100,1.0,Concur,Training Program,MGR-E01,2024-12-19,APPROVED
EXP-0002547,RPT-202412-0634,EMP-1017,Meera Pillai,Engineering,CC-ENG-02,2024-12-16,2024-12-08,2024-12-10,Hotel,,ITC Hotels Chennai,,,Chennai,MAA,,,2,16500,INR,16500,1.0,Concur,Training Program,MGR-E01,2024-12-19,APPROVED
EXP-0002548,RPT-202412-0634,EMP-1017,Meera Pillai,Engineering,CC-ENG-02,2024-12-16,2024-12-08,2024-12-10,Ground Transport,,Yellow Cab,Chennai,,Chennai,MAA,40.3,KM,,874,INR,874,1.0,Concur,Training Program,MGR-E01,2024-12-19,APPROVED
EXP-0002549,RPT-202412-0634,EMP-1017,Meera Pillai,Engineering,CC-ENG-02,2024-12-16,2024-12-08,2024-12-10,Ground Transport,,Yellow Cab,,,Chennai,MAA,48.7,KM,,1444,INR,1444,1.0,Concur,Training Program,MGR-E01,2024-12-19,APPROVED
EXP-0002550,RPT-202412-0634,EMP-1017,Meera Pillai,Engineering,CC-ENG-02,2024-12-16,2024-12-08,2024-12-10,Ground Transport,,Meru Cabs,Chennai,,Chennai,MAA,27.4,KM,,606,INR,606,1.0,Concur,Training Program,MGR-E01,2024-12-19,APPROVED
EXP-0002551,RPT-202412-0635,EMP-1008,Arjun Mehta,Engineering,CC-ENG-02,2024-12-23,2024-12-17,2024-12-21,Airfare,Business,Emirates,Bangalore,BLR,Kolkata,CCU,,KM,,600,INR,600,1.0,Concur,Budget Review,MGR-E01,2024-12-25,APPROVED
EXP-0002552,RPT-202412-0635,EMP-1008,Arjun Mehta,Engineering,CC-ENG-02,2024-12-23,2024-12-17,2024-12-21,Hotel,,Radisson Blu Kolkata,,,Kolkata,CCU,,,4,21500,INR,21500,1.0,Concur,Budget Review,MGR-E01,2024-12-25,APPROVED
EXP-0002553,RPT-202412-0635,EMP-1008,Arjun Mehta,Engineering,CC-ENG-02,2024-12-23,2024-12-17,2024-12-21,Ground Transport,,Meru Cabs,Kolkata,,Kolkata,CCU,34.8,KM,,879,INR,879,1.0,Concur,Budget Review,MGR-E01,2024-12-25,APPROVED
EXP-0002554,RPT-202412-0635,EMP-1008,Arjun Mehta,Engineering,CC-ENG-02,2024-12-23,2024-12-17,2024-12-21,Ground Transport,,Black Cab,,,Kolkata,CCU,34.1,KM,,647,INR,647,1.0,Concur,Budget Review,MGR-E01,2024-12-25,APPROVED
EXP-0002555,RPT-202412-0635,EMP-1008,Arjun Mehta,Engineering,CC-ENG-02,2024-12-23,2024-12-17,2024-12-21,Ground Transport,,Grab,Kolkata,,Kolkata,CCU,54.9,KM,,970,INR,970,1.0,Concur,Budget Review,MGR-E01,2024-12-25,APPROVED
EXP-0002556,RPT-202501-0636,EMP-1015,Kavita Joshi,HR,CC-HR-01,2025-01-02,2024-12-28,2024-12-30,Airfare,Economy,IndiGo,Delhi,DEL,Bangalore,BLR,,KM,,500,INR,500,1.0,Concur,Legal Negotiation,MGR-H01,2025-01-05,APPROVED
EXP-0002557,RPT-202501-0636,EMP-1015,Kavita Joshi,HR,CC-HR-01,2025-01-02,2024-12-28,2024-12-30,Hotel,,Hilton Bangalore,,,Bangalore,BLR,,,2,11500,INR,11500,1.0,Concur,Legal Negotiation,MGR-H01,2025-01-05,APPROVED
EXP-0002558,RPT-202501-0636,EMP-1015,Kavita Joshi,HR,CC-HR-01,2025-01-02,2024-12-28,2024-12-30,Ground Transport,,Local Taxi,Bangalore,,Bangalore,BLR,15.4,KM,,237,INR,237,1.0,Concur,Legal Negotiation,MGR-H01,2025-01-05,APPROVED
EXP-0002559,RPT-202501-0636,EMP-1015,Kavita Joshi,HR,CC-HR-01,2025-01-02,2024-12-28,2024-12-30,Ground Transport,,Black Cab,,,Bangalore,BLR,37.5,KM,,849,INR,849,1.0,Concur,Legal Negotiation,MGR-H01,2025-01-05,APPROVED
EXP-0002560,RPT-202412-0637,EMP-1012,Mohit Sharma,Finance,CC-FIN-01,2024-12-25,2024-12-21,2024-12-23,Airfare,Economy,Qatar Airways,Delhi,DEL,Mumbai,BOM,,KM,,300,INR,300,1.0,Concur,Training Program,MGR-F01,2024-12-29,APPROVED
EXP-0002561,RPT-202412-0637,EMP-1012,Mohit Sharma,Finance,CC-FIN-01,2024-12-25,2024-12-21,2024-12-23,Hotel,,Taj Hotels Mumbai,,,Mumbai,BOM,,,2,16000,INR,16000,1.0,Concur,Training Program,MGR-F01,2024-12-29,APPROVED
EXP-0002562,RPT-202412-0637,EMP-1012,Mohit Sharma,Finance,CC-FIN-01,2024-12-25,2024-12-21,2024-12-23,Ground Transport,,Uber,Mumbai,,Mumbai,BOM,29.9,KM,,592,INR,592,1.0,Concur,Training Program,MGR-F01,2024-12-29,APPROVED
EXP-0002563,RPT-202412-0637,EMP-1012,Mohit Sharma,Finance,CC-FIN-01,2024-12-25,2024-12-21,2024-12-23,Ground Transport,,Ola,,,Mumbai,BOM,30.7,KM,,776,INR,776,1.0,Concur,Training Program,MGR-F01,2024-12-29,APPROVED
EXP-0002564,RPT-202412-0638,EMP-1010,Ravi Krishnan,Operations,CC-OPS-02,2024-12-17,2024-12-14,2024-12-16,Airfare,Economy,Air India,Chennai,MAA,Hyderabad,HYD,,KM,,100,INR,100,1.0,Concur,Budget Review,MGR-O01,2024-12-21,APPROVED
EXP-0002565,RPT-202412-0638,EMP-1010,Ravi Krishnan,Operations,CC-OPS-02,2024-12-17,2024-12-14,2024-12-16,Hotel,,Le Meridien Hyderabad,,,Hyderabad,HYD,,,2,16500,INR,16500,1.0,Concur,Budget Review,MGR-O01,2024-12-21,APPROVED
EXP-0002566,RPT-202412-0638,EMP-1010,Ravi Krishnan,Operations,CC-OPS-02,2024-12-17,2024-12-14,2024-12-16,Ground Transport,,Careem,Hyderabad,,Hyderabad,HYD,11.4,KM,,188,INR,188,1.0,Concur,Budget Review,MGR-O01,2024-12-21,APPROVED
EXP-0002567,RPT-202412-0638,EMP-1010,Ravi Krishnan,Operations,CC-OPS-02,2024-12-17,2024-12-14,2024-12-16,Ground Transport,,Metro Rail,,,Hyderabad,HYD,34.9,KM,,648,INR,648,1.0,Concur,Budget Review,MGR-O01,2024-12-21,APPROVED
EXP-0002568,RPT-202412-0638,EMP-1010,Ravi Krishnan,Operations,CC-OPS-02,2024-12-17,2024-12-14,2024-12-16,Ground Transport,,Meru Cabs,Hyderabad,,Hyderabad,HYD,21.5,KM,,373,INR,373,1.0,Concur,Budget Review,MGR-O01,2024-12-21,APPROVED
EXP-0002569,RPT-202412-0639,EMP-1020,Sameer Khan,Legal,CC-LEGAL-01,2024-12-26,2024-12-14,2024-12-18,Airfare,Economy,Vistara,Delhi,,Bangalore,BLR,,KM,,400,INR,400,1.0,Concur,Annual Planning,MGR-L01,2024-12-30,APPROVED
EXP-0002570,RPT-202412-0639,EMP-1020,Sameer Khan,Legal,CC-LEGAL-01,2024-12-26,2024-12-14,2024-12-18,Hotel,,JW Marriott Bangalore,,,Bangalore,BLR,,,4,22500,INR,22500,1.0,Concur,Annual Planning,MGR-L01,2024-12-30,APPROVED
EXP-0002571,RPT-202412-0639,EMP-1020,Sameer Khan,Legal,CC-LEGAL-01,2024-12-26,2024-12-14,2024-12-18,Ground Transport,,Uber,Bangalore,,Bangalore,BLR,36.4,KM,,966,INR,966,1.0,Concur,Annual Planning,MGR-L01,2024-12-30,APPROVED
EXP-0002572,RPT-202412-0639,EMP-1020,Sameer Khan,Legal,CC-LEGAL-01,2024-12-26,2024-12-14,2024-12-18,Ground Transport,,Grab,,,Bangalore,BLR,18.2,KM,,336,INR,336,1.0,Concur,Annual Planning,MGR-L01,2024-12-30,APPROVED
EXP-0002573,RPT-202412-0639,EMP-1020,Sameer Khan,Legal,CC-LEGAL-01,2024-12-26,2024-12-14,2024-12-18,Ground Transport,,Ola,Bangalore,,Bangalore,BLR,30.0,KM,,782,INR,782,1.0,Concur,Annual Planning,MGR-L01,2024-12-30,APPROVED
