Mandant|Buchungskreis|Werk|Buchungsdatum|Belegdatum|Materialdokument|Pos|Material|Materialkurztext|Bewegungsart|Menge|Einheit|Betrag_in_HW|Waehrung|Lieferant|Buchungstext|Kostenstelle|Lagerort|Benutzername
100|1000|PL01|21.01.2023|21.01.2023|5000010001|1|DIESEL001|Dieselkraftstoff|261|993.24|L|67388.83|INR|V-K009|Tanken Generator Mumbai|KST-LOG-02|SL01|AKUMAR
100|1000|PL01|07.01.2023|06.01.2023|5000010002|1|DIESEL001|Dieselkraftstoff|261|848.996|L|63096.76|INR|V-K005||KST-MNT-01|SL01|KVELU
100|1000|PL01|26.01.2023|25.01.2023|5000010003|1|DIESEL001|Diesel|261|672.2|L|51938.94|INR|V-K002|Auffuellung Fahrzeugflotte Mumbai|KST-MNT-01|SL01|DRAO
100|1000|PL01|24.01.2023|21.01.2023|5000010004|1|DIESEL001|Dieselkraftstoff|261|1178.493|L|85558.01|INR|V-RELI1|Tanken Fahrzeugflotte Mumbai|KST-LOG-02|SL01|DRAO
100|1000|PL01|22.01.2023|21.01.2023|5000010005|1|DIESEL001|Diesel|261|1188.177|L|90565.1|INR|V-RELI1|Verbrauch Kantine Mumbai|KST-OPS-03|SL01|DRAO
100|1000|PL01|23.01.2023|23.01.2023|5000010006|1|DIESEL001|Dieselkraftstoff|261|827.312|L|59206.78|INR|V-BPCL1|Tanken Heizung Mumbai|KST-FAC-01|SL01|MGUPTA
100|1000|PL01|27.01.2023|27.01.2023|5000010007|1|DIESEL001|Diesel|261|720.932|L|55338.26|INR|V-K004|Entnahme DG-Set Mumbai|KST-FAC-07|SL01|NREDDY
100|1000|PL01|09.01.2023|08.01.2023|5000010008|1|DIESEL001|Dieselkraftstoff|261|995.991|L|74545.54|INR|V-K006|Tanken Fahrzeugflotte Mumbai|KST-OPS-03|SL01|PSINGH
100|1000|PL01|28.01.2023|28.01.2023|5000010009|1|PETRL001|Benzin|261|256.862|L|24351.64|INR|V-K008|Tanken Generator Mumbai|KST-FAC-02|SL01|MGUPTA
100|1000|PL01|22.01.2023|20.01.2023|5000010010|1|PETRL001|Motorenbenzin|261|127.888|L|12186.34|INR|V-K005|Tanken Kantine Mumbai|KST-PRD-02|SL01|MGUPTA
100|1000|PL01|27.01.2023|26.01.2023|5000010011|1|PETRL001|Benzin|261|193.478|L|19921.61|INR|V-K010||KST-FAC-07|SL01|DRAO
100|1000|PL01|12.01.2023|10.01.2023|5000010012|1|PETRL001|Benzin|261|114.481|L|11776.1|INR|V-K002|Verbrauch Notstromaggregat Mumbai|KST-LOG-01|SL01|KVELU
100|1000|PL01|18.01.2023|17.01.2023|5000010013|1|PETRL001|Motorenbenzin|261|231.918|L|23918.31|INR|V-BPCL1|Auffuellung Notstromaggregat Mumbai|KST-PRD-01|SL01|PSINGH
100|1000|PL01|17.01.2023|14.01.2023|5000010014|1|PETRL001|Benzin|261|161.976|L|14358.05|INR|V-K001|Verbrauch Generator Mumbai|KST-PRD-01|SL01|AKUMAR
100|1000|PL01|02.01.2023|31.12.2022|5000010015|1|LPG00001|Fluessiggas|261|55.708|KG|5002.02|INR|V-ESSAR|Entnahme Wartung Mumbai|KST-LOG-02|SL01|TLAXMAN
100|1000|PL01|07.01.2023|07.01.2023|5000010016|1|LPG00001|Fluessiggas|261|62.949|KG|5584.83|INR|V-IOCL1|Auffuellung Generator Mumbai|KST-OPS-02|SL01|NREDDY
100|1000|PL01|08.01.2023|07.01.2023|5000010017|1|LPG00001|Fluessiggas|261|56.814|KG|4854.31|INR|V-K002|Nutzung Generator Mumbai|KST-PRD-02|SL01|SPRIYA
100|1000|PL01|02.02.2023|02.02.2023|5000010018|1|DIESEL001|Dieselkraftstoff|261|1141.094|L|77772.29|INR|V-K007|Tanken Wartung Mumbai|KST-OPS-01|SL01|RPANDEY
100|1000|PL01|09.02.2023|06.02.2023|5000010019|1|DIESEL001|Diesel|261|738.406|L|57379.51|INR|V-K003|Tanken Fahrzeugflotte Mumbai|KST-FAC-02|SL01|PSINGH
100|1000|PL01|24.02.2023|22.02.2023|5000010020|1|DIESEL001|Dieselkraftstoff|261|440.114|L|33814.55|INR|V-K009|Nutzung Generator Mumbai|KST-MNT-01|SL01|AKUMAR
100|1000|PL01|22.02.2023|21.02.2023|5000010021|1|DIESEL001|Diesel|261|495.909|L|34255.61|INR|V-K007|Auffuellung Kantine Mumbai|KST-LOG-02|SL01|NREDDY
100|1000|PL01|07.02.2023|05.02.2023|5000010022|1|DIESEL001|Dieselkraftstoff|261|612.492|L|45126.06|INR|V-ESSAR|Nutzung Generator Mumbai|KST-OPS-01|SL01|AKUMAR
100|1000|PL01|03.02.2023|02.02.2023|5000010023|1|DIESEL001|Diesel|261|505.965|L|33916.09|INR|V-K008|Nutzung Fahrzeugflotte Mumbai|KST-LOG-01|SL01|ASAXEN
100|1000|PL01|22.02.2023|20.02.2023|5000010024|1|DIESEL001|Dieselkraftstoff|261|1151.144|L|77782.5|INR|V-K005|Auffuellung Heizung Mumbai|KST-LOG-02|SL01|VMEHTA
100|1000|PL01|22.02.2023|20.02.2023|5000010025|1|DIESEL001|Diesel|261|600.897|L|40155.06|INR|V-K001|Auffuellung DG-Set Mumbai|KST-FAC-03|SL01|RJOSHI
100|1000|PL01|24.02.2023|21.02.2023|5000010026|1|PETRL001|Motorenbenzin|261|240.227|L|24703.98|INR|V-K001|Verbrauch Wartung Mumbai|KST-FAC-03|SL01|ASAXEN
100|1000|PL01|05.02.2023|05.02.2023|5000010027|1|PETRL001|Motorenbenzin|261|191.163|L|19738.14|INR|V-IOCL1|Nutzung Wartung Mumbai|KST-LOG-03|SL01|PSINGH
100|1000|PL01|20.02.2023|19.02.2023|5000010028|1|PETRL001|Benzin|261|316.151|L|31859.63|INR|V-BPCL1|Entnahme Heizung Mumbai|KST-FAC-03|SL01|RPANDEY
100|1000|PL01|09.02.2023|08.02.2023|5000010029|1|PETRL001|Benzin|261|195.635|L|18692.88|INR|V-K006|Verbrauch Heizung Mumbai|KST-MNT-01|SL01|VMEHTA
100|1000|PL01|01.02.2023|31.01.2023|5000010030|1|PETRL001|Motorenbenzin|261|182.065|L|18783.9|INR|V-K007|Tanken Generator Mumbai|KST-MNT-01|SL01|NREDDY
100|1000|PL01|09.02.2023|08.02.2023|5000010031|1|PETRL001|Motorenbenzin|261|109.564|L|10258.45|INR|V-K009|Verbrauch Kantine Mumbai|KST-FAC-05|SL01|AKUMAR
100|1000|PL01|02.02.2023|30.01.2023|5000010032|1|LPG00001|Fluessiggas|261|55.996|KG|5190.31|INR|V-K004|Auffuellung Produktion Mumbai|KST-FAC-05|SL01|DRAO
100|1000|PL01|22.02.2023|22.02.2023|5000010033|1|LPG00001|LPG|261|55.356|KG|4843.49|INR|V-K004|Verbrauch Kantine Mumbai|KST-LOG-03|SL01|GMISHRA
100|1000|PL01|13.02.2023|13.02.2023|5000010034|1|LPG00001|LPG|261|44.346|KG|4042.22|INR|V-K008|Verbrauch Generator Mumbai|KST-FAC-01|SL01|NREDDY
100|1000|PL01|10.03.2023|08.03.2023|5000010035|1|DIESEL001|Dieselkraftstoff|261|1054.739|L|78040.78|INR|V-K001|Nutzung Generator Mumbai|KST-FAC-01|SL01|RJOSHI
100|1000|PL01|15.03.2023|12.03.2023|5000010036|1|DIESEL001|Dieselkraftstoff|261|974.677|L|69050.02|INR|V-ESSAR|Tanken Wartung Mumbai|KST-MNT-01|SL01|KVELU
100|1000|PL01|08.03.2023|07.03.2023|5000010037|1|DIESEL001|Diesel|261|440.175|L|33458.95|INR|V-IOCL1|Entnahme Wartung Mumbai|KST-LOG-01|SL01|MGUPTA
100|1000|PL01|27.03.2023|24.03.2023|5000010038|1|DIESEL001|Dieselkraftstoff|261|994.924|L|68874.5|INR|V-HPCL1|Verbrauch Kantine Mumbai|KST-LOG-01|SL01|KVELU
100|1000|PL01|15.03.2023|15.03.2023|5000010039|1|DIESEL001|Diesel|261|587.595|L|44967.28|INR|V-K007|Tanken Wartung Mumbai|KST-OPS-03|SL01|BCHATT
100|1000|PL01|14.03.2023|12.03.2023|5000010040|1|DIESEL001|Diesel|261|732.619|L|52074.6|INR|V-BPCL1|Nutzung Wartung Mumbai|KST-MNT-01|SL01|RJOSHI
100|1000|PL01|16.03.2023|16.03.2023|5000010041|1|DIESEL001|Diesel|261|638.89|L|48882.57|INR|V-BPCL1|Verbrauch Notstromaggregat Mumbai|KST-PRD-02|SL01|MGUPTA
100|1000|PL01|08.03.2023|06.03.2023|5000010042|1|DIESEL001|Diesel|261|788.514|L|58307.0|INR|V-RELI1|Nutzung Fahrzeugflotte Mumbai|KST-OPS-03|SL01|SPRIYA
100|1000|PL01|13.03.2023|13.03.2023|5000010043|1|PETRL001|Benzin|261|260.687|L|24872.59|INR|V-K004|Entnahme Kantine Mumbai|KST-FAC-03|SL01|SPRIYA
100|1000|PL01|25.03.2023|22.03.2023|5000010044|1|PETRL001|Motorenbenzin|261|308.728|L|30818.78|INR|V-K004|Tanken Fahrzeugflotte Mumbai|KST-OPS-02|SL01|NREDDY
100|1000|PL01|08.03.2023|07.03.2023|5000010045|1|PETRL001|Benzin|261|255.334|L|24408.37|INR|V-K008|Verbrauch Generator Mumbai|KST-FAC-02|SL01|BCHATT
100|1000|PL01|25.03.2023|24.03.2023|5000010046|1|PETRL001|Motorenbenzin|261||L||INR|V-K007|Nutzung Heizung Mumbai|KST-PRD-01|SL01|GMISHRA
100|1000|PL01|04.03.2023|02.03.2023|5000010047|1|PETRL001|Benzin|261|299.057|L|26601.37|INR|V-K002|Entnahme Notstromaggregat Mumbai|KST-LOG-03|SL01|MGUPTA
100|1000|PL01|04.03.2023|01.03.2023|5000010048|1|PETRL001|Motorenbenzin|261|258.896|L|25678.41|INR|V-IOCL1|Nutzung Notstromaggregat Mumbai|KST-LOG-02|SL01|VMEHTA
100|1000|PL01|15.03.2023|12.03.2023|5000010049|1|LPG00001|LPG|261|46.115|KG|4438.96|INR|V-HPCL1|Entnahme Produktion Mumbai|KST-LOG-02|SL01|SPRIYA
100|1000|PL01|01.03.2023|26.02.2023|5000010050|1|LPG00001|LPG|261|39.092|KG|3685.94|INR|V-BPCL1|Nutzung Heizung Mumbai|KST-FAC-02|SL01|RPANDEY
100|1000|PL01|03.03.2023|02.03.2023|5000010051|1|LPG00001|LPG|261|54.429|KG|5048.01|INR|V-HPCL1|Entnahme Heizung Mumbai|KST-OPS-02|SL01|RJOSHI
100|1000|PL01|10.04.2023|08.04.2023|5000010052|1|DIESEL001|Diesel|261|842.778|L|65501.71|INR|V-K008|Tanken Heizung Mumbai|KST-FAC-02|SL01|VMEHTA
100|1000|PL01|11.04.2023|11.04.2023|5000010053|1|DIESEL001|Dieselkraftstoff|261|553.233|L|38408.35|INR|V-K010|Auffuellung Heizung Mumbai|KST-OPS-02|SL01|VMEHTA
100|1000|PL01|12.04.2023|11.04.2023|5000010054|1|DIESEL001|Diesel|261|411.319|L|28545.57|INR|V-BPCL1|Entnahme Generator Mumbai|KST-LOG-03|SL01|SNEHA
100|1000|PL01|28.04.2023|28.04.2023|5000010055|1|DIESEL001|Diesel|261|775.518|L|53017.41|INR|V-K008|Entnahme Generator Mumbai|KST-MNT-01|SL01|AKUMAR
100|1000|PL01|19.04.2023|19.04.2023|5000010056|1|DIESEL001|Dieselkraftstoff|261|519.358|L|36220.12|INR|V-HPCL1|Nutzung Heizung Mumbai|KST-LOG-02|SL01|GMISHRA
100|1000|PL01|25.04.2023|22.04.2023|5000010057|1|DIESEL001|Diesel|261|1126.804|L|82279.01|INR|V-K001|Verbrauch Heizung Mumbai|KST-PRD-01|SL01|TLAXMAN
100|1000|PL01|09.04.2023|09.04.2023|5000010058|1|DIESEL001|Dieselkraftstoff|261|591.892|L|40274.26|INR|V-K008|Auffuellung Notstromaggregat Mumbai|KST-OPS-01|SL01|VMEHTA
100|1000|PL01|03.04.2023|02.04.2023|5000010059|1|DIESEL001|Diesel|261|1030.262|L|76091.88|INR|V-K009|Auffuellung DG-Set Mumbai|KST-LOG-03|SL01|PSINGH
100|1000|PL01|03.04.2023|03.04.2023|5000010060|1|PETRL001|Benzin|261|298.157|L|30107.99|INR|V-K008|Auffuellung Notstromaggregat Mumbai|KST-FAC-02|SL01|BCHATT
100|1000|PL01|15.04.2023|15.04.2023|5000010061|1|PETRL001|Benzin|261|322.356|L|31459.7|INR|V-IOCL1|Tanken Kantine Mumbai|KST-MNT-01|SL01|ASAXEN
100|1000|PL01|19.04.2023|19.04.2023|5000010062|1|PETRL001|Benzin|261|217.625|L|22282.81|INR|V-IOCL1|Entnahme Produktion Mumbai|KST-FAC-07|SL01|ASAXEN
100|1000|PL01|14.04.2023|12.04.2023|5000010063|1|PETRL001|Motorenbenzin|261|267.533|L|24983.78|INR|V-K007|Entnahme Generator Mumbai|KST-PRD-02|SL01|ASAXEN
100|1000|PL01|11.04.2023|09.04.2023|5000010063|1|PETRL001|Motorenbenzin|261|128.98|L|13105.02|INR|V-RELI1|Verbrauch Produktion Mumbai|KST-FAC-07|SL01|MGUPTA
100|1000|PL01|20.04.2023|17.04.2023|5000010065|1|PETRL001|Motorenbenzin|261|289.998|L|28059.05|INR|V-BPCL1||KST-OPS-02|SL01|SPRIYA
100|1000|PL01|21.04.2023|20.04.2023|5000010066|1|LPG00001|Fluessiggas|261||KG||INR|V-RELI1|Tanken DG-Set Mumbai|KST-OPS-02|SL01|RPANDEY
100|1000|PL01|16.04.2023|14.04.2023|5000010067|1|LPG00001|LPG|261|50.775|KG|4549.44|INR|V-K004|Verbrauch Generator Mumbai|KST-LOG-02|SL01|RPANDEY
100|1000|PL01|09.04.2023|06.04.2023|5000010068|1|LPG00001|LPG|261|76.712|KG|7258.18|INR|V-K010|Verbrauch Notstromaggregat Mumbai|KST-LOG-03|SL01|TLAXMAN
100|1000|PL01|18.05.2023|15.05.2023|5000010069|1|DIESEL001|Diesel|261|665.952|L|47006.53|INR|V-BPCL1|Entnahme Fahrzeugflotte Mumbai|KST-LOG-02|SL01|PSINGH
100|1000|PL01|11.05.2023|08.05.2023|5000010070|1|DIESEL001|Diesel|261|708.863|L|53657.39|INR|V-K001|Auffuellung Generator Mumbai|KST-LOG-01|SL01|SNEHA
100|1000|PL01|28.05.2023|25.05.2023|5000010071|1|DIESEL001|Dieselkraftstoff|261|820.761|L|61198.04|INR|V-K003|Auffuellung Produktion Mumbai|KST-FAC-07|SL01|AKUMAR
100|1000|PL01|20.05.2023|17.05.2023|5000010072|1|DIESEL001|Dieselkraftstoff|261|1081.412|L|82338.3|INR|V-BPCL1|Nutzung Fahrzeugflotte Mumbai|KST-PRD-02|SL01|RPANDEY
100|1000|PL01|20.05.2023|20.05.2023|5000010073|1|DIESEL001|Dieselkraftstoff|261|904.929|L|70340.44|INR|V-K002|Tanken Notstromaggregat Mumbai|KST-LOG-03|SL01|KVELU
100|1000|PL01|06.05.2023|04.05.2023|5000010074|1|DIESEL001|Dieselkraftstoff|261|436.793|L|30409.35|INR|V-K009|Verbrauch DG-Set Mumbai|KST-LOG-02|SL01|GMISHRA
100|1000|PL01|06.05.2023|06.05.2023|5000010075|1|DIESEL001|Diesel|261|895.768|L|68755.38|INR|V-K005|Entnahme Kantine Mumbai|KST-FAC-02|SL01|SPRIYA
100|1000|PL01|22.05.2023|21.05.2023|5000010076|1|DIESEL001|Dieselkraftstoff|261|753.384|L|55003.68|INR|V-K005|Entnahme Notstromaggregat Mumbai|KST-MNT-01|SL01|SPRIYA
100|1000|PL01|04.05.2023|03.05.2023|5000010077|1|PETRL001|Motorenbenzin|261|242.981|L|25165.0|INR|V-IOCL1||KST-FAC-02|SL01|GMISHRA
100|1000|PL01|28.05.2023|28.05.2023|5000010078|1|PETRL001|Motorenbenzin|261|308.21|L|30893.55|INR|V-K004|Verbrauch Generator Mumbai|KST-FAC-01|SL01|NREDDY
100|1000|PL01|21.05.2023|21.05.2023|5000010079|1|PETRL001|Motorenbenzin|261|297.153|L|27909.88|INR|V-K006|Verbrauch Produktion Mumbai|KST-FAC-05|SL01|BCHATT
100|1000|PL01|17.05.2023|15.05.2023|5000010080|1|PETRL001|Benzin|261|164.243|L|15721.53|INR|V-K006|Tanken DG-Set Mumbai|KST-OPS-02|SL01|KVELU
100|1000|PL01|25.05.2023|24.05.2023|5000010081|1|PETRL001|Motorenbenzin|261|341.817|L|32109.71|INR|V-K009|Auffuellung Wartung Mumbai|KST-FAC-07|SL01|AKUMAR
100|1000|PL01|27.05.2023|25.05.2023|5000010082|1|PETRL001|Benzin|261|268.709|L|26289.48|INR|V-K010|Entnahme Kantine Mumbai|KST-LOG-03|SL01|PSINGH
100|1000|PL01|21.05.2023|18.05.2023|5000010083|1|LPG00001|Fluessiggas|261|36.989|KG|3224.81|INR|V-ESSAR|Auffuellung Wartung Mumbai|KST-OPS-03|SL01|MGUPTA
100|1000|PL01|19.05.2023|18.05.2023|5000010084|1|LPG00001|LPG|261|62.746|KG|5751.64|INR|V-BPCL1|Verbrauch Produktion Mumbai|KST-FAC-01|SL01|DRAO
100|1000|PL01|04.05.2023|02.05.2023|5000010085|1|LPG00001|LPG|261|33.028|KG|3195.2|INR|V-K002|Nutzung Fahrzeugflotte Mumbai|KST-FAC-01|SL01|NREDDY
100|1000|PL01|02.06.2023|31.05.2023|5000010086|1|DIESEL001|Dieselkraftstoff|261|1191.057|L|81711.24|INR|V-K010|Auffuellung DG-Set Mumbai|KST-MNT-01|SL01|PSINGH
100|1000|PL01|26.06.2023|26.06.2023|5000010087|1|DIESEL001|Diesel|261|1086.725|L|73612.04|INR|V-IOCL1|Auffuellung Heizung Mumbai|KST-OPS-01|SL01|ASAXEN
100|1000|PL01|19.06.2023|17.06.2023|5000010088|1|DIESEL001|Dieselkraftstoff|261|539.397|L|40338.58|INR|V-K008|Nutzung Generator Mumbai|KST-PRD-02|SL01|SPRIYA
100|1000|PL01|15.06.2023|14.06.2023|5000010089|1|DIESEL001|Dieselkraftstoff|261|981.794|L|72486.4|INR|V-K001|Entnahme Generator Mumbai|KST-FAC-07|SL01|RJOSHI
100|1000|PL01|16.06.2023|13.06.2023|5000010090|1|DIESEL001|Dieselkraftstoff|261|1119.413|L|76062.78|INR|V-K010|Nutzung Kantine Mumbai|KST-PRD-01|SL01|MGUPTA
100|1000|PL01|15.06.2023|12.06.2023|5000010091|1|DIESEL001|Dieselkraftstoff|261|1034.477|L|76326.09|INR|V-RELI1|Verbrauch Wartung Mumbai|KST-FAC-05|SL01|PSINGH
100|1000|PL01|11.06.2023|08.06.2023|5000010092|1|DIESEL001|Diesel|261|732.792|L|52142.78|INR|V-K003|Tanken Generator Mumbai|KST-FAC-07|SL01|NREDDY
100|1000|PL01|14.06.2023|14.06.2023|5000010093|1|DIESEL001|Diesel|261|1049.415|L|76603.18|INR|V-K002|Entnahme Fahrzeugflotte Mumbai|KST-FAC-03|SL01|GMISHRA
100|1000|PL01|10.06.2023|08.06.2023|5000010094|1|PETRL001|Motorenbenzin|261|125.9|L|11418.71|INR|V-K006|Auffuellung Heizung Mumbai|KST-LOG-01|SL01|ASAXEN
100|1000|PL01|26.06.2023|23.06.2023|5000010095|1|PETRL001|Benzin|261|252.249|L|24965.52|INR|V-HPCL1|Verbrauch DG-Set Mumbai|KST-FAC-03|SL01|VMEHTA
100|1000|PL01|19.06.2023|16.06.2023|5000010096|1|PETRL001|Benzin|261|135.469|L|12028.41|INR|V-K007|Auffuellung Produktion Mumbai|KST-FAC-03|SL01|SPRIYA
100|1000|PL01|25.06.2023|25.06.2023|5000010097|1|PETRL001|Benzin|261|138.895|L|12373.37|INR|V-K007|Auffuellung Heizung Mumbai|KST-LOG-02|SL01|SPRIYA
100|1000|PL01|25.06.2023|25.06.2023|5000010098|1|PETRL001|Motorenbenzin|261|207.478|L|20486.7|INR|V-K001|Tanken Fahrzeugflotte Mumbai|KST-FAC-05|SL01|PSINGH
100|1000|PL01|07.06.2023|05.06.2023|5000010099|1|PETRL001|Benzin|261|291.837|L|27072.52|INR|V-K007|Verbrauch Produktion Mumbai|KST-OPS-03|SL01|SNEHA
100|1000|PL01|03.06.2023|31.05.2023|5000010100|1|LPG00001|Fluessiggas|261|51.811|KG|4348.04|INR|V-K007|Tanken Wartung Mumbai|KST-LOG-03|SL01|BCHATT
100|1000|PL01|01.06.2023|30.05.2023|5000010101|1|LPG00001|Fluessiggas|261|70.066|KG|6640.94|INR|V-RELI1|Entnahme Generator Mumbai|KST-FAC-01|SL01|AKUMAR
100|1000|PL01|13.06.2023|11.06.2023|5000010102|1|LPG00001|LPG|261|41.079|KG|3446.52|INR|V-K004|Verbrauch Heizung Mumbai|KST-PRD-02|SL01|RPANDEY
100|1000|PL01|04.07.2023|03.07.2023|5000010103|1|DIESEL001|Diesel|261|557.817|L|41834.98|INR|V-HPCL1|Nutzung Notstromaggregat Mumbai|KST-FAC-07|SL01|NREDDY
100|1000|PL01|22.07.2023|20.07.2023|5000010104|1|DIESEL001|Diesel|261|520.766|L|37148.45|INR|V-K001|Entnahme Notstromaggregat Mumbai|KST-LOG-01|SL01|DRAO
100|1000|PL01|02.07.2023|02.07.2023|5000010105|1|DIESEL001|Diesel|261|1065.357|L|81176.11|INR|V-K009|Tanken Notstromaggregat Mumbai|KST-FAC-07|SL01|GMISHRA
100|1000|PL01|26.07.2023|25.07.2023|5000010106|1|DIESEL001|Diesel|261|884.005|L|68309.68|INR|V-RELI1|Verbrauch Fahrzeugflotte Mumbai|KST-PRD-01|SL01|DRAO
100|1000|PL01|08.07.2023|05.07.2023|5000010107|1|DIESEL001|Diesel|261|819.255|L|57701.85|INR|V-HPCL1|Auffuellung Generator Mumbai|KST-LOG-03|SL01|DRAO
100|1000|PL01|11.07.2023|11.07.2023|5000010108|1|DIESEL001|Diesel|261|627.318|L|46298.34|INR|V-K006|Auffuellung Kantine Mumbai|KST-LOG-02|SL01|AKUMAR
100|1000|PL01|21.07.2023|18.07.2023|5000010109|1|DIESEL001|Dieselkraftstoff|261|876.033|L|61152.7|INR|V-RELI1|Nutzung Generator Mumbai|KST-LOG-03|SL01|SNEHA
100|1000|PL01|21.07.2023|18.07.2023|5000010110|1|DIESEL001|Diesel|261|414.584|L|32004.84|INR|V-K004|Auffuellung Generator Mumbai|KST-OPS-03|SL01|PSINGH
100|1000|PL01|17.07.2023|17.07.2023|5000010111|1|PETRL001|Motorenbenzin|261|319.098|L|31110.05|INR|V-BPCL1|Verbrauch Notstromaggregat Mumbai|KST-LOG-02|SL01|KVELU
100|1000|PL01|02.07.2023|29.06.2023|5000010112|1|PETRL001|Motorenbenzin|261|269.091|L|25602.1|INR|V-K008|Entnahme Heizung Mumbai|KST-LOG-01|SL01|PSINGH
100|1000|PL01|12.07.2023|09.07.2023|5000010113|1|PETRL001|Motorenbenzin|261|292.36|L|28079.61|INR|V-K004|Auffuellung Fahrzeugflotte Mumbai|KST-LOG-02|SL01|KVELU
100|1000|PL01|21.07.2023|18.07.2023|5000010114|1|PETRL001|Motorenbenzin|261|238.635|L|24176.81|INR|V-HPCL1|Nutzung DG-Set Mumbai|KST-FAC-02|SL01|SNEHA
100|1000|PL01|27.07.2023|24.07.2023|5000010115|1|PETRL001|Benzin|261|336.603|L|32061.21|INR|V-K001|Entnahme Generator Mumbai|KST-LOG-01|SL01|GMISHRA
100|1000|PL01|12.07.2023|11.07.2023|5000010116|1|PETRL001|Benzin|261|179.671|L|17840.95|INR|V-K001|Verbrauch Notstromaggregat Mumbai|KST-MNT-01|SL01|VMEHTA
100|1000|PL01|15.07.2023|15.07.2023|5000010117|1|LPG00001|Fluessiggas|261|30.95|KG|2629.3|INR|V-K007|Auffuellung Generator Mumbai|KST-PRD-02|SL01|AKUMAR
100|1000|PL01|02.07.2023|01.07.2023|5000010118|1|LPG00001|LPG|261|61.948|KG|5185.32|INR|V-K009|Verbrauch DG-Set Mumbai|KST-LOG-03|SL01|RJOSHI
100|1000|PL01|10.07.2023|07.07.2023|5000010119|1|LPG00001|Fluessiggas|261|60.74|KG|5393.63|INR|V-K006|Nutzung Fahrzeugflotte Mumbai|KST-LOG-01|SL01|AKUMAR
100|1000|PL01|13.08.2023|10.08.2023|5000010120|1|DIESEL001|Dieselkraftstoff|261|908.537|KG|62836.28|INR|V-K006|Tanken Produktion Mumbai|KST-PRD-01|SL01|PSINGH
100|1000|PL01|05.08.2023|05.08.2023|5000010121|1|DIESEL001|Diesel|261|836.811|L|57118.23|INR|V-BPCL1|Verbrauch Generator Mumbai|KST-LOG-03|SL01|SPRIYA
100|1000|PL01|23.08.2023|20.08.2023|5000010122|1|DIESEL001|Dieselkraftstoff|261|634.754|L|43504.7|INR|V-K009|Auffuellung Fahrzeugflotte Mumbai|KST-MNT-01|SL01|GMISHRA
100|1000|PL01|25.08.2023|24.08.2023|5000010123|1|DIESEL001|Diesel|261|685.579|L|52250.72|INR|V-K006|Entnahme Produktion Mumbai|KST-FAC-05|SL01|GMISHRA
100|1000|PL01|06.08.2023|03.08.2023|5000010124|1|DIESEL001|Diesel|261|693.878|L|48094.5|INR|V-K007|Auffuellung Produktion Mumbai|KST-MNT-01|SL01|TLAXMAN
100|1000|PL01|04.08.2023|04.08.2023|5000010125|1|DIESEL001|Diesel|261|928.735|L|67966.87|INR|V-K006|Auffuellung Wartung Mumbai|KST-OPS-01|SL01|SPRIYA
100|1000|PL01|09.08.2023|09.08.2023|5000010126|1|DIESEL001|Dieselkraftstoff|261|936.947|L|67601.43|INR|V-K001|Entnahme Fahrzeugflotte Mumbai|KST-MNT-01|SL01|SNEHA
100|1000|PL01|05.08.2023|05.08.2023|5000010127|1|DIESEL001|Dieselkraftstoff|261|1022.812|L|72262.16|INR|V-IOCL1|Tanken DG-Set Mumbai|KST-FAC-03|SL01|SPRIYA
100|1000|PL01|17.08.2023|15.08.2023|5000010128|1|PETRL001|Motorenbenzin|261|178.596|L|18408.53|INR|V-K009|Auffuellung Notstromaggregat Mumbai|KST-LOG-01|SL01|GMISHRA
100|1000|PL01|07.08.2023|05.08.2023|5000010129|1|PETRL001|Motorenbenzin|261|150.045|L|13422.64|INR|V-K002|Auffuellung Produktion Mumbai|KST-LOG-03|SL01|KVELU
100|1000|PL01|23.08.2023|23.08.2023|5000010130|1|PETRL001|Motorenbenzin|261|322.833|L|32042.27|INR|V-HPCL1|Verbrauch DG-Set Mumbai|KST-LOG-01|SL01|DRAO
100|1000|PL01|08.08.2023|05.08.2023|5000010131|1|PETRL001|Benzin|261|190.224|L|18166.27|INR|V-ESSAR|Entnahme Wartung Mumbai|KST-OPS-02|SL01|AKUMAR
100|1000|PL01|25.08.2023|22.08.2023|5000010132|1|PETRL001|Benzin|261|131.332|L|11748.85|INR|V-K003|Nutzung DG-Set Mumbai|KST-MNT-01|SL01|RPANDEY
100|1000|PL01|25.08.2023|24.08.2023|5000010133|1|PETRL001|Motorenbenzin|261|225.716|L|22817.67|INR|V-K003|Nutzung Kantine Mumbai|KST-PRD-01|SL01|DRAO
100|1000|PL01|28.08.2023|28.08.2023|5000010134|1|LPG00001|LPG|261|39.815|KG|3454.03|INR|V-K002|Nutzung DG-Set Mumbai|KST-LOG-03|SL01|MGUPTA
100|1000|PL01|06.08.2023|04.08.2023|5000010135|1|LPG00001|Fluessiggas|261||KG||INR|V-K010|Nutzung Wartung Mumbai|KST-LOG-03|SL01|VMEHTA
100|1000|PL01|20.08.2023|20.08.2023|5000010136|1|LPG00001|LPG|261|74.45|KG|6852.64|INR|V-HPCL1|Tanken Fahrzeugflotte Mumbai|KST-FAC-05|SL01|NREDDY
100|1000|PL01|06.09.2023|03.09.2023|5000010137|1|DIESEL001|Diesel|261|787.401|L|57660.37|INR|V-BPCL1|Verbrauch Produktion Mumbai|KST-FAC-03|SL01|ASAXEN
100|1000|PL01|17.09.2023|17.09.2023|5000010138|1|DIESEL001|Diesel|261|593.39|L|42379.53|INR|V-K007|Verbrauch Produktion Mumbai|KST-LOG-02|SL01|ASAXEN
100|1000|PL01|19.09.2023|17.09.2023|5000010139|1|DIESEL001|Dieselkraftstoff|261|1010.497|L|72927.19|INR|V-K001|Verbrauch Heizung Mumbai|KST-FAC-05|SL01|AKUMAR
100|1000|PL01|19.09.2023|17.09.2023|5000010140|1|DIESEL001|Dieselkraftstoff|261|440.432|L|33651.01|INR|V-K009|Verbrauch Kantine Mumbai|KST-MNT-01|SL01|RJOSHI
100|1000|PL01|24.09.2023|22.09.2023|5000010141|1|DIESEL001|Diesel|261|692.75|L|50438.88|INR|V-K002|Nutzung Kantine Mumbai|KST-LOG-01|SL01|GMISHRA
100|1000|PL01|27.09.2023|27.09.2023|5000010142|1|DIESEL001|Dieselkraftstoff|261|1180.066|L|88973.69|INR|V-HPCL1|Entnahme Fahrzeugflotte Mumbai|KST-FAC-01|SL01|SNEHA
100|1000|PL01|02.09.2023|02.09.2023|5000010143|1|DIESEL001|Dieselkraftstoff|261|970.873|L|70119.08|INR|V-K003|Entnahme Kantine Mumbai|KST-LOG-02|SL01|DRAO
100|1000|PL01|19.09.2023|17.09.2023|5000010144|1|DIESEL001|Diesel|261|966.992|L|73140.79|INR|V-K007|Tanken Notstromaggregat Mumbai|KST-FAC-02|SL01|TLAXMAN
100|1000|PL01|09.09.2023|08.09.2023|5000010145|1|PETRL001|Benzin|261|245.881|L|24091.87|INR|V-K003|Nutzung Generator Mumbai|KST-LOG-03|SL01|ASAXEN
100|1000|PL01|07.09.2023|07.09.2023|5000010146|1|PETRL001|Motorenbenzin|261|178.423|L|17650.69|INR|V-ESSAR|Tanken DG-Set Mumbai|KST-MNT-01|SL01|SPRIYA
100|1000|PL01|17.09.2023|16.09.2023|5000010147|1|PETRL001|Motorenbenzin|261|349.531|L|32893.67|INR|V-K009|Auffuellung Notstromaggregat Mumbai|KST-LOG-01|SL01|DRAO
100|1000|PL01|07.09.2023|06.09.2023|5000010148|1|PETRL001|Motorenbenzin|261|239.522|L|24733.98|INR|V-K004|Entnahme Produktion Mumbai|KST-PRD-01|SL01|BCHATT
100|1000|PL01|18.09.2023|16.09.2023|5000010149|1|PETRL001|Motorenbenzin|261|130.469|L|12283.93|INR|V-HPCL1|Auffuellung Generator Mumbai|KST-OPS-03|SL01|KVELU
100|1000|PL01|12.09.2023|09.09.2023|5000010150|1|PETRL001|Motorenbenzin|261|286.835|L|28981.04|INR|V-K005|Nutzung Heizung Mumbai|KST-OPS-02|SL01|SNEHA
100|1000|PL01|08.09.2023|08.09.2023|5000010151|1|LPG00001|Fluessiggas|261|61.897|KG|5493.45|INR|V-HPCL1|Verbrauch Wartung Mumbai|KST-OPS-01|SL01|SNEHA
100|1000|PL01|21.09.2023|18.09.2023|5000010152|1|LPG00001|LPG|261|62.527|KG|5435.87|INR|V-HPCL1|Nutzung Fahrzeugflotte Mumbai|KST-LOG-03|SL01|AKUMAR
100|1000|PL01|06.09.2023|03.09.2023|5000010153|1|LPG00001|Fluessiggas|261|76.696|KG|7273.95|INR|V-BPCL1|Tanken Kantine Mumbai|KST-FAC-02|SL01|ASAXEN
100|1000|PL01|19.10.2023|19.10.2023|5000010154|1|DIESEL001|Diesel|261|627.649|L|45503.81|INR|V-RELI1|Tanken Produktion Mumbai|KST-FAC-07|SL01|MGUPTA
100|1000|PL01|06.10.2023|03.10.2023|5000010155|1|DIESEL001|Diesel|261||L||INR|V-IOCL1|Entnahme Wartung Mumbai|KST-FAC-01|SL01|KVELU
100|1000|PL01|17.10.2023|15.10.2023|5000010156|1|DIESEL001|Dieselkraftstoff|261|720.667|L|55887.01|INR|V-K001|Auffuellung Produktion Mumbai|KST-FAC-05|SL01|VMEHTA
100|1000|PL01|10.10.2023|10.10.2023|5000010157|1|DIESEL001|Diesel|261|922.947|L|61796.54|INR|V-K007|Auffuellung Generator Mumbai|KST-LOG-01|SL01|NREDDY
100|1000|PL01|21.10.2023|19.10.2023|5000010158|1|DIESEL001|Diesel|261|891.7|L|60438.28|INR|V-K010|Entnahme Heizung Mumbai|KST-FAC-05|SL01|DRAO
100|1000|PL01|25.10.2023|24.10.2023|5000010159|1|DIESEL001|Dieselkraftstoff|261|820.405|L|57762.88|INR|V-RELI1|Nutzung DG-Set Mumbai|KST-LOG-01|SL01|MGUPTA
100|1000|PL01|06.10.2023|04.10.2023|5000010160|1|DIESEL001|Diesel|261|492.992|L|35967.64|INR|V-HPCL1|Entnahme Notstromaggregat Mumbai|KST-FAC-07|SL01|RJOSHI
100|1000|PL01|19.10.2023|19.10.2023|5000010160|1|DIESEL001|Diesel|261|938.214|L|62382.6|INR|V-K004||KST-OPS-02|SL01|TLAXMAN
100|1000|PL01|12.10.2023|12.10.2023|5000010162|1|PETRL001|Benzin|261|333.646|L|34253.03|INR|V-HPCL1|Entnahme Produktion Mumbai|KST-PRD-02|SL01|SNEHA
100|1000|PL01|13.10.2023|10.10.2023|5000010163|1|PETRL001|Motorenbenzin|261|193.911|L|19097.35|INR|V-K006|Entnahme DG-Set Mumbai|KST-OPS-03|SL01|AKUMAR
100|1000|PL01|24.10.2023|23.10.2023|5000010164|1|PETRL001|Benzin|261|289.045|L|27584.07|INR|V-K007|Auffuellung DG-Set Mumbai|KST-FAC-01|SL01|ASAXEN
100|1000|PL01|09.10.2023|08.10.2023|5000010165|1|PETRL001|Benzin|261|108.054|L|10563.92|INR|V-K004|Tanken Notstromaggregat Mumbai|KST-OPS-02|SL01|PSINGH
100|1000|PL01|20.10.2023|20.10.2023|5000010166|1|PETRL001|Benzin|261|285.135|L|26209.45|INR|V-K001|Verbrauch Produktion Mumbai|KST-LOG-01|SL01|SNEHA
100|1000|PL01|19.10.2023|17.10.2023|5000010167|1|PETRL001|Benzin|261|175.441|L|17274.07|INR|V-K001|Verbrauch Wartung Mumbai|KST-LOG-02|SL01|MGUPTA
100|1000|PL01|18.10.2023|15.10.2023|5000010168|1|LPG00001|Fluessiggas|261|78.615|KG|7269.32|INR|V-K007|Verbrauch Notstromaggregat Mumbai|KST-OPS-03|SL01|GMISHRA
100|1000|PL01|08.10.2023|07.10.2023|5000010169|1|LPG00001|LPG|261|72.877|KG|6520.13|INR|V-K007|Verbrauch Kantine Mumbai|KST-LOG-01|SL01|MGUPTA
100|1000|PL01|07.10.2023|05.10.2023|5000010170|1|LPG00001|Fluessiggas|261|76.111|KG|6403.33|INR|V-K005|Tanken Generator Mumbai|KST-LOG-03|SL01|GMISHRA
100|1000|PL01|07.11.2023|06.11.2023|5000010171|1|DIESEL001|Diesel|261|567.111|L|39546.2|INR|V-K004|Entnahme Heizung Mumbai|KST-OPS-02|SL01|BCHATT
100|1000|PL01|23.11.2023|22.11.2023|5000010172|1|DIESEL001|Diesel|261|1132.101|L|85104.47|INR|V-K006|Entnahme Notstromaggregat Mumbai|KST-FAC-02|SL01|VMEHTA
100|1000|PL01|04.11.2023|01.11.2023|5000010173|1|DIESEL001|Diesel|261|1131.464|L|80343.53|INR|V-K003|Nutzung Wartung Mumbai|KST-FAC-02|SL01|RJOSHI
100|1000|PL01|10.11.2023|09.11.2023|5000010174|1|DIESEL001|Dieselkraftstoff|261|663.892|L|50349.79|INR|V-IOCL1|Entnahme Notstromaggregat Mumbai|KST-FAC-02|SL01|DRAO
100|1000|PL01|15.11.2023|14.11.2023|5000010175|1|DIESEL001|Diesel|261|535.413|L|38477.67|INR|V-IOCL1||KST-LOG-01|SL01|RJOSHI
100|1000|PL01|28.11.2023|28.11.2023|5000010176|1|DIESEL001|Dieselkraftstoff|261|1011.471|L|76817.29|INR|V-K001|Tanken Notstromaggregat Mumbai|KST-LOG-01|SL01|PSINGH
100|1000|PL01|22.11.2023|19.11.2023|5000010177|1|DIESEL001|Dieselkraftstoff|261|405.29|L|26901.74|INR|V-K005|Entnahme DG-Set Mumbai|KST-LOG-01|SL01|RJOSHI
100|1000|PL01|04.11.2023|04.11.2023|5000010178|1|DIESEL001|Dieselkraftstoff|261|592.775|L|40989.12|INR|V-K002|Verbrauch Heizung Mumbai|KST-FAC-05|SL01|DRAO
100|1000|PL01|10.11.2023|10.11.2023|5000010178|1|PETRL001|Benzin|261|123.375|L|11943.87|INR|V-K003|Auffuellung Generator Mumbai|KST-FAC-07|SL01|AKUMAR
100|1000|PL01|17.11.2023|17.11.2023|5000010180|1|PETRL001|Benzin|261|152.854|L|15583.9|INR|V-K002|Nutzung Fahrzeugflotte Mumbai|KST-FAC-02|SL01|NREDDY
100|1000|PL01|06.11.2023|04.11.2023|5000010181|1|PETRL001|Benzin|261|340.367|L|33994.03|INR|V-K002|Nutzung Wartung Mumbai|KST-OPS-03|SL01|VMEHTA
100|1000|PL01|22.11.2023|20.11.2023|5000010182|1|PETRL001|Motorenbenzin|261|288.902|L|29902.23|INR|V-K006|Tanken Produktion Mumbai|KST-OPS-02|SL01|RJOSHI
100|1000|PL01|20.11.2023|17.11.2023|5000010183|1|PETRL001|Motorenbenzin|261|107.406|L|11123.62|INR|V-K007|Entnahme Generator Mumbai|KST-OPS-03|SL01|GMISHRA
100|1000|PL01|25.11.2023|23.11.2023|5000010184|1|PETRL001|Benzin|261|278.277|L|25236.62|INR|V-BPCL1|Tanken Fahrzeugflotte Mumbai|KST-FAC-03|SL01|GMISHRA
100|1000|PL01|10.11.2023|07.11.2023|5000010185|1|LPG00001|LPG|261|68.067|KG|5721.51|INR|V-K009||KST-OPS-02|SL01|GMISHRA
100|1000|PL01|12.11.2023|12.11.2023|5000010186|1|LPG00001|LPG|261||KG||INR|V-BPCL1|Verbrauch DG-Set Mumbai|KST-LOG-01|SL01|RPANDEY
100|1000|PL01|22.11.2023|19.11.2023|5000010187|1|LPG00001|Fluessiggas|261|36.942|KG|3321.12|INR|V-K007|Auffuellung Kantine Mumbai|KST-FAC-07|SL01|VMEHTA
100|1000|PL01|08.12.2023|05.12.2023|5000010188|1|DIESEL001|Dieselkraftstoff|261|766.289|L|50818.72|INR|V-K007|Auffuellung Wartung Mumbai|KST-MNT-01|SL01|KVELU
100|1000|PL01|27.12.2023|26.12.2023|5000010189|1|DIESEL001|Diesel|261|656.532|L|45007.77|INR|V-K006|Entnahme Heizung Mumbai|KST-PRD-01|SL01|VMEHTA
100|1000|PL01|11.12.2023|08.12.2023|5000010190|1|DIESEL001|Diesel|261|1053.196|L|71145.48|INR|V-K009|Tanken Notstromaggregat Mumbai|KST-LOG-03|SL01|SNEHA
100|1000|PL01|23.12.2023|22.12.2023|5000010191|1|DIESEL001|Diesel|261|1038.148|L|69594.02|INR|V-IOCL1|Verbrauch Kantine Mumbai|KST-OPS-03|SL01|SPRIYA
100|1000|PL01|22.12.2023|21.12.2023|5000010192|1|DIESEL001|Diesel|261|1031.261|L|80080.38|INR|V-K009|Nutzung Fahrzeugflotte Mumbai|KST-MNT-01|SL01|RPANDEY
100|1000|PL01|26.12.2023|24.12.2023|5000010193|1|DIESEL001|Dieselkraftstoff|261|487.496|L|36024.63|INR|V-K010|Auffuellung Wartung Mumbai|KST-LOG-03|SL01|NREDDY
100|1000|PL01|04.12.2023|04.12.2023|5000010194|1|DIESEL001|Dieselkraftstoff|261|606.991|L|43834.8|INR|V-K008|Nutzung DG-Set Mumbai|KST-FAC-05|SL01|DRAO
100|1000|PL01|12.12.2023|12.12.2023|5000010195|1|DIESEL001|Diesel|261|483.639|L|37394.53|INR|V-K003|Verbrauch Notstromaggregat Mumbai|KST-FAC-02|SL01|DRAO
100|1000|PL01|12.12.2023|09.12.2023|5000010196|1|PETRL001|Benzin|261|209.541|L|19533.09|INR|V-K002|Tanken DG-Set Mumbai|KST-MNT-01|SL01|RJOSHI
100|1000|PL01|24.12.2023|23.12.2023|5000010197|1|PETRL001|Benzin|261|237.978|L|22576.74|INR|V-IOCL1|Entnahme Wartung Mumbai|KST-OPS-03|SL01|SNEHA
100|1000|PL01|01.12.2023|30.11.2023|5000010198|1|PETRL001|Motorenbenzin|261|248.051|L|24592.95|INR|V-HPCL1|Nutzung DG-Set Mumbai|KST-OPS-02|SL01|KVELU
100|1000|PL01|12.12.2023|10.12.2023|5000010199|1|PETRL001|Benzin|261|214.388|L|21775.41|INR|V-K010|Tanken Produktion Mumbai|KST-LOG-02|SL01|GMISHRA
100|1000|PL01|12.12.2023|09.12.2023|5000010200|1|PETRL001|Benzin|261|303.435|L|28185.7|INR|V-K003|Tanken DG-Set Mumbai|KST-OPS-02|SL01|DRAO
100|1000|PL01|12.12.2023|11.12.2023|5000010201|1|PETRL001|Motorenbenzin|261|204.56|L|19272.37|INR|V-BPCL1|Verbrauch DG-Set Mumbai|KST-LOG-03|SL01|RPANDEY
100|1000|PL01|16.12.2023|14.12.2023|5000010202|1|LPG00001|Fluessiggas|261|39.355|KG|3609.62|INR|V-K008|Nutzung Notstromaggregat Mumbai|KST-FAC-01|SL01|SNEHA
100|1000|PL01|14.12.2023|11.12.2023|5000010203|1|LPG00001|LPG|261|65.507|KG|5581.75|INR|V-K004|Nutzung Kantine Mumbai|KST-OPS-01|SL01|VMEHTA
100|1000|PL01|06.12.2023|03.12.2023|5000010204|1|LPG00001|LPG|261|57.486|KG|4854.38|INR|V-K006|Entnahme Heizung Mumbai|KST-MNT-01|SL01|MGUPTA
100|1000|PL01|14.01.2024|14.01.2024|5000010205|1|DIESEL001|Dieselkraftstoff|261|638.167|L|45578.47|INR|V-K008|Verbrauch Heizung Mumbai|KST-OPS-02|SL01|ASAXEN
100|1000|PL01|26.01.2024|24.01.2024|5000010206|1|DIESEL001|Diesel|261|532.785|L|36559.84|INR|V-K006|Verbrauch Produktion Mumbai|KST-FAC-02|SL01|MGUPTA
100|1000|PL01|23.01.2024|21.01.2024|5000010207|1|DIESEL001|Diesel|261|858.188|L|61932.05|INR|V-K003|Tanken Kantine Mumbai|KST-PRD-02|SL01|KVELU
100|1000|PL01|28.01.2024|27.01.2024|5000010208|1|DIESEL001|Dieselkraftstoff|261|599.742|L|45450.91|INR|V-K008|Entnahme Wartung Mumbai|KST-LOG-02|SL01|SNEHA
100|1000|PL01|15.01.2024|15.01.2024|5000010209|1|DIESEL001|Dieselkraftstoff|261|722.281|L|53624.3|INR|V-K008||KST-LOG-02|SL01|DRAO
100|1000|PL01|25.01.2024|25.01.2024|5000010210|1|DIESEL001|Diesel|261|907.872|L|69028.44|INR|V-K007|Auffuellung Kantine Mumbai|KST-FAC-01|SL01|ASAXEN
100|1000|PL01|11.01.2024|10.01.2024|5000010211|1|DIESEL001|Diesel|261|1030.643|L|77320.04|INR|V-RELI1|Verbrauch Notstromaggregat Mumbai|KST-OPS-01|SL01|SPRIYA
100|1000|PL01|15.01.2024|15.01.2024|5000010212|1|DIESEL001|Diesel|261|561.855|L|38071.09|INR|V-ESSAR|Auffuellung Kantine Mumbai|KST-FAC-02|SL01|RPANDEY
100|1000|PL01|03.01.2024|01.01.2024|5000010213|1|PETRL001|Benzin|261|112.947|L|11234.97|INR|V-K002||KST-OPS-02|SL01|BCHATT
100|1000|PL01|16.01.2024|16.01.2024|5000010214|1|PETRL001|Benzin|261|248.42|KG|23638.71|INR|V-K002|Entnahme Generator Mumbai|KST-FAC-05|SL01|ASAXEN
100|1000|PL01|08.01.2024|05.01.2024|5000010215|1|PETRL001|Benzin|261|282.691|L|26327.88|INR|V-HPCL1|Verbrauch Generator Mumbai|KST-PRD-02|SL01|ASAXEN
100|1000|PL01|17.01.2024|17.01.2024|5000010216|1|PETRL001|Benzin|261|210.025|L|20575.58|INR|V-IOCL1|Tanken DG-Set Mumbai|KST-MNT-01|SL01|SPRIYA
100|1000|PL01|25.01.2024|25.01.2024|5000010217|1|PETRL001|Motorenbenzin|261|187.884|L|18876.88|INR|V-K004|Nutzung Kantine Mumbai|KST-LOG-02|SL01|MGUPTA
100|1000|PL01|25.01.2024|25.01.2024|5000010218|1|PETRL001|Motorenbenzin|261|151.361|L|13806.79|INR|V-HPCL1|Entnahme Wartung Mumbai|KST-PRD-02|SL01|RPANDEY
100|1000|PL01|04.01.2024|03.01.2024|5000010219|1|LPG00001|LPG|261|61.904|KG|5917.88|INR|V-K006|Nutzung Wartung Mumbai|KST-FAC-05|SL01|SNEHA
100|1000|PL01|12.01.2024|11.01.2024|5000010220|1|LPG00001|LPG|261|77.723|KG|6454.14|INR|V-K001|Entnahme Kantine Mumbai|KST-OPS-01|SL01|RPANDEY
100|1000|PL01|21.01.2024|18.01.2024|5000010221|1|LPG00001|LPG|261|65.091|KG|5892.46|INR|V-K005|Verbrauch Produktion Mumbai|KST-LOG-01|SL01|AKUMAR
100|1000|PL01|13.02.2024|13.02.2024|5000010222|1|DIESEL001|Diesel|261|958.941|L|72871.19|INR|V-K007|Tanken Kantine Mumbai|KST-FAC-07|SL01|AKUMAR
100|1000|PL01|22.02.2024|21.02.2024|5000010223|1|DIESEL001|Dieselkraftstoff|261|410.132|L|27220.77|INR|V-K009|Verbrauch Produktion Mumbai|KST-MNT-01|SL01|KVELU
100|1000|PL01|05.02.2024|03.02.2024|5000010224|1|DIESEL001|Dieselkraftstoff|261||L||INR|V-K002|Tanken Notstromaggregat Mumbai|KST-PRD-01|SL01|VMEHTA
100|1000|PL01|15.02.2024|13.02.2024|5000010225|1|DIESEL001|Dieselkraftstoff|261|799.688|L|56358.62|INR|V-K010|Nutzung Fahrzeugflotte Mumbai|KST-PRD-01|SL01|NREDDY
100|1000|PL01|02.02.2024|02.02.2024|5000010226|1|DIESEL001|Dieselkraftstoff|261|436.785|L|33563.0|INR|V-K001|Entnahme Heizung Mumbai|KST-PRD-02|SL01|MGUPTA
100|1000|PL01|11.02.2024|10.02.2024|5000010227|1|DIESEL001|Diesel|261|1132.684|L|85807.03|INR|V-IOCL1|Nutzung Fahrzeugflotte Mumbai|KST-OPS-01|SL01|RPANDEY
100|1000|PL01|13.02.2024|13.02.2024|5000010228|1|DIESEL001|Diesel|261|1092.826|L|76300.28|INR|V-K006|Auffuellung Heizung Mumbai|KST-FAC-02|SL01|PSINGH
100|1000|PL01|15.02.2024|13.02.2024|5000010229|1|DIESEL001|Diesel|261|1198.23|L|89481.39|INR|V-K003||KST-FAC-05|SL01|RJOSHI
100|1000|PL01|18.02.2024|16.02.2024|5000010230|1|PETRL001|Benzin|261||L||INR|V-BPCL1|Verbrauch Wartung Mumbai|KST-OPS-02|SL01|VMEHTA
100|1000|PL01|16.02.2024|16.02.2024|5000010231|1|PETRL001|Benzin|261|277.913|L|28477.96|INR|V-BPCL1|Tanken Generator Mumbai|KST-FAC-03|SL01|RPANDEY
100|1000|PL01|17.02.2024|16.02.2024|5000010232|1|PETRL001|Motorenbenzin|261|118.708|L|11277.42|INR|V-K005|Entnahme Produktion Mumbai|KST-FAC-03|SL01|ASAXEN
100|1000|PL01|11.02.2024|08.02.2024|5000010233|1|PETRL001|Motorenbenzin|261|158.403|L|14321.32|INR|V-K002|Entnahme Generator Mumbai|KST-FAC-07|SL01|SNEHA
100|1000|PL01|18.02.2024|16.02.2024|5000010234|1|PETRL001|Benzin|261|212.979|L|21599.08|INR|V-K005|Tanken Heizung Mumbai|KST-PRD-01|SL01|ASAXEN
100|1000|PL01|27.02.2024|25.02.2024|5000010235|1|PETRL001|Benzin|261|122.803|L|11516.98|INR|V-K005||KST-OPS-03|SL01|ASAXEN
100|1000|PL01|13.02.2024|10.02.2024|5000010236|1|LPG00001|Fluessiggas|261|34.736|KG|3273.2|INR|V-HPCL1|Entnahme Produktion Mumbai|KST-OPS-03|SL01|PSINGH
100|1000|PL01|22.02.2024|22.02.2024|5000010237|1|LPG00001|LPG|261|75.871|KG|7371.56|INR|V-HPCL1|Auffuellung Generator Mumbai|KST-OPS-02|SL01|SNEHA
100|1000|PL01|02.02.2024|30.01.2024|5000010238|1|LPG00001|Fluessiggas|261|38.399|KG|3633.78|INR|V-IOCL1|Verbrauch Kantine Mumbai|KST-OPS-03|SL01|GMISHRA
100|1000|PL01|09.03.2024|06.03.2024|5000010239|1|DIESEL001|Dieselkraftstoff|261|427.72|L|29543.24|INR|V-K009|Entnahme DG-Set Mumbai|KST-OPS-01|SL01|SPRIYA
100|1000|PL01|14.03.2024|13.03.2024|5000010240|1|DIESEL001|Dieselkraftstoff|261|904.604|L|68204.09|INR|V-K006|Auffuellung Produktion Mumbai|KST-LOG-01|SL01|SPRIYA
100|1000|PL01|13.03.2024|11.03.2024|5000010241|1|DIESEL001|Dieselkraftstoff|261|420.85|L|28019.17|INR|V-HPCL1|Nutzung Heizung Mumbai|KST-LOG-01|SL01|SPRIYA
100|1000|PL01|06.03.2024|06.03.2024|5000010242|1|DIESEL001|Dieselkraftstoff|261|925.492|L|70007.55|INR|V-K004|Entnahme Produktion Mumbai|KST-MNT-01|SL01|TLAXMAN
100|1000|PL01|27.03.2024|26.03.2024|5000010243|1|DIESEL001|Dieselkraftstoff|261|589.241|L|44041.62|INR|V-BPCL1|Nutzung DG-Set Mumbai|KST-FAC-03|SL01|BCHATT
100|1000|PL01|19.03.2024|18.03.2024|5000010244|1|DIESEL001|Diesel|261|833.7|L|55588.9|INR|V-K001||KST-FAC-07|SL01|MGUPTA
100|1000|PL01|20.03.2024|19.03.2024|5000010245|1|DIESEL001|Dieselkraftstoff|261|672.607|L|50771.02|INR|V-K003|Tanken Produktion Mumbai|KST-PRD-01|SL01|TLAXMAN
100|1000|PL01|03.03.2024|01.03.2024|5000010246|1|DIESEL001|Diesel|261|868.813|L|60779.02|INR|V-K007|Auffuellung DG-Set Mumbai|KST-LOG-03|SL01|KVELU
100|1000|PL01|23.03.2024|21.03.2024|5000010247|1|PETRL001|Benzin|261|266.383|L|25075.16|INR|V-K003|Nutzung Wartung Mumbai|KST-OPS-01|SL01|BCHATT
100|1000|PL01|28.03.2024|28.03.2024|5000010248|1|PETRL001|Benzin|261|250.597|L|25856.92|INR|V-ESSAR|Tanken Heizung Mumbai|KST-OPS-03|SL01|SPRIYA
100|1000|PL01|12.03.2024|10.03.2024|5000010249|1|PETRL001|Benzin|261|259.047|L|26148.39|INR|V-K006|Verbrauch Generator Mumbai|KST-OPS-01|SL01|SPRIYA
100|1000|PL01|12.03.2024|10.03.2024|5000010250|1|PETRL001|Benzin|261|280.103|L|26624.09|INR|V-K007|Entnahme Generator Mumbai|KST-FAC-05|SL01|SPRIYA
100|1000|PL01|27.03.2024|24.03.2024|5000010251|1|PETRL001|Benzin|261|140.664|L|14250.8|INR|V-K002|Entnahme DG-Set Mumbai|KST-FAC-03|SL01|AKUMAR
100|1000|PL01|24.03.2024|24.03.2024|5000010252|1|PETRL001|Benzin|261|184.488|L|18825.15|INR|V-IOCL1|Verbrauch Fahrzeugflotte Mumbai|KST-LOG-02|SL01|SNEHA
100|1000|PL01|04.03.2024|02.03.2024|5000010253|1|LPG00001|Fluessiggas|261|78.72|KG|7146.14|INR|V-IOCL1|Tanken Wartung Mumbai|KST-FAC-02|SL01|VMEHTA
100|1000|PL01|19.03.2024|16.03.2024|5000010254|1|LPG00001|Fluessiggas|261||KG||INR|V-IOCL1|Tanken Heizung Mumbai|KST-FAC-07|SL01|TLAXMAN
100|1000|PL01|06.03.2024|04.03.2024|5000010255|1|LPG00001|Fluessiggas|261|53.679|KG|5051.31|INR|V-K005|Verbrauch Produktion Mumbai|KST-LOG-03|SL01|AKUMAR
100|1000|PL01|13.04.2024|11.04.2024|5000010256|1|DIESEL001|Dieselkraftstoff|261|756.62|L|54172.08|INR|V-K001|Tanken Generator Mumbai|KST-PRD-02|SL01|SNEHA
100|1000|PL01|22.04.2024|20.04.2024|5000010257|1|DIESEL001|Diesel|261|1176.564|L|85439.13|INR|V-K007|Entnahme Heizung Mumbai|KST-LOG-03|SL01|MGUPTA
100|1000|PL01|16.04.2024|14.04.2024|5000010258|1|DIESEL001|Dieselkraftstoff|261|715.843|L|47703.83|INR|V-K010|Entnahme DG-Set Mumbai|KST-LOG-02|SL01|NREDDY
100|1000|PL01|06.04.2024|05.04.2024|5000010259|1|DIESEL001|Dieselkraftstoff|261|500.949|L|38886.16|INR|V-IOCL1|Auffuellung Generator Mumbai|KST-MNT-01|SL01|SNEHA
100|1000|PL01|03.04.2024|31.03.2024|5000010260|1|DIESEL001|Diesel|261|841.643|L|60789.19|INR|V-BPCL1|Entnahme Generator Mumbai|KST-LOG-02|SL01|TLAXMAN
100|1000|PL01|14.04.2024|13.04.2024|5000010261|1|DIESEL001|Dieselkraftstoff|261|853.275|L|66004.97|INR|V-HPCL1|Nutzung Produktion Mumbai|KST-PRD-02|SL01|AKUMAR
100|1000|PL01|14.04.2024|12.04.2024|5000010262|1|DIESEL001|Diesel|261|923.83|L|66228.91|INR|V-K010|Tanken Wartung Mumbai|KST-LOG-03|SL01|TLAXMAN
100|1000|PL01|11.04.2024|10.04.2024|5000010263|1|DIESEL001|Dieselkraftstoff|261|996.6|L|76313.45|INR|V-K005|Tanken Heizung Mumbai|KST-FAC-02|SL01|VMEHTA
100|1000|PL01|05.04.2024|03.04.2024|5000010264|1|PETRL001|Motorenbenzin|261|293.508|L|29208.26|INR|V-K008|Entnahme Produktion Mumbai|KST-MNT-01|SL01|PSINGH
100|1000|PL01|27.04.2024|27.04.2024|5000010265|1|PETRL001|Benzin|261|116.404|L|11002.04|INR|V-K010|Verbrauch Fahrzeugflotte Mumbai|KST-OPS-03|SL01|RJOSHI
100|1000|PL01|08.04.2024|08.04.2024|5000010266|1|PETRL001|Motorenbenzin|261|112.64|L|10292.85|INR|V-K007|Verbrauch Produktion Mumbai|KST-OPS-02|SL01|NREDDY
100|1000|PL01|16.04.2024|13.04.2024|5000010267|1|PETRL001|Benzin|261|340.13|L|32920.67|INR|V-K005|Auffuellung Fahrzeugflotte Mumbai|KST-MNT-01|SL01|BCHATT
100|1000|PL01|13.04.2024|13.04.2024|5000010268|1|PETRL001|Benzin|261|313.455|L|28716.22|INR|V-K004|Tanken Fahrzeugflotte Mumbai|KST-LOG-03|SL01|VMEHTA
100|1000|PL01|16.04.2024|15.04.2024|5000010269|1|PETRL001|Benzin|261||L||INR|V-K005|Entnahme Wartung Mumbai|KST-PRD-01|SL01|BCHATT
100|1000|PL01|28.04.2024|26.04.2024|5000010270|1|LPG00001|LPG|261|42.6|KG|3942.7|INR|V-K002|Auffuellung Kantine Mumbai|KST-LOG-01|SL01|RJOSHI
100|1000|PL01|10.04.2024|10.04.2024|5000010271|1|LPG00001|LPG|261|33.192|KG|3054.48|INR|V-BPCL1|Verbrauch Heizung Mumbai|KST-LOG-03|SL01|RPANDEY
100|1000|PL01|02.04.2024|30.03.2024|5000010272|1|LPG00001|LPG|261|64.038|KG|5906.72|INR|V-K007|Nutzung Heizung Mumbai|KST-FAC-05|SL01|GMISHRA
100|1000|PL01|11.05.2024|10.05.2024|5000010273|1|DIESEL001|Diesel|261|1125.221|L|81110.73|INR|V-ESSAR|Entnahme DG-Set Mumbai|KST-OPS-03|SL01|MGUPTA
100|1000|PL01|24.05.2024|22.05.2024|5000010274|1|DIESEL001|Dieselkraftstoff|261|1157.539|L|85402.17|INR|V-RELI1|Auffuellung Produktion Mumbai|KST-FAC-05|SL01|VMEHTA
100|1000|PL01|09.05.2024|07.05.2024|5000010275|1|DIESEL001|Diesel|261|1080.971|L|82392.53|INR|V-K002|Entnahme Kantine Mumbai|KST-FAC-01|SL01|SPRIYA
100|1000|PL01|14.05.2024|14.05.2024|5000010276|1|DIESEL001|Dieselkraftstoff|261|509.892|L|36178.82|INR|V-K008|Verbrauch Generator Mumbai|KST-FAC-03|SL01|SNEHA
100|1000|PL01|16.05.2024|14.05.2024|5000010277|1|DIESEL001|Dieselkraftstoff|261|650.731|L|46493.2|INR|V-K010|Tanken DG-Set Mumbai|KST-OPS-03|SL01|KVELU
100|1000|PL01|20.05.2024|17.05.2024|5000010278|1|DIESEL001|Diesel|261|722.715|L|51064.01|INR|V-K006|Nutzung Heizung Mumbai|KST-FAC-03|SL01|RJOSHI
100|1000|PL01|01.05.2024|01.05.2024|5000010279|1|DIESEL001|Dieselkraftstoff|261|581.013|L|40575.22|INR|V-K005|Auffuellung Kantine Mumbai|KST-OPS-02|SL01|SNEHA
100|1000|PL01|15.05.2024|13.05.2024|5000010280|1|DIESEL001|Diesel|261|1110.379|L|77935.59|INR|V-K004|Verbrauch Heizung Mumbai|KST-PRD-02|SL01|SNEHA
100|1000|PL01|24.05.2024|23.05.2024|5000010281|1|PETRL001|Benzin|261|283.519|L|25776.3|INR|V-K001|Nutzung Fahrzeugflotte Mumbai|KST-LOG-03|SL01|GMISHRA
100|1000|PL01|20.05.2024|20.05.2024|5000010282|1|PETRL001|Benzin|261||L||INR|V-K007|Verbrauch Heizung Mumbai|KST-LOG-01|SL01|AKUMAR
100|1000|PL01|23.05.2024|23.05.2024|5000010283|1|PETRL001|Motorenbenzin|261|205.218|L|19764.95|INR|V-K007|Nutzung Generator Mumbai|KST-OPS-02|SL01|ASAXEN
100|1000|PL01|10.05.2024|10.05.2024|5000010284|1|PETRL001|Benzin|261|224.435|L|22503.97|INR|V-K006|Tanken Notstromaggregat Mumbai|KST-FAC-05|SL01|BCHATT
100|1000|PL01|07.05.2024|04.05.2024|5000010285|1|PETRL001|Motorenbenzin|261||L||INR|V-K010|Tanken Generator Mumbai|KST-FAC-07|SL01|NREDDY
100|1000|PL01|24.05.2024|24.05.2024|5000010286|1|PETRL001|Motorenbenzin|261|261.084|L|26978.12|INR|V-RELI1||KST-MNT-01|SL01|SNEHA
100|1000|PL01|10.05.2024|08.05.2024|5000010286|1|LPG00001|LPG|261|51.3|KG|4876.47|INR|V-K003|Auffuellung Notstromaggregat Mumbai|KST-LOG-03|SL01|NREDDY
100|1000|PL01|20.05.2024|18.05.2024|5000010288|1|LPG00001|Fluessiggas|261|48.631|KG|4106.36|INR|V-RELI1|Entnahme DG-Set Mumbai|KST-PRD-01|SL01|GMISHRA
100|1000|PL01|04.05.2024|03.05.2024|5000010289|1|LPG00001|Fluessiggas|261|79.078|KG|6665.76|INR|V-K010|Entnahme Produktion Mumbai|KST-FAC-07|SL01|NREDDY
100|1000|PL01|20.06.2024|20.06.2024|5000010290|1|DIESEL001|Dieselkraftstoff|261|786.464|L|60137.03|INR|V-IOCL1|Nutzung Heizung Mumbai|KST-OPS-01|SL01|DRAO
100|1000|PL01|22.06.2024|20.06.2024|5000010291|1|DIESEL001|Dieselkraftstoff|261|746.278|L|53576.66|INR|V-K003|Nutzung Fahrzeugflotte Mumbai|KST-MNT-01|SL01|ASAXEN
100|1000|PL01|01.06.2024|31.05.2024|5000010292|1|DIESEL001|Diesel|261|1081.497|L|72571.1|INR|V-K005|Entnahme Wartung Mumbai|KST-LOG-01|SL01|RJOSHI
100|1000|PL01|27.06.2024|26.06.2024|5000010293|1|DIESEL001|Dieselkraftstoff|261|767.276|L|54785.11|INR|V-K002|Tanken Wartung Mumbai|KST-PRD-01|SL01|SPRIYA
100|1000|PL01|14.06.2024|14.06.2024|5000010294|1|DIESEL001|Dieselkraftstoff|261|1060.727|L|82032.1|INR|V-K009|Auffuellung Produktion Mumbai|KST-LOG-03|SL01|PSINGH
100|1000|PL01|27.06.2024|27.06.2024|5000010295|1|DIESEL001|Dieselkraftstoff|261|1075.454|L|80745.77|INR|V-K006|Verbrauch Fahrzeugflotte Mumbai|KST-FAC-07|SL01|BCHATT
100|1000|PL01|11.06.2024|09.06.2024|5000010296|1|DIESEL001|Diesel|261|838.152|L|56545.78|INR|V-RELI1|Tanken Kantine Mumbai|KST-PRD-01|SL01|BCHATT
100|1000|PL01|20.06.2024|19.06.2024|5000010297|1|DIESEL001|Dieselkraftstoff|261|496.597|L|34127.93|INR|V-K006|Nutzung Generator Mumbai|KST-PRD-02|SL01|AKUMAR
100|1000|PL01|25.06.2024|22.06.2024|5000010298|1|PETRL001|Motorenbenzin|261|264.614|L|23917.93|INR|V-K001|Entnahme DG-Set Mumbai|KST-FAC-05|SL01|MGUPTA
100|1000|PL01|23.06.2024|22.06.2024|5000010299|1|PETRL001|Benzin|261|125.888|L|12290.52|INR|V-K007|Auffuellung Wartung Mumbai|KST-PRD-01|SL01|TLAXMAN
100|1000|PL01|11.06.2024|09.06.2024|5000010300|1|PETRL001|Motorenbenzin|261|301.199|L|29389.42|INR|V-RELI1|Nutzung Heizung Mumbai|KST-LOG-01|SL01|BCHATT
100|1000|PL01|07.06.2024|06.06.2024|5000010301|1|PETRL001|Motorenbenzin|261|271.653|L|24545.98|INR|V-K003|Auffuellung Generator Mumbai|KST-LOG-01|SL01|MGUPTA
100|1000|PL01|25.06.2024|23.06.2024|5000010302|1|PETRL001|Motorenbenzin|261|245.702|L|24380.39|INR|V-K009|Tanken Generator Mumbai|KST-MNT-01|SL01|VMEHTA
100|1000|PL01|01.06.2024|29.05.2024|5000010303|1|PETRL001|Benzin|261|113.266|L|10468.13|INR|V-IOCL1|Auffuellung Heizung Mumbai|KST-OPS-03|SL01|VMEHTA
100|1000|PL01|25.06.2024|25.06.2024|5000010304|1|LPG00001|LPG|261|70.701|KG|6737.78|INR|V-BPCL1|Nutzung Kantine Mumbai|KST-LOG-01|SL01|NREDDY
100|1000|PL01|23.06.2024|23.06.2024|5000010305|1|LPG00001|LPG|261|49.378|KG|4782.35|INR|V-K001|Entnahme Heizung Mumbai|KST-FAC-02|SL01|BCHATT
100|1000|PL01|21.06.2024|19.06.2024|5000010306|1|LPG00001|Fluessiggas|261|68.807|KG|5988.7|INR|V-K003|Entnahme Fahrzeugflotte Mumbai|KST-PRD-01|SL01|SNEHA
100|1000|PL01|14.07.2024|12.07.2024|5000010307|1|DIESEL001|Diesel|261|504.053|L|34869.27|INR|V-K003|Nutzung Fahrzeugflotte Mumbai|KST-OPS-03|SL01|RJOSHI
100|1000|PL01|25.07.2024|23.07.2024|5000010308|1|DIESEL001|Diesel|261|1031.927|L|69221.24|INR|V-K003|Verbrauch Wartung Mumbai|KST-OPS-02|SL01|MGUPTA
100|1000|PL01|18.07.2024|15.07.2024|5000010309|1|DIESEL001|Dieselkraftstoff|261|679.522|L|50204.18|INR|V-HPCL1|Nutzung Fahrzeugflotte Mumbai|KST-LOG-01|SL01|TLAXMAN
100|1000|PL01|04.07.2024|02.07.2024|5000010310|1|DIESEL001|Diesel|261|592.278|L|45500.19|INR|V-ESSAR|Tanken Wartung Mumbai|KST-FAC-05|SL01|DRAO
100|1000|PL01|09.07.2024|07.07.2024|5000010311|1|DIESEL001|Dieselkraftstoff|261|1129.069|L|79666.56|INR|V-K001|Nutzung Generator Mumbai|KST-LOG-03|SL01|VMEHTA
100|1000|PL01|04.07.2024|03.07.2024|5000010312|1|DIESEL001|Dieselkraftstoff|261|901.546|L|66256.42|INR|V-RELI1|Entnahme Generator Mumbai|KST-FAC-01|SL01|AKUMAR
100|1000|PL01|24.07.2024|23.07.2024|5000010313|1|DIESEL001|Dieselkraftstoff|261|767.38|L|51604.95|INR|V-K009|Auffuellung Wartung Mumbai|KST-LOG-02|SL01|AKUMAR
100|1000|PL01|13.07.2024|10.07.2024|5000010314|1|DIESEL001|Diesel|261||L||INR|V-IOCL1|Nutzung Fahrzeugflotte Mumbai|KST-LOG-02|SL01|BCHATT
100|1000|PL01|23.07.2024|23.07.2024|5000010315|1|PETRL001|Motorenbenzin|261|332.012|L|33336.22|INR|V-HPCL1|Tanken Notstromaggregat Mumbai|KST-FAC-07|SL01|RPANDEY
100|1000|PL01|06.07.2024|05.07.2024|5000010316|1|PETRL001|Benzin|261|286.688|L|29060.94|INR|V-K005|Auffuellung Fahrzeugflotte Mumbai|KST-PRD-02|SL01|NREDDY
100|1000|PL01|18.07.2024|17.07.2024|5000010317|1|PETRL001|Benzin|261|110.443|L|10422.85|INR|V-K004|Auffuellung Heizung Mumbai|KST-PRD-01|SL01|BCHATT
100|1000|PL01|14.07.2024|13.07.2024|5000010318|1|PETRL001|Benzin|261|145.998|L|13461.32|INR|V-K010|Nutzung Notstromaggregat Mumbai|KST-OPS-01|SL01|ASAXEN
100|1000|PL01|21.07.2024|21.07.2024|5000010319|1|PETRL001|Motorenbenzin|261|267.921|L|24475.21|INR|V-K006|Tanken Kantine Mumbai|KST-LOG-03|SL01|SNEHA
100|1000|PL01|20.07.2024|20.07.2024|5000010320|1|PETRL001|Benzin|261|179.446|L|17547.49|INR|V-K010|Entnahme DG-Set Mumbai|KST-FAC-03|SL01|TLAXMAN
100|1000|PL01|01.07.2024|29.06.2024|5000010321|1|LPG00001|Fluessiggas|261|69.283|KG|6375.98|INR|V-IOCL1|Entnahme Notstromaggregat Mumbai|KST-FAC-03|SL01|BCHATT
100|1000|PL01|12.07.2024|10.07.2024|5000010322|1|LPG00001|LPG|261|57.584|KG|5270.98|INR|V-K003|Tanken Generator Mumbai|KST-LOG-01|SL01|RPANDEY
100|1000|PL01|01.07.2024|01.07.2024|5000010323|1|LPG00001|LPG|261|68.46|KG|5704.62|INR|V-K009|Auffuellung Wartung Mumbai|KST-LOG-03|SL01|SPRIYA
100|1000|PL01|08.08.2024|06.08.2024|5000010324|1|DIESEL001|Dieselkraftstoff|261|771.761|L|54649.14|INR|V-RELI1|Nutzung DG-Set Mumbai|KST-LOG-02|SL01|KVELU
100|1000|PL01|15.08.2024|14.08.2024|5000010325|1|DIESEL001|Dieselkraftstoff|261|853.086|L|65079.96|INR|V-K006|Verbrauch Generator Mumbai|KST-FAC-01|SL01|RJOSHI
100|1000|PL01|09.08.2024|07.08.2024|5000010326|1|DIESEL001|Dieselkraftstoff|261|434.247|L|33305.44|INR|V-K008||KST-OPS-01|SL01|RPANDEY
100|1000|PL01|21.08.2024|19.08.2024|5000010327|1|DIESEL001|Dieselkraftstoff|261|962.989|L|72992.19|INR|V-K009|Entnahme Produktion Mumbai|KST-OPS-03|SL01|TLAXMAN
100|1000|PL01|19.08.2024|19.08.2024|5000010328|1|DIESEL001|Diesel|261|701.063|L|50608.76|INR|V-K008|Tanken DG-Set Mumbai|KST-FAC-07|SL01|KVELU
100|1000|PL01|15.08.2024|14.08.2024|5000010329|1|DIESEL001|Dieselkraftstoff|261|461.671|L|31706.03|INR|V-BPCL1|Entnahme Produktion Mumbai|KST-OPS-02|SL01|ASAXEN
100|1000|PL01|24.08.2024|24.08.2024|5000010330|1|DIESEL001|Diesel|261|940.184|L|68676.6|INR|V-K004|Verbrauch DG-Set Mumbai|KST-OPS-03|SL01|RJOSHI
100|1000|PL01|21.08.2024|21.08.2024|5000010331|1|DIESEL001|Dieselkraftstoff|261|444.73|L|30381.3|INR|V-K010|Auffuellung Generator Mumbai|KST-OPS-01|SL01|NREDDY
100|1000|PL01|07.08.2024|04.08.2024|5000010332|1|PETRL001|Motorenbenzin|261|316.826|L|32022.99|INR|V-RELI1|Nutzung Kantine Mumbai|KST-OPS-03|SL01|KVELU
100|1000|PL01|06.08.2024|04.08.2024|5000010333|1|PETRL001|Motorenbenzin|261|249.133|L|23450.72|INR|V-K009|Verbrauch Generator Mumbai|KST-LOG-01|SL01|ASAXEN
100|1000|PL01|06.08.2024|03.08.2024|5000010334|1|PETRL001|Benzin|261|319.438|L|31904.38|INR|V-ESSAR|Entnahme Wartung Mumbai|KST-LOG-01|SL01|TLAXMAN
100|1000|PL01|12.08.2024|12.08.2024|5000010335|1|PETRL001|Motorenbenzin|261|157.372|L|15807.64|INR|V-BPCL1|Nutzung Generator Mumbai|KST-PRD-02|SL01|RPANDEY
100|1000|PL01|14.08.2024|13.08.2024|5000010336|1|PETRL001|Motorenbenzin|261|219.285|L|22260.73|INR|V-K007||KST-FAC-01|SL01|VMEHTA
100|1000|PL01|24.08.2024|24.08.2024|5000010337|1|PETRL001|Benzin|261|229.94|L|21033.81|INR|V-K002|Auffuellung Kantine Mumbai|KST-FAC-05|SL01|SNEHA
100|1000|PL01|28.08.2024|25.08.2024|5000010338|1|LPG00001|LPG|261|60.594|KG|5363.98|INR|V-K009|Nutzung Notstromaggregat Mumbai|KST-OPS-03|SL01|SPRIYA
100|1000|PL01|09.08.2024|07.08.2024|5000010339|1|LPG00001|LPG|261|68.71|KG|5825.8|INR|V-K004|Verbrauch Generator Mumbai|KST-PRD-02|SL01|SPRIYA
100|1000|PL01|07.08.2024|04.08.2024|5000010340|1|LPG00001|LPG|261|70.043|KG|6490.03|INR|V-IOCL1|Verbrauch Notstromaggregat Mumbai|KST-PRD-02|SL01|RJOSHI
100|1000|PL01|20.09.2024|17.09.2024|5000010341|1|DIESEL001|Dieselkraftstoff|261|451.264|L|30307.82|INR|V-K007|Nutzung Fahrzeugflotte Mumbai|KST-LOG-03|SL01|TLAXMAN
100|1000|PL01|25.09.2024|24.09.2024|5000010342|1|DIESEL001|Diesel|261|751.178|L|55442.42|INR|V-K001|Verbrauch DG-Set Mumbai|KST-LOG-02|SL01|KVELU
100|1000|PL01|22.09.2024|22.09.2024|5000010343|1|DIESEL001|Diesel|261||L||INR|V-HPCL1|Entnahme Heizung Mumbai|KST-FAC-03|SL01|GMISHRA
100|1000|PL01|17.09.2024|17.09.2024|5000010344|1|DIESEL001|Dieselkraftstoff|261|1135.342|L|84702.32|INR|V-K006|Verbrauch Notstromaggregat Mumbai|KST-FAC-02|SL01|ASAXEN
100|1000|PL01|13.09.2024|13.09.2024|5000010345|1|DIESEL001|Diesel|261|540.028|L|39246.76|INR|V-K002|Nutzung Kantine Mumbai|KST-LOG-01|SL01|KVELU
100|1000|PL01|23.09.2024|20.09.2024|5000010346|1|DIESEL001|Diesel|261|850.535|L|63761.29|INR|V-K008|Entnahme Generator Mumbai|KST-LOG-02|SL01|RPANDEY
100|1000|PL01|09.09.2024|09.09.2024|5000010347|1|DIESEL001|Diesel|261|906.929|L|67147.24|INR|V-K006||KST-LOG-01|SL01|MGUPTA
100|1000|PL01|27.09.2024|25.09.2024|5000010348|1|DIESEL001|Dieselkraftstoff|261|629.832|L|47153.03|INR|V-K003|Nutzung Kantine Mumbai|KST-FAC-03|SL01|SPRIYA
100|1000|PL01|06.09.2024|05.09.2024|5000010349|1|PETRL001|Motorenbenzin|261|284.278|L|26164.38|INR|V-RELI1|Verbrauch Generator Mumbai|KST-MNT-01|SL01|PSINGH
100|1000|PL01|04.09.2024|04.09.2024|5000010350|1|PETRL001|Motorenbenzin|261|253.457|L|24493.33|INR|V-K010|Nutzung Kantine Mumbai|KST-FAC-07|SL01|DRAO
100|1000|PL01|16.09.2024|15.09.2024|5000010351|1|PETRL001|Motorenbenzin|261|199.47|L|18010.12|INR|V-K009|Verbrauch Notstromaggregat Mumbai|KST-LOG-01|SL01|RJOSHI
100|1000|PL01|04.09.2024|01.09.2024|5000010352|1|PETRL001|Motorenbenzin|261||L||INR|V-K006|Verbrauch Kantine Mumbai|KST-LOG-02|SL01|DRAO
100|1000|PL01|08.09.2024|06.09.2024|5000010353|1|PETRL001|Motorenbenzin|261|339.632|L|30955.73|INR|V-HPCL1|Auffuellung Notstromaggregat Mumbai|KST-FAC-03|SL01|DRAO
100|1000|PL01|06.09.2024|05.09.2024|5000010354|1|PETRL001|Benzin|261|303.548|L|30558.42|INR|V-K004|Verbrauch Notstromaggregat Mumbai|KST-PRD-02|SL01|SNEHA
100|1000|PL01|26.09.2024|26.09.2024|5000010355|1|LPG00001|Fluessiggas|261|51.076|KG|4886.09|INR|V-K006|Nutzung Fahrzeugflotte Mumbai|KST-FAC-07|SL01|KVELU
100|1000|PL01|13.09.2024|13.09.2024|5000010356|1|LPG00001|Fluessiggas|261|33.002|KG|2959.03|INR|V-K006|Nutzung Kantine Mumbai|KST-FAC-03|SL01|VMEHTA
100|1000|PL01|12.09.2024|12.09.2024|5000010357|1|LPG00001|LPG|261|36.062|KG|3486.07|INR|V-IOCL1|Auffuellung Produktion Mumbai|KST-OPS-03|SL01|MGUPTA
100|1000|PL01|11.10.2024|08.10.2024|5000010358|1|DIESEL001|Diesel|261|1111.706|L|77308.87|INR|V-K003|Entnahme Wartung Mumbai|KST-PRD-02|SL01|NREDDY
100|1000|PL01|28.10.2024|28.10.2024|5000010359|1|DIESEL001|Dieselkraftstoff|261|529.6|L|37013.98|INR|V-IOCL1|Auffuellung Notstromaggregat Mumbai|KST-FAC-02|SL01|GMISHRA
100|1000|PL01|14.10.2024|13.10.2024|5000010360|1|DIESEL001|Dieselkraftstoff|261|1083.369|L|74690.61|INR|V-BPCL1|Tanken Generator Mumbai|KST-FAC-01|SL01|AKUMAR
100|1000|PL01|03.10.2024|30.09.2024|5000010361|1|DIESEL001|Dieselkraftstoff|261|421.092|L|31604.12|INR|V-K003|Entnahme Kantine Mumbai|KST-LOG-03|SL01|AKUMAR
100|1000|PL01|08.10.2024|07.10.2024|5000010362|1|DIESEL001|Diesel|261|754.528|L|54558.46|INR|V-K006|Entnahme Kantine Mumbai|KST-FAC-03|SL01|ASAXEN
100|1000|PL01|18.10.2024|15.10.2024|5000010363|1|DIESEL001|Dieselkraftstoff|261|1175.634|L|80271.66|INR|V-IOCL1|Nutzung Kantine Mumbai|KST-LOG-02|SL01|RPANDEY
100|1000|PL01|12.10.2024|09.10.2024|5000010364|1|DIESEL001|Dieselkraftstoff|261|1043.766|L|73537.31|INR|V-K001|Verbrauch Produktion Mumbai|KST-MNT-01|SL01|MGUPTA
100|1000|PL01|10.10.2024|07.10.2024|5000010365|1|DIESEL001|Dieselkraftstoff|261|950.216|L|71212.08|INR|V-HPCL1|Tanken Produktion Mumbai|KST-LOG-02|SL01|VMEHTA
100|1000|PL01|07.10.2024|04.10.2024|5000010366|1|PETRL001|Motorenbenzin|261|198.688|L|19797.7|INR|V-K005|Nutzung Kantine Mumbai|KST-FAC-05|SL01|AKUMAR
100|1000|PL01|10.10.2024|08.10.2024|5000010367|1|PETRL001|Motorenbenzin|261|147.0|L|13291.53|INR|V-K008|Verbrauch Produktion Mumbai|KST-PRD-01|SL01|VMEHTA
100|1000|PL01|01.10.2024|30.09.2024|5000010368|1|PETRL001|Benzin|261||L||INR|V-K003|Verbrauch Generator Mumbai|KST-FAC-07|SL01|BCHATT
100|1000|PL01|05.10.2024|05.10.2024|5000010369|1|PETRL001|Motorenbenzin|261|154.297|L|15489.68|INR|V-BPCL1|Verbrauch Fahrzeugflotte Mumbai|KST-OPS-01|SL01|KVELU
100|1000|PL01|09.10.2024|06.10.2024|5000010370|1|PETRL001|Benzin|261|235.798|L|24069.77|INR|V-K001|Entnahme Notstromaggregat Mumbai|KST-PRD-02|SL01|AKUMAR
100|1000|PL01|08.10.2024|08.10.2024|5000010371|1|PETRL001|Benzin|261|215.209|L|20729.94|INR|V-IOCL1|Tanken Generator Mumbai|KST-FAC-03|SL01|VMEHTA
100|1000|PL01|09.10.2024|06.10.2024|5000010372|1|LPG00001|LPG|261|39.936|KG|3803.37|INR|V-IOCL1||KST-FAC-03|SL01|GMISHRA
100|1000|PL01|26.10.2024|24.10.2024|5000010373|1|LPG00001|Fluessiggas|261|49.79|KG|4817.24|INR|V-BPCL1|Tanken Heizung Mumbai|KST-OPS-03|SL01|TLAXMAN
100|1000|PL01|06.10.2024|03.10.2024|5000010374|1|LPG00001|Fluessiggas|261|64.297|KG|6221.57|INR|V-K006|Tanken DG-Set Mumbai|KST-OPS-03|SL01|NREDDY
100|1000|PL01|16.11.2024|15.11.2024|5000010375|1|DIESEL001|Diesel|261|1185.341|L|88849.79|INR|V-K004|Verbrauch Kantine Mumbai|KST-PRD-01|SL01|RJOSHI
100|1000|PL01|02.11.2024|30.10.2024|5000010376|1|DIESEL001|Diesel|261|847.22|L|60903.14|INR|V-K006|Nutzung DG-Set Mumbai|KST-FAC-07|SL01|BCHATT
100|1000|PL01|03.11.2024|02.11.2024|5000010377|1|DIESEL001|Diesel|261|636.538|KG|44856.28|INR|V-K007|Nutzung Produktion Mumbai|KST-OPS-03|SL01|BCHATT
100|1000|PL01|25.11.2024|24.11.2024|5000010378|1|DIESEL001|Diesel|261|976.803|L|70768.18|INR|V-K008|Auffuellung Produktion Mumbai|KST-LOG-01|SL01|KVELU
100|1000|PL01|14.11.2024|12.11.2024|5000010379|1|DIESEL001|Dieselkraftstoff|261|477.005|L|31837.37|INR|V-K001|Tanken Fahrzeugflotte Mumbai|KST-OPS-02|SL01|PSINGH
100|1000|PL01|19.11.2024|16.11.2024|5000010380|1|DIESEL001|Diesel|261|820.657|L|56779.95|INR|V-K002|Tanken Notstromaggregat Mumbai|KST-FAC-01|SL01|RJOSHI
100|1000|PL01|26.11.2024|26.11.2024|5000010381|1|DIESEL001|Diesel|261|846.416|L|60122.44|INR|V-RELI1|Tanken Kantine Mumbai|KST-FAC-02|SL01|TLAXMAN
100|1000|PL01|03.11.2024|02.11.2024|5000010382|1|DIESEL001|Dieselkraftstoff|261|480.98|L|33995.19|INR|V-K010|Nutzung Wartung Mumbai|KST-OPS-03|SL01|NREDDY
100|1000|PL01|24.11.2024|24.11.2024|5000010383|1|PETRL001|Motorenbenzin|261|268.623|L|25486.92|INR|V-K009|Verbrauch Notstromaggregat Mumbai|KST-LOG-01|SL01|GMISHRA
100|1000|PL01|12.11.2024|10.11.2024|5000010384|1|PETRL001|Motorenbenzin|261|311.214|L|30513.47|INR|V-K004|Nutzung Kantine Mumbai|KST-LOG-01|SL01|TLAXMAN
100|1000|PL01|12.11.2024|09.11.2024|5000010385|1|PETRL001|Motorenbenzin|261||L||INR|V-K001|Auffuellung Fahrzeugflotte Mumbai|KST-OPS-03|SL01|MGUPTA
100|1000|PL01|10.11.2024|09.11.2024|5000010386|1|PETRL001|Benzin|261||L||INR|V-K005|Nutzung DG-Set Mumbai|KST-LOG-01|SL01|RPANDEY
100|1000|PL01|04.11.2024|04.11.2024|5000010387|1|PETRL001|Motorenbenzin|261|188.914|L|17750.06|INR|V-HPCL1|Nutzung Heizung Mumbai|KST-OPS-02|SL01|VMEHTA
100|1000|PL01|24.11.2024|24.11.2024|5000010388|1|PETRL001|Motorenbenzin|261|298.226|L|30121.67|INR|V-ESSAR|Tanken Wartung Mumbai|KST-LOG-02|SL01|AKUMAR
100|1000|PL01|03.11.2024|03.11.2024|5000010389|1|LPG00001|LPG|261|47.397|KG|4208.75|INR|V-K004|Tanken Wartung Mumbai|KST-LOG-03|SL01|BCHATT
100|1000|PL01|02.11.2024|31.10.2024|5000010390|1|LPG00001|Fluessiggas|261|45.966|KG|4022.32|INR|V-IOCL1|Nutzung Generator Mumbai|KST-FAC-05|SL01|BCHATT
100|1000|PL01|08.11.2024|05.11.2024|5000010391|1|LPG00001|LPG|261|69.318|KG|6075.09|INR|V-K009|Nutzung Wartung Mumbai|KST-FAC-02|SL01|GMISHRA
100|1000|PL01|25.12.2024|24.12.2024|5000010392|1|DIESEL001|Dieselkraftstoff|261|784.738|L|55554.8|INR|V-BPCL1|Auffuellung Wartung Mumbai|KST-FAC-01|SL01|MGUPTA
100|1000|PL01|11.12.2024|11.12.2024|5000010393|1|DIESEL001|Dieselkraftstoff|261|937.398|L|65854.56|INR|V-K001|Auffuellung Notstromaggregat Mumbai|KST-FAC-02|SL01|KVELU
100|1000|PL01|20.12.2024|19.12.2024|5000010394|1|DIESEL001|Diesel|261|435.902|L|29876.89|INR|V-RELI1|Verbrauch DG-Set Mumbai|KST-OPS-02|SL01|AKUMAR
100|1000|PL01|28.12.2024|26.12.2024|5000010395|1|DIESEL001|Dieselkraftstoff|261|674.617|L|47057.88|INR|V-BPCL1|Nutzung Kantine Mumbai|KST-FAC-01|SL01|MGUPTA
100|1000|PL01|18.12.2024|15.12.2024|5000010396|1|DIESEL001|Dieselkraftstoff|261|956.057|L|67477.08|INR|V-K005|Nutzung Kantine Mumbai|KST-OPS-01|SL01|SNEHA
100|1000|PL01|02.12.2024|29.11.2024|5000010397|1|DIESEL001|Dieselkraftstoff|261|453.278|L|33487.07|INR|V-K002|Entnahme Heizung Mumbai|KST-FAC-02|SL01|RJOSHI
100|1000|PL01|13.12.2024|13.12.2024|5000010398|1|DIESEL001|Diesel|261|787.73|L|52977.99|INR|V-K009||KST-PRD-01|SL01|RPANDEY
100|1000|PL01|08.12.2024|06.12.2024|5000010399|1|DIESEL001|Diesel|261|791.946|L|52626.12|INR|V-K005|Tanken Kantine Mumbai|KST-LOG-01|SL01|PSINGH
100|1000|PL01|13.12.2024|13.12.2024|5000010400|1|PETRL001|Motorenbenzin|261|156.396|L|14756.61|INR|V-K009|Verbrauch Wartung Mumbai|KST-LOG-02|SL01|NREDDY
100|1000|PL01|08.12.2024|07.12.2024|5000010401|1|PETRL001|Motorenbenzin|261|342.634|L|31994.41|INR|V-K003|Verbrauch DG-Set Mumbai|KST-LOG-01|SL01|TLAXMAN
100|1000|PL01|10.12.2024|09.12.2024|5000010402|1|PETRL001|Motorenbenzin|261|348.921|L|31594.64|INR|V-K006|Tanken DG-Set Mumbai|KST-LOG-01|SL01|AKUMAR
100|1000|PL01|11.12.2024|10.12.2024|5000010403|1|PETRL001|Benzin|261|291.359|L|27585.77|INR|V-ESSAR|Auffuellung DG-Set Mumbai|KST-LOG-03|SL01|ASAXEN
100|1000|PL01|25.12.2024|24.12.2024|5000010404|1|PETRL001|Benzin|261||L||INR|V-K010|Verbrauch Heizung Mumbai|KST-LOG-02|SL01|TLAXMAN
100|1000|PL01|22.12.2024|22.12.2024|5000010405|1|PETRL001|Motorenbenzin|261|119.869|L|10833.71|INR|V-IOCL1|Entnahme Notstromaggregat Mumbai|KST-OPS-03|SL01|DRAO
100|1000|PL01|05.12.2024|04.12.2024|5000010406|1|LPG00001|Fluessiggas|261|41.314|KG|3997.17|INR|V-K004|Verbrauch Generator Mumbai|KST-LOG-03|SL01|BCHATT
100|1000|PL01|06.12.2024|03.12.2024|5000010407|1|LPG00001|LPG|261|64.393|KG|6154.76|INR|V-K010|Auffuellung Wartung Mumbai|KST-MNT-01|SL01|BCHATT
100|1000|PL01|20.12.2024|20.12.2024|5000010408|1|LPG00001|Fluessiggas|261|52.58|KG|4385.74|INR|V-K007|Nutzung Fahrzeugflotte Mumbai|KST-OPS-01|SL01|BCHATT
100|1000|PL02|07.01.2023|05.01.2023|5000010409|1|DIESEL001|Diesel|261|1476.668|L|111893.33|INR|V-K010|Verbrauch Notstromaggregat Pune|KST-OPS-01|SL02|RPANDEY
100|1000|PL02|27.01.2023|24.01.2023|5000010410|1|DIESEL001|Dieselkraftstoff|261|2028.5|L|152565.48|INR|V-K003|Tanken DG-Set Pune|KST-FAC-05|SL02|GMISHRA
100|1000|PL02|15.01.2023|14.01.2023|5000010411|1|DIESEL001|Diesel|261|953.305|L|70269.64|INR|V-BPCL1|Entnahme Produktion Pune|KST-OPS-02|SL02|AKUMAR
100|1000|PL02|03.01.2023|31.12.2022|5000010412|1|DIESEL001|Dieselkraftstoff|261|1443.754|L|108412.01|INR|V-IOCL1|Verbrauch DG-Set Pune|KST-OPS-03|SL02|ASAXEN
100|1000|PL02|25.01.2023|25.01.2023|5000010413|1|DIESEL001|Diesel|261|1323.706|L|102336.15|INR|V-ESSAR||KST-FAC-01|SL02|SNEHA
100|1000|PL02|25.01.2023|23.01.2023|5000010414|1|DIESEL001|Dieselkraftstoff|261|1579.693|KG|114529.53|INR|V-K004|Entnahme Wartung Pune|KST-LOG-02|SL02|PSINGH
100|1000|PL02|15.01.2023|15.01.2023|5000010415|1|DIESEL001|Dieselkraftstoff|261|1216.012|L|89230.6|INR|V-K001|Auffuellung Fahrzeugflotte Pune|KST-OPS-03|SL02|SNEHA
100|1000|PL02|05.01.2023|05.01.2023|5000010416|1|DIESEL001|Diesel|261|1362.889|L|91987.36|INR|V-K005|Nutzung DG-Set Pune|KST-LOG-03|SL02|TLAXMAN
100|1000|PL02|15.01.2023|13.01.2023|5000010417|1|DIESEL001|Dieselkraftstoff|261|958.315|L|67547.71|INR|V-K007|Entnahme DG-Set Pune|KST-LOG-01|SL02|ASAXEN
100|1000|PL02|04.01.2023|02.01.2023|5000010418|1|DIESEL001|Diesel|261|1695.99|L|125937.36|INR|V-BPCL1|Entnahme Kantine Pune|KST-LOG-01|SL02|NREDDY
100|1000|PL02|14.01.2023|12.01.2023|5000010419|1|LPG00001|LPG|261|82.031|KG|7210.15|INR|V-K009|Verbrauch Heizung Pune|KST-LOG-03|SL02|BCHATT
100|1000|PL02|23.01.2023|21.01.2023|5000010420|1|LPG00001|Fluessiggas|261||KG||INR|V-RELI1|Entnahme Wartung Pune|KST-PRD-02|SL02|PSINGH
100|1000|PL02|02.01.2023|31.12.2022|5000010421|1|LPG00001|LPG|261|84.833|KG|7037.97|INR|V-HPCL1|Nutzung Produktion Pune|KST-FAC-02|SL02|AKUMAR
100|1000|PL02|25.01.2023|25.01.2023|5000010422|1|LPG00001|Fluessiggas|261|94.867|KG|8844.57|INR|V-K003|Entnahme Notstromaggregat Pune|KST-FAC-03|SL02|PSINGH
100|1000|PL02|26.01.2023|26.01.2023|5000010423|1|FURNACE1|Heizoel EL|261|392.598|L|31291.91|INR|V-HPCL1|Tanken Kantine Pune|KST-FAC-05|SL02|ASAXEN
100|1000|PL02|19.01.2023|17.01.2023|5000010424|1|FURNACE1|Heizoel EL|261|283.305|L|22266.19|INR|V-K003||KST-MNT-01|SL02|VMEHTA
100|1000|PL02|13.01.2023|12.01.2023|5000010425|1|FURNACE1|Schweroelkraftstoff|261|274.952|L|21552.97|INR|V-BPCL1|Entnahme Heizung Pune|KST-FAC-02|SL02|RJOSHI
100|1000|PL02|12.01.2023|09.01.2023|5000010426|1|FURNACE1|Schweroelkraftstoff|261|286.456|L|20151.26|INR|V-ESSAR|Entnahme DG-Set Pune|KST-FAC-07|SL02|AKUMAR
100|1000|PL02|07.01.2023|05.01.2023|5000010427|1|FURNACE1|Schweroelkraftstoff|261|492.976|L|38603.18|INR|V-RELI1|Verbrauch Fahrzeugflotte Pune|KST-LOG-03|SL02|MGUPTA
100|1000|PL02|15.02.2023|12.02.2023|5000010428|1|DIESEL001|Dieselkraftstoff|261|806.987|L|59841.99|INR|V-K008|Auffuellung Fahrzeugflotte Pune|KST-OPS-01|SL02|RPANDEY
100|1000|PL02|19.02.2023|17.02.2023|5000010429|1|DIESEL001|Dieselkraftstoff|261|1345.497|L|93413.82|INR|V-K002|Tanken Fahrzeugflotte Pune|KST-OPS-03|SL02|VMEHTA
100|1000|PL02|20.02.2023|20.02.2023|5000010430|1|DIESEL001|Dieselkraftstoff|261|1722.299|L|119463.0|INR|V-K010|Nutzung Produktion Pune|KST-OPS-03|SL02|PSINGH
100|1000|PL02|18.02.2023|15.02.2023|5000010431|1|DIESEL001|Dieselkraftstoff|261|1021.126|L|75585.5|INR|V-K007|Nutzung Notstromaggregat Pune|KST-OPS-03|SL02|GMISHRA
100|1000|PL02|20.02.2023|18.02.2023|5000010432|1|DIESEL001|Diesel|261|1364.965|L|102340.7|INR|V-ESSAR|Verbrauch Generator Pune|KST-PRD-02|SL02|KVELU
100|1000|PL02|27.02.2023|24.02.2023|5000010433|1|DIESEL001|Dieselkraftstoff|261|1574.493|L|117176.43|INR|V-K004|Auffuellung Produktion Pune|KST-MNT-01|SL02|SNEHA
100|1000|PL02|13.02.2023|12.02.2023|5000010434|1|DIESEL001|Diesel|261|2140.924|L|152994.33|INR|V-K006|Auffuellung Produktion Pune|KST-FAC-07|SL02|SPRIYA
100|1000|PL02|20.02.2023|19.02.2023|5000010435|1|DIESEL001|Dieselkraftstoff|261|1489.666|L|100511.38|INR|V-K005|Entnahme Heizung Pune|KST-FAC-07|SL02|MGUPTA
100|1000|PL02|20.02.2023|19.02.2023|5000010436|1|DIESEL001|Dieselkraftstoff|261|2455.616|L|172298.36|INR|V-HPCL1|Nutzung Heizung Pune|KST-LOG-02|SL02|GMISHRA
100|1000|PL02|06.02.2023|06.02.2023|5000010437|1|DIESEL001|Diesel|261|994.349|L|69592.85|INR|V-K005|Nutzung Wartung Pune|KST-OPS-02|SL02|GMISHRA
100|1000|PL02|11.02.2023|08.02.2023|5000010438|1|LPG00001|Fluessiggas|261|47.243|KG|4515.32|INR|V-K001|Entnahme Kantine Pune|KST-OPS-03|SL02|KVELU
100|1000|PL02|13.02.2023|10.02.2023|5000010439|1|LPG00001|Fluessiggas|261|56.453|KG|4917.97|INR|V-ESSAR|Auffuellung Generator Pune|KST-FAC-05|SL02|RPANDEY
100|1000|PL02|19.02.2023|19.02.2023|5000010440|1|LPG00001|LPG|261|107.811|KG|9023.64|INR|V-K001|Auffuellung Generator Pune|KST-LOG-01|SL02|BCHATT
100|1000|PL02|28.02.2023|26.02.2023|5000010441|1|LPG00001|Fluessiggas|261|58.819|KG|5204.16|INR|V-K007|Verbrauch Notstromaggregat Pune|KST-LOG-01|SL02|GMISHRA
100|1000|PL02|05.02.2023|04.02.2023|5000010442|1|FURNACE1|Schweroelkraftstoff|261|537.331|L|39766.16|INR|V-K003|Tanken DG-Set Pune|KST-OPS-01|SL02|SNEHA
100|1000|PL02|24.02.2023|21.02.2023|5000010443|1|FURNACE1|Schweroelkraftstoff|261|589.99|L|41680.81|INR|V-ESSAR|Entnahme DG-Set Pune|KST-PRD-01|SL02|KVELU
100|1000|PL02|15.02.2023|12.02.2023|5000010444|1|FURNACE1|Schweroelkraftstoff|261|353.886|KG|26221.98|INR|V-BPCL1|Entnahme Produktion Pune|KST-PRD-01|SL02|PSINGH
100|1000|PL02|02.02.2023|02.02.2023|5000010445|1|FURNACE1|Schweroelkraftstoff|261|481.953|L|36039.67|INR|V-BPCL1|Auffuellung Notstromaggregat Pune|KST-MNT-01|SL02|MGUPTA
100|1000|PL02|17.02.2023|17.02.2023|5000010446|1|FURNACE1|Heizoel EL|261|298.093|L|22942.68|INR|V-K009|Tanken Produktion Pune|KST-LOG-02|SL02|KVELU
100|1000|PL02|18.03.2023|18.03.2023|5000010447|1|DIESEL001|Diesel|261|1571.859|L|114513.2|INR|V-HPCL1|Nutzung Kantine Pune|KST-FAC-02|SL02|VMEHTA
100|1000|PL02|24.03.2023|22.03.2023|5000010448|1|DIESEL001|Dieselkraftstoff|261|1869.81|L|136195.74|INR|V-BPCL1|Tanken DG-Set Pune|KST-OPS-01|SL02|TLAXMAN
100|1000|PL02|17.03.2023|17.03.2023|5000010449|1|DIESEL001|Diesel|261|1228.487|L|85269.9|INR|V-K010|Entnahme Produktion Pune|KST-LOG-02|SL02|SNEHA
100|1000|PL02|26.03.2023|25.03.2023|5000010450|1|DIESEL001|Diesel|261|2130.297|L|145548.12|INR|V-K002|Verbrauch Notstromaggregat Pune|KST-LOG-02|SL02|SNEHA
100|1000|PL02|25.03.2023|22.03.2023|5000010451|1|DIESEL001|Diesel|261|1204.511|L|88633.77|INR|V-K006|Tanken Fahrzeugflotte Pune|KST-LOG-03|SL02|RJOSHI
100|1000|PL02|06.03.2023|03.03.2023|5000010452|1|DIESEL001|Diesel|261|1609.594|L|124202.49|INR|V-IOCL1|Verbrauch Wartung Pune|KST-FAC-05|SL02|BCHATT
100|1000|PL02|01.03.2023|27.02.2023|5000010453|1|DIESEL001|Diesel|261|1449.407|L|104862.45|INR|V-K009|Entnahme Kantine Pune|KST-FAC-03|SL02|NREDDY
100|1000|PL02|11.03.2023|09.03.2023|5000010454|1|DIESEL001|Diesel|261|2163.938|L|157901.94|INR|V-K004|Verbrauch Produktion Pune|KST-LOG-03|SL02|BCHATT
100|1000|PL02|22.03.2023|21.03.2023|5000010455|1|DIESEL001|Diesel|261|1730.941|KG|131241.79|INR|V-K002|Auffuellung Kantine Pune|KST-FAC-07|SL02|NREDDY
100|1000|PL02|07.03.2023|07.03.2023|5000010456|1|DIESEL001|Dieselkraftstoff|261|1852.975|L|135423.71|INR|V-K010|Tanken Generator Pune|KST-OPS-02|SL02|NREDDY
100|1000|PL02|28.03.2023|27.03.2023|5000010457|1|LPG00001|LPG|261|92.512|KG|8414.1|INR|V-BPCL1|Tanken Notstromaggregat Pune|KST-FAC-02|SL02|SNEHA
100|1000|PL02|09.03.2023|06.03.2023|5000010458|1|LPG00001|LPG|261|60.587|KG|5258.52|INR|V-K001|Entnahme Generator Pune|KST-MNT-01|SL02|VMEHTA
100|1000|PL02|16.03.2023|15.03.2023|5000010459|1|LPG00001|LPG|261|54.275|KG|4606.42|INR|V-IOCL1|Tanken Fahrzeugflotte Pune|KST-FAC-07|SL02|AKUMAR
100|1000|PL02|03.03.2023|03.03.2023|5000010460|1|LPG00001|LPG|261||KG||INR|V-K001|Auffuellung DG-Set Pune|KST-OPS-01|SL02|RPANDEY
100|1000|PL02|23.03.2023|21.03.2023|5000010461|1|FURNACE1|Schweroelkraftstoff|261|429.856|L|34508.38|INR|V-RELI1|Tanken Heizung Pune|KST-PRD-02|SL02|BCHATT
100|1000|PL02|01.03.2023|26.02.2023|5000010462|1|FURNACE1|Schweroelkraftstoff|261|248.481|L|20101.92|INR|V-K001|Nutzung Produktion Pune|KST-LOG-03|SL02|NREDDY
100|1000|PL02|03.03.2023|28.02.2023|5000010463|1|FURNACE1|Schweroelkraftstoff|261|459.117|L|31895.76|INR|V-BPCL1|Auffuellung Notstromaggregat Pune|KST-OPS-02|SL02|GMISHRA
100|1000|PL02|03.03.2023|28.02.2023|5000010464|1|FURNACE1|Heizoel EL|261|255.977|L|19873.25|INR|V-K002|Entnahme Notstromaggregat Pune|KST-LOG-01|SL02|KVELU
100|1000|PL02|01.03.2023|01.03.2023|5000010465|1|FURNACE1|Schweroelkraftstoff|261|222.422|L|15461.39|INR|V-IOCL1|Nutzung DG-Set Pune|KST-FAC-07|SL02|MGUPTA
100|1000|PL02|24.04.2023|23.04.2023|5000010466|1|DIESEL001|Dieselkraftstoff|261|862.692|L|63642.63|INR|V-K001|Tanken DG-Set Pune|KST-PRD-01|SL02|PSINGH
100|1000|PL02|21.04.2023|21.04.2023|5000010467|1|DIESEL001|Diesel|261|2195.257|L|160871.34|INR|V-RELI1|Nutzung Heizung Pune|KST-OPS-02|SL02|AKUMAR
100|1000|PL02|03.04.2023|02.04.2023|5000010468|1|DIESEL001|Diesel|261|1373.483|L|102655.4|INR|V-IOCL1|Verbrauch Fahrzeugflotte Pune|KST-LOG-01|SL02|TLAXMAN
100|1000|PL02|19.04.2023|18.04.2023|5000010469|1|DIESEL001|Diesel|261|907.477|L|68030.81|INR|V-K003|Tanken DG-Set Pune|KST-FAC-01|SL02|SPRIYA
100|1000|PL02|04.04.2023|01.04.2023|5000010470|1|DIESEL001|Dieselkraftstoff|261|826.572|L|54812.59|INR|V-IOCL1|Entnahme DG-Set Pune|KST-FAC-02|SL02|TLAXMAN
100|1000|PL02|07.04.2023|06.04.2023|5000010471|1|DIESEL001|Diesel|261|1689.248|L|130151.14|INR|V-K003|Tanken Kantine Pune|KST-FAC-07|SL02|BCHATT
100|1000|PL02|12.04.2023|09.04.2023|5000010472|1|DIESEL001|Dieselkraftstoff|261|1748.108|L|135663.1|INR|V-RELI1|Entnahme Heizung Pune|KST-LOG-01|SL02|KVELU
100|1000|PL02|09.04.2023|09.04.2023|5000010473|1|DIESEL001|Dieselkraftstoff|261|991.555|L|75318.88|INR|V-K003|Auffuellung Kantine Pune|KST-OPS-01|SL02|NREDDY
100|1000|PL02|07.04.2023|04.04.2023|5000010474|1|DIESEL001|Diesel|261|1368.301|L|102590.91|INR|V-ESSAR|Tanken Notstromaggregat Pune|KST-OPS-03|SL02|MGUPTA
100|1000|PL02|17.04.2023|17.04.2023|5000010475|1|DIESEL001|Dieselkraftstoff|261|2321.635|L|169637.18|INR|V-IOCL1|Tanken Produktion Pune|KST-FAC-03|SL02|RPANDEY
100|1000|PL02|08.04.2023|08.04.2023|5000010476|1|LPG00001|Fluessiggas|261|99.02|KG|8734.32|INR|V-K008|Nutzung Notstromaggregat Pune|KST-FAC-05|SL02|RJOSHI
100|1000|PL02|06.04.2023|03.04.2023|5000010477|1|LPG00001|LPG|261|50.912|KG|4678.87|INR|V-K003|Auffuellung DG-Set Pune|KST-PRD-01|SL02|RJOSHI
100|1000|PL02|04.04.2023|01.04.2023|5000010478|1|LPG00001|LPG|261|73.458|KG|6314.88|INR|V-HPCL1|Nutzung Heizung Pune|KST-LOG-02|SL02|NREDDY
100|1000|PL02|03.04.2023|31.03.2023|5000010479|1|LPG00001|LPG|261|108.976|KG|9766.24|INR|V-K007|Auffuellung Wartung Pune|KST-MNT-01|SL02|BCHATT
100|1000|PL02|19.04.2023|18.04.2023|5000010480|1|FURNACE1|Heizoel EL|261|565.502|L|41854.65|INR|V-BPCL1||KST-LOG-01|SL02|KVELU
100|1000|PL02|17.04.2023|14.04.2023|5000010481|1|FURNACE1|Schweroelkraftstoff|261|523.887|L|36764.29|INR|V-HPCL1|Verbrauch DG-Set Pune|KST-PRD-01|SL02|RJOSHI
100|1000|PL02|12.04.2023|10.04.2023|5000010482|1|FURNACE1|Heizoel EL|261|459.056|L|34317.83|INR|V-RELI1|Entnahme Notstromaggregat Pune|KST-PRD-01|SL02|TLAXMAN
100|1000|PL02|25.04.2023|24.04.2023|5000010482|1|FURNACE1|Schweroelkraftstoff|261|273.978|L|20965.27|INR|V-IOCL1|Auffuellung Fahrzeugflotte Pune|KST-FAC-05|SL02|AKUMAR
100|1000|PL02|10.04.2023|07.04.2023|5000010484|1|FURNACE1|Schweroelkraftstoff|261|479.222|L|36374.27|INR|V-K010|Tanken Produktion Pune|KST-FAC-03|SL02|RPANDEY
100|1000|PL02|02.05.2023|02.05.2023|5000010485|1|DIESEL001|Diesel|261|1421.504|L|100146.92|INR|V-K002|Verbrauch Produktion Pune|KST-PRD-01|SL02|MGUPTA
100|1000|PL02|08.05.2023|08.05.2023|5000010486|1|DIESEL001|Diesel|261|2053.546|L|156635.11|INR|V-HPCL1|Auffuellung Wartung Pune|KST-FAC-03|SL02|PSINGH
100|1000|PL02|09.05.2023|09.05.2023|5000010487|1|DIESEL001|Dieselkraftstoff|261|1433.783|L|103256.33|INR|V-K009|Auffuellung Notstromaggregat Pune|KST-MNT-01|SL02|NREDDY
100|1000|PL02|20.05.2023|18.05.2023|5000010488|1|DIESEL001|Dieselkraftstoff|261|1120.201|L|75328.81|INR|V-K002|Verbrauch Notstromaggregat Pune|KST-OPS-03|SL02|AKUMAR
100|1000|PL02|05.05.2023|04.05.2023|5000010489|1|DIESEL001|Dieselkraftstoff|261|1298.388|L|94103.7|INR|V-K008||KST-LOG-03|SL02|BCHATT
100|1000|PL02|07.05.2023|07.05.2023|5000010490|1|DIESEL001|Dieselkraftstoff|261|2282.049|L|176070.6|INR|V-K006|Entnahme Notstromaggregat Pune|KST-LOG-03|SL02|NREDDY
100|1000|PL02|15.05.2023|13.05.2023|5000010491|1|DIESEL001|Dieselkraftstoff|261|2327.079|L|175304.36|INR|V-K005||KST-MNT-01|SL02|KVELU
100|1000|PL02|12.05.2023|10.05.2023|5000010492|1|DIESEL001|Diesel|261|2425.564|L|165162.23|INR|V-K003|Verbrauch DG-Set Pune|KST-PRD-01|SL02|ASAXEN
100|1000|PL02|08.05.2023|08.05.2023|5000010493|1|DIESEL001|Dieselkraftstoff|261|2489.414|L|177542.61|INR|V-BPCL1|Auffuellung DG-Set Pune|KST-LOG-03|SL02|RJOSHI
100|1000|PL02|12.05.2023|09.05.2023|5000010494|1|DIESEL001|Dieselkraftstoff|261|1707.193|L|113574.66|INR|V-K008|Nutzung Produktion Pune|KST-FAC-03|SL02|RPANDEY
100|1000|PL02|21.05.2023|19.05.2023|5000010495|1|LPG00001|LPG|261|111.678|KG|10459.75|INR|V-HPCL1|Entnahme Produktion Pune|KST-PRD-01|SL02|TLAXMAN
100|1000|PL02|23.05.2023|23.05.2023|5000010496|1|LPG00001|LPG|261|112.014|KG|10163.46|INR|V-RELI1|Auffuellung Fahrzeugflotte Pune|KST-FAC-07|SL02|PSINGH
100|1000|PL02|20.05.2023|19.05.2023|5000010497|1|LPG00001|Fluessiggas|261|102.503|KG|8776.13|INR|V-IOCL1|Entnahme Heizung Pune|KST-OPS-02|SL02|NREDDY
100|1000|PL02|16.05.2023|14.05.2023|5000010498|1|LPG00001|Fluessiggas|261|112.676|KG|9569.62|INR|V-K006|Auffuellung Notstromaggregat Pune|KST-FAC-02|SL02|RJOSHI
100|1000|PL02|28.05.2023|28.05.2023|5000010499|1|FURNACE1|Heizoel EL|261|491.141|L|39738.79|INR|V-HPCL1|Entnahme DG-Set Pune|KST-FAC-05|SL02|BCHATT
100|1000|PL02|27.05.2023|27.05.2023|5000010500|1|FURNACE1|Heizoel EL|261|283.114|L|22482.17|INR|V-K010|Entnahme Kantine Pune|KST-FAC-05|SL02|KVELU
100|1000|PL02|14.05.2023|13.05.2023|5000010501|1|FURNACE1|Schweroelkraftstoff|261|484.099|L|34198.27|INR|V-K009|Auffuellung Kantine Pune|KST-OPS-01|SL02|SPRIYA
100|1000|PL02|16.05.2023|13.05.2023|5000010502|1|FURNACE1|Heizoel EL|261||L||INR|V-RELI1|Auffuellung Wartung Pune|KST-FAC-07|SL02|NREDDY
100|1000|PL02|06.05.2023|03.05.2023|5000010503|1|FURNACE1|Heizoel EL|261|211.377|L|15835.65|INR|V-K006|Auffuellung Notstromaggregat Pune|KST-FAC-07|SL02|TLAXMAN
100|1000|PL02|23.06.2023|23.06.2023|5000010504|1|DIESEL001|Diesel|261|1671.294|L|126980.95|INR|V-K006|Verbrauch Fahrzeugflotte Pune|KST-PRD-01|SL02|SPRIYA
100|1000|PL02|09.06.2023|07.06.2023|5000010505|1|DIESEL001|Diesel|261|1881.62|L|125694.47|INR|V-K002|Verbrauch Generator Pune|KST-FAC-01|SL02|MGUPTA
100|1000|PL02|20.06.2023|19.06.2023|5000010506|1|DIESEL001|Diesel|261|2283.153|L|169252.01|INR|V-BPCL1|Auffuellung DG-Set Pune|KST-OPS-02|SL02|DRAO
100|1000|PL02|01.06.2023|31.05.2023|5000010507|1|DIESEL001|Diesel|261|1434.124|L|100618.72|INR|V-K003|Nutzung Generator Pune|KST-FAC-01|SL02|MGUPTA
100|1000|PL02|14.06.2023|11.06.2023|5000010508|1|DIESEL001|Dieselkraftstoff|261|998.162|L|66318.09|INR|V-K003|Nutzung Produktion Pune|KST-FAC-07|SL02|ASAXEN
100|1000|PL02|06.06.2023|04.06.2023|5000010509|1|DIESEL001|Dieselkraftstoff|261|2065.582|L|139886.98|INR|V-K005|Tanken Wartung Pune|KST-FAC-01|SL02|SNEHA
100|1000|PL02|23.06.2023|23.06.2023|5000010510|1|DIESEL001|Dieselkraftstoff|261|831.971|L|59242.97|INR|V-IOCL1|Tanken Kantine Pune|KST-LOG-02|SL02|MGUPTA
100|1000|PL02|02.06.2023|02.06.2023|5000010511|1|DIESEL001|Diesel|261|1934.897|L|145606.63|INR|V-ESSAR|Tanken Generator Pune|KST-OPS-03|SL02|PSINGH
100|1000|PL02|05.06.2023|03.06.2023|5000010512|1|DIESEL001|Diesel|261|1398.746|L|105234.43|INR|V-K002|Tanken Heizung Pune|KST-MNT-01|SL02|AKUMAR
100|1000|PL02|23.06.2023|22.06.2023|5000010513|1|DIESEL001|Diesel|261|1092.015|L|72389.53|INR|V-ESSAR|Auffuellung DG-Set Pune|KST-MNT-01|SL02|MGUPTA
100|1000|PL02|15.06.2023|15.06.2023|5000010514|1|LPG00001|Fluessiggas|261|106.779|KG|9493.39|INR|V-HPCL1|Nutzung DG-Set Pune|KST-OPS-02|SL02|DRAO
100|1000|PL02|16.06.2023|14.06.2023|5000010515|1|LPG00001|LPG|261|84.571|KG|7402.07|INR|V-K010|Entnahme Heizung Pune|KST-FAC-02|SL02|BCHATT
100|1000|PL02|18.06.2023|15.06.2023|5000010516|1|LPG00001|LPG|261|118.797|KG|11302.05|INR|V-IOCL1||KST-OPS-03|SL02|DRAO
100|1000|PL02|22.06.2023|19.06.2023|5000010517|1|LPG00001|Fluessiggas|261|71.71|KG|6636.18|INR|V-BPCL1|Verbrauch Generator Pune|KST-OPS-02|SL02|TLAXMAN
100|1000|PL02|12.06.2023|11.06.2023|5000010518|1|FURNACE1|Schweroelkraftstoff|261|280.105|L|20686.17|INR|V-K008|Nutzung Kantine Pune|KST-PRD-02|SL02|VMEHTA
100|1000|PL02|25.06.2023|22.06.2023|5000010519|1|FURNACE1|Schweroelkraftstoff|261|390.331|L|28827.24|INR|V-HPCL1|Entnahme Notstromaggregat Pune|KST-OPS-02|SL02|SPRIYA
100|1000|PL02|08.06.2023|07.06.2023|5000010520|1|FURNACE1|Heizoel EL|261|239.841|L|16745.4|INR|V-K007|Auffuellung Generator Pune|KST-LOG-03|SL02|TLAXMAN
100|1000|PL02|25.06.2023|25.06.2023|5000010521|1|FURNACE1|Schweroelkraftstoff|261|517.093|L|39787.78|INR|V-K006|Tanken Fahrzeugflotte Pune|KST-MNT-01|SL02|KVELU
100|1000|PL02|14.06.2023|14.06.2023|5000010522|1|FURNACE1|Schweroelkraftstoff|261|380.046|L|28241.47|INR|V-IOCL1|Verbrauch Notstromaggregat Pune|KST-PRD-02|SL02|ASAXEN
100|1000|PL02|14.07.2023|13.07.2023|5000010523|1|DIESEL001|Diesel|261|2016.729|L|136129.37|INR|V-IOCL1|Nutzung DG-Set Pune|KST-LOG-02|SL02|MGUPTA
100|1000|PL02|17.07.2023|17.07.2023|5000010524|1|DIESEL001|Diesel|261|1247.765|L|88082.51|INR|V-K005||KST-OPS-01|SL02|DRAO
100|1000|PL02|02.07.2023|01.07.2023|5000010525|1|DIESEL001|Diesel|261|1393.091|L|92710.05|INR|V-K002|Entnahme Produktion Pune|KST-FAC-03|SL02|GMISHRA
100|1000|PL02|02.07.2023|01.07.2023|5000010526|1|DIESEL001|Dieselkraftstoff|261|1198.858|L|80585.47|INR|V-K002||KST-OPS-03|SL02|DRAO
100|1000|PL02|11.07.2023|11.07.2023|5000010527|1|DIESEL001|Diesel|261|1918.205|L|138436.92|INR|V-K008|Entnahme Wartung Pune|KST-OPS-01|SL02|TLAXMAN
100|1000|PL02|11.07.2023|11.07.2023|5000010528|1|DIESEL001|Diesel|261|970.096|L|68013.77|INR|V-K006|Entnahme Heizung Pune|KST-LOG-02|SL02|SNEHA
100|1000|PL02|16.07.2023|16.07.2023|5000010529|1|DIESEL001|Dieselkraftstoff|261|1288.504|L|100138.08|INR|V-BPCL1|Tanken Produktion Pune|KST-PRD-01|SL02|AKUMAR
100|1000|PL02|09.07.2023|09.07.2023|5000010530|1|DIESEL001|Diesel|261|1526.08|L|102435.28|INR|V-K005|Verbrauch Wartung Pune|KST-LOG-03|SL02|GMISHRA
100|1000|PL02|13.07.2023|11.07.2023|5000010531|1|DIESEL001|Diesel|261|1941.652|L|148318.77|INR|V-K003|Entnahme Kantine Pune|KST-FAC-07|SL02|TLAXMAN
100|1000|PL02|21.07.2023|18.07.2023|5000010532|1|DIESEL001|Dieselkraftstoff|261|1687.858|L|114676.46|INR|V-K005|Tanken Heizung Pune|KST-FAC-05|SL02|ASAXEN
100|1000|PL02|28.07.2023|25.07.2023|5000010533|1|LPG00001|LPG|261|105.897|KG|9159.33|INR|V-K002||KST-FAC-01|SL02|SNEHA
100|1000|PL02|26.07.2023|24.07.2023|5000010534|1|LPG00001|LPG|261|78.831|KG|7006.27|INR|V-K005|Auffuellung DG-Set Pune|KST-OPS-01|SL02|SNEHA
100|1000|PL02|21.07.2023|21.07.2023|5000010535|1|LPG00001|LPG|261|102.579|KG|9817.8|INR|V-K002|Tanken Wartung Pune|KST-FAC-05|SL02|RPANDEY
100|1000|PL02|27.07.2023|26.07.2023|5000010536|1|LPG00001|Fluessiggas|261|48.955|KG|4711.15|INR|V-HPCL1|Tanken Heizung Pune|KST-LOG-01|SL02|RPANDEY
100|1000|PL02|20.07.2023|20.07.2023|5000010537|1|FURNACE1|Schweroelkraftstoff|261|331.714|L|24440.49|INR|V-K007|Verbrauch Kantine Pune|KST-OPS-03|SL02|PSINGH
100|1000|PL02|15.07.2023|12.07.2023|5000010538|1|FURNACE1|Schweroelkraftstoff|261|545.16|L|41105.96|INR|V-K009|Auffuellung DG-Set Pune|KST-FAC-07|SL02|GMISHRA
100|1000|PL02|12.07.2023|09.07.2023|5000010539|1|FURNACE1|Schweroelkraftstoff|261||L||INR|V-RELI1|Tanken Heizung Pune|KST-LOG-03|SL02|BCHATT
100|1000|PL02|09.07.2023|06.07.2023|5000010540|1|FURNACE1|Schweroelkraftstoff|261|455.58|L|36372.54|INR|V-K004|Entnahme Kantine Pune|KST-FAC-07|SL02|ASAXEN
100|1000|PL02|10.07.2023|10.07.2023|5000010541|1|FURNACE1|Heizoel EL|261|318.969|L|22622.15|INR|V-HPCL1|Tanken Kantine Pune|KST-LOG-03|SL02|KVELU
100|1000|PL02|28.08.2023|28.08.2023|5000010542|1|DIESEL001|Diesel|261|1600.855|L|121553.25|INR|V-RELI1|Auffuellung Generator Pune|KST-MNT-01|SL02|AKUMAR
100|1000|PL02|12.08.2023|09.08.2023|5000010543|1|DIESEL001|Diesel|261||L||INR|V-IOCL1|Tanken Wartung Pune|KST-PRD-02|SL02|SPRIYA
100|1000|PL02|07.08.2023|05.08.2023|5000010544|1|DIESEL001|Diesel|261|1778.876|L|122947.79|INR|V-IOCL1|Entnahme Produktion Pune|KST-OPS-03|SL02|KVELU
100|1000|PL02|15.08.2023|12.08.2023|5000010545|1|DIESEL001|Dieselkraftstoff|261|1243.156|L|94186.94|INR|V-K007|Entnahme Heizung Pune|KST-OPS-03|SL02|DRAO
100|1000|PL02|01.08.2023|01.08.2023|5000010546|1|DIESEL001|Dieselkraftstoff|261|2341.636|L|160458.33|INR|V-K007|Verbrauch Generator Pune|KST-FAC-05|SL02|TLAXMAN
100|1000|PL02|12.08.2023|11.08.2023|5000010547|1|DIESEL001|Dieselkraftstoff|261|823.995|L|61922.48|INR|V-K008|Verbrauch Kantine Pune|KST-FAC-01|SL02|AKUMAR
100|1000|PL02|10.08.2023|07.08.2023|5000010548|1|DIESEL001|Diesel|261|1021.339|L|74713.96|INR|V-IOCL1|Verbrauch Fahrzeugflotte Pune|KST-FAC-05|SL02|PSINGH
100|1000|PL02|10.08.2023|08.08.2023|5000010549|1|DIESEL001|Dieselkraftstoff|261|1850.056|L|130425.67|INR|V-K001|Entnahme Heizung Pune|KST-OPS-03|SL02|SPRIYA
100|1000|PL02|23.08.2023|20.08.2023|5000010550|1|DIESEL001|Diesel|261|2051.377|L|138134.84|INR|V-K004|Nutzung Fahrzeugflotte Pune|KST-FAC-03|SL02|SPRIYA
100|1000|PL02|01.08.2023|30.07.2023|5000010551|1|DIESEL001|Diesel|261|1314.263|L|92672.34|INR|V-K010|Entnahme Produktion Pune|KST-FAC-02|SL02|SNEHA
100|1000|PL02|15.08.2023|14.08.2023|5000010552|1|LPG00001|Fluessiggas|261|65.385|KG|5547.38|INR|V-K003|Auffuellung Produktion Pune|KST-MNT-01|SL02|SPRIYA
100|1000|PL02|14.08.2023|12.08.2023|5000010553|1|LPG00001|LPG|261|89.035|KG|7710.26|INR|V-K006|Verbrauch Notstromaggregat Pune|KST-FAC-07|SL02|BCHATT
100|1000|PL02|02.08.2023|01.08.2023|5000010554|1|LPG00001|Fluessiggas|261|44.365|KG|3973.84|INR|V-K002||KST-FAC-07|SL02|RPANDEY
100|1000|PL02|12.08.2023|09.08.2023|5000010555|1|LPG00001|LPG|261|79.439|KG|7569.19|INR|V-RELI1|Nutzung Kantine Pune|KST-OPS-03|SL02|VMEHTA
100|1000|PL02|19.08.2023|18.08.2023|5000010556|1|FURNACE1|Heizoel EL|261|410.406|L|30368.82|INR|V-IOCL1||KST-FAC-03|SL02|AKUMAR
100|1000|PL02|22.08.2023|22.08.2023|5000010557|1|FURNACE1|Schweroelkraftstoff|261|349.423|L|24554.95|INR|V-K008|Entnahme Kantine Pune|KST-PRD-01|SL02|ASAXEN
100|1000|PL02|20.08.2023|20.08.2023|5000010558|1|FURNACE1|Schweroelkraftstoff|261|587.908|L|47274.12|INR|V-BPCL1|Verbrauch Fahrzeugflotte Pune|KST-PRD-02|SL02|RPANDEY
100|1000|PL02|26.08.2023|24.08.2023|5000010559|1|FURNACE1|Schweroelkraftstoff|261|519.259|L|39238.26|INR|V-K005|Entnahme Generator Pune|KST-FAC-01|SL02|SNEHA
100|1000|PL02|01.08.2023|31.07.2023|5000010560|1|FURNACE1|Heizoel EL|261|355.401|L|27282.72|INR|V-K005|Auffuellung DG-Set Pune|KST-PRD-02|SL02|SPRIYA
100|1000|PL02|12.09.2023|12.09.2023|5000010561|1|DIESEL001|Diesel|261|1671.51|L|127770.15|INR|V-K007|Auffuellung DG-Set Pune|KST-PRD-02|SL02|AKUMAR
100|1000|PL02|14.09.2023|11.09.2023|5000010562|1|DIESEL001|Dieselkraftstoff|261|868.745|L|62184.6|INR|V-K003|Nutzung Generator Pune|KST-FAC-07|SL02|RPANDEY
100|1000|PL02|10.09.2023|07.09.2023|5000010563|1|DIESEL001|Diesel|261|934.611|L|65142.88|INR|V-K005|Auffuellung Fahrzeugflotte Pune|KST-FAC-01|SL02|ASAXEN
100|1000|PL02|18.09.2023|18.09.2023|5000010564|1|DIESEL001|Dieselkraftstoff|261|1672.805|L|118765.78|INR|V-RELI1|Tanken Fahrzeugflotte Pune|KST-FAC-03|SL02|VMEHTA
100|1000|PL02|04.09.2023|01.09.2023|5000010565|1|DIESEL001|Dieselkraftstoff|261|2136.501|L|142635.76|INR|V-K006|Entnahme Kantine Pune|KST-PRD-01|SL02|TLAXMAN
100|1000|PL02|11.09.2023|10.09.2023|5000010566|1|DIESEL001|Dieselkraftstoff|261|1114.649|L|81590.85|INR|V-K009|Tanken DG-Set Pune|KST-OPS-01|SL02|RJOSHI
100|1000|PL02|21.09.2023|18.09.2023|5000010567|1|DIESEL001|Diesel|261|1976.071|L|152880.83|INR|V-K010|Entnahme Kantine Pune|KST-LOG-02|SL02|ASAXEN
100|1000|PL02|03.09.2023|02.09.2023|5000010568|1|DIESEL001|Dieselkraftstoff|261|823.589|L|54705.25|INR|V-K004|Verbrauch Wartung Pune|KST-LOG-03|SL02|SPRIYA
100|1000|PL02|27.09.2023|26.09.2023|5000010569|1|DIESEL001|Dieselkraftstoff|261|1311.56|L|94039.32|INR|V-K003|Entnahme Notstromaggregat Pune|KST-PRD-01|SL02|BCHATT
100|1000|PL02|01.09.2023|29.08.2023|5000010569|1|DIESEL001|Dieselkraftstoff|261|1142.275|L|86636.78|INR|V-IOCL1|Entnahme Notstromaggregat Pune|KST-PRD-01|SL02|ASAXEN
100|1000|PL02|24.09.2023|22.09.2023|5000010571|1|LPG00001|Fluessiggas|261|79.0|KG|7213.57|INR|V-RELI1|Tanken Fahrzeugflotte Pune|KST-FAC-07|SL02|ASAXEN
100|1000|PL02|14.09.2023|12.09.2023|5000010572|1|LPG00001|Fluessiggas|261|61.428|KG|5872.74|INR|V-IOCL1|Tanken DG-Set Pune|KST-FAC-07|SL02|DRAO
100|1000|PL02|10.09.2023|09.09.2023|5000010573|1|LPG00001|LPG|261|67.508|KG|5803.24|INR|V-K010|Entnahme DG-Set Pune|KST-MNT-01|SL02|ASAXEN
100|1000|PL02|10.09.2023|07.09.2023|5000010574|1|LPG00001|LPG|261|106.646|KG|9958.39|INR|V-RELI1|Tanken Notstromaggregat Pune|KST-LOG-02|SL02|SNEHA
100|1000|PL02|05.09.2023|04.09.2023|5000010575|1|FURNACE1|Heizoel EL|261|262.526|L|20614.01|INR|V-K004||KST-LOG-01|SL02|PSINGH
100|1000|PL02|01.09.2023|30.08.2023|5000010576|1|FURNACE1|Schweroelkraftstoff|261|342.818|L|27060.47|INR|V-K002|Verbrauch Generator Pune|KST-FAC-05|SL02|DRAO
100|1000|PL02|18.09.2023|17.09.2023|5000010577|1|FURNACE1|Schweroelkraftstoff|261|303.129|L|22208.11|INR|V-K005|Nutzung Generator Pune|KST-OPS-03|SL02|RPANDEY
100|1000|PL02|23.09.2023|23.09.2023|5000010578|1|FURNACE1|Schweroelkraftstoff|261|519.595|L|40564.35|INR|V-K010|Nutzung Fahrzeugflotte Pune|KST-MNT-01|SL02|KVELU
100|1000|PL02|17.09.2023|17.09.2023|5000010579|1|FURNACE1|Heizoel EL|261|451.97|L|36126.79|INR|V-K008|Tanken DG-Set Pune|KST-LOG-01|SL02|KVELU
100|1000|PL02|21.10.2023|19.10.2023|5000010580|1|DIESEL001|Diesel|261|2192.573|L|150335.47|INR|V-K001|Auffuellung Kantine Pune|KST-MNT-01|SL02|PSINGH
100|1000|PL02|17.10.2023|16.10.2023|5000010581|1|DIESEL001|Dieselkraftstoff|261|1252.227|L|88934.29|INR|V-HPCL1|Verbrauch DG-Set Pune|KST-LOG-01|SL02|KVELU
100|1000|PL02|26.10.2023|23.10.2023|5000010582|1|DIESEL001|Diesel|261|2360.634|L|182253.23|INR|V-K001|Nutzung Generator Pune|KST-OPS-03|SL02|SPRIYA
100|1000|PL02|03.10.2023|01.10.2023|5000010583|1|DIESEL001|Diesel|261|1482.806|L|105635.86|INR|V-ESSAR|Tanken Kantine Pune|KST-OPS-03|SL02|NREDDY
100|1000|PL02|14.10.2023|11.10.2023|5000010584|1|DIESEL001|Diesel|261|2026.637|L|142279.43|INR|V-K010|Entnahme Heizung Pune|KST-OPS-03|SL02|RPANDEY
100|1000|PL02|18.10.2023|15.10.2023|5000010585|1|DIESEL001|Diesel|261|2309.047|L|163711.21|INR|V-K001|Verbrauch Kantine Pune|KST-FAC-03|SL02|MGUPTA
100|1000|PL02|07.10.2023|07.10.2023|5000010586|1|DIESEL001|Diesel|261|1686.271|L|114807.26|INR|V-K010|Auffuellung Wartung Pune|KST-FAC-01|SL02|VMEHTA
100|1000|PL02|17.10.2023|17.10.2023|5000010587|1|DIESEL001|Dieselkraftstoff|261|2230.692|L|160802.54|INR|V-K002|Tanken Notstromaggregat Pune|KST-FAC-02|SL02|SPRIYA
100|1000|PL02|11.10.2023|10.10.2023|5000010588|1|DIESEL001|Dieselkraftstoff|261|1395.573|L|105059.81|INR|V-BPCL1|Tanken Produktion Pune|KST-LOG-01|SL02|GMISHRA
100|1000|PL02|17.10.2023|16.10.2023|5000010589|1|DIESEL001|Diesel|261|1572.326|L|111861.52|INR|V-K007|Entnahme Generator Pune|KST-OPS-03|SL02|RPANDEY
100|1000|PL02|12.10.2023|09.10.2023|5000010590|1|LPG00001|LPG|261|109.761|KG|10094.17|INR|V-K008|Verbrauch DG-Set Pune|KST-FAC-05|SL02|BCHATT
100|1000|PL02|16.10.2023|13.10.2023|5000010591|1|LPG00001|Fluessiggas|261|117.443|KG|10619.15|INR|V-K001|Auffuellung Generator Pune|KST-OPS-03|SL02|BCHATT
100|1000|PL02|20.10.2023|17.10.2023|5000010592|1|LPG00001|Fluessiggas|261|49.669|KG|4141.4|INR|V-K006|Verbrauch DG-Set Pune|KST-FAC-02|SL02|VMEHTA
100|1000|PL02|26.10.2023|23.10.2023|5000010593|1|LPG00001|Fluessiggas|261|114.946|KG|9986.76|INR|V-K001|Tanken Wartung Pune|KST-LOG-01|SL02|AKUMAR
100|1000|PL02|16.10.2023|14.10.2023|5000010594|1|FURNACE1|Schweroelkraftstoff|261|560.115|L|41842.12|INR|V-HPCL1|Entnahme Notstromaggregat Pune|KST-LOG-01|SL02|SNEHA
100|1000|PL02|05.10.2023|03.10.2023|5000010595|1|FURNACE1|Heizoel EL|261|519.925|L|38430.54|INR|V-K009|Auffuellung Generator Pune|KST-LOG-03|SL02|RJOSHI
100|1000|PL02|28.10.2023|27.10.2023|5000010596|1|FURNACE1|Heizoel EL|261|428.798|L|33227.04|INR|V-K009|Nutzung Fahrzeugflotte Pune|KST-FAC-01|SL02|AKUMAR
100|1000|PL02|19.10.2023|18.10.2023|5000010597|1|FURNACE1|Schweroelkraftstoff|261||L||INR|V-K001|Nutzung Notstromaggregat Pune|KST-PRD-02|SL02|VMEHTA
100|1000|PL02|03.10.2023|01.10.2023|5000010598|1|FURNACE1|Schweroelkraftstoff|261|435.557|L|34934.37|INR|V-K001|Auffuellung Generator Pune|KST-LOG-01|SL02|ASAXEN
100|1000|PL02|04.11.2023|04.11.2023|5000010599|1|DIESEL001|Dieselkraftstoff|261|1285.098|L|96499.13|INR|V-IOCL1|Auffuellung DG-Set Pune|KST-OPS-01|SL02|SNEHA
100|1000|PL02|01.11.2023|01.11.2023|5000010600|1|DIESEL001|Diesel|261|1462.898|L|103859.5|INR|V-RELI1|Verbrauch Heizung Pune|KST-OPS-02|SL02|RPANDEY
100|1000|PL02|16.11.2023|13.11.2023|5000010601|1|DIESEL001|Dieselkraftstoff|261|1257.789|L|91330.52|INR|V-IOCL1|Nutzung Generator Pune|KST-OPS-01|SL02|PSINGH
100|1000|PL02|08.11.2023|07.11.2023|5000010602|1|DIESEL001|Diesel|261|1766.018|L|134198.16|INR|V-K003|Verbrauch Wartung Pune|KST-LOG-01|SL02|DRAO
100|1000|PL02|18.11.2023|15.11.2023|5000010603|1|DIESEL001|Dieselkraftstoff|261|801.702|L|60764.49|INR|V-K001|Auffuellung Wartung Pune|KST-FAC-07|SL02|RJOSHI
100|1000|PL02|12.11.2023|11.11.2023|5000010604|1|DIESEL001|Diesel|261|877.324|L|63804.88|INR|V-K002|Auffuellung Wartung Pune|KST-OPS-03|SL02|ASAXEN
100|1000|PL02|07.11.2023|05.11.2023|5000010605|1|DIESEL001|Diesel|261|1879.789|L|139843.76|INR|V-K006|Nutzung Produktion Pune|KST-FAC-01|SL02|DRAO
100|1000|PL02|01.11.2023|31.10.2023|5000010606|1|DIESEL001|Dieselkraftstoff|261||KG||INR|V-K009|Entnahme Generator Pune|KST-PRD-01|SL02|RPANDEY
100|1000|PL02|26.11.2023|26.11.2023|5000010607|1|DIESEL001|Dieselkraftstoff|261|2317.373|L|165387.29|INR|V-K007|Verbrauch Fahrzeugflotte Pune|KST-LOG-02|SL02|ASAXEN
100|1000|PL02|04.11.2023|01.11.2023|5000010608|1|DIESEL001|Diesel|261|2391.621|KG|164524.2|INR|V-ESSAR|Nutzung Kantine Pune|KST-FAC-03|SL02|BCHATT
100|1000|PL02|26.11.2023|25.11.2023|5000010609|1|LPG00001|Fluessiggas|261|118.41|KG|9867.09|INR|V-K010|Entnahme Generator Pune|KST-OPS-01|SL02|PSINGH
100|1000|PL02|28.11.2023|26.11.2023|5000010610|1|LPG00001|LPG|261|53.638|KG|5011.88|INR|V-K003|Tanken DG-Set Pune|KST-LOG-02|SL02|AKUMAR
100|1000|PL02|09.11.2023|08.11.2023|5000010611|1|LPG00001|LPG|261|55.348|KG|5373.41|INR|V-K005|Tanken Wartung Pune|KST-LOG-01|SL02|NREDDY
100|1000|PL02|21.11.2023|21.11.2023|5000010612|1|LPG00001|LPG|261|74.604|KG|6471.61|INR|V-K006||KST-PRD-02|SL02|MGUPTA
100|1000|PL02|24.11.2023|23.11.2023|5000010613|1|FURNACE1|Heizoel EL|261|311.173|KG|23147.02|INR|V-K002|Verbrauch Wartung Pune|KST-LOG-02|SL02|RPANDEY
100|1000|PL02|03.11.2023|02.11.2023|5000010614|1|FURNACE1|Heizoel EL|261|265.793|L|20336.34|INR|V-HPCL1|Auffuellung Kantine Pune|KST-LOG-02|SL02|RJOSHI
100|1000|PL02|08.11.2023|08.11.2023|5000010615|1|FURNACE1|Schweroelkraftstoff|261|295.344|L|20571.65|INR|V-K002|Tanken Notstromaggregat Pune|KST-LOG-02|SL02|KVELU
100|1000|PL02|19.11.2023|19.11.2023|5000010616|1|FURNACE1|Heizoel EL|261|589.81|L|43367.99|INR|V-HPCL1|Entnahme Fahrzeugflotte Pune|KST-OPS-01|SL02|SNEHA
100|1000|PL02|10.11.2023|07.11.2023|5000010617|1|FURNACE1|Heizoel EL|261|240.731|L|16761.24|INR|V-K010|Nutzung Fahrzeugflotte Pune|KST-FAC-05|SL02|KVELU
100|1000|PL02|15.12.2023|12.12.2023|5000010618|1|DIESEL001|Diesel|261|2151.78|L|157883.71|INR|V-HPCL1|Nutzung Heizung Pune|KST-FAC-07|SL02|RJOSHI
100|1000|PL02|04.12.2023|04.12.2023|5000010619|1|DIESEL001|Dieselkraftstoff|261|1811.798|L|136490.13|INR|V-IOCL1|Entnahme Notstromaggregat Pune|KST-FAC-02|SL02|MGUPTA
100|1000|PL02|06.12.2023|05.12.2023|5000010620|1|DIESEL001|Dieselkraftstoff|261|2154.943|L|150480.54|INR|V-HPCL1|Nutzung DG-Set Pune|KST-FAC-02|SL02|DRAO
100|1000|PL02|05.12.2023|02.12.2023|5000010621|1|DIESEL001|Diesel|261|1825.66|L|141338.07|INR|V-K003|Nutzung Fahrzeugflotte Pune|KST-FAC-01|SL02|RJOSHI
100|1000|PL02|14.12.2023|12.12.2023|5000010622|1|DIESEL001|Dieselkraftstoff|261|2460.068|L|168658.64|INR|V-K008|Nutzung Produktion Pune|KST-PRD-01|SL02|BCHATT
100|1000|PL02|28.12.2023|26.12.2023|5000010623|1|DIESEL001|Diesel|261|1511.782|L|108052.44|INR|V-K004|Verbrauch Notstromaggregat Pune|KST-OPS-01|SL02|RPANDEY
100|1000|PL02|20.12.2023|19.12.2023|5000010624|1|DIESEL001|Dieselkraftstoff|261|1617.269|L|122305.64|INR|V-K007|Auffuellung Fahrzeugflotte Pune|KST-MNT-01|SL02|SNEHA
100|1000|PL02|03.12.2023|01.12.2023|5000010625|1|DIESEL001|Dieselkraftstoff|261|1742.976|L|124297.72|INR|V-K006|Auffuellung DG-Set Pune|KST-OPS-01|SL02|RJOSHI
100|1000|PL02|08.12.2023|06.12.2023|5000010626|1|DIESEL001|Dieselkraftstoff|261|1377.69|L|94091.81|INR|V-ESSAR|Verbrauch Wartung Pune|KST-OPS-01|SL02|AKUMAR
100|1000|PL02|21.12.2023|21.12.2023|5000010627|1|DIESEL001|Diesel|261|2391.394|L|165021.8|INR|V-K009|Tanken Generator Pune|KST-LOG-02|SL02|KVELU
100|1000|PL02|05.12.2023|04.12.2023|5000010628|1|LPG00001|Fluessiggas|261|55.335|KG|4879.95|INR|V-K004|Nutzung Heizung Pune|KST-OPS-01|SL02|RPANDEY
100|1000|PL02|28.12.2023|26.12.2023|5000010629|1|LPG00001|Fluessiggas|261|66.214|KG|6241.12|INR|V-K010|Tanken Notstromaggregat Pune|KST-FAC-07|SL02|RPANDEY
100|1000|PL02|26.12.2023|26.12.2023|5000010630|1|LPG00001|Fluessiggas|261|80.689|KG|7430.57|INR|V-K008|Nutzung Notstromaggregat Pune|KST-FAC-03|SL02|SNEHA
100|1000|PL02|23.12.2023|20.12.2023|5000010631|1|LPG00001|LPG|261|61.467|KG|5904.83|INR|V-K004|Verbrauch Wartung Pune|KST-FAC-01|SL02|RPANDEY
100|1000|PL02|07.12.2023|05.12.2023|5000010632|1|FURNACE1|Schweroelkraftstoff|261|555.484|L|44564.25|INR|V-K003|Nutzung Produktion Pune|KST-OPS-02|SL02|KVELU
100|1000|PL02|08.12.2023|08.12.2023|5000010633|1|FURNACE1|Schweroelkraftstoff|261|404.905|L|30130.53|INR|V-K008|Verbrauch Notstromaggregat Pune|KST-FAC-02|SL02|DRAO
100|1000|PL02|08.12.2023|06.12.2023|5000010634|1|FURNACE1|Heizoel EL|261|343.637|L|27185.55|INR|V-HPCL1|Tanken Produktion Pune|KST-FAC-01|SL02|VMEHTA
100|1000|PL02|02.12.2023|01.12.2023|5000010635|1|FURNACE1|Schweroelkraftstoff|261|278.659|L|20239.72|INR|V-K005|Verbrauch Kantine Pune|KST-PRD-01|SL02|PSINGH
100|1000|PL02|01.12.2023|29.11.2023|5000010636|1|FURNACE1|Schweroelkraftstoff|261|528.924|L|39058.78|INR|V-IOCL1|Verbrauch Wartung Pune|KST-FAC-07|SL02|RJOSHI
100|1000|PL02|08.01.2024|07.01.2024|5000010637|1|DIESEL001|Dieselkraftstoff|261|1606.545|L|120963.89|INR|V-K008|Verbrauch Wartung Pune|KST-PRD-02|SL02|DRAO
100|1000|PL02|25.01.2024|22.01.2024|5000010638|1|DIESEL001|Dieselkraftstoff|261|1545.757|L|102927.01|INR|V-K005|Auffuellung Produktion Pune|KST-OPS-01|SL02|BCHATT
100|1000|PL02|08.01.2024|05.01.2024|5000010639|1|DIESEL001|Diesel|261|1965.797|L|147847.54|INR|V-K001||KST-PRD-02|SL02|TLAXMAN
100|1000|PL02|05.01.2024|04.01.2024|5000010640|1|DIESEL001|Diesel|261|1765.925|L|135563.75|INR|V-K007|Entnahme Heizung Pune|KST-FAC-05|SL02|PSINGH
100|1000|PL02|16.01.2024|16.01.2024|5000010641|1|DIESEL001|Diesel|261|1768.176|L|135349.36|INR|V-K009|Nutzung Notstromaggregat Pune|KST-OPS-01|SL02|SNEHA
100|1000|PL02|01.01.2024|31.12.2023|5000010642|1|DIESEL001|Dieselkraftstoff|261|918.135|L|63819.18|INR|V-K002|Tanken DG-Set Pune|KST-OPS-01|SL02|SPRIYA
100|1000|PL02|11.01.2024|08.01.2024|5000010643|1|DIESEL001|Diesel|261|1066.96|L|77269.18|INR|V-ESSAR|Verbrauch Kantine Pune|KST-FAC-01|SL02|ASAXEN
100|1000|PL02|14.01.2024|11.01.2024|5000010644|1|DIESEL001|Dieselkraftstoff|261|1826.306|L|133334.78|INR|V-K005|Entnahme Generator Pune|KST-OPS-01|SL02|PSINGH
100|1000|PL02|27.01.2024|24.01.2024|5000010645|1|DIESEL001|Dieselkraftstoff|261|1693.956|L|129365.45|INR|V-BPCL1|Entnahme Produktion Pune|KST-FAC-02|SL02|AKUMAR
100|1000|PL02|23.01.2024|21.01.2024|5000010646|1|DIESEL001|Diesel|261|1842.147|L|125740.27|INR|V-BPCL1|Verbrauch Generator Pune|KST-FAC-07|SL02|GMISHRA
100|1000|PL02|13.01.2024|13.01.2024|5000010647|1|LPG00001|Fluessiggas|261|110.843|KG|10586.48|INR|V-K002|Verbrauch Notstromaggregat Pune|KST-PRD-01|SL02|BCHATT
100|1000|PL02|14.01.2024|14.01.2024|5000010648|1|LPG00001|LPG|261|46.123|KG|4328.1|INR|V-K005||KST-LOG-01|SL02|PSINGH
100|1000|PL02|01.01.2024|01.01.2024|5000010649|1|LPG00001|LPG|261|70.492|KG|6705.42|INR|V-K002|Entnahme Notstromaggregat Pune|KST-OPS-03|SL02|BCHATT
100|1000|PL02|15.01.2024|15.01.2024|5000010650|1|LPG00001|Fluessiggas|261|83.874|KG|8092.19|INR|V-RELI1|Nutzung Generator Pune|KST-OPS-03|SL02|SNEHA
100|1000|PL02|06.01.2024|04.01.2024|5000010651|1|FURNACE1|Heizoel EL|261|413.862|L|28941.79|INR|V-K003|Tanken Heizung Pune|KST-FAC-03|SL02|SPRIYA
100|1000|PL02|15.01.2024|15.01.2024|5000010652|1|FURNACE1|Heizoel EL|261|356.247|KG|24805.12|INR|V-HPCL1|Verbrauch Heizung Pune|KST-FAC-01|SL02|PSINGH
100|1000|PL02|03.01.2024|03.01.2024|5000010653|1|FURNACE1|Schweroelkraftstoff|261||L||INR|V-K002|Verbrauch DG-Set Pune|KST-OPS-02|SL02|PSINGH
100|1000|PL02|02.01.2024|30.12.2023|5000010654|1|FURNACE1|Heizoel EL|261|526.25|L|40269.41|INR|V-K007|Tanken Produktion Pune|KST-OPS-02|SL02|GMISHRA
100|1000|PL02|11.01.2024|10.01.2024|5000010655|1|FURNACE1|Heizoel EL|261|360.856|L|26584.35|INR|V-RELI1|Tanken Generator Pune|KST-LOG-03|SL02|VMEHTA
100|1000|PL02|07.02.2024|04.02.2024|5000010656|1|DIESEL001|Diesel|261|2104.827|L|163440.37|INR|V-ESSAR|Tanken Produktion Pune|KST-LOG-02|SL02|ASAXEN
100|1000|PL02|21.02.2024|18.02.2024|5000010657|1|DIESEL001|Dieselkraftstoff|261|1364.479|L|104277.99|INR|V-K008||KST-FAC-03|SL02|AKUMAR
100|1000|PL02|19.02.2024|16.02.2024|5000010658|1|DIESEL001|Diesel|261|1668.744|L|120215.31|INR|V-K001|Auffuellung Heizung Pune|KST-PRD-02|SL02|TLAXMAN
100|1000|PL02|24.02.2024|21.02.2024|5000010659|1|DIESEL001|Dieselkraftstoff|261|1853.603|L|130780.06|INR|V-K004|Nutzung Notstromaggregat Pune|KST-OPS-01|SL02|NREDDY
100|1000|PL02|24.02.2024|22.02.2024|5000010660|1|DIESEL001|Dieselkraftstoff|261|1272.815|L|95462.26|INR|V-IOCL1|Verbrauch Produktion Pune|KST-FAC-02|SL02|ASAXEN
100|1000|PL02|11.02.2024|10.02.2024|5000010661|1|DIESEL001|Dieselkraftstoff|261|1716.83|L|126875.23|INR|V-BPCL1|Nutzung Produktion Pune|KST-LOG-02|SL02|PSINGH
100|1000|PL02|06.02.2024|03.02.2024|5000010662|1|DIESEL001|Dieselkraftstoff|261|909.849|L|70264.16|INR|V-K004|Nutzung Heizung Pune|KST-OPS-02|SL02|SNEHA
100|1000|PL02|08.02.2024|08.02.2024|5000010663|1|DIESEL001|Diesel|261|2032.481|L|151528.94|INR|V-K004|Verbrauch Kantine Pune|KST-FAC-02|SL02|VMEHTA
100|1000|PL02|28.02.2024|25.02.2024|5000010664|1|DIESEL001|Dieselkraftstoff|261|2416.722|L|170599.56|INR|V-K010|Entnahme Fahrzeugflotte Pune|KST-FAC-05|SL02|BCHATT
100|1000|PL02|25.02.2024|22.02.2024|5000010665|1|DIESEL001|Diesel|261|2251.872|L|173070.0|INR|V-BPCL1|Auffuellung Notstromaggregat Pune|KST-FAC-02|SL02|SNEHA
100|1000|PL02|10.02.2024|07.02.2024|5000010666|1|LPG00001|LPG|261|45.755|KG|4097.7|INR|V-K001|Auffuellung Notstromaggregat Pune|KST-LOG-01|SL02|ASAXEN
100|1000|PL02|13.02.2024|10.02.2024|5000010667|1|LPG00001|LPG|261|117.639|KG|10569.81|INR|V-K007|Tanken Wartung Pune|KST-OPS-01|SL02|RPANDEY
100|1000|PL02|19.02.2024|18.02.2024|5000010668|1|LPG00001|Fluessiggas|261|101.036|KG|9487.92|INR|V-BPCL1|Tanken Wartung Pune|KST-LOG-03|SL02|SPRIYA
100|1000|PL02|14.02.2024|13.02.2024|5000010669|1|LPG00001|Fluessiggas|261|78.218|KG|6883.53|INR|V-IOCL1|Entnahme DG-Set Pune|KST-OPS-03|SL02|NREDDY
100|1000|PL02|09.02.2024|08.02.2024|5000010670|1|FURNACE1|Heizoel EL|261|204.935|L|15725.23|INR|V-K010|Verbrauch Wartung Pune|KST-OPS-02|SL02|RPANDEY
100|1000|PL02|06.02.2024|03.02.2024|5000010671|1|FURNACE1|Schweroelkraftstoff|261|476.735|L|35945.06|INR|V-BPCL1|Tanken Generator Pune|KST-PRD-02|SL02|GMISHRA
100|1000|PL02|21.02.2024|19.02.2024|5000010671|1|FURNACE1|Heizoel EL|261|307.609|L|23987.19|INR|V-K003||KST-FAC-07|SL02|ASAXEN
100|1000|PL02|03.02.2024|31.01.2024|5000010673|1|FURNACE1|Schweroelkraftstoff|261|461.808|L|32810.36|INR|V-K004|Tanken Notstromaggregat Pune|KST-OPS-03|SL02|SPRIYA
100|1000|PL02|19.02.2024|18.02.2024|5000010674|1|FURNACE1|Heizoel EL|261|280.376|L|22068.44|INR|V-RELI1|Nutzung Generator Pune|KST-FAC-07|SL02|GMISHRA
100|1000|PL02|28.03.2024|27.03.2024|5000010675|1|DIESEL001|Dieselkraftstoff|261|1298.313|L|90139.67|INR|V-K008|Tanken Fahrzeugflotte Pune|KST-LOG-03|SL02|SPRIYA
100|1000|PL02|09.03.2024|09.03.2024|5000010676|1|DIESEL001|Dieselkraftstoff|261|964.631|L|63977.86|INR|V-HPCL1|Auffuellung Wartung Pune|KST-FAC-07|SL02|VMEHTA
100|1000|PL02|11.03.2024|09.03.2024|5000010677|1|DIESEL001|Diesel|261|2499.057|L|192627.86|INR|V-K001|Tanken Fahrzeugflotte Pune|KST-MNT-01|SL02|DRAO
100|1000|PL02|15.03.2024|12.03.2024|5000010678|1|DIESEL001|Dieselkraftstoff|261|843.657|L|61040.99|INR|V-K004|Entnahme Wartung Pune|KST-FAC-07|SL02|DRAO
100|1000|PL02|22.03.2024|21.03.2024|5000010679|1|DIESEL001|Dieselkraftstoff|261|2476.508|KG|187227.4|INR|V-K001|Entnahme Heizung Pune|KST-PRD-01|SL02|KVELU
100|1000|PL02|20.03.2024|17.03.2024|5000010680|1|DIESEL001|Diesel|261|2056.648|L|144485.3|INR|V-K008|Tanken Wartung Pune|KST-MNT-01|SL02|NREDDY
100|1000|PL02|10.03.2024|09.03.2024|5000010681|1|DIESEL001|Dieselkraftstoff|261|2278.76|L|171548.72|INR|V-K008|Nutzung Notstromaggregat Pune|KST-OPS-02|SL02|KVELU
100|1000|PL02|06.03.2024|03.03.2024|5000010682|1|DIESEL001|Dieselkraftstoff|261|1619.687|L|111828.8|INR|V-BPCL1|Tanken DG-Set Pune|KST-OPS-02|SL02|AKUMAR
100|1000|PL02|11.03.2024|08.03.2024|5000010683|1|DIESEL001|Diesel|261|1174.639|L|84253.33|INR|V-K003|Entnahme Generator Pune|KST-LOG-01|SL02|RPANDEY
100|1000|PL02|26.03.2024|24.03.2024|5000010684|1|DIESEL001|Dieselkraftstoff|261|2384.026|L|174414.93|INR|V-BPCL1|Nutzung Wartung Pune|KST-PRD-01|SL02|BCHATT
100|1000|PL02|26.03.2024|25.03.2024|5000010685|1|LPG00001|Fluessiggas|261|60.728|KG|5125.68|INR|V-K004|Verbrauch Produktion Pune|KST-OPS-02|SL02|BCHATT
100|1000|PL02|13.03.2024|13.03.2024|5000010686|1|LPG00001|LPG|261|44.951|KG|4270.28|INR|V-K006|Verbrauch Heizung Pune|KST-LOG-03|SL02|KVELU
100|1000|PL02|04.03.2024|01.03.2024|5000010687|1|LPG00001|Fluessiggas|261|83.063|KG|7050.69|INR|V-K008|Auffuellung DG-Set Pune|KST-FAC-07|SL02|NREDDY
100|1000|PL02|24.03.2024|24.03.2024|5000010688|1|LPG00001|LPG|261|64.711|KG|5473.12|INR|V-K008|Auffuellung Wartung Pune|KST-MNT-01|SL02|NREDDY
100|1000|PL02|02.03.2024|29.02.2024|5000010689|1|FURNACE1|Heizoel EL|261|531.154|L|41319.48|INR|V-K001|Entnahme Wartung Pune|KST-MNT-01|SL02|RPANDEY
100|1000|PL02|10.03.2024|09.03.2024|5000010690|1|FURNACE1|Heizoel EL|261|419.177|L|32333.13|INR|V-K007|Auffuellung Heizung Pune|KST-LOG-01|SL02|AKUMAR
100|1000|PL02|23.03.2024|20.03.2024|5000010691|1|FURNACE1|Heizoel EL|261|252.36|L|19170.43|INR|V-BPCL1|Nutzung DG-Set Pune|KST-FAC-07|SL02|VMEHTA
100|1000|PL02|15.03.2024|12.03.2024|5000010692|1|FURNACE1|Schweroelkraftstoff|261|558.887|L|43957.75|INR|V-K006|Verbrauch Wartung Pune|KST-MNT-01|SL02|BCHATT
100|1000|PL02|14.03.2024|13.03.2024|5000010693|1|FURNACE1|Heizoel EL|261|238.419|L|16964.85|INR|V-IOCL1|Verbrauch Wartung Pune|KST-LOG-02|SL02|DRAO
100|1000|PL02|08.04.2024|08.04.2024|5000010694|1|DIESEL001|Dieselkraftstoff|261|1209.454|L|89699.85|INR|V-K007|Tanken Notstromaggregat Pune|KST-PRD-01|SL02|KVELU
100|1000|PL02|28.04.2024|25.04.2024|5000010695|1|DIESEL001|Diesel|261|1874.967|L|124448.42|INR|V-IOCL1|Nutzung Notstromaggregat Pune|KST-LOG-01|SL02|NREDDY
100|1000|PL02|09.04.2024|09.04.2024|5000010696|1|DIESEL001|Dieselkraftstoff|261|1452.732|L|107989.6|INR|V-K006|Nutzung DG-Set Pune|KST-PRD-01|SL02|AKUMAR
100|1000|PL02|13.04.2024|13.04.2024|5000010697|1|DIESEL001|Diesel|261|1745.302|L|131938.72|INR|V-K010|Tanken Heizung Pune|KST-PRD-01|SL02|MGUPTA
100|1000|PL02|22.04.2024|22.04.2024|5000010698|1|DIESEL001|Dieselkraftstoff|261|2265.406|L|150199.44|INR|V-K001|Verbrauch Generator Pune|KST-LOG-02|SL02|SNEHA
100|1000|PL02|18.04.2024|16.04.2024|5000010699|1|DIESEL001|Dieselkraftstoff|261|943.838|L|65766.27|INR|V-IOCL1|Nutzung Kantine Pune|KST-FAC-01|SL02|RJOSHI
100|1000|PL02|22.04.2024|19.04.2024|5000010700|1|DIESEL001|Dieselkraftstoff|261|1781.021|L|128698.56|INR|V-K009|Tanken Heizung Pune|KST-FAC-01|SL02|MGUPTA
100|1000|PL02|02.04.2024|01.04.2024|5000010701|1|DIESEL001|Dieselkraftstoff|261|1309.506|L|101184.89|INR|V-K006|Entnahme Generator Pune|KST-OPS-03|SL02|VMEHTA
100|1000|PL02|18.04.2024|16.04.2024|5000010702|1|DIESEL001|Diesel|261|1449.03|L|102661.87|INR|V-K007|Tanken Kantine Pune|KST-OPS-03|SL02|BCHATT
100|1000|PL02|21.04.2024|20.04.2024|5000010703|1|DIESEL001|Diesel|261|1758.192|L|126821.28|INR|V-K006|Nutzung Heizung Pune|KST-FAC-05|SL02|KVELU
100|1000|PL02|03.04.2024|01.04.2024|5000010704|1|LPG00001|Fluessiggas|261|82.518|KG|7315.85|INR|V-ESSAR|Verbrauch Kantine Pune|KST-PRD-02|SL02|DRAO
100|1000|PL02|01.04.2024|01.04.2024|5000010705|1|LPG00001|LPG|261|118.359|KG|11422.31|INR|V-K009|Entnahme Generator Pune|KST-FAC-02|SL02|BCHATT
100|1000|PL02|17.04.2024|15.04.2024|5000010706|1|LPG00001|LPG|261|84.123|KG|8051.46|INR|V-K007|Nutzung Wartung Pune|KST-FAC-03|SL02|SNEHA
100|1000|PL02|16.04.2024|15.04.2024|5000010707|1|LPG00001|LPG|261|40.76|KG|3466.19|INR|V-BPCL1|Auffuellung Heizung Pune|KST-OPS-01|SL02|VMEHTA
100|1000|PL02|22.04.2024|19.04.2024|5000010708|1|FURNACE1|Schweroelkraftstoff|261|273.242|L|21471.8|INR|V-K007|Verbrauch Kantine Pune|KST-PRD-01|SL02|MGUPTA
100|1000|PL02|21.04.2024|21.04.2024|5000010709|1|FURNACE1|Schweroelkraftstoff|261|362.606|L|25412.04|INR|V-K002|Auffuellung Notstromaggregat Pune|KST-LOG-02|SL02|SNEHA
100|1000|PL02|26.04.2024|26.04.2024|5000010710|1|FURNACE1|Schweroelkraftstoff|261|470.813|L|33256.88|INR|V-IOCL1|Entnahme Fahrzeugflotte Pune|KST-LOG-01|SL02|RPANDEY
100|1000|PL02|20.04.2024|19.04.2024|5000010711|1|FURNACE1|Heizoel EL|261|485.664|L|37879.86|INR|V-ESSAR|Tanken Notstromaggregat Pune|KST-LOG-01|SL02|ASAXEN
100|1000|PL02|06.04.2024|05.04.2024|5000010712|1|FURNACE1|Heizoel EL|261|230.049|L|17291.45|INR|V-K007|Auffuellung Heizung Pune|KST-FAC-03|SL02|SNEHA
100|1000|PL02|27.05.2024|27.05.2024|5000010713|1|DIESEL001|Diesel|261|1308.603|L|89893.85|INR|V-K004|Nutzung Fahrzeugflotte Pune|KST-FAC-02|SL02|RPANDEY
100|1000|PL02|15.05.2024|12.05.2024|5000010713|1|DIESEL001|Dieselkraftstoff|261|1404.765|L|98368.55|INR|V-ESSAR|Tanken Generator Pune|KST-OPS-03|SL02|BCHATT
100|1000|PL02|14.05.2024|11.05.2024|5000010715|1|DIESEL001|Dieselkraftstoff|261|944.064|L|64206.5|INR|V-K003|Entnahme Wartung Pune|KST-LOG-03|SL02|KVELU
100|1000|PL02|12.05.2024|10.05.2024|5000010716|1|DIESEL001|Diesel|261|1528.18|L|115513.58|INR|V-RELI1|Entnahme Fahrzeugflotte Pune|KST-OPS-03|SL02|SPRIYA
100|1000|PL02|12.05.2024|11.05.2024|5000010717|1|DIESEL001|Dieselkraftstoff|261|1122.264|L|79439.65|INR|V-K003|Auffuellung Generator Pune|KST-FAC-01|SL02|NREDDY
100|1000|PL02|14.05.2024|11.05.2024|5000010718|1|DIESEL001|Diesel|261|2159.694|L|151141.23|INR|V-K009|Entnahme DG-Set Pune|KST-PRD-01|SL02|BCHATT
100|1000|PL02|04.05.2024|04.05.2024|5000010719|1|DIESEL001|Dieselkraftstoff|261|1014.41|L|67354.02|INR|V-RELI1|Tanken Wartung Pune|KST-FAC-05|SL02|DRAO
100|1000|PL02|16.05.2024|14.05.2024|5000010720|1|DIESEL001|Diesel|261|1626.08|L|112352.45|INR|V-K004|Auffuellung Heizung Pune|KST-PRD-02|SL02|VMEHTA
100|1000|PL02|22.05.2024|19.05.2024|5000010721|1|DIESEL001|Dieselkraftstoff|261|1605.618|L|108262.5|INR|V-K004|Verbrauch Heizung Pune|KST-LOG-02|SL02|ASAXEN
100|1000|PL02|04.05.2024|03.05.2024|5000010722|1|DIESEL001|Diesel|261|865.223|L|66573.04|INR|V-K002|Nutzung Kantine Pune|KST-OPS-01|SL02|ASAXEN
100|1000|PL02|23.05.2024|22.05.2024|5000010723|1|LPG00001|Fluessiggas|261|66.894|KG|6029.96|INR|V-K005|Entnahme Heizung Pune|KST-FAC-02|SL02|DRAO
100|1000|PL02|11.05.2024|11.05.2024|5000010724|1|LPG00001|Fluessiggas|261|43.271|KG|4046.9|INR|V-ESSAR|Auffuellung Notstromaggregat Pune|KST-OPS-02|SL02|TLAXMAN
100|1000|PL02|12.05.2024|10.05.2024|5000010725|1|LPG00001|LPG|261|48.922|KG|4531.87|INR|V-K006|Nutzung Produktion Pune|KST-PRD-02|SL02|BCHATT
100|1000|PL02|08.05.2024|06.05.2024|5000010726|1|LPG00001|Fluessiggas|261|86.746|KG|7315.43|INR|V-K001|Verbrauch Notstromaggregat Pune|KST-LOG-03|SL02|TLAXMAN
100|1000|PL02|04.05.2024|04.05.2024|5000010727|1|FURNACE1|Schweroelkraftstoff|261|320.591|L|25048.37|INR|V-K003|Auffuellung Produktion Pune|KST-FAC-05|SL02|PSINGH
100|1000|PL02|12.05.2024|09.05.2024|5000010728|1|FURNACE1|Heizoel EL|261|564.34|L|41776.99|INR|V-K001|Verbrauch Kantine Pune|KST-LOG-02|SL02|SNEHA
100|1000|PL02|02.05.2024|02.05.2024|5000010729|1|FURNACE1|Heizoel EL|261|496.286|L|38321.38|INR|V-K003|Nutzung Wartung Pune|KST-PRD-02|SL02|SPRIYA
100|1000|PL02|13.05.2024|11.05.2024|5000010730|1|FURNACE1|Heizoel EL|261|273.627|L|19595.44|INR|V-HPCL1|Nutzung Kantine Pune|KST-FAC-07|SL02|MGUPTA
100|1000|PL02|10.05.2024|09.05.2024|5000010731|1|FURNACE1|Schweroelkraftstoff|261|483.302|L|34340.21|INR|V-K001|Auffuellung DG-Set Pune|KST-OPS-03|SL02|NREDDY
100|1000|PL02|09.06.2024|09.06.2024|5000010732|1|DIESEL001|Dieselkraftstoff|261|2482.212|L|167744.04|INR|V-K006|Nutzung Kantine Pune|KST-OPS-02|SL02|DRAO
100|1000|PL02|24.06.2024|23.06.2024|5000010733|1|DIESEL001|Diesel|261|2327.171|L|180565.69|INR|V-K006|Verbrauch Kantine Pune|KST-PRD-01|SL02|PSINGH
100|1000|PL02|01.06.2024|01.06.2024|5000010734|1|DIESEL001|Diesel|261|2407.616|L|176849.42|INR|V-K008|Nutzung Wartung Pune|KST-FAC-03|SL02|PSINGH
100|1000|PL02|05.06.2024|02.06.2024|5000010735|1|DIESEL001|Dieselkraftstoff|261|2040.68|L|138661.78|INR|V-K008|Verbrauch Notstromaggregat Pune|KST-MNT-01|SL02|SNEHA
100|1000|PL02|24.06.2024|23.06.2024|5000010736|1|DIESEL001|Diesel|261|835.78|L|57073.33|INR|V-K002|Entnahme Wartung Pune|KST-OPS-02|SL02|SNEHA
100|1000|PL02|04.06.2024|03.06.2024|5000010737|1|DIESEL001|Dieselkraftstoff|261|1825.599|L|121363.35|INR|V-IOCL1|Tanken Kantine Pune|KST-OPS-01|SL02|RPANDEY
100|1000|PL02|05.06.2024|05.06.2024|5000010738|1|DIESEL001|Dieselkraftstoff|261|2427.95|L|181416.99|INR|V-K004|Entnahme DG-Set Pune|KST-FAC-07|SL02|SNEHA
100|1000|PL02|10.06.2024|08.06.2024|5000010739|1|DIESEL001|Diesel|261|1062.673|L|78863.42|INR|V-RELI1|Tanken Wartung Pune|KST-OPS-02|SL02|RJOSHI
100|1000|PL02|05.06.2024|05.06.2024|5000010740|1|DIESEL001|Dieselkraftstoff|261|840.801|L|57122.15|INR|V-ESSAR|Tanken Notstromaggregat Pune|KST-FAC-05|SL02|NREDDY
100|1000|PL02|06.06.2024|06.06.2024|5000010741|1|DIESEL001|Dieselkraftstoff|261|972.952|L|68453.19|INR|V-ESSAR|Nutzung DG-Set Pune|KST-OPS-02|SL02|RPANDEY
100|1000|PL02|06.06.2024|03.06.2024|5000010742|1|LPG00001|LPG|261|87.969|KG|7474.12|INR|V-RELI1|Auffuellung Notstromaggregat Pune|KST-FAC-03|SL02|VMEHTA
100|1000|PL02|22.06.2024|20.06.2024|5000010743|1|LPG00001|LPG|261|104.858|KG|8797.56|INR|V-K003|Verbrauch Wartung Pune|KST-LOG-03|SL02|KVELU
100|1000|PL02|15.06.2024|12.06.2024|5000010744|1|LPG00001|Fluessiggas|261|49.053|KG|4574.91|INR|V-K003|Auffuellung Notstromaggregat Pune|KST-PRD-02|SL02|SNEHA
100|1000|PL02|14.06.2024|11.06.2024|5000010745|1|LPG00001|LPG|261|88.139|KG|7473.34|INR|V-K007|Nutzung Notstromaggregat Pune|KST-LOG-01|SL02|GMISHRA
100|1000|PL02|18.06.2024|17.06.2024|5000010746|1|FURNACE1|Schweroelkraftstoff|261|233.447|L|17584.01|INR|V-K004|Tanken Heizung Pune|KST-OPS-02|SL02|BCHATT
100|1000|PL02|28.06.2024|28.06.2024|5000010747|1|FURNACE1|Schweroelkraftstoff|261|423.35|L|33889.53|INR|V-RELI1|Verbrauch Kantine Pune|KST-MNT-01|SL02|ASAXEN
100|1000|PL02|15.06.2024|14.06.2024|5000010748|1|FURNACE1|Schweroelkraftstoff|261|296.999|L|20692.04|INR|V-BPCL1|Entnahme Produktion Pune|KST-FAC-05|SL02|SNEHA
100|1000|PL02|02.06.2024|02.06.2024|5000010749|1|FURNACE1|Heizoel EL|261|390.731|L|27702.08|INR|V-K004|Entnahme DG-Set Pune|KST-OPS-01|SL02|AKUMAR
100|1000|PL02|25.06.2024|24.06.2024|5000010750|1|FURNACE1|Schweroelkraftstoff|261|497.423|L|38491.97|INR|V-K006|Tanken Kantine Pune|KST-PRD-02|SL02|SPRIYA
100|1000|PL02|04.07.2024|03.07.2024|5000010751|1|DIESEL001|Dieselkraftstoff|261|2297.967|L|172101.76|INR|V-RELI1|Entnahme Kantine Pune|KST-LOG-03|SL02|GMISHRA
100|1000|PL02|19.07.2024|17.07.2024|5000010752|1|DIESEL001|Dieselkraftstoff|261|1520.239|L|117743.07|INR|V-K003|Tanken Heizung Pune|KST-FAC-01|SL02|BCHATT
100|1000|PL02|13.07.2024|12.07.2024|5000010753|1|DIESEL001|Dieselkraftstoff|261|2188.15|L|152837.78|INR|V-K003|Entnahme Heizung Pune|KST-PRD-02|SL02|RJOSHI
100|1000|PL02|09.07.2024|09.07.2024|5000010754|1|DIESEL001|Dieselkraftstoff|261|932.275|L|70846.32|INR|V-K009|Tanken Kantine Pune|KST-OPS-02|SL02|AKUMAR
100|1000|PL02|07.07.2024|06.07.2024|5000010755|1|DIESEL001|Dieselkraftstoff|261|1208.57|L|87993.34|INR|V-K008|Auffuellung Fahrzeugflotte Pune|KST-OPS-01|SL02|RJOSHI
100|1000|PL02|12.07.2024|10.07.2024|5000010756|1|DIESEL001|Diesel|261|1650.367|L|116747.27|INR|V-IOCL1|Nutzung Generator Pune|KST-FAC-03|SL02|AKUMAR
100|1000|PL02|17.07.2024|16.07.2024|5000010757|1|DIESEL001|Dieselkraftstoff|261|1798.198|L|131259.19|INR|V-K003|Tanken Heizung Pune|KST-FAC-07|SL02|NREDDY
100|1000|PL02|07.07.2024|06.07.2024|5000010758|1|DIESEL001|Dieselkraftstoff|261|2488.808|L|193308.34|INR|V-HPCL1|Auffuellung Kantine Pune|KST-FAC-07|SL02|DRAO
100|1000|PL02|12.07.2024|09.07.2024|5000010759|1|DIESEL001|Dieselkraftstoff|261|2314.156|L|163623.67|INR|V-K002|Entnahme Generator Pune|KST-LOG-02|SL02|SNEHA
100|1000|PL02|26.07.2024|26.07.2024|5000010760|1|DIESEL001|Dieselkraftstoff|261|2102.739|L|160300.18|INR|V-K008|Auffuellung DG-Set Pune|KST-FAC-07|SL02|AKUMAR
100|1000|PL02|03.07.2024|01.07.2024|5000010761|1|LPG00001|LPG|261|68.269|KG|6351.3|INR|V-K005|Verbrauch Generator Pune|KST-FAC-07|SL02|KVELU
100|1000|PL02|19.07.2024|16.07.2024|5000010762|1|LPG00001|Fluessiggas|261|69.078|KG|6126.53|INR|V-K008|Auffuellung Produktion Pune|KST-LOG-01|SL02|DRAO
100|1000|PL02|03.07.2024|30.06.2024|5000010763|1|LPG00001|LPG|261|61.026|KG|5652.77|INR|V-BPCL1|Nutzung Fahrzeugflotte Pune|KST-FAC-01|SL02|KVELU
100|1000|PL02|05.07.2024|05.07.2024|5000010764|1|LPG00001|LPG|261|70.066|KG|6662.94|INR|V-IOCL1|Nutzung Notstromaggregat Pune|KST-FAC-03|SL02|AKUMAR
100|1000|PL02|04.07.2024|04.07.2024|5000010765|1|FURNACE1|Heizoel EL|261|492.711|L|39451.32|INR|V-K006|Nutzung Notstromaggregat Pune|KST-FAC-03|SL02|AKUMAR
100|1000|PL02|07.07.2024|04.07.2024|5000010766|1|FURNACE1|Heizoel EL|261|311.35|L|22065.03|INR|V-K006|Entnahme Fahrzeugflotte Pune|KST-OPS-01|SL02|TLAXMAN
100|1000|PL02|26.07.2024|24.07.2024|5000010767|1|FURNACE1|Schweroelkraftstoff|261|591.424|L|42309.24|INR|V-K007|Tanken DG-Set Pune|KST-FAC-02|SL02|VMEHTA
100|1000|PL02|03.07.2024|01.07.2024|5000010768|1|FURNACE1|Schweroelkraftstoff|261|232.684|L|17315.66|INR|V-ESSAR|Tanken Wartung Pune|KST-OPS-03|SL02|VMEHTA
100|1000|PL02|11.07.2024|09.07.2024|5000010769|1|FURNACE1|Heizoel EL|261|279.442|L|20896.53|INR|V-BPCL1|Nutzung Wartung Pune|KST-FAC-03|SL02|GMISHRA
100|1000|PL02|27.08.2024|27.08.2024|5000010770|1|DIESEL001|Dieselkraftstoff|261|932.275|L|68375.12|INR|V-BPCL1|Auffuellung Fahrzeugflotte Pune|KST-MNT-01|SL02|BCHATT
100|1000|PL02|05.08.2024|02.08.2024|5000010771|1|DIESEL001|Dieselkraftstoff|261|1649.058|L|124279.66|INR|V-BPCL1|Verbrauch Notstromaggregat Pune|KST-FAC-07|SL02|RJOSHI
100|1000|PL02|21.08.2024|21.08.2024|5000010772|1|DIESEL001|Dieselkraftstoff|261|1171.659|L|83282.02|INR|V-K007|Verbrauch Fahrzeugflotte Pune|KST-FAC-03|SL02|PSINGH
100|1000|PL02|12.08.2024|10.08.2024|5000010773|1|DIESEL001|Dieselkraftstoff|261|1313.306|L|99385.05|INR|V-K008|Nutzung Wartung Pune|KST-FAC-05|SL02|GMISHRA
100|1000|PL02|17.08.2024|15.08.2024|5000010774|1|DIESEL001|Dieselkraftstoff|261|2374.793|L|167514.0|INR|V-K007|Entnahme Kantine Pune|KST-FAC-02|SL02|GMISHRA
100|1000|PL02|23.08.2024|23.08.2024|5000010775|1|DIESEL001|Dieselkraftstoff|261|2170.098|L|159987.6|INR|V-K008|Nutzung Generator Pune|KST-PRD-02|SL02|BCHATT
100|1000|PL02|21.08.2024|18.08.2024|5000010776|1|DIESEL001|Dieselkraftstoff|261|1935.107|L|132904.61|INR|V-K002|Tanken Produktion Pune|KST-MNT-01|SL02|PSINGH
100|1000|PL02|26.08.2024|23.08.2024|5000010777|1|DIESEL001|Diesel|261|2343.589|L|176423.03|INR|V-HPCL1|Auffuellung Kantine Pune|KST-LOG-01|SL02|PSINGH
100|1000|PL02|27.08.2024|24.08.2024|5000010778|1|DIESEL001|Dieselkraftstoff|261|807.068|L|53763.97|INR|V-RELI1|Nutzung Produktion Pune|KST-LOG-01|SL02|ASAXEN
100|1000|PL02|11.08.2024|10.08.2024|5000010779|1|DIESEL001|Diesel|261|1211.113|L|82912.13|INR|V-HPCL1|Entnahme DG-Set Pune|KST-LOG-02|SL02|RPANDEY
100|1000|PL02|13.08.2024|11.08.2024|5000010780|1|LPG00001|Fluessiggas|261|74.992|KG|7074.51|INR|V-HPCL1|Auffuellung DG-Set Pune|KST-MNT-01|SL02|GMISHRA
100|1000|PL02|11.08.2024|10.08.2024|5000010781|1|LPG00001|Fluessiggas|261|47.461|KG|4359.58|INR|V-BPCL1|Tanken DG-Set Pune|KST-OPS-02|SL02|MGUPTA
100|1000|PL02|15.08.2024|13.08.2024|5000010782|1|LPG00001|Fluessiggas|261|59.178|KG|5152.96|INR|V-HPCL1|Auffuellung Fahrzeugflotte Pune|KST-PRD-02|SL02|KVELU
100|1000|PL02|09.08.2024|09.08.2024|5000010783|1|LPG00001|Fluessiggas|261|90.195|KG|8220.62|INR|V-K010|Auffuellung DG-Set Pune|KST-OPS-02|SL02|AKUMAR
100|1000|PL02|03.08.2024|03.08.2024|5000010784|1|FURNACE1|Schweroelkraftstoff|261|537.849|L|38453.87|INR|V-K007|Tanken Heizung Pune|KST-FAC-07|SL02|AKUMAR
100|1000|PL02|22.08.2024|19.08.2024|5000010785|1|FURNACE1|Schweroelkraftstoff|261|555.885|L|41363.7|INR|V-ESSAR|Nutzung Fahrzeugflotte Pune|KST-LOG-03|SL02|SNEHA
100|1000|PL02|04.08.2024|02.08.2024|5000010786|1|FURNACE1|Schweroelkraftstoff|261|393.564|L|29736.83|INR|V-ESSAR|Nutzung Fahrzeugflotte Pune|KST-FAC-01|SL02|AKUMAR
100|1000|PL02|17.08.2024|16.08.2024|5000010787|1|FURNACE1|Heizoel EL|261|546.75|L|39149.21|INR|V-BPCL1|Entnahme Heizung Pune|KST-OPS-03|SL02|BCHATT
100|1000|PL02|03.08.2024|01.08.2024|5000010788|1|FURNACE1|Schweroelkraftstoff|261|386.817|L|28714.49|INR|V-K005|Auffuellung Wartung Pune|KST-FAC-01|SL02|SNEHA
100|1000|PL02|04.09.2024|02.09.2024|5000010789|1|DIESEL001|Dieselkraftstoff|261|2149.969|L|154496.39|INR|V-BPCL1|Tanken Wartung Pune|KST-MNT-01|SL02|VMEHTA
100|1000|PL02|14.09.2024|13.09.2024|5000010790|1|DIESEL001|Diesel|261|1435.733|L|96165.89|INR|V-K009|Nutzung Produktion Pune|KST-LOG-02|SL02|VMEHTA
100|1000|PL02|13.09.2024|13.09.2024|5000010791|1|DIESEL001|Dieselkraftstoff|261|1105.837|L|83326.06|INR|V-IOCL1|Auffuellung Generator Pune|KST-FAC-03|SL02|DRAO
100|1000|PL02|01.09.2024|30.08.2024|5000010792|1|DIESEL001|Dieselkraftstoff|261|2018.564|L|146905.53|INR|V-K002|Nutzung Heizung Pune|KST-FAC-02|SL02|GMISHRA
100|1000|PL02|04.09.2024|02.09.2024|5000010793|1|DIESEL001|Dieselkraftstoff|261|1775.712|L|131576.99|INR|V-K004|Entnahme Fahrzeugflotte Pune|KST-OPS-01|SL02|PSINGH
100|1000|PL02|09.09.2024|06.09.2024|5000010794|1|DIESEL001|Dieselkraftstoff|261|1010.958|L|70772.72|INR|V-K005|Nutzung Fahrzeugflotte Pune|KST-LOG-03|SL02|RJOSHI
100|1000|PL02|15.09.2024|13.09.2024|5000010795|1|DIESEL001|Dieselkraftstoff|261|2230.793|L|170789.41|INR|V-IOCL1|Entnahme Kantine Pune|KST-OPS-02|SL02|RJOSHI
100|1000|PL02|09.09.2024|07.09.2024|5000010796|1|DIESEL001|Diesel|261|1480.585|L|103415.56|INR|V-BPCL1|Tanken Produktion Pune|KST-FAC-07|SL02|SPRIYA
100|1000|PL02|20.09.2024|20.09.2024|5000010797|1|DIESEL001|Dieselkraftstoff|261|1180.824|L|80105.0|INR|V-BPCL1|Verbrauch Produktion Pune|KST-FAC-01|SL02|GMISHRA
100|1000|PL02|27.09.2024|27.09.2024|5000010798|1|DIESEL001|Dieselkraftstoff|261|1241.469|L|83819.59|INR|V-K006|Entnahme Kantine Pune|KST-LOG-02|SL02|BCHATT
100|1000|PL02|23.09.2024|22.09.2024|5000010799|1|LPG00001|Fluessiggas|261|86.676|KG|7575.34|INR|V-RELI1|Tanken Heizung Pune|KST-FAC-05|SL02|RPANDEY
100|1000|PL02|19.09.2024|16.09.2024|5000010800|1|LPG00001|LPG|261|118.108|KG|11022.36|INR|V-K005|Verbrauch Heizung Pune|KST-OPS-02|SL02|BCHATT
100|1000|PL02|23.09.2024|23.09.2024|5000010801|1|LPG00001|Fluessiggas|261|117.741|KG|9771.21|INR|V-K004|Nutzung Produktion Pune|KST-OPS-02|SL02|SPRIYA
100|1000|PL02|25.09.2024|23.09.2024|5000010802|1|LPG00001|LPG|261|92.423|KG|7793.25|INR|V-K007|Verbrauch Wartung Pune|KST-MNT-01|SL02|SPRIYA
100|1000|PL02|07.09.2024|07.09.2024|5000010803|1|FURNACE1|Schweroelkraftstoff|261|369.238|L|29693.36|INR|V-K008|Verbrauch Fahrzeugflotte Pune|KST-OPS-02|SL02|RPANDEY
100|1000|PL02|15.09.2024|14.09.2024|5000010804|1|FURNACE1|Schweroelkraftstoff|261|211.434|L|15737.39|INR|V-K002|Entnahme Wartung Pune|KST-FAC-05|SL02|DRAO
100|1000|PL02|17.09.2024|15.09.2024|5000010805|1|FURNACE1|Heizoel EL|261|376.536|L|26202.99|INR|V-K004|Nutzung Kantine Pune|KST-FAC-01|SL02|VMEHTA
100|1000|PL02|17.09.2024|14.09.2024|5000010806|1|FURNACE1|Schweroelkraftstoff|261|243.674|L|17541.44|INR|V-ESSAR|Tanken Generator Pune|KST-LOG-02|SL02|RJOSHI
100|1000|PL02|09.09.2024|08.09.2024|5000010807|1|FURNACE1|Schweroelkraftstoff|261|356.763|L|27758.69|INR|V-K004|Auffuellung Kantine Pune|KST-PRD-02|SL02|SNEHA
100|1000|PL02|24.10.2024|24.10.2024|5000010808|1|DIESEL001|Dieselkraftstoff|261|1114.634|L|81821.72|INR|V-BPCL1|Tanken DG-Set Pune|KST-OPS-03|SL02|PSINGH
100|1000|PL02|06.10.2024|04.10.2024|5000010809|1|DIESEL001|Diesel|261||L||INR|V-K003|Tanken Produktion Pune|KST-OPS-02|SL02|VMEHTA
100|1000|PL02|16.10.2024|16.10.2024|5000010810|1|DIESEL001|Diesel|261|2284.472|KG|152512.34|INR|V-K005|Verbrauch DG-Set Pune|KST-FAC-01|SL02|ASAXEN
100|1000|PL02|25.10.2024|25.10.2024|5000010811|1|DIESEL001|Dieselkraftstoff|261|1317.824|L|94163.98|INR|V-K005|Entnahme Fahrzeugflotte Pune|KST-FAC-07|SL02|NREDDY
100|1000|PL02|27.10.2024|25.10.2024|5000010812|1|DIESEL001|Diesel|261|2007.267|L|150871.29|INR|V-K010|Nutzung Fahrzeugflotte Pune|KST-OPS-02|SL02|SPRIYA
100|1000|PL02|05.10.2024|02.10.2024|5000010813|1|DIESEL001|Dieselkraftstoff|261|1920.924|L|138258.56|INR|V-K007|Verbrauch Wartung Pune|KST-FAC-01|SL02|DRAO
100|1000|PL02|21.10.2024|21.10.2024|5000010814|1|DIESEL001|Diesel|261|2291.145|L|175499.49|INR|V-K009|Auffuellung Produktion Pune|KST-FAC-02|SL02|SNEHA
100|1000|PL02|13.10.2024|10.10.2024|5000010815|1|DIESEL001|Diesel|261|1325.85|L|95767.86|INR|V-K007|Auffuellung Kantine Pune|KST-FAC-07|SL02|KVELU
100|1000|PL02|04.10.2024|04.10.2024|5000010816|1|DIESEL001|Diesel|261|2376.296|L|176046.07|INR|V-K009|Auffuellung Generator Pune|KST-OPS-03|SL02|NREDDY
100|1000|PL02|26.10.2024|24.10.2024|5000010817|1|DIESEL001|Dieselkraftstoff|261|1571.559|L|119044.68|INR|V-K001|Tanken Fahrzeugflotte Pune|KST-FAC-03|SL02|GMISHRA
100|1000|PL02|09.10.2024|08.10.2024|5000010818|1|LPG00001|LPG|261|110.298|KG|9929.99|INR|V-K002|Verbrauch Wartung Pune|KST-FAC-02|SL02|BCHATT
100|1000|PL02|19.10.2024|19.10.2024|5000010819|1|LPG00001|LPG|261|57.509|KG|5055.43|INR|V-K007|Auffuellung Kantine Pune|KST-OPS-02|SL02|GMISHRA
100|1000|PL02|06.10.2024|03.10.2024|5000010820|1|LPG00001|LPG|261|104.35|KG|9793.7|INR|V-K004|Nutzung Notstromaggregat Pune|KST-FAC-02|SL02|VMEHTA
100|1000|PL02|18.10.2024|17.10.2024|5000010821|1|LPG00001|LPG|261|102.592|KG|8636.5|INR|V-K009|Entnahme Produktion Pune|KST-LOG-03|SL02|RPANDEY
100|1000|PL02|14.10.2024|11.10.2024|5000010822|1|FURNACE1|Schweroelkraftstoff|261|584.579|L|46737.5|INR|V-K002|Auffuellung Heizung Pune|KST-OPS-03|SL02|KVELU
100|1000|PL02|19.10.2024|17.10.2024|5000010823|1|FURNACE1|Heizoel EL|261|448.356|L|35659.39|INR|V-K003||KST-LOG-03|SL02|GMISHRA
100|1000|PL02|26.10.2024|23.10.2024|5000010824|1|FURNACE1|Heizoel EL|261|233.864|L|18904.18|INR|V-RELI1|Auffuellung Fahrzeugflotte Pune|KST-LOG-02|SL02|VMEHTA
100|1000|PL02|04.10.2024|04.10.2024|5000010825|1|FURNACE1|Heizoel EL|261|406.506|L|32767.37|INR|V-IOCL1|Auffuellung Fahrzeugflotte Pune|KST-OPS-03|SL02|ASAXEN
100|1000|PL02|26.10.2024|23.10.2024|5000010826|1|FURNACE1|Heizoel EL|261||L||INR|V-K002|Tanken Notstromaggregat Pune|KST-FAC-01|SL02|PSINGH
100|1000|PL02|13.11.2024|13.11.2024|5000010827|1|DIESEL001|Dieselkraftstoff|261|1309.87|L|89542.96|INR|V-K005|Nutzung Generator Pune|KST-LOG-02|SL02|ASAXEN
100|1000|PL02|14.11.2024|13.11.2024|5000010828|1|DIESEL001|Dieselkraftstoff|261|1114.173|L|82241.57|INR|V-K009|Auffuellung Generator Pune|KST-FAC-07|SL02|PSINGH
100|1000|PL02|19.11.2024|16.11.2024|5000010829|1|DIESEL001|Diesel|261|1935.089|L|143732.53|INR|V-K007|Tanken Wartung Pune|KST-OPS-01|SL02|SNEHA
100|1000|PL02|01.11.2024|30.10.2024|5000010830|1|DIESEL001|Dieselkraftstoff|261|1896.685|L|139180.6|INR|V-K003|Tanken DG-Set Pune|KST-PRD-01|SL02|SPRIYA
100|1000|PL02|12.11.2024|11.11.2024|5000010831|1|DIESEL001|Diesel|261|2334.336|L|168423.0|INR|V-IOCL1|Verbrauch Kantine Pune|KST-LOG-02|SL02|BCHATT
100|1000|PL02|26.11.2024|24.11.2024|5000010832|1|DIESEL001|Diesel|261|915.957|L|65777.38|INR|V-K003|Nutzung Kantine Pune|KST-PRD-01|SL02|TLAXMAN
100|1000|PL02|05.11.2024|03.11.2024|5000010833|1|DIESEL001|Diesel|261|1793.638|L|120206.76|INR|V-K004|Entnahme Produktion Pune|KST-LOG-03|SL02|AKUMAR
100|1000|PL02|25.11.2024|24.11.2024|5000010834|1|DIESEL001|Dieselkraftstoff|261|979.234|L|73078.71|INR|V-ESSAR|Tanken Fahrzeugflotte Pune|KST-OPS-01|SL02|AKUMAR
100|1000|PL02|28.11.2024|28.11.2024|5000010835|1|DIESEL001|Diesel|261|2097.698|L|159266.94|INR|V-BPCL1|Nutzung Heizung Pune|KST-FAC-05|SL02|SPRIYA
100|1000|PL02|07.11.2024|05.11.2024|5000010836|1|DIESEL001|Diesel|261|1543.775|L|105837.73|INR|V-HPCL1|Tanken Generator Pune|KST-FAC-01|SL02|KVELU
100|1000|PL02|07.11.2024|07.11.2024|5000010837|1|LPG00001|Fluessiggas|261|111.463|KG|9884.05|INR|V-K003|Nutzung Notstromaggregat Pune|KST-PRD-01|SL02|NREDDY
100|1000|PL02|07.11.2024|06.11.2024|5000010838|1|LPG00001|LPG|261|80.068|KG|7667.03|INR|V-K008|Tanken Generator Pune|KST-LOG-03|SL02|GMISHRA
100|1000|PL02|05.11.2024|03.11.2024|5000010839|1|LPG00001|Fluessiggas|261|49.434|KG|4521.31|INR|V-K005|Auffuellung Generator Pune|KST-MNT-01|SL02|RPANDEY
100|1000|PL02|28.11.2024|27.11.2024|5000010840|1|LPG00001|LPG|261|45.982|KG|4372.24|INR|V-K007|Tanken Notstromaggregat Pune|KST-OPS-01|SL02|TLAXMAN
100|1000|PL02|09.11.2024|09.11.2024|5000010841|1|FURNACE1|Heizoel EL|261|335.218|L|24475.77|INR|V-K009|Tanken Heizung Pune|KST-PRD-01|SL02|ASAXEN
100|1000|PL02|16.11.2024|16.11.2024|5000010842|1|FURNACE1|Heizoel EL|261|338.338|L|25035.28|INR|V-ESSAR|Auffuellung Fahrzeugflotte Pune|KST-FAC-07|SL02|MGUPTA
100|1000|PL02|04.11.2024|04.11.2024|5000010843|1|FURNACE1|Schweroelkraftstoff|261|403.042|L|29896.92|INR|V-K004||KST-OPS-01|SL02|RJOSHI
100|1000|PL02|26.11.2024|25.11.2024|5000010844|1|FURNACE1|Schweroelkraftstoff|261|472.776|L|35756.03|INR|V-BPCL1|Nutzung DG-Set Pune|KST-FAC-05|SL02|SNEHA
100|1000|PL02|04.11.2024|01.11.2024|5000010845|1|FURNACE1|Heizoel EL|261|558.859|L|41027.24|INR|V-K001|Tanken Heizung Pune|KST-FAC-01|SL02|PSINGH
100|1000|PL02|14.12.2024|14.12.2024|5000010846|1|DIESEL001|Dieselkraftstoff|261|2284.535|L|152824.65|INR|V-K005|Verbrauch Kantine Pune|KST-FAC-03|SL02|RJOSHI
100|1000|PL02|05.12.2024|02.12.2024|5000010847|1|DIESEL001|Diesel|261|1917.891|L|128728.6|INR|V-BPCL1|Verbrauch Notstromaggregat Pune|KST-MNT-01|SL02|BCHATT
100|1000|PL02|23.12.2024|21.12.2024|5000010848|1|DIESEL001|Diesel|261|2126.354|L|156861.09|INR|V-BPCL1|Auffuellung Wartung Pune|KST-LOG-01|SL02|MGUPTA
100|1000|PL02|23.12.2024|20.12.2024|5000010849|1|DIESEL001|Diesel|261|933.358|L|70872.88|INR|V-K009|Verbrauch Fahrzeugflotte Pune|KST-OPS-02|SL02|PSINGH
100|1000|PL02|08.12.2024|05.12.2024|5000010850|1|DIESEL001|Diesel|261||L||INR|V-K010|Tanken Fahrzeugflotte Pune|KST-FAC-02|SL02|GMISHRA
100|1000|PL02|09.12.2024|06.12.2024|5000010851|1|DIESEL001|Diesel|261|832.042|L|59370.45|INR|V-IOCL1|Auffuellung Fahrzeugflotte Pune|KST-LOG-01|SL02|GMISHRA
100|1000|PL02|18.12.2024|16.12.2024|5000010852|1|DIESEL001|Dieselkraftstoff|261|2347.092|L|164562.21|INR|V-HPCL1|Auffuellung Wartung Pune|KST-FAC-01|SL02|TLAXMAN
100|1000|PL02|28.12.2024|25.12.2024|5000010853|1|DIESEL001|Dieselkraftstoff|261|2172.574|L|167749.86|INR|V-K009|Nutzung Kantine Pune|KST-FAC-05|SL02|SPRIYA
100|1000|PL02|06.12.2024|03.12.2024|5000010854|1|DIESEL001|Diesel|261|2067.578|KG|140097.38|INR|V-K005|Auffuellung Produktion Pune|KST-FAC-01|SL02|AKUMAR
100|1000|PL02|19.12.2024|16.12.2024|5000010855|1|DIESEL001|Dieselkraftstoff|261|1846.43|L|136329.92|INR|V-K010|Auffuellung Kantine Pune|KST-OPS-02|SL02|RJOSHI
100|1000|PL02|28.12.2024|27.12.2024|5000010856|1|LPG00001|LPG|261|77.018|KG|6894.4|INR|V-RELI1|Nutzung Generator Pune|KST-FAC-01|SL02|MGUPTA
100|1000|PL02|09.12.2024|07.12.2024|5000010857|1|LPG00001|Fluessiggas|261|75.235|KG|7081.79|INR|V-K004|Nutzung Fahrzeugflotte Pune|KST-OPS-03|SL02|NREDDY
100|1000|PL02|08.12.2024|08.12.2024|5000010858|1|LPG00001|Fluessiggas|261|54.74|KG|4879.55|INR|V-K004|Auffuellung Fahrzeugflotte Pune|KST-PRD-01|SL02|RJOSHI
100|1000|PL02|22.12.2024|20.12.2024|5000010859|1|LPG00001|Fluessiggas|261|88.046|KG|7388.44|INR|V-K004|Entnahme Generator Pune|KST-FAC-03|SL02|PSINGH
100|1000|PL02|21.12.2024|18.12.2024|5000010860|1|FURNACE1|Schweroelkraftstoff|261|257.232|L|20181.9|INR|V-IOCL1|Auffuellung Fahrzeugflotte Pune|KST-FAC-07|SL02|DRAO
100|1000|PL02|06.12.2024|04.12.2024|5000010861|1|FURNACE1|Heizoel EL|261|316.349|L|24072.49|INR|V-K006|Nutzung Produktion Pune|KST-PRD-01|SL02|MGUPTA
100|1000|PL02|07.12.2024|04.12.2024|5000010862|1|FURNACE1|Heizoel EL|261|462.824|L|36170.32|INR|V-ESSAR|Nutzung Wartung Pune|KST-LOG-02|SL02|PSINGH
100|1000|PL02|18.12.2024|18.12.2024|5000010863|1|FURNACE1|Heizoel EL|261|442.841|L|33321.14|INR|V-K010|Auffuellung Heizung Pune|KST-FAC-01|SL02|VMEHTA
100|1000|PL02|15.12.2024|13.12.2024|5000010864|1|FURNACE1|Heizoel EL|261|477.229|L|38412.78|INR|V-K009|Entnahme Heizung Pune|KST-OPS-02|SL02|MGUPTA
100|1000|PL03|15.01.2023|12.01.2023|5000010865|1|DIESEL001|Dieselkraftstoff|261|641.605|L|43425.91|INR|V-K007|Nutzung Kantine Noida|KST-LOG-02|SL03|NREDDY
100|1000|PL03|26.01.2023|24.01.2023|5000010866|1|DIESEL001|Diesel|261|488.307|L|34713.83|INR|V-IOCL1|Verbrauch Notstromaggregat Noida|KST-PRD-02|SL03|RPANDEY
100|1000|PL03|01.01.2023|31.12.2022|5000010867|1|DIESEL001|Dieselkraftstoff|261|551.175|L|41026.78|INR|V-RELI1|Verbrauch Generator Noida|KST-MNT-01|SL03|RJOSHI
100|1000|PL03|05.01.2023|02.01.2023|5000010868|1|DIESEL001|Diesel|261|512.621|L|37244.97|INR|V-ESSAR|Nutzung Generator Noida|KST-FAC-03|SL03|ASAXEN
100|1000|PL03|24.01.2023|24.01.2023|5000010869|1|DIESEL001|Dieselkraftstoff|261|743.249|L|53076.36|INR|V-RELI1|Verbrauch DG-Set Noida|KST-FAC-02|SL03|GMISHRA
100|1000|PL03|24.01.2023|24.01.2023|5000010870|1|DIESEL001|Dieselkraftstoff|261|837.36|L|59034.67|INR|V-K008|Auffuellung Generator Noida|KST-LOG-01|SL03|SNEHA
100|1000|PL03|08.01.2023|06.01.2023|5000010871|1|PETRL001|Motorenbenzin|261|137.99|L|14089.13|INR|V-K007|Verbrauch DG-Set Noida|KST-FAC-03|SL03|VMEHTA
100|1000|PL03|02.01.2023|01.01.2023|5000010872|1|PETRL001|Motorenbenzin|261|168.253|L|16450.72|INR|V-K002|Verbrauch DG-Set Noida|KST-FAC-02|SL03|VMEHTA
100|1000|PL03|10.01.2023|08.01.2023|5000010873|1|PETRL001|Benzin|261|237.168|L|21460.34|INR|V-HPCL1|Tanken Heizung Noida|KST-OPS-01|SL03|SNEHA
100|1000|PL03|01.01.2023|29.12.2022|5000010874|1|PETRL001|Benzin|261|142.822|L|14693.45|INR|V-K003|Tanken Generator Noida|KST-FAC-07|SL03|ASAXEN
100|1000|PL03|15.01.2023|12.01.2023|5000010875|1|PETRL001|Motorenbenzin|261|124.72|L|12917.71|INR|V-K006|Verbrauch Generator Noida|KST-OPS-02|SL03|KVELU
100|1000|PL03|11.01.2023|10.01.2023|5000010876|1|CNGFUEL1|Erdgas CNG|261|155.222|KG|13220.98|INR|V-K006|Nutzung Produktion Noida|KST-OPS-01|SL03|RPANDEY
100|1000|PL03|07.01.2023|07.01.2023|5000010877|1|CNGFUEL1|Komprimiertes Erdgas|261|149.183|KG|13435.53|INR|V-K008|Entnahme Kantine Noida|KST-FAC-07|SL03|SNEHA
100|1000|PL03|05.01.2023|04.01.2023|5000010878|1|CNGFUEL1|Komprimiertes Erdgas|261|290.167|KG|25648.58|INR|V-K009|Tanken Wartung Noida|KST-FAC-01|SL03|TLAXMAN
100|1000|PL03|23.01.2023|21.01.2023|5000010879|1|CNGFUEL1|Erdgas CNG|261|226.205|KG|18761.98|INR|V-ESSAR|Auffuellung Notstromaggregat Noida|KST-MNT-01|SL03|VMEHTA
100|1000|PL03|16.02.2023|13.02.2023|5000010880|1|DIESEL001|Diesel|261|626.048|L|43048.36|INR|V-HPCL1|Auffuellung Heizung Noida|KST-FAC-05|SL03|VMEHTA
100|1000|PL03|22.02.2023|19.02.2023|5000010881|1|DIESEL001|Dieselkraftstoff|261|405.717|L|29962.31|INR|V-K003|Entnahme Wartung Noida|KST-FAC-07|SL03|KVELU
100|1000|PL03|22.02.2023|21.02.2023|5000010882|1|DIESEL001|Dieselkraftstoff|261|474.558|L|36299.23|INR|V-HPCL1|Entnahme Wartung Noida|KST-FAC-02|SL03|DRAO
100|1000|PL03|26.02.2023|23.02.2023|5000010883|1|DIESEL001|Diesel|261|539.208|L|37383.84|INR|V-RELI1|Verbrauch DG-Set Noida|KST-FAC-02|SL03|RJOSHI
100|1000|PL03|18.02.2023|17.02.2023|5000010884|1|DIESEL001|Dieselkraftstoff|261|868.727|L|60843.87|INR|V-BPCL1|Auffuellung Produktion Noida|KST-PRD-02|SL03|RJOSHI
100|1000|PL03|25.02.2023|25.02.2023|5000010885|1|DIESEL001|Dieselkraftstoff|261|611.189|L|41882.35|INR|V-RELI1|Verbrauch Produktion Noida|KST-FAC-01|SL03|BCHATT
100|1000|PL03|11.02.2023|08.02.2023|5000010886|1|PETRL001|Benzin|261|174.002|L|15404.31|INR|V-K009|Entnahme Fahrzeugflotte Noida|KST-LOG-01|SL03|AKUMAR
100|1000|PL03|06.02.2023|04.02.2023|5000010887|1|PETRL001|Motorenbenzin|261|84.122|L|8318.72|INR|V-RELI1|Verbrauch Kantine Noida|KST-FAC-05|SL03|KVELU
100|1000|PL03|28.02.2023|28.02.2023|5000010888|1|PETRL001|Benzin|261|92.561|L|9258.9|INR|V-RELI1|Tanken Wartung Noida|KST-LOG-02|SL03|MGUPTA
100|1000|PL03|07.02.2023|05.02.2023|5000010889|1|PETRL001|Motorenbenzin|261|152.276|L|14155.74|INR|V-IOCL1|Entnahme Generator Noida|KST-FAC-07|SL03|TLAXMAN
100|1000|PL03|08.02.2023|05.02.2023|5000010890|1|PETRL001|Motorenbenzin|261|162.169|L|15650.93|INR|V-K008|Nutzung Generator Noida|KST-FAC-05|SL03|BCHATT
100|1000|PL03|15.02.2023|14.02.2023|5000010891|1|CNGFUEL1|Komprimiertes Erdgas|261|179.47|KG|14937.21|INR|V-K006|Tanken Generator Noida|KST-PRD-02|SL03|SNEHA
100|1000|PL03|18.02.2023|17.02.2023|5000010892|1|CNGFUEL1|Komprimiertes Erdgas|261|272.966|KG|22273.91|INR|V-K008|Verbrauch Fahrzeugflotte Noida|KST-PRD-01|SL03|MGUPTA
100|1000|PL03|25.02.2023|22.02.2023|5000010893|1|CNGFUEL1|Erdgas CNG|261|182.372|KG|16330.83|INR|V-K010||KST-MNT-01|SL03|GMISHRA
100|1000|PL03|23.02.2023|22.02.2023|5000010894|1|CNGFUEL1|Erdgas CNG|261|209.118|KG|18207.34|INR|V-K009|Tanken Generator Noida|KST-MNT-01|SL03|MGUPTA
100|1000|PL03|14.03.2023|14.03.2023|5000010895|1|DIESEL001|Diesel|261||L||INR|V-K004|Tanken Wartung Noida|KST-MNT-01|SL03|SPRIYA
100|1000|PL03|16.03.2023|15.03.2023|5000010896|1|DIESEL001|Diesel|261|383.919|KG|27280.15|INR|V-K005|Auffuellung Produktion Noida|KST-LOG-03|SL03|BCHATT
100|1000|PL03|19.03.2023|18.03.2023|5000010897|1|DIESEL001|Dieselkraftstoff|261|474.118|L|35790.42|INR|V-K010|Auffuellung DG-Set Noida|KST-FAC-07|SL03|VMEHTA
100|1000|PL03|06.03.2023|03.03.2023|5000010897|1|DIESEL001|Dieselkraftstoff|261|490.613|L|35157.37|INR|V-BPCL1|Nutzung Notstromaggregat Noida|KST-FAC-01|SL03|PSINGH
100|1000|PL03|11.03.2023|11.03.2023|5000010899|1|DIESEL001|Dieselkraftstoff|261|674.984|L|45230.15|INR|V-K006|Auffuellung Kantine Noida|KST-OPS-01|SL03|NREDDY
100|1000|PL03|27.03.2023|24.03.2023|5000010900|1|DIESEL001|Diesel|261|520.365|L|40069.78|INR|V-K004|Verbrauch Kantine Noida|KST-LOG-02|SL03|AKUMAR
100|1000|PL03|06.03.2023|04.03.2023|5000010901|1|PETRL001|Benzin|261|101.54|L|9973.72|INR|V-RELI1|Nutzung Notstromaggregat Noida|KST-LOG-02|SL03|TLAXMAN
100|1000|PL03|07.03.2023|06.03.2023|5000010902|1|PETRL001|Benzin|261|213.172|L|19126.42|INR|V-K003||KST-MNT-01|SL03|SPRIYA
100|1000|PL03|03.03.2023|03.03.2023|5000010903|1|PETRL001|Benzin|261|166.99|L|16453.85|INR|V-K002|Entnahme Notstromaggregat Noida|KST-LOG-01|SL03|PSINGH
100|1000|PL03|12.03.2023|10.03.2023|5000010904|1|PETRL001|Motorenbenzin|261|170.217|L|17235.5|INR|V-RELI1|Entnahme Notstromaggregat Noida|KST-PRD-01|SL03|VMEHTA
100|1000|PL03|16.03.2023|14.03.2023|5000010905|1|PETRL001|Benzin|261|174.844|L|16377.3|INR|V-K008|Entnahme Heizung Noida|KST-LOG-03|SL03|KVELU
100|1000|PL03|20.03.2023|19.03.2023|5000010906|1|CNGFUEL1|Erdgas CNG|261|174.841|KG|16039.56|INR|V-K004|Tanken Produktion Noida|KST-LOG-02|SL03|RJOSHI
100|1000|PL03|09.03.2023|09.03.2023|5000010907|1|CNGFUEL1|Erdgas CNG|261|106.706|KG|9039.15|INR|V-K005|Nutzung Fahrzeugflotte Noida|KST-LOG-03|SL03|VMEHTA
100|1000|PL03|28.03.2023|25.03.2023|5000010908|1|CNGFUEL1|Erdgas CNG|261|198.06|KG|17845.04|INR|V-K001|Verbrauch DG-Set Noida|KST-OPS-01|SL03|DRAO
100|1000|PL03|28.03.2023|27.03.2023|5000010909|1|CNGFUEL1|Komprimiertes Erdgas|261|183.915|KG|14522.34|INR|V-K002|Verbrauch Fahrzeugflotte Noida|KST-LOG-01|SL03|ASAXEN
100|1000|PL03|11.04.2023|09.04.2023|5000010910|1|DIESEL001|Dieselkraftstoff|261|843.435|L|65044.31|INR|V-K007|Tanken Generator Noida|KST-MNT-01|SL03|GMISHRA
100|1000|PL03|07.04.2023|06.04.2023|5000010911|1|DIESEL001|Diesel|261|350.381|L|24321.37|INR|V-K003|Tanken Kantine Noida|KST-PRD-01|SL03|NREDDY
100|1000|PL03|09.04.2023|07.04.2023|5000010912|1|DIESEL001|Dieselkraftstoff|261|504.871|L|37492.37|INR|V-K002|Tanken DG-Set Noida|KST-OPS-02|SL03|RPANDEY
100|1000|PL03|11.04.2023|11.04.2023|5000010913|1|DIESEL001|Dieselkraftstoff|261|773.242|L|54555.76|INR|V-K004|Verbrauch DG-Set Noida|KST-MNT-01|SL03|VMEHTA
100|1000|PL03|10.04.2023|10.04.2023|5000010914|1|DIESEL001|Diesel|261|723.548|L|49098.31|INR|V-K004|Auffuellung Kantine Noida|KST-FAC-01|SL03|VMEHTA
100|1000|PL03|23.04.2023|20.04.2023|5000010915|1|DIESEL001|Diesel|261|355.447|L|25033.71|INR|V-RELI1|Tanken Wartung Noida|KST-LOG-03|SL03|NREDDY
100|1000|PL03|05.04.2023|04.04.2023|5000010916|1|PETRL001|Motorenbenzin|261|138.977|L|13974.24|INR|V-K009|Auffuellung Generator Noida|KST-MNT-01|SL03|MGUPTA
100|1000|PL03|17.04.2023|16.04.2023|5000010917|1|PETRL001|Motorenbenzin|261|117.103|L|12000.8|INR|V-K008|Auffuellung Wartung Noida|KST-FAC-07|SL03|SNEHA
100|1000|PL03|22.04.2023|22.04.2023|5000010918|1|PETRL001|Motorenbenzin|261|199.219|KG|20255.17|INR|V-K006|Verbrauch Produktion Noida|KST-LOG-03|SL03|DRAO
100|1000|PL03|10.04.2023|09.04.2023|5000010919|1|PETRL001|Motorenbenzin|261|172.952|L|16441.37|INR|V-BPCL1|Verbrauch Kantine Noida|KST-PRD-01|SL03|GMISHRA
100|1000|PL03|24.04.2023|22.04.2023|5000010920|1|PETRL001|Motorenbenzin|261|162.035|L|14410.81|INR|V-ESSAR|Entnahme Kantine Noida|KST-LOG-01|SL03|RPANDEY
100|1000|PL03|19.04.2023|16.04.2023|5000010921|1|CNGFUEL1|Komprimiertes Erdgas|261|132.805|KG|10928.25|INR|V-K009|Verbrauch Produktion Noida|KST-LOG-02|SL03|PSINGH
100|1000|PL03|26.04.2023|26.04.2023|5000010922|1|CNGFUEL1|Komprimiertes Erdgas|261|161.855|KG|14421.32|INR|V-K001|Verbrauch Kantine Noida|KST-OPS-03|SL03|NREDDY
100|1000|PL03|10.04.2023|10.04.2023|5000010923|1|CNGFUEL1|Komprimiertes Erdgas|261|147.237|KG|11694.49|INR|V-RELI1||KST-FAC-03|SL03|KVELU
100|1000|PL03|06.04.2023|04.04.2023|5000010924|1|CNGFUEL1|Komprimiertes Erdgas|261|194.16|KG|17028.49|INR|V-RELI1|Tanken Wartung Noida|KST-PRD-01|SL03|SPRIYA
100|1000|PL03|05.05.2023|03.05.2023|5000010925|1|DIESEL001|Dieselkraftstoff|261|539.93|L|37526.43|INR|V-K010|Entnahme Fahrzeugflotte Noida|KST-LOG-01|SL03|GMISHRA
100|1000|PL03|08.05.2023|07.05.2023|5000010926|1|DIESEL001|Dieselkraftstoff|261|521.48|L|39488.4|INR|V-ESSAR|Entnahme Heizung Noida|KST-LOG-03|SL03|AKUMAR
100|1000|PL03|02.05.2023|01.05.2023|5000010927|1|DIESEL001|Diesel|261|561.24|L|41405.26|INR|V-K007|Auffuellung Wartung Noida|KST-MNT-01|SL03|NREDDY
100|1000|PL03|06.05.2023|05.05.2023|5000010928|1|DIESEL001|Diesel|261|709.404|L|50790.42|INR|V-K002|Tanken DG-Set Noida|KST-MNT-01|SL03|NREDDY
100|1000|PL03|11.05.2023|10.05.2023|5000010929|1|DIESEL001|Diesel|261||L||INR|V-K007|Auffuellung Generator Noida|KST-OPS-01|SL03|KVELU
100|1000|PL03|20.05.2023|17.05.2023|5000010930|1|DIESEL001|Diesel|261|768.602|L|58386.71|INR|V-K003|Tanken DG-Set Noida|KST-LOG-01|SL03|GMISHRA
100|1000|PL03|01.05.2023|29.04.2023|5000010931|1|PETRL001|Motorenbenzin|261|113.594|L|11302.19|INR|V-K005|Entnahme Produktion Noida|KST-OPS-02|SL03|RJOSHI
100|1000|PL03|02.05.2023|30.04.2023|5000010932|1|PETRL001|Motorenbenzin|261|152.369|L|15251.92|INR|V-K005||KST-FAC-05|SL03|DRAO
100|1000|PL03|11.05.2023|09.05.2023|5000010933|1|PETRL001|Benzin|261|181.282|L|16112.77|INR|V-K002|Verbrauch Notstromaggregat Noida|KST-OPS-02|SL03|MGUPTA
100|1000|PL03|14.05.2023|12.05.2023|5000010934|1|PETRL001|Motorenbenzin|261|245.215|L|22576.79|INR|V-BPCL1|Tanken Generator Noida|KST-LOG-01|SL03|ASAXEN
100|1000|PL03|11.05.2023|09.05.2023|5000010935|1|PETRL001|Benzin|261|104.948|L|10297.17|INR|V-BPCL1|Auffuellung Wartung Noida|KST-FAC-03|SL03|AKUMAR
100|1000|PL03|13.05.2023|13.05.2023|5000010936|1|CNGFUEL1|Komprimiertes Erdgas|261|290.072|KG|25259.29|INR|V-K007|Auffuellung Kantine Noida|KST-PRD-02|SL03|AKUMAR
100|1000|PL03|20.05.2023|19.05.2023|5000010937|1|CNGFUEL1|Komprimiertes Erdgas|261|174.847|KG|15481.96|INR|V-HPCL1|Tanken Wartung Noida|KST-FAC-02|SL03|SNEHA
100|1000|PL03|06.05.2023|04.05.2023|5000010938|1|CNGFUEL1|Erdgas CNG|261|101.01|KG|8973.31|INR|V-K008|Auffuellung Generator Noida|KST-PRD-02|SL03|TLAXMAN
100|1000|PL03|08.05.2023|07.05.2023|5000010939|1|CNGFUEL1|Komprimiertes Erdgas|261|241.802|KG|20919.46|INR|V-K008|Auffuellung Wartung Noida|KST-FAC-05|SL03|TLAXMAN
100|1000|PL03|16.06.2023|16.06.2023|5000010940|1|DIESEL001|Diesel|261|504.358|L|35990.63|INR|V-K004|Entnahme Kantine Noida|KST-PRD-01|SL03|MGUPTA
100|1000|PL03|13.06.2023|13.06.2023|5000010941|1|DIESEL001|Dieselkraftstoff|261|678.83|L|47665.98|INR|V-K006|Entnahme Notstromaggregat Noida|KST-FAC-02|SL03|VMEHTA
100|1000|PL03|01.06.2023|31.05.2023|5000010942|1|DIESEL001|Dieselkraftstoff|261|674.559|L|47910.77|INR|V-K005|Verbrauch Wartung Noida|KST-PRD-01|SL03|MGUPTA
100|1000|PL03|18.06.2023|17.06.2023|5000010943|1|DIESEL001|Diesel|261|664.273|L|44743.57|INR|V-K010|Entnahme Wartung Noida|KST-OPS-03|SL03|VMEHTA
100|1000|PL03|12.06.2023|11.06.2023|5000010944|1|DIESEL001|Diesel|261|840.275|L|63118.23|INR|V-IOCL1|Nutzung Wartung Noida|KST-PRD-02|SL03|NREDDY
100|1000|PL03|08.06.2023|05.06.2023|5000010945|1|DIESEL001|Diesel|261|754.097|L|57983.14|INR|V-K007|Auffuellung Notstromaggregat Noida|KST-OPS-01|SL03|VMEHTA
100|1000|PL03|21.06.2023|20.06.2023|5000010946|1|PETRL001|Benzin|261|145.17|L|14993.8|INR|V-K010|Nutzung Generator Noida|KST-OPS-03|SL03|PSINGH
100|1000|PL03|20.06.2023|17.06.2023|5000010947|1|PETRL001|Benzin|261|135.253|L|13128.27|INR|V-K006|Entnahme Heizung Noida|KST-PRD-01|SL03|RJOSHI
100|1000|PL03|28.06.2023|27.06.2023|5000010948|1|PETRL001|Motorenbenzin|261|142.741|L|12991.04|INR|V-K006|Tanken Heizung Noida|KST-FAC-02|SL03|SNEHA
100|1000|PL03|19.06.2023|16.06.2023|5000010949|1|PETRL001|Motorenbenzin|261|121.658|L|12594.28|INR|V-K009|Auffuellung DG-Set Noida|KST-OPS-02|SL03|NREDDY
100|1000|PL03|08.06.2023|05.06.2023|5000010950|1|PETRL001|Benzin|261|81.17|L|8012.84|INR|V-RELI1|Auffuellung Generator Noida|KST-OPS-02|SL03|GMISHRA
100|1000|PL03|23.06.2023|23.06.2023|5000010951|1|CNGFUEL1|Erdgas CNG|261|196.162|KG|16121.44|INR|V-HPCL1|Nutzung Notstromaggregat Noida|KST-FAC-03|SL03|RJOSHI
100|1000|PL03|14.06.2023|14.06.2023|5000010952|1|CNGFUEL1|Komprimiertes Erdgas|261|129.197|KG|11553.2|INR|V-K003|Verbrauch Heizung Noida|KST-FAC-05|SL03|DRAO
100|1000|PL03|26.06.2023|23.06.2023|5000010953|1|CNGFUEL1|Komprimiertes Erdgas|261|152.902|KG|13399.5|INR|V-HPCL1|Auffuellung Notstromaggregat Noida|KST-PRD-02|SL03|PSINGH
100|1000|PL03|11.06.2023|08.06.2023|5000010954|1|CNGFUEL1|Erdgas CNG|261|213.646|KG|18919.21|INR|V-K004|Auffuellung Kantine Noida|KST-FAC-03|SL03|RPANDEY
100|1000|PL03|23.07.2023|22.07.2023|5000010955|1|DIESEL001|Diesel|261|585.171|L|40749.56|INR|V-K003|Auffuellung Heizung Noida|KST-FAC-02|SL03|TLAXMAN
100|1000|PL03|01.07.2023|30.06.2023|5000010956|1|DIESEL001|Diesel|261||L||INR|V-RELI1|Verbrauch Produktion Noida|KST-FAC-05|SL03|MGUPTA
100|1000|PL03|21.07.2023|20.07.2023|5000010957|1|DIESEL001|Diesel|261|614.002|L|47221.95|INR|V-K008|Tanken Generator Noida|KST-FAC-07|SL03|SNEHA
100|1000|PL03|11.07.2023|10.07.2023|5000010958|1|DIESEL001|Diesel|261|423.858|L|31048.25|INR|V-K004|Tanken Heizung Noida|KST-FAC-07|SL03|DRAO
100|1000|PL03|24.07.2023|23.07.2023|5000010959|1|DIESEL001|Diesel|261|698.546|L|47067.08|INR|V-K009|Tanken Fahrzeugflotte Noida|KST-MNT-01|SL03|MGUPTA
100|1000|PL03|15.07.2023|14.07.2023|5000010960|1|DIESEL001|Dieselkraftstoff|261|453.643|L|33653.66|INR|V-BPCL1|Nutzung Kantine Noida|KST-FAC-07|SL03|BCHATT
100|1000|PL03|18.07.2023|16.07.2023|5000010961|1|PETRL001|Benzin|261|206.329|L|21130.63|INR|V-K005|Nutzung Notstromaggregat Noida|KST-FAC-01|SL03|RJOSHI
100|1000|PL03|15.07.2023|15.07.2023|5000010962|1|PETRL001|Benzin|261|134.206|L|12257.99|INR|V-K004|Nutzung Notstromaggregat Noida|KST-LOG-01|SL03|AKUMAR
100|1000|PL03|10.07.2023|10.07.2023|5000010963|1|PETRL001|Motorenbenzin|261|226.394|L|23077.9|INR|V-HPCL1|Tanken Kantine Noida|KST-LOG-02|SL03|NREDDY
100|1000|PL03|25.07.2023|22.07.2023|5000010964|1|PETRL001|Motorenbenzin|261|163.743|L|15737.67|INR|V-K005|Auffuellung Kantine Noida|KST-MNT-01|SL03|VMEHTA
100|1000|PL03|22.07.2023|20.07.2023|5000010965|1|PETRL001|Motorenbenzin|261|98.95|KG|9016.15|INR|V-K009|Tanken Wartung Noida|KST-FAC-07|SL03|SPRIYA
100|1000|PL03|22.07.2023|20.07.2023|5000010966|1|CNGFUEL1|Komprimiertes Erdgas|261|285.059|KG|24764.56|INR|V-HPCL1|Auffuellung Kantine Noida|KST-PRD-02|SL03|AKUMAR
100|1000|PL03|11.07.2023|08.07.2023|5000010967|1|CNGFUEL1|Komprimiertes Erdgas|261|236.949|KG|19207.08|INR|V-K004|Verbrauch DG-Set Noida|KST-FAC-05|SL03|KVELU
100|1000|PL03|11.07.2023|08.07.2023|5000010968|1|CNGFUEL1|Erdgas CNG|261|255.951|KG|23262.53|INR|V-K005|Auffuellung Produktion Noida|KST-OPS-03|SL03|DRAO
100|1000|PL03|15.07.2023|13.07.2023|5000010969|1|CNGFUEL1|Erdgas CNG|261|212.657|KG|16646.18|INR|V-K007|Entnahme Kantine Noida|KST-LOG-03|SL03|DRAO
100|1000|PL03|01.08.2023|31.07.2023|5000010970|1|DIESEL001|Dieselkraftstoff|261|697.233|L|52871.87|INR|V-K007|Verbrauch Heizung Noida|KST-LOG-01|SL03|DRAO
100|1000|PL03|20.08.2023|17.08.2023|5000010971|1|DIESEL001|Diesel|261|364.101|L|25483.27|INR|V-K008|Entnahme Heizung Noida|KST-PRD-02|SL03|RJOSHI
100|1000|PL03|09.08.2023|06.08.2023|5000010972|1|DIESEL001|Dieselkraftstoff|261|360.864|L|25051.2|INR|V-K002|Tanken Produktion Noida|KST-OPS-03|SL03|SPRIYA
100|1000|PL03|25.08.2023|22.08.2023|5000010973|1|DIESEL001|Dieselkraftstoff|261|824.37|L|60058.24|INR|V-K006|Auffuellung Kantine Noida|KST-LOG-01|SL03|TLAXMAN
100|1000|PL03|23.08.2023|23.08.2023|5000010974|1|DIESEL001|Dieselkraftstoff|261|763.26|L|57468.57|INR|V-RELI1|Verbrauch DG-Set Noida|KST-PRD-02|SL03|DRAO
100|1000|PL03|11.08.2023|08.08.2023|5000010975|1|DIESEL001|Dieselkraftstoff|261|576.482|L|42686.62|INR|V-BPCL1|Entnahme Wartung Noida|KST-OPS-01|SL03|RPANDEY
100|1000|PL03|13.08.2023|10.08.2023|5000010976|1|PETRL001|Benzin|261|221.385|L|22917.98|INR|V-K001|Nutzung Notstromaggregat Noida|KST-MNT-01|SL03|MGUPTA
100|1000|PL03|10.08.2023|08.08.2023|5000010977|1|PETRL001|Benzin|261|204.854|L|21158.17|INR|V-HPCL1|Nutzung Notstromaggregat Noida|KST-MNT-01|SL03|MGUPTA
100|1000|PL03|20.08.2023|19.08.2023|5000010978|1|PETRL001|Benzin|261|210.41|L|19478.21|INR|V-BPCL1|Verbrauch Produktion Noida|KST-LOG-03|SL03|SNEHA
100|1000|PL03|15.08.2023|12.08.2023|5000010978|1|PETRL001|Benzin|261|148.249|L|14513.56|INR|V-K006|Verbrauch Produktion Noida|KST-OPS-03|SL03|GMISHRA
100|1000|PL03|18.08.2023|15.08.2023|5000010980|1|PETRL001|Benzin|261|210.888|L|19774.41|INR|V-K003|Auffuellung DG-Set Noida|KST-PRD-02|SL03|PSINGH
100|1000|PL03|04.08.2023|04.08.2023|5000010981|1|CNGFUEL1|Komprimiertes Erdgas|261|255.893|KG|23333.19|INR|V-K004|Verbrauch Wartung Noida|KST-FAC-01|SL03|NREDDY
100|1000|PL03|09.08.2023|08.08.2023|5000010982|1|CNGFUEL1|Komprimiertes Erdgas|261||KG||INR|V-K002||KST-FAC-05|SL03|ASAXEN
100|1000|PL03|28.08.2023|27.08.2023|5000010983|1|CNGFUEL1|Erdgas CNG|261|109.843|KG|8886.46|INR|V-K002|Nutzung Generator Noida|KST-OPS-03|SL03|AKUMAR
100|1000|PL03|06.08.2023|05.08.2023|5000010984|1|CNGFUEL1|Komprimiertes Erdgas|261|288.139|KG|23936.89|INR|V-K004|Entnahme Kantine Noida|KST-PRD-02|SL03|AKUMAR
100|1000|PL03|17.09.2023|17.09.2023|5000010985|1|DIESEL001|Diesel|261|309.687|L|22012.11|INR|V-K006|Auffuellung Heizung Noida|KST-MNT-01|SL03|VMEHTA
100|1000|PL03|23.09.2023|23.09.2023|5000010986|1|DIESEL001|Diesel|261||L||INR|V-ESSAR|Verbrauch DG-Set Noida|KST-OPS-01|SL03|DRAO
100|1000|PL03|19.09.2023|19.09.2023|5000010987|1|DIESEL001|Dieselkraftstoff|261|611.173|L|43791.92|INR|V-K004|Auffuellung Wartung Noida|KST-PRD-01|SL03|ASAXEN
100|1000|PL03|27.09.2023|26.09.2023|5000010988|1|DIESEL001|Diesel|261|403.452|L|31211.15|INR|V-K003|Tanken Notstromaggregat Noida|KST-OPS-02|SL03|DRAO
100|1000|PL03|07.09.2023|05.09.2023|5000010989|1|DIESEL001|Diesel|261|675.187|L|46787.01|INR|V-K006||KST-FAC-07|SL03|RJOSHI
100|1000|PL03|28.09.2023|27.09.2023|5000010990|1|DIESEL001|Diesel|261|327.9|L|23980.9|INR|V-K001|Tanken Generator Noida|KST-FAC-01|SL03|DRAO
100|1000|PL03|16.09.2023|13.09.2023|5000010991|1|PETRL001|Motorenbenzin|261|225.544|L|20385.67|INR|V-K005|Auffuellung DG-Set Noida|KST-FAC-07|SL03|SPRIYA
100|1000|PL03|11.09.2023|09.09.2023|5000010992|1|PETRL001|Benzin|261|161.224|L|16349.12|INR|V-K003|Tanken Generator Noida|KST-OPS-03|SL03|KVELU
100|1000|PL03|23.09.2023|20.09.2023|5000010993|1|PETRL001|Motorenbenzin|261|230.776|L|21184.03|INR|V-K006|Nutzung Kantine Noida|KST-FAC-07|SL03|BCHATT
100|1000|PL03|25.09.2023|24.09.2023|5000010994|1|PETRL001|Motorenbenzin|261|151.744|L|14752.42|INR|V-ESSAR|Verbrauch DG-Set Noida|KST-FAC-05|SL03|KVELU
100|1000|PL03|01.09.2023|31.08.2023|5000010995|1|PETRL001|Benzin|261|222.014|KG|20961.29|INR|V-RELI1|Nutzung Wartung Noida|KST-FAC-01|SL03|DRAO
100|1000|PL03|15.09.2023|14.09.2023|5000010996|1|CNGFUEL1|Erdgas CNG|261|224.263|KG|17896.71|INR|V-ESSAR|Verbrauch Kantine Noida|KST-FAC-03|SL03|DRAO
100|1000|PL03|11.09.2023|08.09.2023|5000010997|1|CNGFUEL1|Erdgas CNG|261|232.65|KG|19276.52|INR|V-K006||KST-LOG-03|SL03|GMISHRA
100|1000|PL03|18.09.2023|17.09.2023|5000010998|1|CNGFUEL1|Komprimiertes Erdgas|261|145.425|KG|11592.04|INR|V-RELI1|Nutzung Generator Noida|KST-FAC-02|SL03|DRAO
100|1000|PL03|28.09.2023|27.09.2023|5000010999|1|CNGFUEL1|Erdgas CNG|261|264.005|KG|22479.58|INR|V-HPCL1|Auffuellung DG-Set Noida|KST-FAC-01|SL03|RJOSHI
100|1000|PL03|19.10.2023|19.10.2023|5000011000|1|DIESEL001|Diesel|261|623.674|L|48476.59|INR|V-IOCL1|Nutzung Heizung Noida|KST-LOG-03|SL03|SNEHA
100|1000|PL03|27.10.2023|26.10.2023|5000011001|1|DIESEL001|Diesel|261|814.977|L|62988.21|INR|V-ESSAR|Entnahme Produktion Noida|KST-FAC-05|SL03|MGUPTA
100|1000|PL03|05.10.2023|03.10.2023|5000011002|1|DIESEL001|Dieselkraftstoff|261|344.922|L|25502.41|INR|V-K010|Verbrauch DG-Set Noida|KST-OPS-01|SL03|AKUMAR
100|1000|PL03|16.10.2023|15.10.2023|5000011003|1|DIESEL001|Dieselkraftstoff|261|534.743|L|38002.57|INR|V-K006|Auffuellung DG-Set Noida|KST-FAC-01|SL03|AKUMAR
100|1000|PL03|13.10.2023|13.10.2023|5000011004|1|DIESEL001|Dieselkraftstoff|261|423.499|L|29396.51|INR|V-K009|Nutzung Notstromaggregat Noida|KST-LOG-01|SL03|VMEHTA
100|1000|PL03|08.10.2023|05.10.2023|5000011005|1|DIESEL001|Diesel|261|793.344|L|58126.42|INR|V-HPCL1|Auffuellung Fahrzeugflotte Noida|KST-PRD-01|SL03|RPANDEY
100|1000|PL03|13.10.2023|11.10.2023|5000011006|1|PETRL001|Benzin|261|186.573|L|16960.88|INR|V-K008|Tanken Generator Noida|KST-FAC-02|SL03|KVELU
100|1000|PL03|24.10.2023|22.10.2023|5000011007|1|PETRL001|Benzin|261|227.791|L|23046.04|INR|V-IOCL1|Auffuellung Kantine Noida|KST-MNT-01|SL03|AKUMAR
100|1000|PL03|21.10.2023|19.10.2023|5000011008|1|PETRL001|Motorenbenzin|261|193.386|KG|18139.28|INR|V-K008|Nutzung Wartung Noida|KST-LOG-02|SL03|PSINGH
100|1000|PL03|22.10.2023|20.10.2023|5000011009|1|PETRL001|Benzin|261|249.541|L|23909.41|INR|V-K010|Entnahme Fahrzeugflotte Noida|KST-MNT-01|SL03|MGUPTA
100|1000|PL03|20.10.2023|20.10.2023|5000011010|1|PETRL001|Benzin|261|177.856|L|17795.47|INR|V-ESSAR|Tanken Produktion Noida|KST-FAC-05|SL03|TLAXMAN
100|1000|PL03|21.10.2023|18.10.2023|5000011011|1|CNGFUEL1|Erdgas CNG|261|214.669|KG|19532.02|INR|V-HPCL1|Verbrauch DG-Set Noida|KST-LOG-03|SL03|GMISHRA
100|1000|PL03|01.10.2023|29.09.2023|5000011012|1|CNGFUEL1|Komprimiertes Erdgas|261|158.455|KG|12452.33|INR|V-K006|Verbrauch Kantine Noida|KST-LOG-03|SL03|ASAXEN
100|1000|PL03|15.10.2023|15.10.2023|5000011013|1|CNGFUEL1|Erdgas CNG|261|191.641|KG|15672.24|INR|V-HPCL1|Entnahme Produktion Noida|KST-LOG-01|SL03|ASAXEN
100|1000|PL03|25.10.2023|24.10.2023|5000011014|1|CNGFUEL1|Erdgas CNG|261|271.329|KG|23492.5|INR|V-K004|Tanken Wartung Noida|KST-MNT-01|SL03|DRAO
100|1000|PL03|11.11.2023|08.11.2023|5000011015|1|DIESEL001|Dieselkraftstoff|261|753.939|L|57375.39|INR|V-K008|Verbrauch Produktion Noida|KST-FAC-03|SL03|RPANDEY
100|1000|PL03|01.11.2023|01.11.2023|5000011016|1|DIESEL001|Dieselkraftstoff|261|649.108|L|48233.03|INR|V-K009|Tanken Heizung Noida|KST-FAC-05|SL03|SNEHA
100|1000|PL03|03.11.2023|03.11.2023|5000011017|1|DIESEL001|Diesel|261|811.325|L|56921.5|INR|V-K007|Auffuellung Generator Noida|KST-MNT-01|SL03|AKUMAR
100|1000|PL03|11.11.2023|10.11.2023|5000011018|1|DIESEL001|Diesel|261|795.68|L|54126.72|INR|V-K004|Verbrauch Heizung Noida|KST-PRD-01|SL03|ASAXEN
100|1000|PL03|15.11.2023|14.11.2023|5000011019|1|DIESEL001|Dieselkraftstoff|261|307.451|L|20439.13|INR|V-K007|Verbrauch Wartung Noida|KST-LOG-01|SL03|MGUPTA
100|1000|PL03|06.11.2023|03.11.2023|5000011020|1|DIESEL001|Diesel|261|748.076|L|58014.55|INR|V-K006|Auffuellung Generator Noida|KST-FAC-01|SL03|DRAO
100|1000|PL03|23.11.2023|22.11.2023|5000011021|1|PETRL001|Motorenbenzin|261|226.191|L|20834.98|INR|V-ESSAR|Nutzung Produktion Noida|KST-LOG-01|SL03|KVELU
100|1000|PL03|04.11.2023|03.11.2023|5000011022|1|PETRL001|Motorenbenzin|261|201.986|L|19558.42|INR|V-K010|Entnahme Notstromaggregat Noida|KST-OPS-01|SL03|ASAXEN
100|1000|PL03|19.11.2023|16.11.2023|5000011023|1|PETRL001|Benzin|261|242.038|L|23458.56|INR|V-K006|Tanken Produktion Noida|KST-MNT-01|SL03|SPRIYA
100|1000|PL03|03.11.2023|01.11.2023|5000011024|1|PETRL001|Motorenbenzin|261|241.05|L|23931.71|INR|V-K003|Auffuellung Kantine Noida|KST-FAC-01|SL03|GMISHRA
100|1000|PL03|11.11.2023|10.11.2023|5000011024|1|PETRL001|Motorenbenzin|261|104.52|L|10325.02|INR|V-K010|Nutzung Generator Noida|KST-PRD-01|SL03|RJOSHI
100|1000|PL03|25.11.2023|25.11.2023|5000011026|1|CNGFUEL1|Komprimiertes Erdgas|261|205.954|KG|18157.47|INR|V-HPCL1|Entnahme Generator Noida|KST-MNT-01|SL03|SNEHA
100|1000|PL03|11.11.2023|11.11.2023|5000011027|1|CNGFUEL1|Komprimiertes Erdgas|261|289.229|KG|26350.73|INR|V-BPCL1|Verbrauch Generator Noida|KST-OPS-03|SL03|SPRIYA
100|1000|PL03|10.11.2023|08.11.2023|5000011028|1|CNGFUEL1|Komprimiertes Erdgas|261|241.453|KG|20522.46|INR|V-K004|Auffuellung Notstromaggregat Noida|KST-LOG-03|SL03|DRAO
100|1000|PL03|25.11.2023|25.11.2023|5000011029|1|CNGFUEL1|Erdgas CNG|261|104.08|KG|9529.08|INR|V-K003||KST-LOG-01|SL03|RJOSHI
100|1000|PL03|11.12.2023|08.12.2023|5000011030|1|DIESEL001|Diesel|261|316.592|L|23025.72|INR|V-K004|Nutzung Heizung Noida|KST-LOG-02|SL03|NREDDY
100|1000|PL03|12.12.2023|12.12.2023|5000011031|1|DIESEL001|Dieselkraftstoff|261|659.831|L|50483.24|INR|V-K003|Entnahme Fahrzeugflotte Noida|KST-OPS-03|SL03|MGUPTA
100|1000|PL03|20.12.2023|20.12.2023|5000011032|1|DIESEL001|Dieselkraftstoff|261|784.323|L|54586.75|INR|V-K009|Nutzung DG-Set Noida|KST-OPS-02|SL03|SNEHA
100|1000|PL03|20.12.2023|18.12.2023|5000011033|1|DIESEL001|Diesel|261|857.164|L|60618.21|INR|V-K009|Verbrauch Heizung Noida|KST-FAC-03|SL03|AKUMAR
100|1000|PL03|27.12.2023|24.12.2023|5000011034|1|DIESEL001|Dieselkraftstoff|261|776.432|L|51955.22|INR|V-RELI1|Nutzung Generator Noida|KST-LOG-03|SL03|RPANDEY
100|1000|PL03|28.12.2023|28.12.2023|5000011035|1|DIESEL001|Diesel|261|847.12|L|62965.93|INR|V-IOCL1|Entnahme Heizung Noida|KST-FAC-02|SL03|PSINGH
100|1000|PL03|10.12.2023|07.12.2023|5000011036|1|PETRL001|Motorenbenzin|261|153.974|L|13655.35|INR|V-K010|Auffuellung Fahrzeugflotte Noida|KST-FAC-02|SL03|GMISHRA
100|1000|PL03|17.12.2023|17.12.2023|5000011037|1|PETRL001|Benzin|261|240.953|L|23455.22|INR|V-IOCL1||KST-PRD-01|SL03|DRAO
100|1000|PL03|01.12.2023|01.12.2023|5000011038|1|PETRL001|Motorenbenzin|261|145.433|L|14045.93|INR|V-K007|Verbrauch Produktion Noida|KST-LOG-01|SL03|BCHATT
100|1000|PL03|22.12.2023|22.12.2023|5000011039|1|PETRL001|Benzin|261|96.771|L|9873.22|INR|V-K004|Nutzung Fahrzeugflotte Noida|KST-FAC-01|SL03|SPRIYA
100|1000|PL03|02.12.2023|29.11.2023|5000011040|1|PETRL001|Benzin|261|233.055|L|21623.12|INR|V-ESSAR|Entnahme Heizung Noida|KST-FAC-03|SL03|ASAXEN
100|1000|PL03|12.12.2023|09.12.2023|5000011041|1|CNGFUEL1|Komprimiertes Erdgas|261|131.186|KG|11368.05|INR|V-IOCL1|Auffuellung Heizung Noida|KST-PRD-01|SL03|TLAXMAN
100|1000|PL03|21.12.2023|19.12.2023|5000011042|1|CNGFUEL1|Erdgas CNG|261|238.056|KG|19955.16|INR|V-RELI1|Tanken Wartung Noida|KST-FAC-07|SL03|KVELU
100|1000|PL03|02.12.2023|29.11.2023|5000011043|1|CNGFUEL1|Komprimiertes Erdgas|261|232.593|KG|20205.66|INR|V-K008|Verbrauch Kantine Noida|KST-OPS-03|SL03|AKUMAR
100|1000|PL03|22.12.2023|19.12.2023|5000011044|1|CNGFUEL1|Erdgas CNG|261|207.252|KG|17814.03|INR|V-RELI1|Nutzung Notstromaggregat Noida|KST-FAC-01|SL03|RPANDEY
100|1000|PL03|07.01.2024|06.01.2024|5000011045|1|DIESEL001|Dieselkraftstoff|261|581.374|L|40041.55|INR|V-HPCL1|Entnahme Produktion Noida|KST-PRD-02|SL03|BCHATT
100|1000|PL03|15.01.2024|14.01.2024|5000011046|1|DIESEL001|Diesel|261|658.201|L|50678.35|INR|V-K004||KST-FAC-03|SL03|BCHATT
100|1000|PL03|01.01.2024|31.12.2023|5000011047|1|DIESEL001|Diesel|261|815.693|L|55680.91|INR|V-K001|Auffuellung Generator Noida|KST-FAC-05|SL03|GMISHRA
100|1000|PL03|08.01.2024|07.01.2024|5000011048|1|DIESEL001|Dieselkraftstoff|261|501.533|L|33367.78|INR|V-K010|Verbrauch Produktion Noida|KST-FAC-02|SL03|MGUPTA
100|1000|PL03|02.01.2024|02.01.2024|5000011049|1|DIESEL001|Dieselkraftstoff|261|545.955|L|40054.6|INR|V-K006|Verbrauch Fahrzeugflotte Noida|KST-OPS-03|SL03|RJOSHI
100|1000|PL03|13.01.2024|13.01.2024|5000011050|1|DIESEL001|Dieselkraftstoff|261|788.224|L|53298.35|INR|V-K010||KST-OPS-02|SL03|MGUPTA
100|1000|PL03|27.01.2024|24.01.2024|5000011051|1|PETRL001|Motorenbenzin|261|128.02|L|12190.95|INR|V-K010|Entnahme Notstromaggregat Noida|KST-FAC-03|SL03|VMEHTA
100|1000|PL03|05.01.2024|02.01.2024|5000011052|1|PETRL001|Motorenbenzin|261|118.053|L|11751.92|INR|V-K005|Tanken Wartung Noida|KST-OPS-03|SL03|RPANDEY
100|1000|PL03|26.01.2024|24.01.2024|5000011053|1|PETRL001|Benzin|261|87.234|L|8883.37|INR|V-K003|Entnahme Wartung Noida|KST-LOG-03|SL03|ASAXEN
100|1000|PL03|14.01.2024|11.01.2024|5000011054|1|PETRL001|Motorenbenzin|261|155.462|L|14598.55|INR|V-BPCL1|Verbrauch Heizung Noida|KST-FAC-01|SL03|MGUPTA
100|1000|PL03|28.01.2024|26.01.2024|5000011055|1|PETRL001|Motorenbenzin|261|173.195|L|16382.53|INR|V-K003|Entnahme Kantine Noida|KST-OPS-02|SL03|SPRIYA
100|1000|PL03|27.01.2024|24.01.2024|5000011056|1|CNGFUEL1|Komprimiertes Erdgas|261|139.882|KG|12631.76|INR|V-K007||KST-FAC-07|SL03|SNEHA
100|1000|PL03|07.01.2024|04.01.2024|5000011057|1|CNGFUEL1|Komprimiertes Erdgas|261|154.664|KG|13279.72|INR|V-HPCL1|Auffuellung Notstromaggregat Noida|KST-FAC-01|SL03|KVELU
100|1000|PL03|08.01.2024|07.01.2024|5000011058|1|CNGFUEL1|Erdgas CNG|261|163.243|KG|14125.03|INR|V-IOCL1|Tanken Fahrzeugflotte Noida|KST-PRD-02|SL03|AKUMAR
100|1000|PL03|28.01.2024|28.01.2024|5000011059|1|CNGFUEL1|Erdgas CNG|261|270.52|KG|24472.46|INR|V-K004|Nutzung Produktion Noida|KST-MNT-01|SL03|VMEHTA
100|1000|PL03|19.02.2024|16.02.2024|5000011060|1|DIESEL001|Diesel|261|503.172|L|35087.86|INR|V-ESSAR|Nutzung Wartung Noida|KST-OPS-03|SL03|SNEHA
100|1000|PL03|06.02.2024|03.02.2024|5000011061|1|DIESEL001|Diesel|261|713.978|L|55322.55|INR|V-K008||KST-PRD-02|SL03|AKUMAR
100|1000|PL03|13.02.2024|10.02.2024|5000011062|1|DIESEL001|Diesel|261|586.128|L|42783.09|INR|V-K008|Tanken Notstromaggregat Noida|KST-LOG-02|SL03|TLAXMAN
100|1000|PL03|22.02.2024|20.02.2024|5000011063|1|DIESEL001|Diesel|261|892.689|L|59840.17|INR|V-K007|Verbrauch Produktion Noida|KST-OPS-03|SL03|RPANDEY
100|1000|PL03|10.02.2024|10.02.2024|5000011064|1|DIESEL001|Diesel|261|661.688|L|43951.84|INR|V-K003|Nutzung Kantine Noida|KST-MNT-01|SL03|DRAO
100|1000|PL03|17.02.2024|17.02.2024|5000011065|1|DIESEL001|Diesel|261|491.141|L|36207.48|INR|V-K007|Entnahme Generator Noida|KST-OPS-01|SL03|DRAO
100|1000|PL03|11.02.2024|11.02.2024|5000011066|1|PETRL001|Benzin|261|228.247|L|20196.21|INR|V-K004|Tanken Kantine Noida|KST-FAC-07|SL03|RPANDEY
100|1000|PL03|23.02.2024|20.02.2024|5000011067|1|PETRL001|Motorenbenzin|261|142.355|L|14745.49|INR|V-K003|Verbrauch Notstromaggregat Noida|KST-PRD-01|SL03|DRAO
100|1000|PL03|10.02.2024|08.02.2024|5000011068|1|PETRL001|Benzin|261|235.271|L|21085.56|INR|V-K009||KST-OPS-02|SL03|RPANDEY
100|1000|PL03|05.02.2024|05.02.2024|5000011069|1|PETRL001|Benzin|261|92.65|L|8402.01|INR|V-RELI1|Auffuellung Generator Noida|KST-OPS-01|SL03|AKUMAR
100|1000|PL03|05.02.2024|02.02.2024|5000011070|1|PETRL001|Motorenbenzin|261|213.642|L|19269.14|INR|V-BPCL1|Tanken Fahrzeugflotte Noida|KST-OPS-02|SL03|RPANDEY
100|1000|PL03|14.02.2024|13.02.2024|5000011071|1|CNGFUEL1|Komprimiertes Erdgas|261|110.0|KG|9081.33|INR|V-K004|Verbrauch Notstromaggregat Noida|KST-FAC-07|SL03|BCHATT
100|1000|PL03|10.02.2024|10.02.2024|5000011072|1|CNGFUEL1|Erdgas CNG|261||KG||INR|V-K003|Verbrauch Generator Noida|KST-LOG-01|SL03|RPANDEY
100|1000|PL03|23.02.2024|23.02.2024|5000011073|1|CNGFUEL1|Komprimiertes Erdgas|261|137.41|KG|12599.25|INR|V-K010|Auffuellung Heizung Noida|KST-LOG-02|SL03|VMEHTA
100|1000|PL03|14.02.2024|12.02.2024|5000011074|1|CNGFUEL1|Erdgas CNG|261|247.089|KG|21522.9|INR|V-HPCL1|Entnahme Produktion Noida|KST-OPS-02|SL03|SNEHA
100|1000|PL03|24.03.2024|24.03.2024|5000011075|1|DIESEL001|Diesel|261|347.971|KG|25920.21|INR|V-K002|Auffuellung Generator Noida|KST-LOG-02|SL03|DRAO
100|1000|PL03|19.03.2024|17.03.2024|5000011076|1|DIESEL001|Diesel|261|570.472|L|40945.5|INR|V-K006|Nutzung DG-Set Noida|KST-PRD-01|SL03|MGUPTA
100|1000|PL03|02.03.2024|29.02.2024|5000011077|1|DIESEL001|Diesel|261|578.967|L|44509.88|INR|V-K008|Verbrauch Wartung Noida|KST-FAC-07|SL03|ASAXEN
100|1000|PL03|14.03.2024|14.03.2024|5000011078|1|DIESEL001|Dieselkraftstoff|261|772.959|L|58949.94|INR|V-K007|Verbrauch DG-Set Noida|KST-MNT-01|SL03|KVELU
100|1000|PL03|19.03.2024|18.03.2024|5000011079|1|DIESEL001|Dieselkraftstoff|261|356.908|L|24257.91|INR|V-K007|Nutzung Kantine Noida|KST-FAC-02|SL03|SNEHA
100|1000|PL03|08.03.2024|07.03.2024|5000011080|1|DIESEL001|Diesel|261|664.095|L|47318.39|INR|V-IOCL1|Tanken Produktion Noida|KST-FAC-03|SL03|RJOSHI
100|1000|PL03|23.03.2024|20.03.2024|5000011081|1|PETRL001|Motorenbenzin|261|104.051|L|9979.68|INR|V-K005|Auffuellung Wartung Noida|KST-OPS-03|SL03|NREDDY
100|1000|PL03|20.03.2024|20.03.2024|5000011082|1|PETRL001|Benzin|261|170.038|L|15992.88|INR|V-K010||KST-OPS-02|SL03|SPRIYA
100|1000|PL03|12.03.2024|09.03.2024|5000011083|1|PETRL001|Benzin|261|115.608|L|10625.02|INR|V-ESSAR|Nutzung Produktion Noida|KST-FAC-07|SL03|RPANDEY
100|1000|PL03|19.03.2024|17.03.2024|5000011084|1|PETRL001|Benzin|261|233.315|L|23407.4|INR|V-BPCL1|Verbrauch Notstromaggregat Noida|KST-LOG-02|SL03|TLAXMAN
100|1000|PL03|19.03.2024|16.03.2024|5000011085|1|PETRL001|Benzin|261|133.288|L|12558.45|INR|V-K009|Auffuellung Generator Noida|KST-FAC-07|SL03|SPRIYA
100|1000|PL03|15.03.2024|12.03.2024|5000011086|1|CNGFUEL1|Komprimiertes Erdgas|261|258.256|KG|20698.17|INR|V-K004||KST-LOG-03|SL03|PSINGH
100|1000|PL03|12.03.2024|09.03.2024|5000011087|1|CNGFUEL1|Komprimiertes Erdgas|261|256.737|KG|21769.22|INR|V-K004|Nutzung Generator Noida|KST-PRD-02|SL03|ASAXEN
100|1000|PL03|10.03.2024|10.03.2024|5000011088|1|CNGFUEL1|Komprimiertes Erdgas|261|204.7|KG|16698.58|INR|V-RELI1|Verbrauch Kantine Noida|KST-FAC-02|SL03|RJOSHI
100|1000|PL03|01.03.2024|01.03.2024|5000011089|1|CNGFUEL1|Erdgas CNG|261|115.742|KG|10483.14|INR|V-K009|Auffuellung Generator Noida|KST-LOG-02|SL03|SNEHA
100|1000|PL03|09.04.2024|06.04.2024|5000011090|1|DIESEL001|Diesel|261|418.668|L|29105.99|INR|V-K001|Nutzung Notstromaggregat Noida|KST-OPS-01|SL03|AKUMAR
100|1000|PL03|12.04.2024|11.04.2024|5000011091|1|DIESEL001|Diesel|261|799.083|L|53165.68|INR|V-K003|Tanken Kantine Noida|KST-LOG-02|SL03|DRAO
100|1000|PL03|11.04.2024|11.04.2024|5000011092|1|DIESEL001|Dieselkraftstoff|261|733.666|L|52795.86|INR|V-K002|Verbrauch Generator Noida|KST-OPS-03|SL03|MGUPTA
100|1000|PL03|25.04.2024|23.04.2024|5000011093|1|DIESEL001|Diesel|261|502.895|L|37661.71|INR|V-K009|Verbrauch Generator Noida|KST-LOG-03|SL03|GMISHRA
100|1000|PL03|27.04.2024|26.04.2024|5000011094|1|DIESEL001|Diesel|261|395.436|L|30150.82|INR|V-IOCL1|Verbrauch Notstromaggregat Noida|KST-OPS-01|SL03|MGUPTA
100|1000|PL03|02.04.2024|02.04.2024|5000011095|1|DIESEL001|Dieselkraftstoff|261|755.117|L|58321.41|INR|V-K007|Tanken Kantine Noida|KST-LOG-03|SL03|KVELU
100|1000|PL03|16.04.2024|16.04.2024|5000011096|1|PETRL001|Motorenbenzin|261|173.505|L|16895.45|INR|V-K001|Auffuellung DG-Set Noida|KST-PRD-01|SL03|DRAO
100|1000|PL03|13.04.2024|12.04.2024|5000011097|1|PETRL001|Benzin|261|171.159|L|17073.41|INR|V-K009|Nutzung Kantine Noida|KST-OPS-03|SL03|GMISHRA
100|1000|PL03|11.04.2024|10.04.2024|5000011098|1|PETRL001|Motorenbenzin|261|232.648|L|22871.88|INR|V-IOCL1|Verbrauch DG-Set Noida|KST-LOG-01|SL03|NREDDY
100|1000|PL03|04.04.2024|04.04.2024|5000011099|1|PETRL001|Motorenbenzin|261|216.788|L|22057.8|INR|V-BPCL1|Verbrauch Kantine Noida|KST-MNT-01|SL03|VMEHTA
100|1000|PL03|12.04.2024|09.04.2024|5000011100|1|PETRL001|Benzin|261|190.131|L|19392.14|INR|V-K001|Verbrauch Produktion Noida|KST-OPS-01|SL03|VMEHTA
100|1000|PL03|07.04.2024|04.04.2024|5000011101|1|CNGFUEL1|Erdgas CNG|261|243.994|KG|20376.98|INR|V-K008|Verbrauch Generator Noida|KST-LOG-02|SL03|MGUPTA
100|1000|PL03|20.04.2024|20.04.2024|5000011102|1|CNGFUEL1|Komprimiertes Erdgas|261|270.536|KG|24309.68|INR|V-K005|Verbrauch Generator Noida|KST-FAC-05|SL03|SPRIYA
100|1000|PL03|02.04.2024|31.03.2024|5000011103|1|CNGFUEL1|Komprimiertes Erdgas|261|229.154|KG|20231.8|INR|V-IOCL1|Tanken Kantine Noida|KST-FAC-02|SL03|RJOSHI
100|1000|PL03|05.04.2024|03.04.2024|5000011104|1|CNGFUEL1|Erdgas CNG|261|286.025|KG|25481.27|INR|V-BPCL1||KST-PRD-02|SL03|NREDDY
100|1000|PL03|16.05.2024|15.05.2024|5000011105|1|DIESEL001|Dieselkraftstoff|261|367.552|L|26274.24|INR|V-K005|Entnahme Generator Noida|KST-OPS-01|SL03|VMEHTA
100|1000|PL03|24.05.2024|23.05.2024|5000011106|1|DIESEL001|Dieselkraftstoff|261|339.095|L|22578.45|INR|V-K007|Tanken Generator Noida|KST-OPS-01|SL03|SNEHA
100|1000|PL03|25.05.2024|23.05.2024|5000011107|1|DIESEL001|Diesel|261|731.323|L|50694.66|INR|V-K004|Tanken Fahrzeugflotte Noida|KST-PRD-01|SL03|PSINGH
100|1000|PL03|28.05.2024|25.05.2024|5000011108|1|DIESEL001|Diesel|261|775.178|L|57978.59|INR|V-K006|Verbrauch Produktion Noida|KST-MNT-01|SL03|SPRIYA
100|1000|PL03|22.05.2024|20.05.2024|5000011109|1|DIESEL001|Dieselkraftstoff|261|492.427|L|34927.19|INR|V-K006|Entnahme Wartung Noida|KST-FAC-02|SL03|KVELU
100|1000|PL03|12.05.2024|09.05.2024|5000011110|1|DIESEL001|Dieselkraftstoff|261|661.291|L|46339.24|INR|V-HPCL1|Tanken Produktion Noida|KST-MNT-01|SL03|MGUPTA
100|1000|PL03|17.05.2024|16.05.2024|5000011111|1|PETRL001|Motorenbenzin|261|171.836|L|15597.35|INR|V-RELI1|Entnahme Generator Noida|KST-FAC-01|SL03|KVELU
100|1000|PL03|27.05.2024|24.05.2024|5000011112|1|PETRL001|Benzin|261|248.386|L|23919.72|INR|V-K009|Auffuellung Notstromaggregat Noida|KST-OPS-03|SL03|NREDDY
100|1000|PL03|04.05.2024|02.05.2024|5000011113|1|PETRL001|Motorenbenzin|261|173.237|L|17048.23|INR|V-BPCL1|Tanken Heizung Noida|KST-PRD-01|SL03|GMISHRA
100|1000|PL03|21.05.2024|18.05.2024|5000011114|1|PETRL001|Benzin|261|221.839|KG|20234.55|INR|V-K009|Tanken Kantine Noida|KST-OPS-02|SL03|KVELU
100|1000|PL03|08.05.2024|05.05.2024|5000011115|1|PETRL001|Motorenbenzin|261|220.289|L|19782.74|INR|V-K001|Tanken Generator Noida|KST-OPS-02|SL03|VMEHTA
100|1000|PL03|09.05.2024|06.05.2024|5000011116|1|CNGFUEL1|Komprimiertes Erdgas|261|184.384|KG|15429.4|INR|V-K007|Nutzung Notstromaggregat Noida|KST-FAC-01|SL03|DRAO
100|1000|PL03|21.05.2024|21.05.2024|5000011117|1|CNGFUEL1|Erdgas CNG|261|295.403|KG|24512.65|INR|V-HPCL1|Tanken Wartung Noida|KST-PRD-02|SL03|GMISHRA
100|1000|PL03|23.05.2024|21.05.2024|5000011118|1|CNGFUEL1|Erdgas CNG|261|298.928|KG|27290.23|INR|V-K005|Tanken Notstromaggregat Noida|KST-OPS-02|SL03|MGUPTA
100|1000|PL03|13.05.2024|11.05.2024|5000011119|1|CNGFUEL1|Komprimiertes Erdgas|261|220.722|KG|18229.67|INR|V-K008|Tanken DG-Set Noida|KST-LOG-02|SL03|PSINGH
100|1000|PL03|19.06.2024|19.06.2024|5000011120|1|DIESEL001|Diesel|261|341.46|L|23699.04|INR|V-K009||KST-PRD-01|SL03|NREDDY
100|1000|PL03|19.06.2024|19.06.2024|5000011121|1|DIESEL001|Diesel|261|404.351|L|30760.18|INR|V-K007|Tanken Heizung Noida|KST-LOG-03|SL03|AKUMAR
100|1000|PL03|16.06.2024|13.06.2024|5000011122|1|DIESEL001|Dieselkraftstoff|261|303.415|L|22918.26|INR|V-K001|Nutzung Notstromaggregat Noida|KST-OPS-03|SL03|VMEHTA
100|1000|PL03|08.06.2024|05.06.2024|5000011123|1|DIESEL001|Dieselkraftstoff|261|360.923|L|26985.82|INR|V-K008|Entnahme Fahrzeugflotte Noida|KST-FAC-03|SL03|SPRIYA
100|1000|PL03|23.06.2024|21.06.2024|5000011124|1|DIESEL001|Dieselkraftstoff|261|551.175|L|39280.08|INR|V-K002|Entnahme Heizung Noida|KST-LOG-03|SL03|VMEHTA
100|1000|PL03|05.06.2024|05.06.2024|5000011125|1|DIESEL001|Dieselkraftstoff|261|397.197|L|29351.53|INR|V-K006|Verbrauch Wartung Noida|KST-FAC-02|SL03|MGUPTA
100|1000|PL03|04.06.2024|04.06.2024|5000011126|1|PETRL001|Benzin|261|114.416|L|11417.39|INR|V-K009|Auffuellung Fahrzeugflotte Noida|KST-OPS-01|SL03|KVELU
100|1000|PL03|10.06.2024|09.06.2024|5000011127|1|PETRL001|Motorenbenzin|261|236.524|L|23800.66|INR|V-K008|Nutzung Generator Noida|KST-OPS-02|SL03|PSINGH
100|1000|PL03|05.06.2024|04.06.2024|5000011128|1|PETRL001|Benzin|261|226.402|L|21781.14|INR|V-K004|Auffuellung Heizung Noida|KST-PRD-02|SL03|NREDDY
100|1000|PL03|27.06.2024|25.06.2024|5000011129|1|PETRL001|Motorenbenzin|261|90.144|L|9167.06|INR|V-IOCL1|Nutzung Heizung Noida|KST-FAC-03|SL03|BCHATT
100|1000|PL03|24.06.2024|23.06.2024|5000011130|1|PETRL001|Motorenbenzin|261|184.532|L|18816.93|INR|V-K003|Entnahme Generator Noida|KST-LOG-02|SL03|PSINGH
100|1000|PL03|14.06.2024|14.06.2024|5000011131|1|CNGFUEL1|Erdgas CNG|261|113.267|KG|10231.01|INR|V-K006|Auffuellung Kantine Noida|KST-FAC-05|SL03|VMEHTA
100|1000|PL03|27.06.2024|25.06.2024|5000011132|1|CNGFUEL1|Erdgas CNG|261|271.076|KG|22996.44|INR|V-K010|Nutzung DG-Set Noida|KST-LOG-01|SL03|BCHATT
100|1000|PL03|16.06.2024|14.06.2024|5000011133|1|CNGFUEL1|Komprimiertes Erdgas|261|238.285|KG|20360.32|INR|V-IOCL1|Nutzung Heizung Noida|KST-FAC-02|SL03|VMEHTA
100|1000|PL03|11.06.2024|09.06.2024|5000011134|1|CNGFUEL1|Komprimiertes Erdgas|261|213.203|KG|17560.75|INR|V-K007|Verbrauch DG-Set Noida|KST-FAC-02|SL03|VMEHTA
100|1000|PL03|26.07.2024|24.07.2024|5000011135|1|DIESEL001|Dieselkraftstoff|261|712.262|L|51633.85|INR|V-K010|Auffuellung Heizung Noida|KST-OPS-03|SL03|MGUPTA
100|1000|PL03|07.07.2024|05.07.2024|5000011136|1|DIESEL001|Dieselkraftstoff|261|832.364|L|58731.59|INR|V-ESSAR|Verbrauch Kantine Noida|KST-FAC-07|SL03|TLAXMAN
100|1000|PL03|20.07.2024|20.07.2024|5000011137|1|DIESEL001|Diesel|261|374.658|L|27194.13|INR|V-HPCL1|Entnahme Kantine Noida|KST-FAC-02|SL03|RPANDEY
100|1000|PL03|17.07.2024|14.07.2024|5000011138|1|DIESEL001|Dieselkraftstoff|261|459.421|L|33756.35|INR|V-K007|Verbrauch Generator Noida|KST-FAC-03|SL03|GMISHRA
100|1000|PL03|12.07.2024|12.07.2024|5000011139|1|DIESEL001|Dieselkraftstoff|261|808.305|L|58649.49|INR|V-ESSAR|Tanken Fahrzeugflotte Noida|KST-LOG-03|SL03|BCHATT
100|1000|PL03|01.07.2024|01.07.2024|5000011140|1|DIESEL001|Diesel|261|886.102|L|61596.36|INR|V-K010|Nutzung Produktion Noida|KST-PRD-02|SL03|TLAXMAN
100|1000|PL03|27.07.2024|26.07.2024|5000011141|1|PETRL001|Benzin|261|83.902|L|8392.69|INR|V-K007|Verbrauch Generator Noida|KST-LOG-01|SL03|PSINGH
100|1000|PL03|19.07.2024|17.07.2024|5000011142|1|PETRL001|Motorenbenzin|261|101.176|L|9567.44|INR|V-ESSAR|Tanken Heizung Noida|KST-FAC-01|SL03|SNEHA
100|1000|PL03|22.07.2024|20.07.2024|5000011143|1|PETRL001|Motorenbenzin|261|178.538|L|16828.95|INR|V-K002|Verbrauch Wartung Noida|KST-PRD-01|SL03|GMISHRA
100|1000|PL03|28.07.2024|25.07.2024|5000011144|1|PETRL001|Benzin|261|172.015|L|17522.23|INR|V-K009||KST-FAC-03|SL03|DRAO
100|1000|PL03|17.07.2024|14.07.2024|5000011145|1|PETRL001|Motorenbenzin|261|183.114|L|18151.19|INR|V-K007|Verbrauch Produktion Noida|KST-PRD-02|SL03|SNEHA
100|1000|PL03|12.07.2024|09.07.2024|5000011146|1|CNGFUEL1|Erdgas CNG|261|149.753|KG|12180.94|INR|V-K001|Tanken Notstromaggregat Noida|KST-LOG-02|SL03|NREDDY
100|1000|PL03|23.07.2024|23.07.2024|5000011147|1|CNGFUEL1|Erdgas CNG|261|214.331|KG|16820.42|INR|V-K007|Verbrauch Kantine Noida|KST-FAC-05|SL03|AKUMAR
100|1000|PL03|12.07.2024|10.07.2024|5000011148|1|CNGFUEL1|Erdgas CNG|261|131.62|KG|11340.74|INR|V-K004|Auffuellung Fahrzeugflotte Noida|KST-OPS-01|SL03|ASAXEN
100|1000|PL03|25.07.2024|24.07.2024|5000011149|1|CNGFUEL1|Komprimiertes Erdgas|261|241.421|KG|20899.84|INR|V-K009|Auffuellung DG-Set Noida|KST-FAC-02|SL03|RPANDEY
100|1000|PL03|28.08.2024|25.08.2024|5000011150|1|DIESEL001|Diesel|261|822.605|L|58369.61|INR|V-RELI1|Verbrauch Kantine Noida|KST-LOG-02|SL03|AKUMAR
100|1000|PL03|18.08.2024|15.08.2024|5000011151|1|DIESEL001|Diesel|261|836.953|L|63227.64|INR|V-K002|Verbrauch Generator Noida|KST-OPS-02|SL03|KVELU
100|1000|PL03|25.08.2024|22.08.2024|5000011151|1|DIESEL001|Diesel|261|733.925|L|56496.35|INR|V-RELI1|Tanken Fahrzeugflotte Noida|KST-PRD-02|SL03|SNEHA
100|1000|PL03|13.08.2024|12.08.2024|5000011153|1|DIESEL001|Dieselkraftstoff|261|329.007|L|22294.83|INR|V-K010|Entnahme DG-Set Noida|KST-FAC-02|SL03|KVELU
100|1000|PL03|23.08.2024|23.08.2024|5000011154|1|DIESEL001|Dieselkraftstoff|261|397.252|L|26507.43|INR|V-K005|Entnahme Wartung Noida|KST-LOG-01|SL03|SPRIYA
100|1000|PL03|17.08.2024|14.08.2024|5000011155|1|DIESEL001|Diesel|261|771.831|L|58573.85|INR|V-ESSAR|Entnahme DG-Set Noida|KST-OPS-03|SL03|GMISHRA
100|1000|PL03|26.08.2024|26.08.2024|5000011156|1|PETRL001|Benzin|261|92.481|L|9363.91|INR|V-K007|Auffuellung Notstromaggregat Noida|KST-FAC-02|SL03|GMISHRA
100|1000|PL03|07.08.2024|07.08.2024|5000011157|1|PETRL001|Benzin|261|154.041|L|13953.12|INR|V-BPCL1|Entnahme Heizung Noida|KST-LOG-03|SL03|SNEHA
100|1000|PL03|05.08.2024|05.08.2024|5000011158|1|PETRL001|Benzin|261|233.623|L|22066.23|INR|V-K004|Tanken Heizung Noida|KST-OPS-03|SL03|SPRIYA
100|1000|PL03|05.08.2024|05.08.2024|5000011159|1|PETRL001|Motorenbenzin|261|143.586|L|14687.16|INR|V-K002|Nutzung Notstromaggregat Noida|KST-FAC-02|SL03|TLAXMAN
100|1000|PL03|02.08.2024|30.07.2024|5000011160|1|PETRL001|Benzin|261|139.922|L|14339.44|INR|V-K003|Tanken Fahrzeugflotte Noida|KST-PRD-01|SL03|BCHATT
100|1000|PL03|17.08.2024|16.08.2024|5000011161|1|CNGFUEL1|Erdgas CNG|261|104.828|KG|9335.96|INR|V-K005|Nutzung Generator Noida|KST-OPS-01|SL03|DRAO
100|1000|PL03|15.08.2024|12.08.2024|5000011162|1|CNGFUEL1|Erdgas CNG|261|252.728|KG|22441.89|INR|V-K002|Entnahme Kantine Noida|KST-MNT-01|SL03|SNEHA
100|1000|PL03|05.08.2024|04.08.2024|5000011163|1|CNGFUEL1|Komprimiertes Erdgas|261|118.638|KG|9913.85|INR|V-K003|Entnahme DG-Set Noida|KST-FAC-05|SL03|PSINGH
100|1000|PL03|14.08.2024|12.08.2024|5000011164|1|CNGFUEL1|Komprimiertes Erdgas|261|100.113|KG|8998.18|INR|V-K002|Verbrauch Notstromaggregat Noida|KST-FAC-07|SL03|PSINGH
100|1000|PL03|04.09.2024|04.09.2024|5000011165|1|DIESEL001|Diesel|261|787.014|L|58731.44|INR|V-K005|Auffuellung Produktion Noida|KST-LOG-01|SL03|TLAXMAN
100|1000|PL03|17.09.2024|16.09.2024|5000011166|1|DIESEL001|Diesel|261|783.713|L|54127.78|INR|V-K005|Entnahme Fahrzeugflotte Noida|KST-LOG-01|SL03|DRAO
100|1000|PL03|19.09.2024|17.09.2024|5000011167|1|DIESEL001|Diesel|261|363.898|L|25042.06|INR|V-K004|Nutzung Produktion Noida|KST-OPS-03|SL03|SPRIYA
100|1000|PL03|14.09.2024|11.09.2024|5000011168|1|DIESEL001|Diesel|261|639.944|L|44177.6|INR|V-IOCL1|Tanken Wartung Noida|KST-PRD-02|SL03|AKUMAR
100|1000|PL03|13.09.2024|10.09.2024|5000011169|1|DIESEL001|Dieselkraftstoff|261|548.534|L|38444.12|INR|V-K008|Entnahme Heizung Noida|KST-FAC-07|SL03|RPANDEY
100|1000|PL03|13.09.2024|10.09.2024|5000011170|1|DIESEL001|Dieselkraftstoff|261|471.881|L|32153.77|INR|V-K007|Tanken Fahrzeugflotte Noida|KST-OPS-02|SL03|ASAXEN
100|1000|PL03|05.09.2024|02.09.2024|5000011171|1|PETRL001|Motorenbenzin|261|232.419|L|23360.33|INR|V-K001|Verbrauch Kantine Noida|KST-FAC-07|SL03|RJOSHI
100|1000|PL03|27.09.2024|25.09.2024|5000011172|1|PETRL001|Motorenbenzin|261|193.23|L|17556.45|INR|V-K010|Verbrauch DG-Set Noida|KST-OPS-01|SL03|AKUMAR
100|1000|PL03|13.09.2024|10.09.2024|5000011173|1|PETRL001|Benzin|261|125.446|L|12691.88|INR|V-K003|Auffuellung DG-Set Noida|KST-FAC-07|SL03|AKUMAR
100|1000|PL03|21.09.2024|21.09.2024|5000011174|1|PETRL001|Motorenbenzin|261|183.102|L|16261.66|INR|V-BPCL1|Nutzung Kantine Noida|KST-PRD-02|SL03|SPRIYA
100|1000|PL03|10.09.2024|07.09.2024|5000011175|1|PETRL001|Motorenbenzin|261|217.184|L|22466.26|INR|V-K004|Tanken Generator Noida|KST-OPS-03|SL03|SPRIYA
100|1000|PL03|02.09.2024|02.09.2024|5000011176|1|CNGFUEL1|Komprimiertes Erdgas|261|121.535|KG|9750.86|INR|V-BPCL1|Entnahme Wartung Noida|KST-LOG-02|SL03|DRAO
100|1000|PL03|14.09.2024|14.09.2024|5000011177|1|CNGFUEL1|Erdgas CNG|261|287.487|KG|24331.72|INR|V-K004||KST-OPS-02|SL03|DRAO
100|1000|PL03|27.09.2024|25.09.2024|5000011178|1|CNGFUEL1|Erdgas CNG|261|137.312|KG|11967.19|INR|V-K006|Entnahme Produktion Noida|KST-OPS-03|SL03|SPRIYA
100|1000|PL03|25.09.2024|24.09.2024|5000011179|1|CNGFUEL1|Komprimiertes Erdgas|261|273.835|KG|22347.17|INR|V-K006|Verbrauch Notstromaggregat Noida|KST-OPS-01|SL03|SNEHA
100|1000|PL03|09.10.2024|08.10.2024|5000011180|1|DIESEL001|Dieselkraftstoff|261|550.722|L|40486.5|INR|V-K006|Nutzung Heizung Noida|KST-OPS-01|SL03|DRAO
100|1000|PL03|07.10.2024|06.10.2024|5000011181|1|DIESEL001|Diesel|261|708.213|L|52982.47|INR|V-K009|Verbrauch Wartung Noida|KST-LOG-02|SL03|TLAXMAN
100|1000|PL03|25.10.2024|25.10.2024|5000011182|1|DIESEL001|Diesel|261|878.486|L|61127.71|INR|V-K005|Tanken Notstromaggregat Noida|KST-OPS-01|SL03|DRAO
100|1000|PL03|27.10.2024|24.10.2024|5000011183|1|DIESEL001|Diesel|261|848.463|L|58459.52|INR|V-K008|Tanken Heizung Noida|KST-FAC-02|SL03|VMEHTA
100|1000|PL03|22.10.2024|20.10.2024|5000011184|1|DIESEL001|Diesel|261|459.22|L|30633.22|INR|V-K007||KST-FAC-05|SL03|RJOSHI
100|1000|PL03|03.10.2024|01.10.2024|5000011185|1|DIESEL001|Diesel|261|309.806|L|23136.71|INR|V-HPCL1|Nutzung Heizung Noida|KST-LOG-03|SL03|TLAXMAN
100|1000|PL03|18.10.2024|16.10.2024|5000011186|1|PETRL001|Benzin|261|225.39|L|21253.25|INR|V-IOCL1|Tanken Produktion Noida|KST-OPS-01|SL03|PSINGH
100|1000|PL03|21.10.2024|20.10.2024|5000011187|1|PETRL001|Motorenbenzin|261|83.517|L|8337.58|INR|V-IOCL1|Entnahme Heizung Noida|KST-FAC-05|SL03|VMEHTA
100|1000|PL03|24.10.2024|23.10.2024|5000011188|1|PETRL001|Motorenbenzin|261|96.593|L|8990.28|INR|V-K002|Tanken Heizung Noida|KST-OPS-03|SL03|AKUMAR
100|1000|PL03|03.10.2024|01.10.2024|5000011189|1|PETRL001|Benzin|261|99.273|L|8952.97|INR|V-K008|Nutzung Kantine Noida|KST-OPS-02|SL03|MGUPTA
100|1000|PL03|26.10.2024|26.10.2024|5000011190|1|PETRL001|Motorenbenzin|261|214.13|L|20187.72|INR|V-BPCL1|Tanken Generator Noida|KST-LOG-02|SL03|RJOSHI
100|1000|PL03|06.10.2024|05.10.2024|5000011191|1|CNGFUEL1|Erdgas CNG|261|132.068|KG|11288.3|INR|V-IOCL1|Entnahme Wartung Noida|KST-OPS-01|SL03|DRAO
100|1000|PL03|04.10.2024|01.10.2024|5000011192|1|CNGFUEL1|Komprimiertes Erdgas|261|133.505|KG|11317.83|INR|V-BPCL1|Entnahme Notstromaggregat Noida|KST-MNT-01|SL03|PSINGH
100|1000|PL03|13.10.2024|11.10.2024|5000011193|1|CNGFUEL1|Erdgas CNG|261|139.823|KG|11795.41|INR|V-IOCL1|Entnahme Fahrzeugflotte Noida|KST-FAC-03|SL03|RPANDEY
100|1000|PL03|11.10.2024|08.10.2024|5000011194|1|CNGFUEL1|Komprimiertes Erdgas|261|126.816|KG|10814.74|INR|V-K008|Auffuellung Generator Noida|KST-LOG-01|SL03|SPRIYA
100|1000|PL03|20.11.2024|20.11.2024|5000011195|1|DIESEL001|Diesel|261|447.623|L|31845.41|INR|V-K005|Entnahme DG-Set Noida|KST-OPS-03|SL03|NREDDY
100|1000|PL03|09.11.2024|07.11.2024|5000011196|1|DIESEL001|Diesel|261|888.786|L|62597.91|INR|V-K007|Auffuellung DG-Set Noida|KST-OPS-01|SL03|RJOSHI
100|1000|PL03|23.11.2024|23.11.2024|5000011197|1|DIESEL001|Dieselkraftstoff|261|858.846|L|65315.31|INR|V-K005|Tanken DG-Set Noida|KST-FAC-03|SL03|KVELU
100|1000|PL03|19.11.2024|18.11.2024|5000011198|1|DIESEL001|Dieselkraftstoff|261|438.912|L|33328.21|INR|V-RELI1|Nutzung Kantine Noida|KST-PRD-02|SL03|AKUMAR
100|1000|PL03|18.11.2024|16.11.2024|5000011199|1|DIESEL001|Dieselkraftstoff|261|837.195|L|55848.69|INR|V-IOCL1|Verbrauch Generator Noida|KST-FAC-02|SL03|DRAO
100|1000|PL03|04.11.2024|04.11.2024|5000011200|1|DIESEL001|Dieselkraftstoff|261|834.841|L|63085.13|INR|V-K003|Verbrauch Generator Noida|KST-LOG-01|SL03|TLAXMAN
100|1000|PL03|11.11.2024|10.11.2024|5000011201|1|PETRL001|Benzin|261|190.243|L|19334.85|INR|V-K004|Nutzung Heizung Noida|KST-PRD-01|SL03|BCHATT
100|1000|PL03|14.11.2024|14.11.2024|5000011202|1|PETRL001|Motorenbenzin|261|178.037|L|18026.36|INR|V-K007|Verbrauch Kantine Noida|KST-LOG-02|SL03|PSINGH
100|1000|PL03|12.11.2024|11.11.2024|5000011203|1|PETRL001|Motorenbenzin|261|245.533|L|23866.59|INR|V-ESSAR|Nutzung Notstromaggregat Noida|KST-PRD-01|SL03|AKUMAR
100|1000|PL03|01.11.2024|01.11.2024|5000011204|1|PETRL001|Motorenbenzin|261|180.425|L|17850.95|INR|V-K010|Tanken Heizung Noida|KST-LOG-03|SL03|AKUMAR
100|1000|PL03|08.11.2024|08.11.2024|5000011205|1|PETRL001|Benzin|261|196.292|L|17994.2|INR|V-IOCL1|Tanken Wartung Noida|KST-PRD-01|SL03|PSINGH
100|1000|PL03|04.11.2024|02.11.2024|5000011206|1|CNGFUEL1|Komprimiertes Erdgas|261|189.415|KG|16481.44|INR|V-K007|Auffuellung Notstromaggregat Noida|KST-LOG-03|SL03|GMISHRA
100|1000|PL03|22.11.2024|21.11.2024|5000011207|1|CNGFUEL1|Komprimiertes Erdgas|261|141.356|KG|12726.47|INR|V-K008|Auffuellung Fahrzeugflotte Noida|KST-FAC-02|SL03|SPRIYA
100|1000|PL03|14.11.2024|11.11.2024|5000011208|1|CNGFUEL1|Komprimiertes Erdgas|261|112.281|KG|8871.37|INR|V-K007|Auffuellung DG-Set Noida|KST-FAC-02|SL03|AKUMAR
100|1000|PL03|14.11.2024|14.11.2024|5000011209|1|CNGFUEL1|Erdgas CNG|261|257.139|KG|22159.26|INR|V-K008|Entnahme Wartung Noida|KST-PRD-01|SL03|PSINGH
100|1000|PL03|09.12.2024|08.12.2024|5000011210|1|DIESEL001|Diesel|261|432.339|L|28723.53|INR|V-K004|Verbrauch Generator Noida|KST-LOG-01|SL03|MGUPTA
100|1000|PL03|09.12.2024|07.12.2024|5000011211|1|DIESEL001|Diesel|261|713.945|L|52705.95|INR|V-K001|Tanken Heizung Noida|KST-LOG-02|SL03|AKUMAR
100|1000|PL03|10.12.2024|08.12.2024|5000011212|1|DIESEL001|Dieselkraftstoff|261|754.642|L|54820.7|INR|V-K009|Nutzung Fahrzeugflotte Noida|KST-OPS-03|SL03|RPANDEY
100|1000|PL03|05.12.2024|05.12.2024|5000011213|1|DIESEL001|Diesel|261|761.096|L|54095.08|INR|V-K003|Entnahme Kantine Noida|KST-PRD-01|SL03|AKUMAR
100|1000|PL03|23.12.2024|21.12.2024|5000011214|1|DIESEL001|Dieselkraftstoff|261|677.308|L|52360.47|INR|V-K007|Verbrauch Produktion Noida|KST-LOG-02|SL03|SPRIYA
100|1000|PL03|02.12.2024|30.11.2024|5000011215|1|DIESEL001|Diesel|261|582.83|L|40845.37|INR|V-K001|Verbrauch Heizung Noida|KST-OPS-02|SL03|BCHATT
100|1000|PL03|14.12.2024|14.12.2024|5000011216|1|PETRL001|Benzin|261|159.404|L|15887.02|INR|V-K009|Verbrauch Heizung Noida|KST-PRD-01|SL03|SPRIYA
100|1000|PL03|12.12.2024|12.12.2024|5000011217|1|PETRL001|Benzin|261|123.598|L|11692.91|INR|V-ESSAR|Verbrauch Generator Noida|KST-FAC-01|SL03|SPRIYA
100|1000|PL03|03.12.2024|01.12.2024|5000011218|1|PETRL001|Benzin|261|87.509|L|8456.07|INR|V-K001|Verbrauch Wartung Noida|KST-MNT-01|SL03|RPANDEY
100|1000|PL03|11.12.2024|11.12.2024|5000011219|1|PETRL001|Benzin|261|165.629|KG|16092.91|INR|V-ESSAR|Verbrauch Fahrzeugflotte Noida|KST-PRD-02|SL03|DRAO
100|1000|PL03|24.12.2024|24.12.2024|5000011220|1|PETRL001|Benzin|261|193.441|L|19528.01|INR|V-K003|Verbrauch Kantine Noida|KST-MNT-01|SL03|PSINGH
100|1000|PL03|15.12.2024|15.12.2024|5000011221|1|CNGFUEL1|Erdgas CNG|261|145.125|KG|11581.43|INR|V-IOCL1|Entnahme DG-Set Noida|KST-PRD-02|SL03|KVELU
100|1000|PL03|23.12.2024|23.12.2024|5000011222|1|CNGFUEL1|Komprimiertes Erdgas|261||KG||INR|V-IOCL1|Verbrauch Heizung Noida|KST-FAC-05|SL03|ASAXEN
100|1000|PL03|03.12.2024|02.12.2024|5000011223|1|CNGFUEL1|Erdgas CNG|261|121.688|KG|10860.82|INR|V-K009|Nutzung Produktion Noida|KST-LOG-03|SL03|RPANDEY
100|1000|PL03|15.12.2024|14.12.2024|5000011224|1|CNGFUEL1|Komprimiertes Erdgas|261|290.724|KG|25150.21|INR|V-K005|Tanken Heizung Noida|KST-FAC-01|SL03|TLAXMAN
100|2000|PL04|13.01.2023|11.01.2023|5000011225|1|DIESEL001|Diesel|261|1272.558|L|85628.65|INR|V-K003|Nutzung Generator Bengaluru|KST-OPS-01|SL04|RPANDEY
100|2000|PL04|18.01.2023|15.01.2023|5000011226|1|DIESEL001|Diesel|261|1409.333|L|105329.73|INR|V-K009|Verbrauch Fahrzeugflotte Bengaluru|KST-FAC-01|SL04|RPANDEY
100|2000|PL04|17.01.2023|17.01.2023|5000011227|1|DIESEL001|Dieselkraftstoff|261|1039.003|L|75108.36|INR|V-K009|Entnahme Notstromaggregat Bengaluru|KST-MNT-01|SL04|SNEHA
100|2000|PL04|28.01.2023|27.01.2023|5000011228|1|DIESEL001|Dieselkraftstoff|261|1302.87|L|95851.62|INR|V-K002|Tanken Produktion Bengaluru|KST-PRD-01|SL04|GMISHRA
100|2000|PL04|15.01.2023|14.01.2023|5000011229|1|DIESEL001|Diesel|261|1492.752|KG|99449.2|INR|V-IOCL1|Tanken Generator Bengaluru|KST-OPS-01|SL04|BCHATT
100|2000|PL04|11.01.2023|10.01.2023|5000011230|1|DIESEL001|Dieselkraftstoff|261|582.633|L|44990.68|INR|V-K009|Nutzung Fahrzeugflotte Bengaluru|KST-FAC-03|SL04|NREDDY
100|2000|PL04|24.01.2023|23.01.2023|5000011231|1|DIESEL001|Diesel|261|812.844|L|61284.23|INR|V-K005|Verbrauch Notstromaggregat Bengaluru|KST-OPS-03|SL04|VMEHTA
100|2000|PL04|10.01.2023|07.01.2023|5000011232|1|DIESEL001|Dieselkraftstoff|261|650.577|L|45260.0|INR|V-K007|Entnahme Fahrzeugflotte Bengaluru|KST-OPS-01|SL04|SPRIYA
100|2000|PL04|02.01.2023|02.01.2023|5000011233|1|CNGFUEL1|Komprimiertes Erdgas|261|315.509|KG|26294.33|INR|V-BPCL1|Entnahme Wartung Bengaluru|KST-FAC-02|SL04|MGUPTA
100|2000|PL04|19.01.2023|19.01.2023|5000011234|1|CNGFUEL1|Komprimiertes Erdgas|261|253.243|KG|21565.89|INR|V-K001|Nutzung Wartung Bengaluru|KST-FAC-02|SL04|DRAO
100|2000|PL04|24.01.2023|24.01.2023|5000011235|1|CNGFUEL1|Komprimiertes Erdgas|261|306.254|KG|24815.05|INR|V-K009|Tanken DG-Set Bengaluru|KST-LOG-02|SL04|SPRIYA
100|2000|PL04|05.01.2023|05.01.2023|5000011236|1|CNGFUEL1|Komprimiertes Erdgas|261|216.953|KG|17326.9|INR|V-K002|Tanken Kantine Bengaluru|KST-LOG-01|SL04|RPANDEY
100|2000|PL04|21.01.2023|19.01.2023|5000011237|1|CNGFUEL1|Komprimiertes Erdgas|261|286.869|KG|25868.18|INR|V-BPCL1|Tanken Wartung Bengaluru|KST-FAC-01|SL04|KVELU
100|2000|PL04|09.01.2023|08.01.2023|5000011238|1|PETRL001|Benzin|261|154.22|L|14568.43|INR|V-K009|Auffuellung Wartung Bengaluru|KST-LOG-03|SL04|TLAXMAN
100|2000|PL04|10.01.2023|09.01.2023|5000011239|1|PETRL001|Benzin|261|93.98|L|9335.31|INR|V-K009|Auffuellung Generator Bengaluru|KST-FAC-01|SL04|GMISHRA
100|2000|PL04|15.01.2023|15.01.2023|5000011240|1|PETRL001|Motorenbenzin|261|100.828|L|9508.94|INR|V-HPCL1|Verbrauch Wartung Bengaluru|KST-MNT-01|SL04|VMEHTA
100|2000|PL04|26.01.2023|25.01.2023|5000011241|1|PETRL001|Motorenbenzin|261|107.59|L|9987.93|INR|V-K001|Auffuellung Wartung Bengaluru|KST-OPS-02|SL04|NREDDY
100|2000|PL04|26.02.2023|24.02.2023|5000011242|1|DIESEL001|Diesel|261|1012.98|L|73288.79|INR|V-K004|Nutzung DG-Set Bengaluru|KST-OPS-02|SL04|BCHATT
100|2000|PL04|27.02.2023|25.02.2023|5000011243|1|DIESEL001|Diesel|261|1225.495|L|89789.93|INR|V-K006|Tanken Kantine Bengaluru|KST-FAC-02|SL04|RJOSHI
100|2000|PL04|08.02.2023|07.02.2023|5000011244|1|DIESEL001|Dieselkraftstoff|261|708.937|L|49859.77|INR|V-K006|Verbrauch DG-Set Bengaluru|KST-PRD-01|SL04|RPANDEY
100|2000|PL04|26.02.2023|26.02.2023|5000011245|1|DIESEL001|Dieselkraftstoff|261|594.575|L|42988.94|INR|V-K009|Verbrauch Generator Bengaluru|KST-LOG-02|SL04|RJOSHI
100|2000|PL04|21.02.2023|20.02.2023|5000011246|1|DIESEL001|Diesel|261|716.782|L|50146.92|INR|V-RELI1|Tanken Notstromaggregat Bengaluru|KST-PRD-01|SL04|RJOSHI
100|2000|PL04|25.02.2023|23.02.2023|5000011247|1|DIESEL001|Diesel|261|595.308|L|45319.92|INR|V-K009||KST-OPS-01|SL04|RPANDEY
100|2000|PL04|06.02.2023|05.02.2023|5000011248|1|DIESEL001|Dieselkraftstoff|261||L||INR|V-K002|Nutzung Fahrzeugflotte Bengaluru|KST-OPS-03|SL04|MGUPTA
100|2000|PL04|08.02.2023|05.02.2023|5000011249|1|DIESEL001|Diesel|261|972.273|L|67359.05|INR|V-K002|Nutzung Heizung Bengaluru|KST-FAC-05|SL04|BCHATT
100|2000|PL04|13.02.2023|11.02.2023|5000011250|1|CNGFUEL1|Erdgas CNG|261|183.482|KG|15124.92|INR|V-K009|Tanken Kantine Bengaluru|KST-PRD-02|SL04|NREDDY
100|2000|PL04|08.02.2023|07.02.2023|5000011251|1|CNGFUEL1|Erdgas CNG|261|282.472|KG|22190.64|INR|V-K004|Verbrauch DG-Set Bengaluru|KST-MNT-01|SL04|SNEHA
100|2000|PL04|03.02.2023|02.02.2023|5000011252|1|CNGFUEL1|Erdgas CNG|261|218.755|KG|17334.96|INR|V-BPCL1|Nutzung Wartung Bengaluru|KST-PRD-01|SL04|ASAXEN
100|2000|PL04|24.02.2023|24.02.2023|5000011253|1|CNGFUEL1|Erdgas CNG|261|307.619|KG|25467.74|INR|V-K007||KST-PRD-01|SL04|KVELU
100|2000|PL04|23.02.2023|23.02.2023|5000011254|1|CNGFUEL1|Komprimiertes Erdgas|261|336.586|KG|30196.11|INR|V-RELI1|Auffuellung Wartung Bengaluru|KST-LOG-01|SL04|RJOSHI
100|2000|PL04|13.02.2023|13.02.2023|5000011255|1|PETRL001|Benzin|261|114.08|L|10202.9|INR|V-K003|Auffuellung Produktion Bengaluru|KST-FAC-01|SL04|KVELU
100|2000|PL04|02.02.2023|30.01.2023|5000011256|1|PETRL001|Benzin|261|121.074|L|11858.13|INR|V-IOCL1|Nutzung Kantine Bengaluru|KST-OPS-03|SL04|RPANDEY
100|2000|PL04|10.02.2023|10.02.2023|5000011257|1|PETRL001|Benzin|261|93.894|L|8299.87|INR|V-K004|Nutzung DG-Set Bengaluru|KST-FAC-02|SL04|DRAO
100|2000|PL04|14.02.2023|14.02.2023|5000011258|1|PETRL001|Benzin|261|92.725|L|9220.43|INR|V-K008||KST-PRD-01|SL04|BCHATT
100|2000|PL04|27.03.2023|27.03.2023|5000011259|1|DIESEL001|Diesel|261|1493.191|L|100024.32|INR|V-ESSAR|Auffuellung DG-Set Bengaluru|KST-PRD-01|SL04|RJOSHI
100|2000|PL04|13.03.2023|10.03.2023|5000011260|1|DIESEL001|Diesel|261|1369.58|L|103820.81|INR|V-BPCL1|Entnahme Generator Bengaluru|KST-LOG-03|SL04|BCHATT
100|2000|PL04|17.03.2023|15.03.2023|5000011261|1|DIESEL001|Dieselkraftstoff|261|1035.265|L|73156.81|INR|V-K006|Nutzung Kantine Bengaluru|KST-OPS-02|SL04|TLAXMAN
100|2000|PL04|19.03.2023|18.03.2023|5000011262|1|DIESEL001|Dieselkraftstoff|261|1390.54|L|105552.31|INR|V-HPCL1|Entnahme Fahrzeugflotte Bengaluru|KST-PRD-02|SL04|SNEHA
100|2000|PL04|14.03.2023|14.03.2023|5000011263|1|DIESEL001|Diesel|261|655.001|L|46836.98|INR|V-IOCL1|Auffuellung Heizung Bengaluru|KST-OPS-03|SL04|SPRIYA
100|2000|PL04|17.03.2023|16.03.2023|5000011264|1|DIESEL001|Diesel|261|1170.147|L|82387.66|INR|V-K003|Auffuellung Fahrzeugflotte Bengaluru|KST-LOG-01|SL04|NREDDY
100|2000|PL04|12.03.2023|09.03.2023|5000011265|1|DIESEL001|Dieselkraftstoff|261|1481.598|L|107806.12|INR|V-HPCL1|Nutzung Produktion Bengaluru|KST-PRD-02|SL04|ASAXEN
100|2000|PL04|18.03.2023|17.03.2023|5000011266|1|DIESEL001|Diesel|261|1160.919|L|84263.07|INR|V-IOCL1|Nutzung Notstromaggregat Bengaluru|KST-MNT-01|SL04|AKUMAR
100|2000|PL04|26.03.2023|23.03.2023|5000011267|1|CNGFUEL1|Komprimiertes Erdgas|261|318.003|KG|25498.04|INR|V-K010|Verbrauch Kantine Bengaluru|KST-PRD-02|SL04|DRAO
100|2000|PL04|13.03.2023|12.03.2023|5000011268|1|CNGFUEL1|Komprimiertes Erdgas|261|296.903|KG|26649.06|INR|V-RELI1|Entnahme Heizung Bengaluru|KST-MNT-01|SL04|RJOSHI
100|2000|PL04|01.03.2023|01.03.2023|5000011269|1|CNGFUEL1|Erdgas CNG|261|300.098|KG|25056.47|INR|V-HPCL1|Tanken Heizung Bengaluru|KST-LOG-01|SL04|GMISHRA
100|2000|PL04|27.03.2023|25.03.2023|5000011270|1|CNGFUEL1|Komprimiertes Erdgas|261|161.979|KG|13829.48|INR|V-K005|Auffuellung Fahrzeugflotte Bengaluru|KST-LOG-02|SL04|NREDDY
100|2000|PL04|15.03.2023|12.03.2023|5000011271|1|CNGFUEL1|Komprimiertes Erdgas|261|365.725|KG|32936.11|INR|V-IOCL1|Verbrauch Kantine Bengaluru|KST-OPS-01|SL04|SNEHA
100|2000|PL04|09.03.2023|09.03.2023|5000011272|1|PETRL001|Motorenbenzin|261|121.691|L|11478.11|INR|V-ESSAR|Entnahme DG-Set Bengaluru|KST-PRD-01|SL04|SNEHA
100|2000|PL04|20.03.2023|19.03.2023|5000011273|1|PETRL001|Motorenbenzin|261|62.725|L|6258.48|INR|V-K008|Verbrauch Generator Bengaluru|KST-FAC-05|SL04|RPANDEY
100|2000|PL04|25.03.2023|23.03.2023|5000011274|1|PETRL001|Benzin|261|115.619|L|11158.98|INR|V-K004|Verbrauch Produktion Bengaluru|KST-FAC-01|SL04|SPRIYA
100|2000|PL04|12.03.2023|11.03.2023|5000011275|1|PETRL001|Benzin|261|108.264|L|9742.66|INR|V-K001|Verbrauch Generator Bengaluru|KST-MNT-01|SL04|PSINGH
100|2000|PL04|03.04.2023|02.04.2023|5000011276|1|DIESEL001|Dieselkraftstoff|261|879.83|L|62556.16|INR|V-K006|Nutzung Produktion Bengaluru|KST-FAC-07|SL04|SNEHA
100|2000|PL04|13.04.2023|13.04.2023|5000011277|1|DIESEL001|Dieselkraftstoff|261|718.254|L|53103.34|INR|V-K001|Auffuellung Fahrzeugflotte Bengaluru|KST-OPS-03|SL04|BCHATT
100|2000|PL04|05.04.2023|02.04.2023|5000011278|1|DIESEL001|Diesel|261|1010.269|L|68020.23|INR|V-K004|Tanken Wartung Bengaluru|KST-FAC-01|SL04|SPRIYA
100|2000|PL04|16.04.2023|16.04.2023|5000011279|1|DIESEL001|Dieselkraftstoff|261|1405.043|L|101157.57|INR|V-K002|Tanken Notstromaggregat Bengaluru|KST-MNT-01|SL04|RJOSHI
100|2000|PL04|27.04.2023|26.04.2023|5000011280|1|DIESEL001|Dieselkraftstoff|261|1128.266|L|86831.74|INR|V-K006|Nutzung Notstromaggregat Bengaluru|KST-MNT-01|SL04|BCHATT
100|2000|PL04|08.04.2023|05.04.2023|5000011281|1|DIESEL001|Dieselkraftstoff|261|1374.733|L|104945.64|INR|V-IOCL1||KST-FAC-05|SL04|DRAO
100|2000|PL04|08.04.2023|05.04.2023|5000011282|1|DIESEL001|Dieselkraftstoff|261|992.826|L|71993.56|INR|V-ESSAR|Tanken Wartung Bengaluru|KST-FAC-07|SL04|AKUMAR
100|2000|PL04|28.04.2023|25.04.2023|5000011283|1|DIESEL001|Dieselkraftstoff|261|1400.313|L|105784.71|INR|V-HPCL1|Tanken DG-Set Bengaluru|KST-FAC-05|SL04|RJOSHI
100|2000|PL04|06.04.2023|05.04.2023|5000011284|1|CNGFUEL1|Erdgas CNG|261|231.973|KG|21270.36|INR|V-K001|Entnahme Generator Bengaluru|KST-FAC-03|SL04|KVELU
100|2000|PL04|22.04.2023|20.04.2023|5000011285|1|CNGFUEL1|Erdgas CNG|261|292.358|KG|24941.23|INR|V-K010|Entnahme Fahrzeugflotte Bengaluru|KST-FAC-03|SL04|SNEHA
100|2000|PL04|18.04.2023|16.04.2023|5000011286|1|CNGFUEL1|Komprimiertes Erdgas|261|257.49|KG|21147.07|INR|V-K003|Tanken Heizung Bengaluru|KST-OPS-01|SL04|SNEHA
100|2000|PL04|22.04.2023|19.04.2023|5000011287|1|CNGFUEL1|Erdgas CNG|261|276.84|KG|22138.3|INR|V-BPCL1|Tanken Generator Bengaluru|KST-LOG-01|SL04|TLAXMAN
100|2000|PL04|10.04.2023|08.04.2023|5000011288|1|CNGFUEL1|Erdgas CNG|261|306.516|KG|27981.55|INR|V-IOCL1|Verbrauch Heizung Bengaluru|KST-OPS-02|SL04|SPRIYA
100|2000|PL04|18.04.2023|15.04.2023|5000011289|1|PETRL001|Motorenbenzin|261|114.669|L|11482.21|INR|V-K010|Tanken Generator Bengaluru|KST-FAC-02|SL04|SPRIYA
100|2000|PL04|24.04.2023|21.04.2023|5000011290|1|PETRL001|Motorenbenzin|261|145.46|L|14057.95|INR|V-K007|Verbrauch DG-Set Bengaluru|KST-FAC-07|SL04|MGUPTA
100|2000|PL04|11.04.2023|10.04.2023|5000011291|1|PETRL001|Motorenbenzin|261|199.187|L|19560.4|INR|V-K007|Verbrauch Produktion Bengaluru|KST-OPS-03|SL04|NREDDY
100|2000|PL04|02.04.2023|31.03.2023|5000011292|1|PETRL001|Benzin|261|152.9|L|15278.61|INR|V-K006|Tanken Generator Bengaluru|KST-FAC-07|SL04|NREDDY
100|2000|PL04|06.05.2023|04.05.2023|5000011293|1|DIESEL001|Dieselkraftstoff|261|1278.379|L|90195.49|INR|V-K007|Verbrauch Produktion Bengaluru|KST-LOG-02|SL04|SPRIYA
100|2000|PL04|27.05.2023|25.05.2023|5000011294|1|DIESEL001|Dieselkraftstoff|261|1138.301|L|77146.4|INR|V-K005|Verbrauch Heizung Bengaluru|KST-FAC-05|SL04|KVELU
100|2000|PL04|18.05.2023|18.05.2023|5000011295|1|DIESEL001|Diesel|261|904.901|L|67075.86|INR|V-HPCL1|Entnahme DG-Set Bengaluru|KST-PRD-01|SL04|DRAO
100|2000|PL04|11.05.2023|08.05.2023|5000011296|1|DIESEL001|Dieselkraftstoff|261|1468.628|L|113288.0|INR|V-K006|Auffuellung Generator Bengaluru|KST-LOG-02|SL04|MGUPTA
100|2000|PL04|08.05.2023|08.05.2023|5000011297|1|DIESEL001|Diesel|261||L||INR|V-K007|Nutzung Produktion Bengaluru|KST-LOG-01|SL04|ASAXEN
100|2000|PL04|25.05.2023|22.05.2023|5000011298|1|DIESEL001|Diesel|261|1324.862|L|90722.2|INR|V-IOCL1|Tanken Generator Bengaluru|KST-LOG-01|SL04|RPANDEY
100|2000|PL04|16.05.2023|13.05.2023|5000011299|1|DIESEL001|Dieselkraftstoff|261|546.89|L|40665.64|INR|V-K001|Entnahme Kantine Bengaluru|KST-MNT-01|SL04|AKUMAR
100|2000|PL04|03.05.2023|01.05.2023|5000011300|1|DIESEL001|Diesel|261|953.677|L|66772.52|INR|V-K006|Entnahme Generator Bengaluru|KST-FAC-01|SL04|TLAXMAN
100|2000|PL04|08.05.2023|05.05.2023|5000011301|1|CNGFUEL1|Erdgas CNG|261|362.89|KG|33114.9|INR|V-BPCL1|Auffuellung Generator Bengaluru|KST-LOG-03|SL04|ASAXEN
100|2000|PL04|02.05.2023|30.04.2023|5000011302|1|CNGFUEL1|Komprimiertes Erdgas|261|264.158|KG|24062.8|INR|V-K008|Verbrauch Notstromaggregat Bengaluru|KST-OPS-01|SL04|MGUPTA
100|2000|PL04|01.05.2023|29.04.2023|5000011303|1|CNGFUEL1|Erdgas CNG|261|182.444|KG|15574.2|INR|V-K003|Nutzung Wartung Bengaluru|KST-OPS-03|SL04|RPANDEY
100|2000|PL04|14.05.2023|14.05.2023|5000011304|1|CNGFUEL1|Erdgas CNG|261|366.009|KG|30690.21|INR|V-K005|Entnahme Produktion Bengaluru|KST-MNT-01|SL04|VMEHTA
100|2000|PL04|17.05.2023|15.05.2023|5000011305|1|CNGFUEL1|Erdgas CNG|261|285.337|KG|24596.38|INR|V-K006|Auffuellung DG-Set Bengaluru|KST-PRD-01|SL04|KVELU
100|2000|PL04|17.05.2023|16.05.2023|5000011306|1|PETRL001|Motorenbenzin|261|194.121|L|20029.96|INR|V-K006|Tanken Fahrzeugflotte Bengaluru|KST-OPS-03|SL04|RJOSHI
100|2000|PL04|02.05.2023|01.05.2023|5000011307|1|PETRL001|Motorenbenzin|261|112.151|L|11020.31|INR|V-K003|Tanken Produktion Bengaluru|KST-MNT-01|SL04|NREDDY
100|2000|PL04|28.05.2023|26.05.2023|5000011308|1|PETRL001|Benzin|261|89.168|L|8533.46|INR|V-K007|Tanken Kantine Bengaluru|KST-PRD-01|SL04|MGUPTA
100|2000|PL04|10.05.2023|08.05.2023|5000011309|1|PETRL001|Motorenbenzin|261|114.016|L|11325.11|INR|V-BPCL1|Entnahme Kantine Bengaluru|KST-FAC-01|SL04|RPANDEY
100|2000|PL04|21.06.2023|18.06.2023|5000011310|1|DIESEL001|Dieselkraftstoff|261|1246.9|L|94746.32|INR|V-ESSAR|Tanken Heizung Bengaluru|KST-FAC-02|SL04|DRAO
100|2000|PL04|26.06.2023|25.06.2023|5000011311|1|DIESEL001|Dieselkraftstoff|261|1237.046|L|82838.52|INR|V-RELI1|Nutzung Generator Bengaluru|KST-OPS-01|SL04|NREDDY
100|2000|PL04|02.06.2023|30.05.2023|5000011312|1|DIESEL001|Dieselkraftstoff|261|1385.482|L|98403.91|INR|V-K009||KST-FAC-03|SL04|SPRIYA
100|2000|PL04|06.06.2023|03.06.2023|5000011313|1|DIESEL001|Diesel|261|1018.681|L|72829.01|INR|V-K008|Auffuellung Kantine Bengaluru|KST-FAC-03|SL04|SPRIYA
100|2000|PL04|16.06.2023|15.06.2023|5000011314|1|DIESEL001|Diesel|261|654.755|L|43617.57|INR|V-RELI1|Entnahme Wartung Bengaluru|KST-MNT-01|SL04|KVELU
100|2000|PL04|22.06.2023|21.06.2023|5000011315|1|DIESEL001|Dieselkraftstoff|261|892.496|L|60986.61|INR|V-K008|Verbrauch Heizung Bengaluru|KST-OPS-02|SL04|SNEHA
100|2000|PL04|15.06.2023|14.06.2023|5000011316|1|DIESEL001|Dieselkraftstoff|261|1456.691|L|101958.87|INR|V-K010|Entnahme DG-Set Bengaluru|KST-LOG-02|SL04|RPANDEY
100|2000|PL04|04.06.2023|01.06.2023|5000011317|1|DIESEL001|Diesel|261|1157.247|L|85192.96|INR|V-K004|Auffuellung Heizung Bengaluru|KST-OPS-03|SL04|RPANDEY
100|2000|PL04|26.06.2023|25.06.2023|5000011318|1|CNGFUEL1|Erdgas CNG|261|288.986|KG|24241.04|INR|V-BPCL1|Entnahme Kantine Bengaluru|KST-FAC-07|SL04|BCHATT
100|2000|PL04|08.06.2023|08.06.2023|5000011319|1|CNGFUEL1|Erdgas CNG|261|215.259|KG|19206.78|INR|V-BPCL1|Nutzung Notstromaggregat Bengaluru|KST-OPS-03|SL04|AKUMAR
100|2000|PL04|01.06.2023|31.05.2023|5000011320|1|CNGFUEL1|Komprimiertes Erdgas|261|260.035|KG|21505.7|INR|V-HPCL1|Verbrauch Notstromaggregat Bengaluru|KST-FAC-07|SL04|MGUPTA
100|2000|PL04|23.06.2023|21.06.2023|5000011321|1|CNGFUEL1|Komprimiertes Erdgas|261|294.895|KG|26730.39|INR|V-HPCL1|Verbrauch Produktion Bengaluru|KST-PRD-02|SL04|NREDDY
100|2000|PL04|13.06.2023|13.06.2023|5000011322|1|CNGFUEL1|Komprimiertes Erdgas|261|193.317|KG|15814.92|INR|V-IOCL1|Nutzung Notstromaggregat Bengaluru|KST-FAC-07|SL04|RPANDEY
100|2000|PL04|12.06.2023|11.06.2023|5000011323|1|PETRL001|Motorenbenzin|261|153.429|L|14108.9|INR|V-HPCL1|Tanken Heizung Bengaluru|KST-PRD-02|SL04|ASAXEN
100|2000|PL04|01.06.2023|30.05.2023|5000011324|1|PETRL001|Motorenbenzin|261|93.08|L|8338.08|INR|V-K006|Verbrauch Heizung Bengaluru|KST-FAC-07|SL04|AKUMAR
100|2000|PL04|28.06.2023|28.06.2023|5000011325|1|PETRL001|Benzin|261|169.052|L|15365.56|INR|V-BPCL1||KST-LOG-03|SL04|DRAO
100|2000|PL04|10.06.2023|09.06.2023|5000011326|1|PETRL001|Motorenbenzin|261|98.806|L|9502.65|INR|V-ESSAR|Entnahme Generator Bengaluru|KST-LOG-02|SL04|RJOSHI
100|2000|PL04|07.07.2023|04.07.2023|5000011327|1|DIESEL001|Dieselkraftstoff|261|1108.697|L|78521.12|INR|V-K002|Entnahme Wartung Bengaluru|KST-OPS-03|SL04|PSINGH
100|2000|PL04|15.07.2023|14.07.2023|5000011328|1|DIESEL001|Dieselkraftstoff|261|615.166|L|45521.06|INR|V-K002||KST-OPS-03|SL04|SNEHA
100|2000|PL04|20.07.2023|20.07.2023|5000011329|1|DIESEL001|Diesel|261|635.987|L|47568.34|INR|V-K004|Verbrauch Fahrzeugflotte Bengaluru|KST-LOG-02|SL04|PSINGH
100|2000|PL04|10.07.2023|09.07.2023|5000011330|1|DIESEL001|Diesel|261|880.284|L|58445.99|INR|V-IOCL1|Tanken DG-Set Bengaluru|KST-FAC-02|SL04|KVELU
100|2000|PL04|25.07.2023|23.07.2023|5000011331|1|DIESEL001|Dieselkraftstoff|261|600.459|L|45237.93|INR|V-K003|Nutzung Produktion Bengaluru|KST-FAC-03|SL04|RPANDEY
100|2000|PL04|05.07.2023|04.07.2023|5000011332|1|DIESEL001|Diesel|261||L||INR|V-RELI1|Tanken Fahrzeugflotte Bengaluru|KST-FAC-03|SL04|DRAO
100|2000|PL04|26.07.2023|25.07.2023|5000011333|1|DIESEL001|Diesel|261|628.203|KG|45205.71|INR|V-K008|Entnahme Produktion Bengaluru|KST-OPS-03|SL04|AKUMAR
100|2000|PL04|18.07.2023|16.07.2023|5000011334|1|DIESEL001|Diesel|261|887.369|L|60111.66|INR|V-K002|Tanken DG-Set Bengaluru|KST-PRD-01|SL04|RPANDEY
100|2000|PL04|16.07.2023|16.07.2023|5000011335|1|CNGFUEL1|Erdgas CNG|261|180.778|KG|15315.26|INR|V-K003|Tanken Wartung Bengaluru|KST-LOG-02|SL04|TLAXMAN
100|2000|PL04|14.07.2023|14.07.2023|5000011336|1|CNGFUEL1|Erdgas CNG|261|207.05|KG|16983.7|INR|V-K006|Verbrauch Fahrzeugflotte Bengaluru|KST-FAC-02|SL04|DRAO
100|2000|PL04|08.07.2023|06.07.2023|5000011337|1|CNGFUEL1|Komprimiertes Erdgas|261|212.424|KG|18391.56|INR|V-K008|Auffuellung Wartung Bengaluru|KST-PRD-02|SL04|TLAXMAN
100|2000|PL04|26.07.2023|24.07.2023|5000011338|1|CNGFUEL1|Komprimiertes Erdgas|261|242.722|KG|21550.31|INR|V-RELI1|Tanken DG-Set Bengaluru|KST-FAC-01|SL04|SNEHA
100|2000|PL04|27.07.2023|25.07.2023|5000011339|1|CNGFUEL1|Erdgas CNG|261|258.546|KG|22169.6|INR|V-K009|Entnahme Heizung Bengaluru|KST-OPS-01|SL04|AKUMAR
100|2000|PL04|04.07.2023|01.07.2023|5000011340|1|PETRL001|Motorenbenzin|261|98.664|L|9455.05|INR|V-K001|Auffuellung Notstromaggregat Bengaluru|KST-OPS-02|SL04|MGUPTA
100|2000|PL04|04.07.2023|03.07.2023|5000011341|1|PETRL001|Benzin|261|181.581|L|16993.11|INR|V-K009|Verbrauch Fahrzeugflotte Bengaluru|KST-FAC-05|SL04|RJOSHI
100|2000|PL04|15.07.2023|14.07.2023|5000011342|1|PETRL001|Motorenbenzin|261|71.159|L|7235.93|INR|V-K005|Entnahme DG-Set Bengaluru|KST-FAC-02|SL04|SPRIYA
100|2000|PL04|04.07.2023|03.07.2023|5000011343|1|PETRL001|Benzin|261|62.44|L|5849.36|INR|V-K008|Auffuellung Notstromaggregat Bengaluru|KST-PRD-01|SL04|GMISHRA
100|2000|PL04|01.08.2023|31.07.2023|5000011344|1|DIESEL001|Dieselkraftstoff|261|1061.258|L|82520.47|INR|V-K010|Entnahme Kantine Bengaluru|KST-OPS-03|SL04|GMISHRA
100|2000|PL04|27.08.2023|24.08.2023|5000011345|1|DIESEL001|Diesel|261|936.809|L|65866.34|INR|V-K003|Tanken Fahrzeugflotte Bengaluru|KST-MNT-01|SL04|BCHATT
100|2000|PL04|09.08.2023|06.08.2023|5000011346|1|DIESEL001|Diesel|261|925.564|L|64831.52|INR|V-HPCL1|Entnahme Notstromaggregat Bengaluru|KST-OPS-01|SL04|AKUMAR
100|2000|PL04|04.08.2023|02.08.2023|5000011347|1|DIESEL001|Dieselkraftstoff|261|519.648|L|37926.88|INR|V-K002|Auffuellung Fahrzeugflotte Bengaluru|KST-PRD-01|SL04|ASAXEN
100|2000|PL04|11.08.2023|10.08.2023|5000011348|1|DIESEL001|Dieselkraftstoff|261|816.666|L|56499.9|INR|V-K010|Entnahme Wartung Bengaluru|KST-LOG-03|SL04|VMEHTA
100|2000|PL04|26.08.2023|23.08.2023|5000011349|1|DIESEL001|Dieselkraftstoff|261|1148.027|L|83852.41|INR|V-K007|Tanken Wartung Bengaluru|KST-LOG-01|SL04|TLAXMAN
100|2000|PL04|13.08.2023|13.08.2023|5000011350|1|DIESEL001|Dieselkraftstoff|261|716.284|L|47851.84|INR|V-K004|Entnahme DG-Set Bengaluru|KST-OPS-03|SL04|ASAXEN
100|2000|PL04|07.08.2023|05.08.2023|5000011351|1|DIESEL001|Dieselkraftstoff|261|1495.671|L|99325.85|INR|V-K003|Verbrauch Fahrzeugflotte Bengaluru|KST-FAC-05|SL04|RPANDEY
100|2000|PL04|07.08.2023|04.08.2023|5000011352|1|CNGFUEL1|Komprimiertes Erdgas|261|278.893|KG|23859.71|INR|V-K001|Tanken Kantine Bengaluru|KST-OPS-03|SL04|ASAXEN
100|2000|PL04|04.08.2023|04.08.2023|5000011353|1|CNGFUEL1|Komprimiertes Erdgas|261|242.344|KG|20978.96|INR|V-HPCL1|Tanken Generator Bengaluru|KST-FAC-07|SL04|TLAXMAN
100|2000|PL04|15.08.2023|15.08.2023|5000011354|1|CNGFUEL1|Erdgas CNG|261|381.951|KG|34103.77|INR|V-ESSAR|Verbrauch DG-Set Bengaluru|KST-FAC-02|SL04|GMISHRA
100|2000|PL04|25.08.2023|25.08.2023|5000011355|1|CNGFUEL1|Erdgas CNG|261|386.701|KG|32985.0|INR|V-K008|Tanken DG-Set Bengaluru|KST-FAC-03|SL04|MGUPTA
100|2000|PL04|02.08.2023|02.08.2023|5000011356|1|CNGFUEL1|Erdgas CNG|261|285.024|KG|23530.07|INR|V-K003|Tanken Kantine Bengaluru|KST-FAC-01|SL04|ASAXEN
100|2000|PL04|20.08.2023|17.08.2023|5000011357|1|PETRL001|Benzin|261|167.045|L|17150.26|INR|V-RELI1|Nutzung Wartung Bengaluru|KST-FAC-02|SL04|TLAXMAN
100|2000|PL04|18.08.2023|17.08.2023|5000011358|1|PETRL001|Motorenbenzin|261|161.669|L|16620.97|INR|V-IOCL1|Nutzung Produktion Bengaluru|KST-OPS-01|SL04|NREDDY
100|2000|PL04|08.08.2023|08.08.2023|5000011359|1|PETRL001|Motorenbenzin|261|186.661|L|18151.62|INR|V-K008|Verbrauch Notstromaggregat Bengaluru|KST-LOG-01|SL04|RPANDEY
100|2000|PL04|10.08.2023|09.08.2023|5000011360|1|PETRL001|Motorenbenzin|261|161.201|L|16166.19|INR|V-HPCL1|Verbrauch Kantine Bengaluru|KST-LOG-03|SL04|NREDDY
100|2000|PL04|21.09.2023|21.09.2023|5000011361|1|DIESEL001|Diesel|261|1202.011|L|88065.55|INR|V-K005|Auffuellung Notstromaggregat Bengaluru|KST-LOG-02|SL04|RPANDEY
100|2000|PL04|17.09.2023|15.09.2023|5000011362|1|DIESEL001|Dieselkraftstoff|261||L||INR|V-K003|Verbrauch Wartung Bengaluru|KST-FAC-03|SL04|SNEHA
100|2000|PL04|09.09.2023|08.09.2023|5000011363|1|DIESEL001|Dieselkraftstoff|261|1002.533|L|75524.06|INR|V-K009|Tanken Wartung Bengaluru|KST-LOG-01|SL04|BCHATT
100|2000|PL04|05.09.2023|03.09.2023|5000011364|1|DIESEL001|Diesel|261|979.524|L|73379.43|INR|V-K007|Tanken Kantine Bengaluru|KST-LOG-02|SL04|RJOSHI
100|2000|PL04|03.09.2023|02.09.2023|5000011365|1|DIESEL001|Dieselkraftstoff|261|1086.498|L|81041.19|INR|V-K010|Verbrauch Wartung Bengaluru|KST-MNT-01|SL04|NREDDY
100|2000|PL04|04.09.2023|03.09.2023|5000011366|1|DIESEL001|Dieselkraftstoff|261|975.11|L|64596.05|INR|V-ESSAR|Tanken Wartung Bengaluru|KST-FAC-03|SL04|VMEHTA
100|2000|PL04|11.09.2023|11.09.2023|5000011367|1|DIESEL001|Dieselkraftstoff|261|860.316|L|64425.18|INR|V-K010|Tanken Heizung Bengaluru|KST-FAC-05|SL04|AKUMAR
100|2000|PL04|23.09.2023|21.09.2023|5000011368|1|DIESEL001|Diesel|261|528.255|L|37438.38|INR|V-K008|Nutzung DG-Set Bengaluru|KST-PRD-01|SL04|RPANDEY
100|2000|PL04|23.09.2023|21.09.2023|5000011369|1|CNGFUEL1|Komprimiertes Erdgas|261|286.676|KG|25262.18|INR|V-K009|Entnahme Kantine Bengaluru|KST-OPS-02|SL04|SNEHA
100|2000|PL04|14.09.2023|14.09.2023|5000011370|1|CNGFUEL1|Komprimiertes Erdgas|261|359.934|KG|32646.01|INR|V-K009|Nutzung Heizung Bengaluru|KST-LOG-02|SL04|GMISHRA
100|2000|PL04|23.09.2023|20.09.2023|5000011371|1|CNGFUEL1|Erdgas CNG|261|227.904|KG|19580.19|INR|V-K006|Auffuellung Fahrzeugflotte Bengaluru|KST-LOG-02|SL04|DRAO
100|2000|PL04|04.09.2023|04.09.2023|5000011372|1|CNGFUEL1|Komprimiertes Erdgas|261|330.595|KG|26115.95|INR|V-K006|Tanken Produktion Bengaluru|KST-PRD-01|SL04|PSINGH
100|2000|PL04|04.09.2023|04.09.2023|5000011373|1|CNGFUEL1|Erdgas CNG|261|169.652|KG|13409.53|INR|V-HPCL1|Entnahme Produktion Bengaluru|KST-PRD-02|SL04|MGUPTA
100|2000|PL04|08.09.2023|05.09.2023|5000011374|1|PETRL001|Benzin|261|74.001|L|6908.2|INR|V-K001|Nutzung Kantine Bengaluru|KST-OPS-01|SL04|RJOSHI
100|2000|PL04|26.09.2023|25.09.2023|5000011375|1|PETRL001|Motorenbenzin|261|134.249|L|12225.83|INR|V-K007|Nutzung Wartung Bengaluru|KST-MNT-01|SL04|NREDDY
100|2000|PL04|14.09.2023|11.09.2023|5000011376|1|PETRL001|Motorenbenzin|261|67.0|KG|6187.2|INR|V-K005|Entnahme Notstromaggregat Bengaluru|KST-FAC-05|SL04|DRAO
100|2000|PL04|11.09.2023|11.09.2023|5000011377|1|PETRL001|Motorenbenzin|261|169.552|L|15805.43|INR|V-HPCL1|Verbrauch Produktion Bengaluru|KST-OPS-01|SL04|TLAXMAN
100|2000|PL04|09.10.2023|06.10.2023|5000011378|1|DIESEL001|Diesel|261|1283.279|L|87729.35|INR|V-K001|Nutzung Produktion Bengaluru|KST-FAC-05|SL04|AKUMAR
100|2000|PL04|08.10.2023|08.10.2023|5000011379|1|DIESEL001|Dieselkraftstoff|261|1194.793|L|81348.97|INR|V-K005|Entnahme Notstromaggregat Bengaluru|KST-PRD-02|SL04|SNEHA
100|2000|PL04|23.10.2023|20.10.2023|5000011380|1|DIESEL001|Diesel|261|901.236|L|66065.02|INR|V-K003|Tanken Produktion Bengaluru|KST-PRD-01|SL04|VMEHTA
100|2000|PL04|28.10.2023|26.10.2023|5000011381|1|DIESEL001|Diesel|261||L||INR|V-K002|Entnahme Notstromaggregat Bengaluru|KST-LOG-02|SL04|SPRIYA
100|2000|PL04|23.10.2023|20.10.2023|5000011382|1|DIESEL001|Dieselkraftstoff|261|695.884|L|50727.66|INR|V-ESSAR|Auffuellung Notstromaggregat Bengaluru|KST-OPS-01|SL04|KVELU
100|2000|PL04|05.10.2023|02.10.2023|5000011383|1|DIESEL001|Diesel|261|1352.742|L|96228.47|INR|V-K003|Verbrauch Notstromaggregat Bengaluru|KST-FAC-01|SL04|RJOSHI
100|2000|PL04|11.10.2023|10.10.2023|5000011384|1|DIESEL001|Diesel|261|845.719|L|59779.83|INR|V-K009|Auffuellung Kantine Bengaluru|KST-MNT-01|SL04|DRAO
100|2000|PL04|17.10.2023|16.10.2023|5000011385|1|DIESEL001|Diesel|261|627.917|L|46618.52|INR|V-K005|Auffuellung Fahrzeugflotte Bengaluru|KST-PRD-02|SL04|DRAO
100|2000|PL04|02.10.2023|29.09.2023|5000011386|1|CNGFUEL1|Erdgas CNG|261|226.376|KG|19710.56|INR|V-K004|Verbrauch DG-Set Bengaluru|KST-OPS-02|SL04|ASAXEN
100|2000|PL04|23.10.2023|20.10.2023|5000011387|1|CNGFUEL1|Erdgas CNG|261|342.438|KG|30208.55|INR|V-K010|Entnahme Notstromaggregat Bengaluru|KST-MNT-01|SL04|BCHATT
100|2000|PL04|25.10.2023|22.10.2023|5000011388|1|CNGFUEL1|Komprimiertes Erdgas|261|210.724|KG|18317.1|INR|V-K001|Nutzung Wartung Bengaluru|KST-MNT-01|SL04|PSINGH
100|2000|PL04|22.10.2023|21.10.2023|5000011389|1|CNGFUEL1|Komprimiertes Erdgas|261|374.435|KG|29345.06|INR|V-K002|Verbrauch Fahrzeugflotte Bengaluru|KST-PRD-02|SL04|TLAXMAN
100|2000|PL04|09.10.2023|07.10.2023|5000011390|1|CNGFUEL1|Komprimiertes Erdgas|261|158.3|KG|14085.92|INR|V-K009|Verbrauch Produktion Bengaluru|KST-OPS-03|SL04|ASAXEN
100|2000|PL04|28.10.2023|27.10.2023|5000011391|1|PETRL001|Motorenbenzin|261|61.654|L|6262.76|INR|V-K009|Entnahme Notstromaggregat Bengaluru|KST-PRD-01|SL04|AKUMAR
100|2000|PL04|17.10.2023|15.10.2023|5000011392|1|PETRL001|Benzin|261|177.958|L|16188.08|INR|V-K006|Nutzung Heizung Bengaluru|KST-FAC-02|SL04|VMEHTA
100|2000|PL04|27.10.2023|25.10.2023|5000011393|1|PETRL001|Benzin|261|126.516|L|12049.03|INR|V-IOCL1|Auffuellung Heizung Bengaluru|KST-LOG-03|SL04|NREDDY
100|2000|PL04|21.10.2023|21.10.2023|5000011394|1|PETRL001|Benzin|261|135.128|L|12998.22|INR|V-K007|Entnahme DG-Set Bengaluru|KST-LOG-02|SL04|KVELU
100|2000|PL04|25.11.2023|25.11.2023|5000011395|1|DIESEL001|Diesel|261|1493.208|L|108866.05|INR|V-K005|Auffuellung Wartung Bengaluru|KST-FAC-07|SL04|ASAXEN
100|2000|PL04|08.11.2023|08.11.2023|5000011396|1|DIESEL001|Dieselkraftstoff|261|1361.848|L|98687.61|INR|V-K003|Nutzung Heizung Bengaluru|KST-OPS-03|SL04|VMEHTA
100|2000|PL04|19.11.2023|16.11.2023|5000011397|1|DIESEL001|Dieselkraftstoff|261|1021.463|L|76985.48|INR|V-IOCL1|Entnahme DG-Set Bengaluru|KST-LOG-01|SL04|NREDDY
100|2000|PL04|19.11.2023|18.11.2023|5000011398|1|DIESEL001|Dieselkraftstoff|261|1017.081|L|67949.97|INR|V-K003||KST-OPS-02|SL04|SNEHA
100|2000|PL04|04.11.2023|04.11.2023|5000011399|1|DIESEL001|Dieselkraftstoff|261|730.019|L|48493.35|INR|V-K007||KST-OPS-02|SL04|GMISHRA
100|2000|PL04|01.11.2023|29.10.2023|5000011400|1|DIESEL001|Diesel|261|621.703|L|47038.92|INR|V-K002|Verbrauch Kantine Bengaluru|KST-OPS-01|SL04|VMEHTA
100|2000|PL04|11.11.2023|10.11.2023|5000011401|1|DIESEL001|Dieselkraftstoff|261|1089.633|L|82045.73|INR|V-HPCL1|Verbrauch Produktion Bengaluru|KST-LOG-01|SL04|ASAXEN
100|2000|PL04|10.11.2023|07.11.2023|5000011402|1|DIESEL001|Diesel|261|1332.058|L|88770.6|INR|V-K001|Verbrauch Fahrzeugflotte Bengaluru|KST-MNT-01|SL04|SPRIYA
100|2000|PL04|12.11.2023|10.11.2023|5000011403|1|CNGFUEL1|Erdgas CNG|261|388.124|KG|32660.82|INR|V-BPCL1|Entnahme Wartung Bengaluru|KST-FAC-05|SL04|RJOSHI
100|2000|PL04|09.11.2023|09.11.2023|5000011404|1|CNGFUEL1|Komprimiertes Erdgas|261|153.26|KG|13894.48|INR|V-K002|Verbrauch Kantine Bengaluru|KST-MNT-01|SL04|BCHATT
100|2000|PL04|01.11.2023|29.10.2023|5000011405|1|CNGFUEL1|Erdgas CNG|261|175.143|KG|15893.28|INR|V-K008|Auffuellung Heizung Bengaluru|KST-LOG-01|SL04|RJOSHI
100|2000|PL04|14.11.2023|11.11.2023|5000011406|1|CNGFUEL1|Komprimiertes Erdgas|261|223.55|KG|19106.02|INR|V-K003|Tanken Heizung Bengaluru|KST-LOG-02|SL04|GMISHRA
100|2000|PL04|18.11.2023|15.11.2023|5000011407|1|CNGFUEL1|Komprimiertes Erdgas|261|268.12|KG|23375.13|INR|V-K006|Entnahme DG-Set Bengaluru|KST-FAC-03|SL04|RJOSHI
100|2000|PL04|12.11.2023|09.11.2023|5000011408|1|PETRL001|Benzin|261|139.709|L|12389.26|INR|V-K002|Auffuellung Notstromaggregat Bengaluru|KST-FAC-05|SL04|SNEHA
100|2000|PL04|28.11.2023|27.11.2023|5000011409|1|PETRL001|Motorenbenzin|261|62.057|KG|6008.27|INR|V-ESSAR|Tanken Notstromaggregat Bengaluru|KST-FAC-03|SL04|TLAXMAN
100|2000|PL04|12.11.2023|10.11.2023|5000011410|1|PETRL001|Motorenbenzin|261|196.012|L|18776.98|INR|V-BPCL1|Nutzung DG-Set Bengaluru|KST-FAC-07|SL04|SNEHA
100|2000|PL04|26.11.2023|26.11.2023|5000011411|1|PETRL001|Benzin|261|135.853|L|13344.42|INR|V-BPCL1|Entnahme Kantine Bengaluru|KST-FAC-05|SL04|TLAXMAN
100|2000|PL04|06.12.2023|05.12.2023|5000011412|1|DIESEL001|Dieselkraftstoff|261|1103.159|L|79582.83|INR|V-BPCL1|Auffuellung Kantine Bengaluru|KST-FAC-02|SL04|RPANDEY
100|2000|PL04|05.12.2023|05.12.2023|5000011413|1|DIESEL001|Diesel|261|1181.015|L|89569.61|INR|V-K009|Verbrauch DG-Set Bengaluru|KST-OPS-01|SL04|SNEHA
100|2000|PL04|28.12.2023|26.12.2023|5000011414|1|DIESEL001|Diesel|261|1330.505|L|88409.49|INR|V-K007|Entnahme Kantine Bengaluru|KST-PRD-01|SL04|PSINGH
100|2000|PL04|02.12.2023|29.11.2023|5000011415|1|DIESEL001|Dieselkraftstoff|261|711.272|L|54059.92|INR|V-K003|Auffuellung Fahrzeugflotte Bengaluru|KST-LOG-01|SL04|RPANDEY
100|2000|PL04|02.12.2023|02.12.2023|5000011416|1|DIESEL001|Diesel|261|1020.171|L|77175.78|INR|V-BPCL1|Entnahme Generator Bengaluru|KST-FAC-01|SL04|SPRIYA
100|2000|PL04|13.12.2023|11.12.2023|5000011417|1|DIESEL001|Dieselkraftstoff|261|981.47|L|68986.05|INR|V-K001|Tanken DG-Set Bengaluru|KST-OPS-02|SL04|AKUMAR
100|2000|PL04|28.12.2023|25.12.2023|5000011418|1|DIESEL001|Dieselkraftstoff|261|1481.055|L|103479.25|INR|V-K001|Entnahme Fahrzeugflotte Bengaluru|KST-FAC-03|SL04|BCHATT
100|2000|PL04|27.12.2023|26.12.2023|5000011419|1|DIESEL001|Dieselkraftstoff|261|543.85|L|41097.28|INR|V-K001|Tanken Kantine Bengaluru|KST-FAC-02|SL04|SPRIYA
100|2000|PL04|18.12.2023|16.12.2023|5000011420|1|CNGFUEL1|Erdgas CNG|261|206.751|KG|18410.21|INR|V-K009|Entnahme Produktion Bengaluru|KST-FAC-01|SL04|TLAXMAN
100|2000|PL04|05.12.2023|03.12.2023|5000011421|1|CNGFUEL1|Erdgas CNG|261|389.137|KG|32618.44|INR|V-HPCL1|Entnahme Heizung Bengaluru|KST-LOG-01|SL04|BCHATT
100|2000|PL04|26.12.2023|24.12.2023|5000011422|1|CNGFUEL1|Komprimiertes Erdgas|261|203.304|KG|18036.9|INR|V-K003|Nutzung Wartung Bengaluru|KST-PRD-02|SL04|DRAO
100|2000|PL04|08.12.2023|07.12.2023|5000011423|1|CNGFUEL1|Komprimiertes Erdgas|261|267.068|KG|24410.86|INR|V-K008|Verbrauch Produktion Bengaluru|KST-LOG-01|SL04|VMEHTA
100|2000|PL04|28.12.2023|27.12.2023|5000011424|1|CNGFUEL1|Erdgas CNG|261|282.485|KG|23139.17|INR|V-K007|Verbrauch Kantine Bengaluru|KST-FAC-01|SL04|SPRIYA
100|2000|PL04|10.12.2023|09.12.2023|5000011425|1|PETRL001|Motorenbenzin|261|195.474|L|17948.38|INR|V-IOCL1|Verbrauch Fahrzeugflotte Bengaluru|KST-FAC-02|SL04|ASAXEN
100|2000|PL04|11.12.2023|09.12.2023|5000011426|1|PETRL001|Benzin|261|122.372|L|11327.99|INR|V-K010|Entnahme DG-Set Bengaluru|KST-FAC-03|SL04|DRAO
100|2000|PL04|07.12.2023|06.12.2023|5000011427|1|PETRL001|Benzin|261|143.169|L|13377.65|INR|V-K008|Tanken Generator Bengaluru|KST-PRD-01|SL04|NREDDY
100|2000|PL04|08.12.2023|08.12.2023|5000011428|1|PETRL001|Benzin|261|199.549|L|19179.72|INR|V-IOCL1|Auffuellung Notstromaggregat Bengaluru|KST-OPS-03|SL04|RJOSHI
100|2000|PL04|22.01.2024|19.01.2024|5000011429|1|DIESEL001|Dieselkraftstoff|261|1186.738|L|87274.97|INR|V-ESSAR|Auffuellung Generator Bengaluru|KST-FAC-03|SL04|PSINGH
100|2000|PL04|22.01.2024|21.01.2024|5000011430|1|DIESEL001|Dieselkraftstoff|261|1392.969|L|95194.69|INR|V-ESSAR|Tanken Fahrzeugflotte Bengaluru|KST-FAC-03|SL04|TLAXMAN
100|2000|PL04|06.01.2024|03.01.2024|5000011431|1|DIESEL001|Dieselkraftstoff|261|578.94|L|39780.23|INR|V-ESSAR|Nutzung Kantine Bengaluru|KST-PRD-02|SL04|DRAO
100|2000|PL04|15.01.2024|13.01.2024|5000011432|1|DIESEL001|Dieselkraftstoff|261|938.062|L|71157.97|INR|V-K004|Nutzung Fahrzeugflotte Bengaluru|KST-OPS-03|SL04|ASAXEN
100|2000|PL04|12.01.2024|10.01.2024|5000011433|1|DIESEL001|Dieselkraftstoff|261|1413.455|L|107129.67|INR|V-K005|Auffuellung Fahrzeugflotte Bengaluru|KST-LOG-02|SL04|NREDDY
100|2000|PL04|07.01.2024|07.01.2024|5000011434|1|DIESEL001|Dieselkraftstoff|261|777.434|L|51778.74|INR|V-K010|Tanken Kantine Bengaluru|KST-PRD-02|SL04|BCHATT
100|2000|PL04|21.01.2024|21.01.2024|5000011435|1|DIESEL001|Dieselkraftstoff|261|1490.486|L|109296.0|INR|V-K006|Auffuellung Produktion Bengaluru|KST-PRD-02|SL04|DRAO
100|2000|PL04|05.01.2024|05.01.2024|5000011436|1|DIESEL001|Diesel|261|887.922|L|62984.8|INR|V-K001|Entnahme Fahrzeugflotte Bengaluru|KST-OPS-01|SL04|NREDDY
100|2000|PL04|03.01.2024|31.12.2023|5000011437|1|CNGFUEL1|Erdgas CNG|261|269.375|KG|23612.91|INR|V-K005|Verbrauch Heizung Bengaluru|KST-LOG-03|SL04|BCHATT
100|2000|PL04|19.01.2024|17.01.2024|5000011437|1|CNGFUEL1|Erdgas CNG|261|295.263|KG|24595.28|INR|V-K008|Verbrauch Produktion Bengaluru|KST-FAC-05|SL04|SPRIYA
100|2000|PL04|11.01.2024|11.01.2024|5000011439|1|CNGFUEL1|Komprimiertes Erdgas|261|190.17|KG|14899.88|INR|V-K006|Verbrauch Kantine Bengaluru|KST-OPS-03|SL04|VMEHTA
100|2000|PL04|04.01.2024|01.01.2024|5000011440|1|CNGFUEL1|Erdgas CNG|261|195.943|KG|15820.45|INR|V-K003|Auffuellung Generator Bengaluru|KST-PRD-02|SL04|PSINGH
100|2000|PL04|03.01.2024|03.01.2024|5000011441|1|CNGFUEL1|Komprimiertes Erdgas|261|292.829|KG|26452.98|INR|V-K004|Nutzung Wartung Bengaluru|KST-LOG-03|SL04|RJOSHI
100|2000|PL04|17.01.2024|15.01.2024|5000011442|1|PETRL001|Benzin|261|61.952|L|5582.6|INR|V-HPCL1|Auffuellung Produktion Bengaluru|KST-LOG-02|SL04|SNEHA
100|2000|PL04|15.01.2024|13.01.2024|5000011443|1|PETRL001|Motorenbenzin|261|105.259|L|9597.31|INR|V-HPCL1|Tanken Heizung Bengaluru|KST-FAC-02|SL04|GMISHRA
100|2000|PL04|27.01.2024|26.01.2024|5000011444|1|PETRL001|Motorenbenzin|261|153.945|L|15481.81|INR|V-K006|Auffuellung Notstromaggregat Bengaluru|KST-LOG-01|SL04|DRAO
100|2000|PL04|15.01.2024|15.01.2024|5000011445|1|PETRL001|Benzin|261|60.154|L|5396.73|INR|V-BPCL1||KST-LOG-01|SL04|KVELU
100|2000|PL04|07.02.2024|04.02.2024|5000011446|1|DIESEL001|Dieselkraftstoff|261|598.975|L|44682.59|INR|V-ESSAR|Nutzung Notstromaggregat Bengaluru|KST-PRD-02|SL04|MGUPTA
100|2000|PL04|24.02.2024|24.02.2024|5000011447|1|DIESEL001|Diesel|261|1065.543|L|80067.76|INR|V-K006|Nutzung Produktion Bengaluru|KST-LOG-01|SL04|DRAO
100|2000|PL04|19.02.2024|16.02.2024|5000011448|1|DIESEL001|Diesel|261|667.479|L|47148.99|INR|V-HPCL1|Entnahme Heizung Bengaluru|KST-FAC-03|SL04|KVELU
100|2000|PL04|03.02.2024|31.01.2024|5000011449|1|DIESEL001|Dieselkraftstoff|261|1008.52|L|77251.58|INR|V-ESSAR|Tanken DG-Set Bengaluru|KST-MNT-01|SL04|VMEHTA
100|2000|PL04|06.02.2024|03.02.2024|5000011450|1|DIESEL001|Dieselkraftstoff|261|501.219|L|34434.96|INR|V-ESSAR|Verbrauch Fahrzeugflotte Bengaluru|KST-FAC-01|SL04|ASAXEN
100|2000|PL04|09.02.2024|09.02.2024|5000011451|1|DIESEL001|Diesel|261|778.745|L|57458.68|INR|V-RELI1|Entnahme Produktion Bengaluru|KST-PRD-01|SL04|MGUPTA
100|2000|PL04|19.02.2024|18.02.2024|5000011452|1|DIESEL001|Dieselkraftstoff|261|1173.126|L|87638.07|INR|V-K001|Verbrauch DG-Set Bengaluru|KST-PRD-01|SL04|VMEHTA
100|2000|PL04|05.02.2024|02.02.2024|5000011453|1|DIESEL001|Diesel|261|859.175|L|63795.13|INR|V-K004|Nutzung Generator Bengaluru|KST-PRD-02|SL04|RJOSHI
100|2000|PL04|14.02.2024|12.02.2024|5000011454|1|CNGFUEL1|Komprimiertes Erdgas|261|251.789|KG|19699.78|INR|V-BPCL1|Entnahme Notstromaggregat Bengaluru|KST-LOG-02|SL04|KVELU
100|2000|PL04|15.02.2024|13.02.2024|5000011455|1|CNGFUEL1|Erdgas CNG|261|375.773|KG|32131.17|INR|V-K001|Tanken Wartung Bengaluru|KST-OPS-03|SL04|NREDDY
100|2000|PL04|22.02.2024|22.02.2024|5000011456|1|CNGFUEL1|Erdgas CNG|261|224.634|KG|17691.26|INR|V-K009|Tanken Kantine Bengaluru|KST-OPS-02|SL04|PSINGH
100|2000|PL04|08.02.2024|06.02.2024|5000011457|1|CNGFUEL1|Komprimiertes Erdgas|261|305.022|KG|24478.43|INR|V-K002||KST-FAC-07|SL04|GMISHRA
100|2000|PL04|02.02.2024|31.01.2024|5000011458|1|CNGFUEL1|Erdgas CNG|261|289.295|KG|25932.65|INR|V-K008|Entnahme DG-Set Bengaluru|KST-OPS-01|SL04|KVELU
100|2000|PL04|03.02.2024|31.01.2024|5000011459|1|PETRL001|Motorenbenzin|261|110.634|L|10258.8|INR|V-IOCL1|Entnahme Heizung Bengaluru|KST-FAC-07|SL04|RJOSHI
100|2000|PL04|22.02.2024|20.02.2024|5000011460|1|PETRL001|Benzin|261|160.419|L|15015.32|INR|V-K003|Verbrauch Wartung Bengaluru|KST-FAC-01|SL04|SPRIYA
100|2000|PL04|05.02.2024|02.02.2024|5000011461|1|PETRL001|Benzin|261|72.384|L|6677.28|INR|V-ESSAR|Nutzung Produktion Bengaluru|KST-PRD-01|SL04|ASAXEN
100|2000|PL04|09.02.2024|08.02.2024|5000011462|1|PETRL001|Benzin|261|155.085|L|15212.68|INR|V-K008|Nutzung Wartung Bengaluru|KST-LOG-03|SL04|TLAXMAN
100|2000|PL04|05.03.2024|04.03.2024|5000011463|1|DIESEL001|Diesel|261|1407.44|L|103897.69|INR|V-K004|Verbrauch DG-Set Bengaluru|KST-LOG-01|SL04|PSINGH
100|2000|PL04|24.03.2024|22.03.2024|5000011464|1|DIESEL001|Diesel|261|1474.108|L|103854.0|INR|V-K004|Tanken Heizung Bengaluru|KST-FAC-02|SL04|PSINGH
100|2000|PL04|03.03.2024|03.03.2024|5000011465|1|DIESEL001|Diesel|261|1348.339|L|95615.16|INR|V-K006|Entnahme Kantine Bengaluru|KST-FAC-07|SL04|ASAXEN
100|2000|PL04|16.03.2024|14.03.2024|5000011466|1|DIESEL001|Diesel|261|901.377|L|67189.33|INR|V-ESSAR|Verbrauch Produktion Bengaluru|KST-LOG-03|SL04|RPANDEY
100|2000|PL04|08.03.2024|05.03.2024|5000011467|1|DIESEL001|Diesel|261|1064.318|L|73821.36|INR|V-HPCL1|Tanken Wartung Bengaluru|KST-FAC-05|SL04|MGUPTA
100|2000|PL04|07.03.2024|05.03.2024|5000011468|1|DIESEL001|Dieselkraftstoff|261|579.079|L|40826.05|INR|V-K010|Auffuellung Generator Bengaluru|KST-MNT-01|SL04|DRAO
100|2000|PL04|27.03.2024|25.03.2024|5000011469|1|DIESEL001|Dieselkraftstoff|261|1260.418|L|88181.45|INR|V-K007|Tanken Heizung Bengaluru|KST-MNT-01|SL04|VMEHTA
100|2000|PL04|01.03.2024|27.02.2024|5000011470|1|DIESEL001|Diesel|261|636.709|L|47437.69|INR|V-K007|Auffuellung Heizung Bengaluru|KST-MNT-01|SL04|AKUMAR
100|2000|PL04|08.03.2024|07.03.2024|5000011471|1|CNGFUEL1|Erdgas CNG|261|354.145|KG|29219.65|INR|V-K001|Entnahme Heizung Bengaluru|KST-LOG-02|SL04|SPRIYA
100|2000|PL04|04.03.2024|04.03.2024|5000011472|1|CNGFUEL1|Komprimiertes Erdgas|261|283.539|KG|22643.13|INR|V-ESSAR|Tanken Produktion Bengaluru|KST-OPS-03|SL04|SNEHA
100|2000|PL04|24.03.2024|21.03.2024|5000011473|1|CNGFUEL1|Komprimiertes Erdgas|261|379.038|KG|31281.77|INR|V-IOCL1|Entnahme Notstromaggregat Bengaluru|KST-PRD-01|SL04|VMEHTA
100|2000|PL04|09.03.2024|07.03.2024|5000011474|1|CNGFUEL1|Erdgas CNG|261|162.152|KG|14097.87|INR|V-RELI1|Entnahme Produktion Bengaluru|KST-OPS-01|SL04|NREDDY
100|2000|PL04|24.03.2024|23.03.2024|5000011475|1|CNGFUEL1|Komprimiertes Erdgas|261|376.234|KG|30097.21|INR|V-K007|Tanken Kantine Bengaluru|KST-FAC-01|SL04|PSINGH
100|2000|PL04|02.03.2024|02.03.2024|5000011476|1|PETRL001|Motorenbenzin|261|174.141|L|17874.2|INR|V-K006|Tanken Fahrzeugflotte Bengaluru|KST-LOG-03|SL04|DRAO
100|2000|PL04|01.03.2024|29.02.2024|5000011477|1|PETRL001|Motorenbenzin|261|179.887|L|16241.36|INR|V-IOCL1|Tanken Kantine Bengaluru|KST-FAC-01|SL04|ASAXEN
100|2000|PL04|08.03.2024|08.03.2024|5000011478|1|PETRL001|Benzin|261|166.829|L|16342.42|INR|V-ESSAR|Entnahme Produktion Bengaluru|KST-FAC-01|SL04|RJOSHI
100|2000|PL04|12.03.2024|11.03.2024|5000011479|1|PETRL001|Motorenbenzin|261|84.641|L|8256.76|INR|V-RELI1|Verbrauch Produktion Bengaluru|KST-PRD-02|SL04|SPRIYA
100|2000|PL04|20.04.2024|18.04.2024|5000011480|1|DIESEL001|Dieselkraftstoff|261|1409.545|L|95816.56|INR|V-K004|Nutzung DG-Set Bengaluru|KST-LOG-02|SL04|BCHATT
100|2000|PL04|01.04.2024|30.03.2024|5000011481|1|DIESEL001|Diesel|261|1352.864|L|102522.85|INR|V-K006|Entnahme Generator Bengaluru|KST-OPS-03|SL04|PSINGH
100|2000|PL04|17.04.2024|15.04.2024|5000011482|1|DIESEL001|Dieselkraftstoff|261|969.542|L|64769.25|INR|V-K003|Tanken DG-Set Bengaluru|KST-LOG-02|SL04|GMISHRA
100|2000|PL04|27.04.2024|26.04.2024|5000011483|1|DIESEL001|Diesel|261||L||INR|V-K006|Nutzung Heizung Bengaluru|KST-MNT-01|SL04|NREDDY
100|2000|PL04|18.04.2024|17.04.2024|5000011484|1|DIESEL001|Dieselkraftstoff|261|1463.657|L|110336.42|INR|V-HPCL1|Entnahme Notstromaggregat Bengaluru|KST-LOG-01|SL04|VMEHTA
100|2000|PL04|07.04.2024|05.04.2024|5000011485|1|DIESEL001|Diesel|261|1253.752|L|86079.01|INR|V-BPCL1|Nutzung Fahrzeugflotte Bengaluru|KST-OPS-03|SL04|SNEHA
100|2000|PL04|21.04.2024|21.04.2024|5000011486|1|DIESEL001|Diesel|261|753.756|L|54793.28|INR|V-K003|Verbrauch DG-Set Bengaluru|KST-MNT-01|SL04|BCHATT
100|2000|PL04|24.04.2024|22.04.2024|5000011487|1|DIESEL001|Diesel|261|557.16|L|42608.64|INR|V-K006|Verbrauch Notstromaggregat Bengaluru|KST-OPS-01|SL04|NREDDY
100|2000|PL04|28.04.2024|27.04.2024|5000011488|1|CNGFUEL1|Komprimiertes Erdgas|261|363.771|KG|28721.08|INR|V-K005|Entnahme Produktion Bengaluru|KST-MNT-01|SL04|AKUMAR
100|2000|PL04|08.04.2024|06.04.2024|5000011489|1|CNGFUEL1|Komprimiertes Erdgas|261|313.3|KG|24557.8|INR|V-K007|Nutzung Kantine Bengaluru|KST-FAC-05|SL04|SNEHA
100|2000|PL04|22.04.2024|19.04.2024|5000011490|1|CNGFUEL1|Komprimiertes Erdgas|261|292.728|KG|25506.32|INR|V-K005||KST-FAC-07|SL04|KVELU
100|2000|PL04|11.04.2024|09.04.2024|5000011491|1|CNGFUEL1|Komprimiertes Erdgas|261|349.821|KG|30494.51|INR|V-BPCL1|Auffuellung Produktion Bengaluru|KST-OPS-02|SL04|VMEHTA
100|2000|PL04|14.04.2024|12.04.2024|5000011492|1|CNGFUEL1|Komprimiertes Erdgas|261|292.394|KG|25156.63|INR|V-K010|Auffuellung DG-Set Bengaluru|KST-FAC-07|SL04|DRAO
100|2000|PL04|02.04.2024|30.03.2024|5000011493|1|PETRL001|Benzin|261||L||INR|V-IOCL1|Entnahme Generator Bengaluru|KST-OPS-02|SL04|RJOSHI
100|2000|PL04|05.04.2024|05.04.2024|5000011494|1|PETRL001|Benzin|261|103.047|L|10005.8|INR|V-K010|Entnahme Wartung Bengaluru|KST-FAC-07|SL04|GMISHRA
100|2000|PL04|02.04.2024|30.03.2024|5000011495|1|PETRL001|Benzin|261|70.387|L|7182.25|INR|V-HPCL1|Entnahme Fahrzeugflotte Bengaluru|KST-OPS-03|SL04|SNEHA
100|2000|PL04|15.04.2024|13.04.2024|5000011496|1|PETRL001|Motorenbenzin|261|150.825|L|13870.45|INR|V-IOCL1|Auffuellung Heizung Bengaluru|KST-LOG-02|SL04|NREDDY
100|2000|PL04|04.05.2024|04.05.2024|5000011497|1|DIESEL001|Diesel|261|828.816|L|64007.74|INR|V-IOCL1|Verbrauch Fahrzeugflotte Bengaluru|KST-OPS-03|SL04|DRAO
100|2000|PL04|06.05.2024|06.05.2024|5000011498|1|DIESEL001|Dieselkraftstoff|261||L||INR|V-K005|Auffuellung Notstromaggregat Bengaluru|KST-LOG-02|SL04|VMEHTA
100|2000|PL04|01.05.2024|01.05.2024|5000011499|1|DIESEL001|Dieselkraftstoff|261|640.28|L|45836.59|INR|V-HPCL1|Nutzung Notstromaggregat Bengaluru|KST-FAC-07|SL04|GMISHRA
100|2000|PL04|19.05.2024|16.05.2024|5000011500|1|DIESEL001|Diesel|261|1384.814|L|104751.22|INR|V-BPCL1|Tanken Fahrzeugflotte Bengaluru|KST-FAC-02|SL04|RJOSHI
100|2000|PL04|14.05.2024|13.05.2024|5000011501|1|DIESEL001|Diesel|261|814.735|L|55837.5|INR|V-K005|Entnahme Notstromaggregat Bengaluru|KST-FAC-05|SL04|TLAXMAN
100|2000|PL04|03.05.2024|03.05.2024|5000011502|1|DIESEL001|Diesel|261|637.353|L|43853.69|INR|V-K010||KST-PRD-01|SL04|SPRIYA
100|2000|PL04|12.05.2024|10.05.2024|5000011503|1|DIESEL001|Dieselkraftstoff|261|661.512|L|46969.87|INR|V-K002|Nutzung Produktion Bengaluru|KST-FAC-03|SL04|ASAXEN
100|2000|PL04|20.05.2024|17.05.2024|5000011504|1|DIESEL001|Diesel|261|1422.603|L|101356.02|INR|V-K005|Auffuellung Kantine Bengaluru|KST-FAC-02|SL04|ASAXEN
100|2000|PL04|26.05.2024|26.05.2024|5000011505|1|CNGFUEL1|Erdgas CNG|261|302.997|KG|27518.44|INR|V-K004|Auffuellung Kantine Bengaluru|KST-PRD-01|SL04|ASAXEN
100|2000|PL04|19.05.2024|16.05.2024|5000011506|1|CNGFUEL1|Erdgas CNG|261|206.604|KG|18620.85|INR|V-IOCL1|Verbrauch DG-Set Bengaluru|KST-LOG-03|SL04|ASAXEN
100|2000|PL04|08.05.2024|08.05.2024|5000011507|1|CNGFUEL1|Erdgas CNG|261|275.126|KG|24219.93|INR|V-K010|Nutzung Kantine Bengaluru|KST-MNT-01|SL04|NREDDY
100|2000|PL04|04.05.2024|03.05.2024|5000011508|1|CNGFUEL1|Komprimiertes Erdgas|261||KG||INR|V-K003|Entnahme Fahrzeugflotte Bengaluru|KST-PRD-01|SL04|RJOSHI
100|2000|PL04|16.05.2024|14.05.2024|5000011509|1|CNGFUEL1|Erdgas CNG|261|374.809|KG|30292.42|INR|V-K006|Verbrauch DG-Set Bengaluru|KST-FAC-07|SL04|DRAO
100|2000|PL04|02.05.2024|01.05.2024|5000011510|1|PETRL001|Benzin|261|66.008|L|6268.67|INR|V-K003|Tanken Fahrzeugflotte Bengaluru|KST-LOG-02|SL04|BCHATT
100|2000|PL04|05.05.2024|03.05.2024|5000011511|1|PETRL001|Benzin|261|79.09|L|7876.71|INR|V-RELI1|Entnahme Heizung Bengaluru|KST-LOG-01|SL04|DRAO
100|2000|PL04|11.05.2024|09.05.2024|5000011512|1|PETRL001|Motorenbenzin|261|194.938|L|18505.18|INR|V-K010|Auffuellung Kantine Bengaluru|KST-OPS-02|SL04|PSINGH
100|2000|PL04|07.05.2024|05.05.2024|5000011513|1|PETRL001|Motorenbenzin|261|115.517|L|10331.06|INR|V-K001|Verbrauch Heizung Bengaluru|KST-FAC-01|SL04|RPANDEY
100|2000|PL04|27.06.2024|24.06.2024|5000011514|1|DIESEL001|Dieselkraftstoff|261|1432.788|L|95460.58|INR|V-K005|Tanken Fahrzeugflotte Bengaluru|KST-FAC-02|SL04|SNEHA
100|2000|PL04|10.06.2024|09.06.2024|5000011515|1|DIESEL001|Diesel|261|1214.206|L|90800.17|INR|V-HPCL1|Tanken Produktion Bengaluru|KST-LOG-01|SL04|ASAXEN
100|2000|PL04|23.06.2024|22.06.2024|5000011516|1|DIESEL001|Diesel|261|881.429|L|58894.81|INR|V-IOCL1|Auffuellung Generator Bengaluru|KST-FAC-07|SL04|NREDDY
100|2000|PL04|15.06.2024|13.06.2024|5000011517|1|DIESEL001|Dieselkraftstoff|261|1493.547|L|113410.64|INR|V-HPCL1|Tanken DG-Set Bengaluru|KST-MNT-01|SL04|KVELU
100|2000|PL04|06.06.2024|04.06.2024|5000011518|1|DIESEL001|Diesel|261|890.843|L|66722.81|INR|V-HPCL1|Nutzung DG-Set Bengaluru|KST-FAC-01|SL04|SNEHA
100|2000|PL04|20.06.2024|19.06.2024|5000011519|1|DIESEL001|Dieselkraftstoff|261|636.292|L|45089.34|INR|V-ESSAR||KST-FAC-01|SL04|RJOSHI
100|2000|PL04|07.06.2024|05.06.2024|5000011520|1|DIESEL001|Diesel|261|968.446|L|71873.04|INR|V-K008||KST-MNT-01|SL04|DRAO
100|2000|PL04|28.06.2024|25.06.2024|5000011521|1|DIESEL001|Dieselkraftstoff|261|1275.906|L|89621.86|INR|V-BPCL1|Auffuellung Heizung Bengaluru|KST-OPS-03|SL04|RJOSHI
100|2000|PL04|02.06.2024|02.06.2024|5000011522|1|CNGFUEL1|Komprimiertes Erdgas|261|377.559|KG|32380.72|INR|V-K004|Verbrauch Fahrzeugflotte Bengaluru|KST-FAC-01|SL04|RJOSHI
100|2000|PL04|05.06.2024|03.06.2024|5000011523|1|CNGFUEL1|Erdgas CNG|261|167.025|KG|14382.32|INR|V-HPCL1|Verbrauch DG-Set Bengaluru|KST-OPS-02|SL04|RJOSHI
100|2000|PL04|22.06.2024|21.06.2024|5000011524|1|CNGFUEL1|Erdgas CNG|261|163.03|KG|13723.07|INR|V-RELI1|Entnahme Generator Bengaluru|KST-LOG-03|SL04|VMEHTA
100|2000|PL04|27.06.2024|24.06.2024|5000011525|1|CNGFUEL1|Erdgas CNG|261|230.279|KG|18339.38|INR|V-RELI1|Auffuellung Heizung Bengaluru|KST-FAC-02|SL04|SNEHA
100|2000|PL04|18.06.2024|15.06.2024|5000011526|1|CNGFUEL1|Komprimiertes Erdgas|261|347.155|KG|27847.87|INR|V-K003|Nutzung Produktion Bengaluru|KST-FAC-03|SL04|SNEHA
100|2000|PL04|13.06.2024|10.06.2024|5000011527|1|PETRL001|Motorenbenzin|261|159.766|L|15888.97|INR|V-K004|Tanken DG-Set Bengaluru|KST-FAC-01|SL04|NREDDY
100|2000|PL04|04.06.2024|03.06.2024|5000011528|1|PETRL001|Benzin|261|72.033|L|6949.37|INR|V-BPCL1|Nutzung Fahrzeugflotte Bengaluru|KST-PRD-01|SL04|DRAO
100|2000|PL04|22.06.2024|22.06.2024|5000011529|1|PETRL001|Motorenbenzin|261|179.708|L|17209.82|INR|V-ESSAR|Tanken Kantine Bengaluru|KST-LOG-02|SL04|PSINGH
100|2000|PL04|23.06.2024|21.06.2024|5000011530|1|PETRL001|Benzin|261|143.745|L|14676.95|INR|V-K003|Auffuellung Heizung Bengaluru|KST-FAC-07|SL04|SNEHA
100|2000|PL04|08.07.2024|05.07.2024|5000011531|1|DIESEL001|Dieselkraftstoff|261|663.55|L|46164.69|INR|V-K007|Auffuellung Wartung Bengaluru|KST-FAC-03|SL04|NREDDY
100|2000|PL04|28.07.2024|27.07.2024|5000011532|1|DIESEL001|Dieselkraftstoff|261||L||INR|V-K005|Tanken Kantine Bengaluru|KST-FAC-02|SL04|VMEHTA
100|2000|PL04|17.07.2024|14.07.2024|5000011533|1|DIESEL001|Diesel|261|511.744|KG|38640.33|INR|V-IOCL1|Auffuellung Generator Bengaluru|KST-PRD-02|SL04|GMISHRA
100|2000|PL04|20.07.2024|18.07.2024|5000011534|1|DIESEL001|Dieselkraftstoff|261|1288.023|L|89137.63|INR|V-K007|Nutzung Produktion Bengaluru|KST-LOG-03|SL04|NREDDY
100|2000|PL04|14.07.2024|13.07.2024|5000011535|1|DIESEL001|Diesel|261|684.987|L|49115.2|INR|V-K006||KST-OPS-03|SL04|TLAXMAN
100|2000|PL04|03.07.2024|30.06.2024|5000011536|1|DIESEL001|Diesel|261|1042.737|L|76333.39|INR|V-BPCL1|Auffuellung Generator Bengaluru|KST-OPS-03|SL04|RPANDEY
100|2000|PL04|03.07.2024|01.07.2024|5000011537|1|DIESEL001|Diesel|261|718.366|L|50214.1|INR|V-K007|Verbrauch Wartung Bengaluru|KST-FAC-05|SL04|PSINGH
100|2000|PL04|06.07.2024|04.07.2024|5000011538|1|DIESEL001|Dieselkraftstoff|261|542.745|L|38047.39|INR|V-IOCL1|Verbrauch Heizung Bengaluru|KST-LOG-01|SL04|NREDDY
100|2000|PL04|24.07.2024|24.07.2024|5000011539|1|CNGFUEL1|Komprimiertes Erdgas|261|313.675|KG|24701.93|INR|V-RELI1|Tanken Generator Bengaluru|KST-PRD-01|SL04|PSINGH
100|2000|PL04|06.07.2024|05.07.2024|5000011540|1|CNGFUEL1|Komprimiertes Erdgas|261|387.439|KG|30699.61|INR|V-ESSAR|Nutzung DG-Set Bengaluru|KST-OPS-02|SL04|RPANDEY
100|2000|PL04|28.07.2024|25.07.2024|5000011541|1|CNGFUEL1|Erdgas CNG|261|283.946|KG|23355.18|INR|V-K002|Nutzung Fahrzeugflotte Bengaluru|KST-FAC-03|SL04|MGUPTA
100|2000|PL04|13.07.2024|11.07.2024|5000011542|1|CNGFUEL1|Erdgas CNG|261|337.519|KG|29486.53|INR|V-K010|Entnahme Notstromaggregat Bengaluru|KST-LOG-01|SL04|RPANDEY
100|2000|PL04|21.07.2024|18.07.2024|5000011543|1|CNGFUEL1|Komprimiertes Erdgas|261|357.977|KG|31771.45|INR|V-K005|Tanken Wartung Bengaluru|KST-FAC-05|SL04|ASAXEN
100|2000|PL04|24.07.2024|23.07.2024|5000011544|1|PETRL001|Benzin|261|101.467|L|9913.07|INR|V-K003|Tanken Kantine Bengaluru|KST-OPS-02|SL04|SNEHA
100|2000|PL04|23.07.2024|23.07.2024|5000011545|1|PETRL001|Benzin|261|99.805|L|9630.18|INR|V-BPCL1|Nutzung Generator Bengaluru|KST-LOG-01|SL04|SPRIYA
100|2000|PL04|03.07.2024|30.06.2024|5000011546|1|PETRL001|Motorenbenzin|261|81.479|L|7932.28|INR|V-K010|Verbrauch Heizung Bengaluru|KST-LOG-01|SL04|BCHATT
100|2000|PL04|04.07.2024|04.07.2024|5000011547|1|PETRL001|Benzin|261|90.708|L|8582.32|INR|V-BPCL1||KST-OPS-01|SL04|RJOSHI
100|2000|PL04|07.08.2024|06.08.2024|5000011548|1|DIESEL001|Diesel|261|693.392|KG|52903.45|INR|V-K006|Nutzung Heizung Bengaluru|KST-OPS-03|SL04|KVELU
100|2000|PL04|18.08.2024|18.08.2024|5000011549|1|DIESEL001|Diesel|261|1053.151|L|74831.17|INR|V-HPCL1|Tanken Notstromaggregat Bengaluru|KST-PRD-02|SL04|TLAXMAN
100|2000|PL04|13.08.2024|10.08.2024|5000011550|1|DIESEL001|Dieselkraftstoff|261|1322.635|L|101835.8|INR|V-K009|Nutzung Wartung Bengaluru|KST-FAC-01|SL04|RPANDEY
100|2000|PL04|22.08.2024|21.08.2024|5000011551|1|DIESEL001|Dieselkraftstoff|261|1314.557|L|98388.35|INR|V-ESSAR|Entnahme DG-Set Bengaluru|KST-LOG-01|SL04|NREDDY
100|2000|PL04|13.08.2024|10.08.2024|5000011552|1|DIESEL001|Dieselkraftstoff|261|747.832|L|57851.03|INR|V-K004|Verbrauch Heizung Bengaluru|KST-LOG-03|SL04|SNEHA
100|2000|PL04|08.08.2024|07.08.2024|5000011553|1|DIESEL001|Dieselkraftstoff|261|1173.027|L|87580.72|INR|V-K008|Tanken Notstromaggregat Bengaluru|KST-LOG-02|SL04|BCHATT
100|2000|PL04|11.08.2024|11.08.2024|5000011554|1|DIESEL001|Diesel|261|1452.668|L|102678.36|INR|V-IOCL1|Verbrauch Fahrzeugflotte Bengaluru|KST-FAC-03|SL04|BCHATT
100|2000|PL04|21.08.2024|21.08.2024|5000011555|1|DIESEL001|Diesel|261|747.362|L|50602.43|INR|V-K002|Auffuellung Wartung Bengaluru|KST-LOG-01|SL04|SPRIYA
100|2000|PL04|19.08.2024|18.08.2024|5000011556|1|CNGFUEL1|Erdgas CNG|261|237.486|KG|20943.46|INR|V-BPCL1|Auffuellung Wartung Bengaluru|KST-PRD-01|SL04|SNEHA
100|2000|PL04|18.08.2024|15.08.2024|5000011557|1|CNGFUEL1|Komprimiertes Erdgas|261|302.909|KG|27104.38|INR|V-K005|Verbrauch Produktion Bengaluru|KST-LOG-01|SL04|TLAXMAN
100|2000|PL04|11.08.2024|10.08.2024|5000011558|1|CNGFUEL1|Erdgas CNG|261|317.791|KG|24890.29|INR|V-K003|Entnahme Kantine Bengaluru|KST-MNT-01|SL04|TLAXMAN
100|2000|PL04|21.08.2024|18.08.2024|5000011559|1|CNGFUEL1|Komprimiertes Erdgas|261|341.208|KG|29421.55|INR|V-K008|Tanken Fahrzeugflotte Bengaluru|KST-LOG-02|SL04|TLAXMAN
100|2000|PL04|18.08.2024|15.08.2024|5000011560|1|CNGFUEL1|Erdgas CNG|261|321.5|KG|27586.13|INR|V-K005|Nutzung Heizung Bengaluru|KST-FAC-02|SL04|GMISHRA
100|2000|PL04|26.08.2024|24.08.2024|5000011561|1|PETRL001|Benzin|261|117.533|L|11894.98|INR|V-K004|Nutzung Generator Bengaluru|KST-PRD-01|SL04|GMISHRA
100|2000|PL04|13.08.2024|11.08.2024|5000011562|1|PETRL001|Benzin|261|97.131|L|9760.72|INR|V-HPCL1|Verbrauch Generator Bengaluru|KST-OPS-01|SL04|GMISHRA
100|2000|PL04|27.08.2024|27.08.2024|5000011563|1|PETRL001|Benzin|261|115.786|L|10295.73|INR|V-ESSAR|Verbrauch Kantine Bengaluru|KST-OPS-01|SL04|RJOSHI
100|2000|PL04|18.08.2024|16.08.2024|5000011564|1|PETRL001|Motorenbenzin|261|132.812|L|11731.07|INR|V-K004|Auffuellung Notstromaggregat Bengaluru|KST-LOG-03|SL04|ASAXEN
100|2000|PL04|10.09.2024|09.09.2024|5000011565|1|DIESEL001|Diesel|261|761.911|L|59200.94|INR|V-RELI1|Entnahme Produktion Bengaluru|KST-OPS-01|SL04|PSINGH
100|2000|PL04|01.09.2024|01.09.2024|5000011566|1|DIESEL001|Dieselkraftstoff|261|712.854|L|53133.82|INR|V-K010|Auffuellung Heizung Bengaluru|KST-MNT-01|SL04|RPANDEY
100|2000|PL04|01.09.2024|30.08.2024|5000011567|1|DIESEL001|Diesel|261|792.784|L|59521.25|INR|V-K009|Auffuellung Wartung Bengaluru|KST-MNT-01|SL04|NREDDY
100|2000|PL04|15.09.2024|15.09.2024|5000011568|1|DIESEL001|Diesel|261|1413.981|L|104309.08|INR|V-ESSAR||KST-PRD-02|SL04|NREDDY
100|2000|PL04|04.09.2024|03.09.2024|5000011569|1|DIESEL001|Diesel|261|872.361|L|58263.61|INR|V-K005|Tanken Wartung Bengaluru|KST-LOG-02|SL04|SNEHA
100|2000|PL04|16.09.2024|14.09.2024|5000011570|1|DIESEL001|Diesel|261|1454.692|L|111929.13|INR|V-K005|Verbrauch Generator Bengaluru|KST-FAC-05|SL04|RJOSHI
100|2000|PL04|11.09.2024|09.09.2024|5000011571|1|DIESEL001|Diesel|261|1372.243|L|105637.59|INR|V-RELI1|Auffuellung Heizung Bengaluru|KST-OPS-02|SL04|SNEHA
100|2000|PL04|07.09.2024|05.09.2024|5000011572|1|DIESEL001|Diesel|261|1293.128|L|90234.64|INR|V-K005|Nutzung Heizung Bengaluru|KST-PRD-02|SL04|NREDDY
100|2000|PL04|20.09.2024|17.09.2024|5000011573|1|CNGFUEL1|Erdgas CNG|261|192.681|KG|17210.62|INR|V-K008|Auffuellung Produktion Bengaluru|KST-OPS-02|SL04|ASAXEN
100|2000|PL04|24.09.2024|22.09.2024|5000011573|1|CNGFUEL1|Komprimiertes Erdgas|261|175.407|KG|15772.81|INR|V-K004|Tanken Generator Bengaluru|KST-OPS-03|SL04|GMISHRA
100|2000|PL04|23.09.2024|20.09.2024|5000011575|1|CNGFUEL1|Komprimiertes Erdgas|261|380.784|KG|33056.99|INR|V-HPCL1|Verbrauch Produktion Bengaluru|KST-LOG-01|SL04|VMEHTA
100|2000|PL04|18.09.2024|16.09.2024|5000011576|1|CNGFUEL1|Erdgas CNG|261|288.536|KG|24856.97|INR|V-K006|Tanken Wartung Bengaluru|KST-PRD-01|SL04|SNEHA
100|2000|PL04|04.09.2024|02.09.2024|5000011577|1|CNGFUEL1|Erdgas CNG|261|242.061|KG|19148.29|INR|V-RELI1|Nutzung Generator Bengaluru|KST-OPS-01|SL04|NREDDY
100|2000|PL04|09.09.2024|06.09.2024|5000011578|1|PETRL001|Motorenbenzin|261|103.016|L|10308.36|INR|V-K003|Auffuellung Generator Bengaluru|KST-FAC-07|SL04|VMEHTA
100|2000|PL04|27.09.2024|24.09.2024|5000011579|1|PETRL001|Benzin|261|109.897|L|11066.27|INR|V-K005|Auffuellung Heizung Bengaluru|KST-LOG-02|SL04|ASAXEN
100|2000|PL04|16.09.2024|16.09.2024|5000011580|1|PETRL001|Benzin|261|87.333|L|8278.38|INR|V-K004|Nutzung DG-Set Bengaluru|KST-MNT-01|SL04|PSINGH
100|2000|PL04|14.09.2024|14.09.2024|5000011581|1|PETRL001|Motorenbenzin|261|130.844|L|13188.24|INR|V-K003|Tanken Kantine Bengaluru|KST-LOG-01|SL04|SPRIYA
100|2000|PL04|27.10.2024|24.10.2024|5000011582|1|DIESEL001|Dieselkraftstoff|261|815.97|L|55756.32|INR|V-K006|Auffuellung Heizung Bengaluru|KST-LOG-03|SL04|ASAXEN
100|2000|PL04|16.10.2024|16.10.2024|5000011583|1|DIESEL001|Dieselkraftstoff|261|1011.884|L|71179.86|INR|V-K005|Entnahme Notstromaggregat Bengaluru|KST-FAC-05|SL04|ASAXEN
100|2000|PL04|24.10.2024|21.10.2024|5000011584|1|DIESEL001|Dieselkraftstoff|261|1092.49|L|84098.0|INR|V-RELI1|Nutzung Kantine Bengaluru|KST-OPS-03|SL04|GMISHRA
100|2000|PL04|13.10.2024|10.10.2024|5000011585|1|DIESEL001|Diesel|261|1471.669|L|107818.14|INR|V-BPCL1||KST-OPS-02|SL04|RJOSHI
100|2000|PL04|20.10.2024|18.10.2024|5000011586|1|DIESEL001|Diesel|261||L||INR|V-IOCL1|Tanken Wartung Bengaluru|KST-FAC-03|SL04|BCHATT
100|2000|PL04|22.10.2024|20.10.2024|5000011587|1|DIESEL001|Diesel|261|670.201|L|46532.25|INR|V-K005|Nutzung Notstromaggregat Bengaluru|KST-PRD-02|SL04|TLAXMAN
100|2000|PL04|19.10.2024|17.10.2024|5000011588|1|DIESEL001|Diesel|261|670.697|L|47292.97|INR|V-IOCL1|Nutzung DG-Set Bengaluru|KST-LOG-02|SL04|BCHATT
100|2000|PL04|17.10.2024|17.10.2024|5000011589|1|DIESEL001|Dieselkraftstoff|261|679.15|L|50817.14|INR|V-IOCL1|Tanken DG-Set Bengaluru|KST-LOG-03|SL04|RPANDEY
100|2000|PL04|10.10.2024|09.10.2024|5000011590|1|CNGFUEL1|Erdgas CNG|261|374.678|KG|34019.54|INR|V-ESSAR|Auffuellung Heizung Bengaluru|KST-FAC-03|SL04|VMEHTA
100|2000|PL04|14.10.2024|11.10.2024|5000011591|1|CNGFUEL1|Komprimiertes Erdgas|261|280.768|KG|23954.52|INR|V-IOCL1|Auffuellung Wartung Bengaluru|KST-FAC-01|SL04|RJOSHI
100|2000|PL04|28.10.2024|28.10.2024|5000011592|1|CNGFUEL1|Komprimiertes Erdgas|261|294.531|KG|26981.23|INR|V-ESSAR||KST-LOG-02|SL04|DRAO
100|2000|PL04|27.10.2024|27.10.2024|5000011593|1|CNGFUEL1|Komprimiertes Erdgas|261|358.349|KG|30835.38|INR|V-RELI1|Verbrauch Produktion Bengaluru|KST-FAC-05|SL04|GMISHRA
100|2000|PL04|03.10.2024|01.10.2024|5000011594|1|CNGFUEL1|Komprimiertes Erdgas|261|338.636|KG|29930.83|INR|V-K004|Tanken Generator Bengaluru|KST-LOG-03|SL04|SNEHA
100|2000|PL04|19.10.2024|18.10.2024|5000011595|1|PETRL001|Benzin|261|61.461|L|5931.07|INR|V-K005|Auffuellung Generator Bengaluru|KST-LOG-03|SL04|SNEHA
100|2000|PL04|08.10.2024|05.10.2024|5000011596|1|PETRL001|Benzin|261|140.355|L|13103.47|INR|V-K009||KST-OPS-02|SL04|BCHATT
100|2000|PL04|11.10.2024|11.10.2024|5000011597|1|PETRL001|Benzin|261|101.907|L|9323.79|INR|V-BPCL1|Verbrauch Wartung Bengaluru|KST-PRD-02|SL04|KVELU
100|2000|PL04|25.10.2024|22.10.2024|5000011598|1|PETRL001|Benzin|261|188.102|L|18607.35|INR|V-K010|Nutzung Fahrzeugflotte Bengaluru|KST-FAC-01|SL04|PSINGH
100|2000|PL04|23.11.2024|23.11.2024|5000011599|1|DIESEL001|Diesel|261|1044.553|L|80942.53|INR|V-K006|Verbrauch Generator Bengaluru|KST-FAC-02|SL04|NREDDY
100|2000|PL04|21.11.2024|19.11.2024|5000011600|1|DIESEL001|Diesel|261|1320.411|L|94877.07|INR|V-ESSAR|Verbrauch Wartung Bengaluru|KST-OPS-02|SL04|AKUMAR
100|2000|PL04|22.11.2024|22.11.2024|5000011601|1|DIESEL001|Dieselkraftstoff|261|1338.319|L|95920.14|INR|V-K003|Entnahme Wartung Bengaluru|KST-LOG-02|SL04|MGUPTA
100|2000|PL04|01.11.2024|30.10.2024|5000011602|1|DIESEL001|Dieselkraftstoff|261|794.985|L|56118.97|INR|V-BPCL1|Tanken Notstromaggregat Bengaluru|KST-FAC-05|SL04|NREDDY
100|2000|PL04|11.11.2024|10.11.2024|5000011603|1|DIESEL001|Diesel|261|1035.413|L|79548.1|INR|V-K006|Nutzung Fahrzeugflotte Bengaluru|KST-OPS-01|SL04|AKUMAR
100|2000|PL04|05.11.2024|02.11.2024|5000011604|1|DIESEL001|Dieselkraftstoff|261|508.273|L|36125.47|INR|V-K009|Auffuellung Kantine Bengaluru|KST-OPS-02|SL04|ASAXEN
100|2000|PL04|15.11.2024|15.11.2024|5000011605|1|DIESEL001|Dieselkraftstoff|261|1091.978|L|83988.43|INR|V-K001|Nutzung Fahrzeugflotte Bengaluru|KST-FAC-07|SL04|GMISHRA
100|2000|PL04|19.11.2024|18.11.2024|5000011606|1|DIESEL001|Dieselkraftstoff|261|1005.656|L|69837.87|INR|V-K005|Auffuellung Generator Bengaluru|KST-FAC-03|SL04|ASAXEN
100|2000|PL04|28.11.2024|27.11.2024|5000011607|1|CNGFUEL1|Erdgas CNG|261|284.409|KG|22765.99|INR|V-ESSAR|Entnahme Generator Bengaluru|KST-OPS-01|SL04|PSINGH
100|2000|PL04|26.11.2024|26.11.2024|5000011608|1|CNGFUEL1|Erdgas CNG|261|359.786|KG|31930.64|INR|V-K005|Nutzung Generator Bengaluru|KST-LOG-02|SL04|PSINGH
100|2000|PL04|17.11.2024|14.11.2024|5000011609|1|CNGFUEL1|Komprimiertes Erdgas|261|287.094|KG|25369.01|INR|V-K004|Entnahme Notstromaggregat Bengaluru|KST-FAC-05|SL04|PSINGH
100|2000|PL04|01.11.2024|30.10.2024|5000011610|1|CNGFUEL1|Komprimiertes Erdgas|261||KG||INR|V-K006|Entnahme Fahrzeugflotte Bengaluru|KST-LOG-01|SL04|PSINGH
100|2000|PL04|06.11.2024|05.11.2024|5000011611|1|CNGFUEL1|Erdgas CNG|261|183.31|KG|14750.82|INR|V-IOCL1|Verbrauch Generator Bengaluru|KST-OPS-03|SL04|ASAXEN
100|2000|PL04|20.11.2024|20.11.2024|5000011612|1|PETRL001|Motorenbenzin|261|123.029|L|11373.37|INR|V-BPCL1|Auffuellung Generator Bengaluru|KST-FAC-07|SL04|BCHATT
100|2000|PL04|19.11.2024|18.11.2024|5000011613|1|PETRL001|Benzin|261|97.901|L|9007.82|INR|V-K010|Tanken DG-Set Bengaluru|KST-PRD-01|SL04|SPRIYA
100|2000|PL04|05.11.2024|03.11.2024|5000011614|1|PETRL001|Motorenbenzin|261|63.943|L|6195.51|INR|V-K005|Verbrauch DG-Set Bengaluru|KST-LOG-02|SL04|ASAXEN
100|2000|PL04|12.11.2024|12.11.2024|5000011615|1|PETRL001|Motorenbenzin|261|177.877|KG|16216.98|INR|V-BPCL1|Entnahme Generator Bengaluru|KST-LOG-03|SL04|NREDDY
100|2000|PL04|04.12.2024|04.12.2024|5000011616|1|DIESEL001|Dieselkraftstoff|261|692.419|L|49308.73|INR|V-K008|Entnahme DG-Set Bengaluru|KST-OPS-03|SL04|RJOSHI
100|2000|PL04|02.12.2024|01.12.2024|5000011617|1|DIESEL001|Dieselkraftstoff|261|531.798|L|40080.93|INR|V-BPCL1|Verbrauch Wartung Bengaluru|KST-OPS-02|SL04|SNEHA
100|2000|PL04|18.12.2024|18.12.2024|5000011618|1|DIESEL001|Dieselkraftstoff|261|838.964|L|58597.97|INR|V-K003|Tanken Fahrzeugflotte Bengaluru|KST-PRD-02|SL04|DRAO
100|2000|PL04|26.12.2024|23.12.2024|5000011619|1|DIESEL001|Dieselkraftstoff|261|1115.336|L|83550.22|INR|V-K003|Entnahme Fahrzeugflotte Bengaluru|KST-OPS-02|SL04|AKUMAR
100|2000|PL04|24.12.2024|21.12.2024|5000011620|1|DIESEL001|Dieselkraftstoff|261|1155.086|L|78983.1|INR|V-K006|Entnahme Generator Bengaluru|KST-PRD-01|SL04|ASAXEN
100|2000|PL04|16.12.2024|16.12.2024|5000011621|1|DIESEL001|Dieselkraftstoff|261|1047.158|L|70188.91|INR|V-K005|Verbrauch Heizung Bengaluru|KST-FAC-05|SL04|PSINGH
100|2000|PL04|25.12.2024|23.12.2024|5000011622|1|DIESEL001|Diesel|261|1356.829|L|91935.61|INR|V-K007|Verbrauch Kantine Bengaluru|KST-OPS-03|SL04|RJOSHI
100|2000|PL04|25.12.2024|25.12.2024|5000011623|1|DIESEL001|Dieselkraftstoff|261|1454.35|KG|107466.22|INR|V-BPCL1|Entnahme DG-Set Bengaluru|KST-FAC-07|SL04|ASAXEN
100|2000|PL04|13.12.2024|13.12.2024|5000011624|1|CNGFUEL1|Komprimiertes Erdgas|261|318.601|KG|27624.92|INR|V-K003|Entnahme Kantine Bengaluru|KST-FAC-05|SL04|SPRIYA
100|2000|PL04|24.12.2024|24.12.2024|5000011625|1|CNGFUEL1|Komprimiertes Erdgas|261|217.587|KG|19063.18|INR|V-K007|Nutzung Generator Bengaluru|KST-OPS-03|SL04|RJOSHI
100|2000|PL04|11.12.2024|11.12.2024|5000011626|1|CNGFUEL1|Komprimiertes Erdgas|261|351.356|KG|29409.41|INR|V-K010|Auffuellung Notstromaggregat Bengaluru|KST-LOG-01|SL04|KVELU
100|2000|PL04|18.12.2024|15.12.2024|5000011627|1|CNGFUEL1|Erdgas CNG|261|181.725|KG|16680.2|INR|V-K005|Nutzung Heizung Bengaluru|KST-FAC-07|SL04|VMEHTA
100|2000|PL04|15.12.2024|15.12.2024|5000011628|1|CNGFUEL1|Komprimiertes Erdgas|261|292.972|KG|25379.6|INR|V-K005|Nutzung Heizung Bengaluru|KST-OPS-01|SL04|RJOSHI
100|2000|PL04|13.12.2024|12.12.2024|5000011629|1|PETRL001|Benzin|261|169.959|L|15738.09|INR|V-K008|Verbrauch Wartung Bengaluru|KST-LOG-01|SL04|RJOSHI
100|2000|PL04|11.12.2024|09.12.2024|5000011630|1|PETRL001|Motorenbenzin|261|86.249|L|7630.4|INR|V-BPCL1|Verbrauch Fahrzeugflotte Bengaluru|KST-FAC-07|SL04|BCHATT
100|2000|PL04|12.12.2024|10.12.2024|5000011631|1|PETRL001|Benzin|261|183.011|L|16169.09|INR|V-K007|Entnahme Notstromaggregat Bengaluru|KST-PRD-02|SL04|PSINGH
100|2000|PL04|08.12.2024|08.12.2024|5000011632|1|PETRL001|Benzin|261|60.47|L|6054.15|INR|V-K005|Tanken Generator Bengaluru|KST-FAC-05|SL04|AKUMAR
100|1000|PL05|13.01.2023|12.01.2023|5000011633|1|DIESEL001|Dieselkraftstoff|261|1847.159|L|142226.8|INR|V-K009|Nutzung Fahrzeugflotte Chennai|KST-LOG-02|SL05|KVELU
100|1000|PL05|13.01.2023|13.01.2023|5000011634|1|DIESEL001|Diesel|261|2250.504|L|173727.66|INR|V-K009|Entnahme Heizung Chennai|KST-FAC-07|SL05|GMISHRA
100|1000|PL05|02.01.2023|02.01.2023|5000011635|1|DIESEL001|Dieselkraftstoff|261|3803.398|L|294544.72|INR|V-K004|Verbrauch Notstromaggregat Chennai|KST-OPS-02|SL05|GMISHRA
100|1000|PL05|03.01.2023|03.01.2023|5000011636|1|DIESEL001|Dieselkraftstoff|261|2295.852|L|166763.82|INR|V-K009|Auffuellung DG-Set Chennai|KST-PRD-02|SL05|SNEHA
100|1000|PL05|01.01.2023|31.12.2022|5000011637|1|DIESEL001|Diesel|261|3512.3|L|235422.88|INR|V-K005||KST-FAC-05|SL05|GMISHRA
100|1000|PL05|11.01.2023|08.01.2023|5000011638|1|DIESEL001|Diesel|261|2208.459|L|153242.44|INR|V-BPCL1|Verbrauch Kantine Chennai|KST-OPS-02|SL05|RJOSHI
100|1000|PL05|21.01.2023|21.01.2023|5000011639|1|DIESEL001|Dieselkraftstoff|261|3265.85|L|219776.21|INR|V-IOCL1|Auffuellung Fahrzeugflotte Chennai|KST-LOG-01|SL05|PSINGH
100|1000|PL05|05.01.2023|02.01.2023|5000011640|1|DIESEL001|Dieselkraftstoff|261|1584.202|L|121129.72|INR|V-ESSAR|Auffuellung Heizung Chennai|KST-FAC-07|SL05|SNEHA
100|1000|PL05|14.01.2023|12.01.2023|5000011641|1|DIESEL001|Dieselkraftstoff|261|3877.587|KG|301331.13|INR|V-K003|Nutzung DG-Set Chennai|KST-OPS-02|SL05|TLAXMAN
100|1000|PL05|18.01.2023|16.01.2023|5000011642|1|DIESEL001|Dieselkraftstoff|261|2872.38|L|221313.57|INR|V-K006||KST-LOG-02|SL05|DRAO
100|1000|PL05|22.01.2023|19.01.2023|5000011643|1|DIESEL001|Dieselkraftstoff|261|3708.424|L|271347.63|INR|V-K007|Nutzung Heizung Chennai|KST-OPS-01|SL05|RJOSHI
100|1000|PL05|17.01.2023|16.01.2023|5000011644|1|DIESEL001|Diesel|261|1716.665|L|131094.56|INR|V-ESSAR|Entnahme Generator Chennai|KST-LOG-02|SL05|SNEHA
100|1000|PL05|12.01.2023|12.01.2023|5000011645|1|COALFUEL|Steinkohle|261|544.048|KG|6994.98|INR|V-BPCL1|Verbrauch Kantine Chennai|KST-FAC-05|SL05|GMISHRA
100|1000|PL05|10.01.2023|07.01.2023|5000011646|1|COALFUEL|Steinkohle|261|1955.968|KG|22261.25|INR|V-K004|Tanken Generator Chennai|KST-LOG-03|SL05|ASAXEN
100|1000|PL05|20.01.2023|20.01.2023|5000011647|1|COALFUEL|Steinkohle|261|854.897|KG|10618.52|INR|V-BPCL1|Auffuellung Heizung Chennai|KST-FAC-07|SL05|VMEHTA
100|1000|PL05|12.01.2023|09.01.2023|5000011648|1|FURNACE1|Heizoel EL|261|545.585|L|38752.32|INR|V-BPCL1|Verbrauch Wartung Chennai|KST-OPS-03|SL05|NREDDY
100|1000|PL05|15.01.2023|15.01.2023|5000011649|1|FURNACE1|Schweroelkraftstoff|261|723.652|L|53296.33|INR|V-K007|Tanken Notstromaggregat Chennai|KST-MNT-01|SL05|SNEHA
100|1000|PL05|14.01.2023|11.01.2023|5000011650|1|FURNACE1|Schweroelkraftstoff|261|695.053|L|51854.41|INR|V-K001|Tanken Wartung Chennai|KST-FAC-01|SL05|NREDDY
100|1000|PL05|04.01.2023|02.01.2023|5000011651|1|FURNACE1|Schweroelkraftstoff|261|796.711|L|56173.42|INR|V-K004|Entnahme Wartung Chennai|KST-OPS-01|SL05|VMEHTA
100|1000|PL05|18.02.2023|17.02.2023|5000011652|1|DIESEL001|Dieselkraftstoff|261|1877.04|L|138113.59|INR|V-HPCL1|Nutzung DG-Set Chennai|KST-OPS-03|SL05|DRAO
100|1000|PL05|01.02.2023|29.01.2023|5000011653|1|DIESEL001|Diesel|261|3502.575|L|235558.97|INR|V-K010|Nutzung Generator Chennai|KST-PRD-02|SL05|SPRIYA
100|1000|PL05|17.02.2023|16.02.2023|5000011654|1|DIESEL001|Diesel|261|2122.694|L|151098.62|INR|V-K010|Nutzung DG-Set Chennai|KST-FAC-02|SL05|KVELU
100|1000|PL05|24.02.2023|24.02.2023|5000011655|1|DIESEL001|Diesel|261|2966.716|L|197308.13|INR|V-HPCL1|Tanken Fahrzeugflotte Chennai|KST-FAC-03|SL05|RJOSHI
100|1000|PL05|06.02.2023|06.02.2023|5000011656|1|DIESEL001|Dieselkraftstoff|261|3537.944|L|242344.79|INR|V-BPCL1|Tanken Wartung Chennai|KST-FAC-01|SL05|SNEHA
100|1000|PL05|02.02.2023|31.01.2023|5000011657|1|DIESEL001|Diesel|261|1510.478|L|108696.49|INR|V-RELI1|Tanken Heizung Chennai|KST-FAC-05|SL05|MGUPTA
100|1000|PL05|06.02.2023|06.02.2023|5000011658|1|DIESEL001|Dieselkraftstoff|261|1762.586|L|133567.69|INR|V-K001|Tanken Fahrzeugflotte Chennai|KST-OPS-02|SL05|AKUMAR
100|1000|PL05|07.02.2023|05.02.2023|5000011659|1|DIESEL001|Diesel|261|3533.228|L|264576.76|INR|V-RELI1|Entnahme Fahrzeugflotte Chennai|KST-PRD-02|SL05|SPRIYA
100|1000|PL05|25.02.2023|25.02.2023|5000011660|1|DIESEL001|Diesel|261|3710.265|L|287984.26|INR|V-HPCL1|Tanken Kantine Chennai|KST-PRD-01|SL05|RJOSHI
100|1000|PL05|28.02.2023|25.02.2023|5000011661|1|DIESEL001|Diesel|261|3668.339|L|269558.6|INR|V-K006|Tanken Fahrzeugflotte Chennai|KST-FAC-03|SL05|PSINGH
100|1000|PL05|16.02.2023|15.02.2023|5000011662|1|DIESEL001|Diesel|261||L||INR|V-HPCL1|Tanken Wartung Chennai|KST-PRD-01|SL05|RJOSHI
100|1000|PL05|04.02.2023|01.02.2023|5000011663|1|DIESEL001|Dieselkraftstoff|261|2881.312|L|216721.78|INR|V-K003|Nutzung Wartung Chennai|KST-FAC-01|SL05|RPANDEY
100|1000|PL05|09.02.2023|06.02.2023|5000011664|1|COALFUEL|Steinkohle|261|1662.341|KG|19900.74|INR|V-ESSAR|Tanken DG-Set Chennai|KST-LOG-01|SL05|GMISHRA
100|1000|PL05|26.02.2023|24.02.2023|5000011665|1|COALFUEL|Steinkohle|261|1510.605|KG|17739.59|INR|V-K009|Auffuellung Kantine Chennai|KST-OPS-01|SL05|RJOSHI
100|1000|PL05|07.02.2023|06.02.2023|5000011666|1|COALFUEL|Steinkohle|261|1814.508|KG|20597.49|INR|V-K001|Entnahme Produktion Chennai|KST-FAC-05|SL05|KVELU
100|1000|PL05|28.02.2023|25.02.2023|5000011667|1|FURNACE1|Schweroelkraftstoff|261|499.205|L|36775.04|INR|V-K002|Verbrauch Produktion Chennai|KST-LOG-02|SL05|GMISHRA
100|1000|PL05|23.02.2023|22.02.2023|5000011668|1|FURNACE1|Heizoel EL|261|460.927|L|36443.08|INR|V-K007|Tanken Heizung Chennai|KST-OPS-01|SL05|AKUMAR
100|1000|PL05|07.02.2023|05.02.2023|5000011669|1|FURNACE1|Heizoel EL|261|789.613|L|60630.7|INR|V-K003|Tanken Heizung Chennai|KST-MNT-01|SL05|VMEHTA
100|1000|PL05|19.02.2023|18.02.2023|5000011670|1|FURNACE1|Schweroelkraftstoff|261|570.915|L|39845.01|INR|V-K002|Tanken Fahrzeugflotte Chennai|KST-FAC-05|SL05|BCHATT
100|1000|PL05|11.03.2023|10.03.2023|5000011671|1|DIESEL001|Dieselkraftstoff|261|1868.4|L|125296.79|INR|V-HPCL1|Auffuellung Wartung Chennai|KST-LOG-01|SL05|BCHATT
100|1000|PL05|23.03.2023|22.03.2023|5000011672|1|DIESEL001|Dieselkraftstoff|261|3169.367|L|241429.77|INR|V-K002||KST-FAC-03|SL05|RJOSHI
100|1000|PL05|04.03.2023|02.03.2023|5000011673|1|DIESEL001|Diesel|261|2551.528|L|173582.98|INR|V-HPCL1|Auffuellung Notstromaggregat Chennai|KST-MNT-01|SL05|GMISHRA
100|1000|PL05|08.03.2023|06.03.2023|5000011674|1|DIESEL001|Diesel|261|3361.15|L|226947.02|INR|V-K008|Tanken DG-Set Chennai|KST-FAC-07|SL05|RPANDEY
100|1000|PL05|08.03.2023|06.03.2023|5000011675|1|DIESEL001|Diesel|261|2766.724|L|191541.86|INR|V-K001|Entnahme DG-Set Chennai|KST-LOG-03|SL05|KVELU
100|1000|PL05|08.03.2023|05.03.2023|5000011676|1|DIESEL001|Dieselkraftstoff|261|1883.771|L|134223.8|INR|V-HPCL1|Entnahme DG-Set Chennai|KST-FAC-05|SL05|VMEHTA
100|1000|PL05|02.03.2023|28.02.2023|5000011677|1|DIESEL001|Dieselkraftstoff|261||L||INR|V-K008|Auffuellung Notstromaggregat Chennai|KST-FAC-03|SL05|AKUMAR
100|1000|PL05|18.03.2023|17.03.2023|5000011678|1|DIESEL001|Diesel|261|3161.449|L|212972.7|INR|V-K009|Entnahme Kantine Chennai|KST-PRD-02|SL05|RJOSHI
100|1000|PL05|27.03.2023|27.03.2023|5000011679|1|DIESEL001|Diesel|261|2758.137|L|197283.74|INR|V-K010|Entnahme Wartung Chennai|KST-FAC-03|SL05|SNEHA
100|1000|PL05|05.03.2023|02.03.2023|5000011680|1|DIESEL001|Dieselkraftstoff|261|2887.501|L|224433.34|INR|V-K003|Entnahme Heizung Chennai|KST-FAC-07|SL05|RJOSHI
100|1000|PL05|05.03.2023|02.03.2023|5000011681|1|DIESEL001|Dieselkraftstoff|261|3649.167|L|281366.36|INR|V-ESSAR|Verbrauch Produktion Chennai|KST-FAC-07|SL05|GMISHRA
100|1000|PL05|20.03.2023|19.03.2023|5000011682|1|DIESEL001|Dieselkraftstoff|261|3732.791|L|268930.8|INR|V-ESSAR||KST-PRD-01|SL05|NREDDY
100|1000|PL05|09.03.2023|06.03.2023|5000011683|1|COALFUEL|Steinkohle|261|764.547|KG|9585.84|INR|V-K006|Nutzung DG-Set Chennai|KST-OPS-01|SL05|KVELU
100|1000|PL05|16.03.2023|15.03.2023|5000011684|1|COALFUEL|Steinkohle|261|1613.306|KG|18824.95|INR|V-K005|Auffuellung Wartung Chennai|KST-OPS-01|SL05|KVELU
100|1000|PL05|15.03.2023|15.03.2023|5000011685|1|COALFUEL|Steinkohle|261|1250.287|KG|15002.99|INR|V-K007|Tanken Heizung Chennai|KST-OPS-02|SL05|ASAXEN
100|1000|PL05|27.03.2023|25.03.2023|5000011686|1|FURNACE1|Heizoel EL|261|722.539|L|57314.51|INR|V-BPCL1|Verbrauch DG-Set Chennai|KST-OPS-03|SL05|PSINGH
100|1000|PL05|21.03.2023|20.03.2023|5000011687|1|FURNACE1|Schweroelkraftstoff|261|351.644|L|27790.78|INR|V-K008|Entnahme Generator Chennai|KST-LOG-02|SL05|GMISHRA
100|1000|PL05|14.03.2023|13.03.2023|5000011688|1|FURNACE1|Heizoel EL|261|689.719|L|54899.21|INR|V-RELI1|Verbrauch Fahrzeugflotte Chennai|KST-FAC-05|SL05|MGUPTA
100|1000|PL05|12.03.2023|11.03.2023|5000011689|1|FURNACE1|Heizoel EL|261|717.773|L|49594.07|INR|V-K003|Nutzung Fahrzeugflotte Chennai|KST-OPS-03|SL05|RJOSHI
100|1000|PL05|04.04.2023|02.04.2023|5000011690|1|DIESEL001|Dieselkraftstoff|261|3196.521|L|242258.15|INR|V-RELI1|Tanken Heizung Chennai|KST-FAC-07|SL05|AKUMAR
100|1000|PL05|26.04.2023|26.04.2023|5000011691|1|DIESEL001|Diesel|261|3809.627|L|286517.07|INR|V-K001|Verbrauch Wartung Chennai|KST-LOG-02|SL05|VMEHTA
100|1000|PL05|27.04.2023|24.04.2023|5000011692|1|DIESEL001|Dieselkraftstoff|261|2134.513|L|155592.4|INR|V-K008|Entnahme Wartung Chennai|KST-LOG-02|SL05|SNEHA
100|1000|PL05|08.04.2023|08.04.2023|5000011693|1|DIESEL001|Dieselkraftstoff|261|3894.757|L|275832.48|INR|V-K003|Nutzung Produktion Chennai|KST-FAC-03|SL05|RPANDEY
100|1000|PL05|04.04.2023|03.04.2023|5000011694|1|DIESEL001|Dieselkraftstoff|261|1818.051|L|141189.57|INR|V-K002|Entnahme Heizung Chennai|KST-LOG-02|SL05|SNEHA
100|1000|PL05|12.04.2023|12.04.2023|5000011695|1|DIESEL001|Diesel|261|3937.351|L|280279.63|INR|V-K007|Verbrauch Notstromaggregat Chennai|KST-FAC-05|SL05|SPRIYA
100|1000|PL05|28.04.2023|27.04.2023|5000011696|1|DIESEL001|Diesel|261|2389.744|L|171765.68|INR|V-K006|Nutzung Wartung Chennai|KST-FAC-07|SL05|RJOSHI
100|1000|PL05|10.04.2023|10.04.2023|5000011697|1|DIESEL001|Diesel|261|3370.459|L|252517.32|INR|V-K001|Tanken DG-Set Chennai|KST-OPS-01|SL05|MGUPTA
100|1000|PL05|20.04.2023|20.04.2023|5000011698|1|DIESEL001|Dieselkraftstoff|261|1965.427|L|138599.1|INR|V-RELI1||KST-LOG-02|SL05|PSINGH
100|1000|PL05|09.04.2023|09.04.2023|5000011699|1|DIESEL001|Dieselkraftstoff|261|1933.382|L|149384.7|INR|V-K003|Verbrauch Produktion Chennai|KST-FAC-03|SL05|PSINGH
100|1000|PL05|21.04.2023|19.04.2023|5000011700|1|DIESEL001|Diesel|261|3633.768|L|266578.92|INR|V-K005|Tanken Heizung Chennai|KST-PRD-02|SL05|DRAO
100|1000|PL05|28.04.2023|25.04.2023|5000011701|1|DIESEL001|Diesel|261|3237.857|L|221698.48|INR|V-K003|Verbrauch Wartung Chennai|KST-MNT-01|SL05|VMEHTA
100|1000|PL05|05.04.2023|05.04.2023|5000011702|1|COALFUEL|Steinkohle|261|1020.229|KG|12317.9|INR|V-RELI1|Tanken DG-Set Chennai|KST-FAC-02|SL05|KVELU
100|1000|PL05|19.04.2023|19.04.2023|5000011703|1|COALFUEL|Steinkohle|261|1670.114|KG|19697.69|INR|V-K010|Verbrauch Notstromaggregat Chennai|KST-OPS-01|SL05|SNEHA
100|1000|PL05|13.04.2023|12.04.2023|5000011704|1|COALFUEL|Steinkohle|261|1221.683|KG|14359.24|INR|V-K007|Auffuellung Generator Chennai|KST-LOG-02|SL05|SNEHA
100|1000|PL05|19.04.2023|18.04.2023|5000011705|1|FURNACE1|Schweroelkraftstoff|261|470.949|L|33048.12|INR|V-K002|Auffuellung Heizung Chennai|KST-FAC-01|SL05|BCHATT
100|1000|PL05|24.04.2023|21.04.2023|5000011706|1|FURNACE1|Heizoel EL|261|772.077|L|55812.55|INR|V-K009|Tanken DG-Set Chennai|KST-FAC-05|SL05|NREDDY
100|1000|PL05|23.04.2023|23.04.2023|5000011707|1|FURNACE1|Schweroelkraftstoff|261|360.233|KG|25844.13|INR|V-IOCL1|Auffuellung DG-Set Chennai|KST-LOG-01|SL05|BCHATT
100|1000|PL05|09.04.2023|09.04.2023|5000011708|1|FURNACE1|Heizoel EL|261|383.108|L|28061.13|INR|V-K001|Verbrauch Generator Chennai|KST-OPS-02|SL05|DRAO
100|1000|PL05|19.05.2023|19.05.2023|5000011709|1|DIESEL001|Diesel|261|2094.407|L|151217.72|INR|V-K008|Nutzung DG-Set Chennai|KST-OPS-03|SL05|NREDDY
100|1000|PL05|12.05.2023|10.05.2023|5000011710|1|DIESEL001|Dieselkraftstoff|261|1883.314|L|136580.48|INR|V-HPCL1|Nutzung Generator Chennai|KST-FAC-03|SL05|NREDDY
100|1000|PL05|19.05.2023|18.05.2023|5000011711|1|DIESEL001|Dieselkraftstoff|261|2256.278|L|162260.66|INR|V-RELI1|Verbrauch DG-Set Chennai|KST-FAC-01|SL05|TLAXMAN
100|1000|PL05|19.05.2023|16.05.2023|5000011712|1|DIESEL001|Diesel|261|1738.188|L|134015.25|INR|V-K009|Auffuellung Fahrzeugflotte Chennai|KST-FAC-02|SL05|NREDDY
100|1000|PL05|17.05.2023|15.05.2023|5000011713|1|DIESEL001|Diesel|261|3338.102|L|253015.87|INR|V-K006|Entnahme DG-Set Chennai|KST-FAC-05|SL05|BCHATT
100|1000|PL05|13.05.2023|12.05.2023|5000011714|1|DIESEL001|Dieselkraftstoff|261|3349.14|L|240453.44|INR|V-K006|Auffuellung Produktion Chennai|KST-FAC-01|SL05|VMEHTA
100|1000|PL05|03.05.2023|30.04.2023|5000011715|1|DIESEL001|Dieselkraftstoff|261|2888.623|KG|220279.23|INR|V-K003|Entnahme DG-Set Chennai|KST-PRD-01|SL05|DRAO
100|1000|PL05|25.05.2023|23.05.2023|5000011716|1|DIESEL001|Diesel|261|1930.258|L|140957.24|INR|V-K001|Verbrauch Heizung Chennai|KST-MNT-01|SL05|AKUMAR
100|1000|PL05|09.05.2023|09.05.2023|5000011717|1|DIESEL001|Diesel|261|2924.329|KG|194093.1|INR|V-K007|Entnahme Fahrzeugflotte Chennai|KST-OPS-03|SL05|GMISHRA
100|1000|PL05|05.05.2023|02.05.2023|5000011718|1|DIESEL001|Diesel|261|1500.617|L|114818.47|INR|V-K010|Tanken Notstromaggregat Chennai|KST-FAC-05|SL05|DRAO
100|1000|PL05|27.05.2023|25.05.2023|5000011719|1|DIESEL001|Dieselkraftstoff|261|1546.908|L|103801.42|INR|V-K004|Nutzung DG-Set Chennai|KST-FAC-03|SL05|PSINGH
100|1000|PL05|05.05.2023|04.05.2023|5000011720|1|DIESEL001|Diesel|261|3590.885|L|277143.88|INR|V-BPCL1|Nutzung DG-Set Chennai|KST-FAC-05|SL05|RJOSHI
100|1000|PL05|15.05.2023|12.05.2023|5000011721|1|COALFUEL|Steinkohle|261|980.556|KG|11034.12|INR|V-RELI1|Verbrauch Wartung Chennai|KST-FAC-07|SL05|RJOSHI
100|1000|PL05|10.05.2023|09.05.2023|5000011722|1|COALFUEL|Steinkohle|261|515.485|KG|5916.88|INR|V-K002|Verbrauch Heizung Chennai|KST-MNT-01|SL05|SPRIYA
100|1000|PL05|22.05.2023|22.05.2023|5000011723|1|COALFUEL|Steinkohle|261|1974.558|KG|24780.86|INR|V-HPCL1|Tanken Wartung Chennai|KST-FAC-02|SL05|TLAXMAN
100|1000|PL05|10.05.2023|09.05.2023|5000011724|1|FURNACE1|Heizoel EL|261|657.708|L|47560.35|INR|V-BPCL1|Entnahme Wartung Chennai|KST-FAC-07|SL05|PSINGH
100|1000|PL05|17.05.2023|15.05.2023|5000011725|1|FURNACE1|Schweroelkraftstoff|261|775.511|L|60508.95|INR|V-HPCL1|Nutzung Fahrzeugflotte Chennai|KST-LOG-02|SL05|VMEHTA
100|1000|PL05|27.05.2023|25.05.2023|5000011726|1|FURNACE1|Schweroelkraftstoff|261|704.426|L|55861.11|INR|V-K001|Nutzung Heizung Chennai|KST-MNT-01|SL05|AKUMAR
100|1000|PL05|06.05.2023|04.05.2023|5000011727|1|FURNACE1|Heizoel EL|261|320.588|L|24276.32|INR|V-K005|Verbrauch Kantine Chennai|KST-PRD-02|SL05|AKUMAR
100|1000|PL05|12.06.2023|09.06.2023|5000011728|1|DIESEL001|Diesel|261|3490.326|L|246829.11|INR|V-K001|Nutzung Produktion Chennai|KST-FAC-03|SL05|SNEHA
100|1000|PL05|24.06.2023|23.06.2023|5000011729|1|DIESEL001|Diesel|261|3605.167|L|262039.49|INR|V-K003|Auffuellung Generator Chennai|KST-LOG-01|SL05|PSINGH
100|1000|PL05|21.06.2023|21.06.2023|5000011730|1|DIESEL001|Dieselkraftstoff|261|2989.05|L|228103.53|INR|V-BPCL1|Auffuellung Heizung Chennai|KST-OPS-03|SL05|VMEHTA
100|1000|PL05|11.06.2023|11.06.2023|5000011731|1|DIESEL001|Dieselkraftstoff|261|2953.878|L|213823.62|INR|V-K005|Entnahme Generator Chennai|KST-MNT-01|SL05|SPRIYA
100|1000|PL05|10.06.2023|09.06.2023|5000011732|1|DIESEL001|Diesel|261|2762.972|L|191356.16|INR|V-BPCL1|Entnahme Produktion Chennai|KST-OPS-02|SL05|GMISHRA
100|1000|PL05|14.06.2023|12.06.2023|5000011733|1|DIESEL001|Diesel|261|3622.699|L|276561.14|INR|V-ESSAR|Auffuellung Generator Chennai|KST-PRD-02|SL05|KVELU
100|1000|PL05|17.06.2023|15.06.2023|5000011734|1|DIESEL001|Dieselkraftstoff|261|3845.956|L|275817.94|INR|V-K002|Auffuellung Fahrzeugflotte Chennai|KST-PRD-02|SL05|RJOSHI
100|1000|PL05|23.06.2023|20.06.2023|5000011735|1|DIESEL001|Diesel|261|1551.085|L|109236.23|INR|V-K006|Verbrauch Notstromaggregat Chennai|KST-OPS-01|SL05|RPANDEY
100|1000|PL05|09.06.2023|06.06.2023|5000011736|1|DIESEL001|Dieselkraftstoff|261|2028.185|L|149408.14|INR|V-K007|Tanken DG-Set Chennai|KST-PRD-01|SL05|SPRIYA
100|1000|PL05|06.06.2023|05.06.2023|5000011737|1|DIESEL001|Diesel|261|2525.782|L|193821.71|INR|V-K010|Nutzung Wartung Chennai|KST-PRD-02|SL05|RJOSHI
100|1000|PL05|11.06.2023|10.06.2023|5000011738|1|DIESEL001|Diesel|261|3190.632|L|213063.64|INR|V-K007|Verbrauch Notstromaggregat Chennai|KST-FAC-02|SL05|PSINGH
100|1000|PL05|13.06.2023|13.06.2023|5000011739|1|DIESEL001|Diesel|261|3497.05|L|265813.6|INR|V-K010|Entnahme Fahrzeugflotte Chennai|KST-OPS-03|SL05|SNEHA
100|1000|PL05|09.06.2023|06.06.2023|5000011740|1|COALFUEL|Steinkohle|261|1317.598|KG|16376.05|INR|V-K003|Entnahme DG-Set Chennai|KST-OPS-01|SL05|ASAXEN
100|1000|PL05|19.06.2023|19.06.2023|5000011741|1|COALFUEL|Steinkohle|261|787.487|KG|9572.85|INR|V-K010|Nutzung DG-Set Chennai|KST-LOG-03|SL05|AKUMAR
100|1000|PL05|16.06.2023|16.06.2023|5000011742|1|COALFUEL|Steinkohle|261|1128.019|KG|14366.96|INR|V-K008|Tanken Wartung Chennai|KST-FAC-07|SL05|AKUMAR
100|1000|PL05|27.06.2023|25.06.2023|5000011743|1|FURNACE1|Schweroelkraftstoff|261|385.808|L|27351.02|INR|V-K009|Tanken Heizung Chennai|KST-LOG-03|SL05|NREDDY
100|1000|PL05|11.06.2023|09.06.2023|5000011744|1|FURNACE1|Heizoel EL|261|356.477|L|27016.31|INR|V-K007|Auffuellung Notstromaggregat Chennai|KST-OPS-03|SL05|TLAXMAN
100|1000|PL05|07.06.2023|07.06.2023|5000011745|1|FURNACE1|Schweroelkraftstoff|261|429.232|L|30453.53|INR|V-ESSAR|Verbrauch Fahrzeugflotte Chennai|KST-PRD-01|SL05|MGUPTA
100|1000|PL05|23.06.2023|22.06.2023|5000011746|1|FURNACE1|Heizoel EL|261|532.954|L|39423.37|INR|V-K007|Auffuellung Heizung Chennai|KST-FAC-05|SL05|NREDDY
100|1000|PL05|22.07.2023|22.07.2023|5000011747|1|DIESEL001|Diesel|261|3707.57|L|282479.0|INR|V-K002|Nutzung DG-Set Chennai|KST-LOG-03|SL05|GMISHRA
100|1000|PL05|28.07.2023|28.07.2023|5000011748|1|DIESEL001|Diesel|261|1503.682|L|113023.76|INR|V-K010|Tanken Notstromaggregat Chennai|KST-FAC-05|SL05|SNEHA
100|1000|PL05|02.07.2023|01.07.2023|5000011749|1|DIESEL001|Dieselkraftstoff|261|2782.944|L|200935.62|INR|V-K002|Nutzung DG-Set Chennai|KST-OPS-03|SL05|SPRIYA
100|1000|PL05|20.07.2023|17.07.2023|5000011750|1|DIESEL001|Dieselkraftstoff|261|3128.205|L|237228.3|INR|V-K001||KST-MNT-01|SL05|NREDDY
100|1000|PL05|05.07.2023|03.07.2023|5000011751|1|DIESEL001|Dieselkraftstoff|261|3103.965|L|215461.82|INR|V-K007|Nutzung Wartung Chennai|KST-LOG-02|SL05|RPANDEY
100|1000|PL05|28.07.2023|28.07.2023|5000011752|1|DIESEL001|Dieselkraftstoff|261|3499.523|L|237147.32|INR|V-RELI1|Entnahme Fahrzeugflotte Chennai|KST-FAC-01|SL05|RJOSHI
100|1000|PL05|21.07.2023|20.07.2023|5000011753|1|DIESEL001|Diesel|261|1986.546|L|137643.32|INR|V-K010|Auffuellung Produktion Chennai|KST-LOG-03|SL05|GMISHRA
100|1000|PL05|17.07.2023|14.07.2023|5000011754|1|DIESEL001|Dieselkraftstoff|261||L||INR|V-ESSAR|Auffuellung Heizung Chennai|KST-OPS-03|SL05|NREDDY
100|1000|PL05|14.07.2023|14.07.2023|5000011754|1|DIESEL001|Dieselkraftstoff|261|3846.97|L|264698.42|INR|V-K009|Entnahme Fahrzeugflotte Chennai|KST-FAC-02|SL05|RPANDEY
100|1000|PL05|08.07.2023|05.07.2023|5000011756|1|DIESEL001|Diesel|261|1501.923|L|104568.05|INR|V-HPCL1|Auffuellung Produktion Chennai|KST-PRD-01|SL05|RPANDEY
100|1000|PL05|08.07.2023|05.07.2023|5000011757|1|DIESEL001|Diesel|261|2753.08|L|199261.66|INR|V-K005|Entnahme Kantine Chennai|KST-OPS-01|SL05|NREDDY
100|1000|PL05|27.07.2023|26.07.2023|5000011758|1|DIESEL001|Dieselkraftstoff|261|2380.695|L|170087.29|INR|V-K005|Verbrauch DG-Set Chennai|KST-FAC-05|SL05|BCHATT
100|1000|PL05|08.07.2023|05.07.2023|5000011759|1|COALFUEL|Steinkohle|261|1071.739|KG|13075.53|INR|V-K005|Nutzung Kantine Chennai|KST-OPS-02|SL05|TLAXMAN
100|1000|PL05|19.07.2023|16.07.2023|5000011760|1|COALFUEL|Steinkohle|261|702.333|KG|8099.74|INR|V-K003|Tanken Wartung Chennai|KST-LOG-02|SL05|GMISHRA
100|1000|PL05|14.07.2023|11.07.2023|5000011761|1|COALFUEL|Steinkohle|261|1949.748|KG|23656.01|INR|V-K006|Nutzung DG-Set Chennai|KST-LOG-02|SL05|GMISHRA
100|1000|PL05|19.07.2023|18.07.2023|5000011762|1|FURNACE1|Heizoel EL|261|460.308|L|34398.59|INR|V-K008|Verbrauch Produktion Chennai|KST-FAC-07|SL05|BCHATT
100|1000|PL05|25.07.2023|22.07.2023|5000011763|1|FURNACE1|Heizoel EL|261|450.554|L|33927.75|INR|V-HPCL1|Tanken Produktion Chennai|KST-LOG-02|SL05|VMEHTA
100|1000|PL05|07.07.2023|06.07.2023|5000011764|1|FURNACE1|Heizoel EL|261|377.379|KG|26083.73|INR|V-K005|Entnahme Wartung Chennai|KST-LOG-03|SL05|RJOSHI
100|1000|PL05|05.07.2023|05.07.2023|5000011765|1|FURNACE1|Schweroelkraftstoff|261|670.596|L|53134.6|INR|V-K010|Tanken Heizung Chennai|KST-FAC-01|SL05|AKUMAR
100|1000|PL05|17.08.2023|14.08.2023|5000011766|1|DIESEL001|Diesel|261|1880.764|L|136358.88|INR|V-K009|Entnahme Kantine Chennai|KST-LOG-03|SL05|GMISHRA
100|1000|PL05|06.08.2023|05.08.2023|5000011767|1|DIESEL001|Diesel|261|3771.477|L|291950.16|INR|V-K003|Tanken Notstromaggregat Chennai|KST-FAC-03|SL05|PSINGH
100|1000|PL05|14.08.2023|11.08.2023|5000011768|1|DIESEL001|Dieselkraftstoff|261|3055.963|L|234313.43|INR|V-K010|Tanken Produktion Chennai|KST-PRD-02|SL05|ASAXEN
100|1000|PL05|13.08.2023|12.08.2023|5000011769|1|DIESEL001|Dieselkraftstoff|261|1712.938|L|118319.44|INR|V-K007|Entnahme Produktion Chennai|KST-OPS-02|SL05|GMISHRA
100|1000|PL05|16.08.2023|15.08.2023|5000011770|1|DIESEL001|Diesel|261||L||INR|V-K008|Auffuellung Heizung Chennai|KST-OPS-02|SL05|VMEHTA
100|1000|PL05|03.08.2023|02.08.2023|5000011771|1|DIESEL001|Diesel|261|3151.19|KG|223426.28|INR|V-K008|Entnahme Produktion Chennai|KST-LOG-03|SL05|PSINGH
100|1000|PL05|02.08.2023|01.08.2023|5000011772|1|DIESEL001|Diesel|261|1715.402|L|126734.82|INR|V-K006|Nutzung Generator Chennai|KST-LOG-02|SL05|ASAXEN
100|1000|PL05|19.08.2023|18.08.2023|5000011773|1|DIESEL001|Diesel|261|1983.441|L|135721.68|INR|V-RELI1|Auffuellung Fahrzeugflotte Chennai|KST-FAC-02|SL05|VMEHTA
100|1000|PL05|25.08.2023|23.08.2023|5000011774|1|DIESEL001|Diesel|261|2578.13|L|199250.83|INR|V-K004|Tanken Notstromaggregat Chennai|KST-OPS-02|SL05|DRAO
100|1000|PL05|14.08.2023|12.08.2023|5000011775|1|DIESEL001|Dieselkraftstoff|261|3443.48|L|259292.82|INR|V-BPCL1|Auffuellung Generator Chennai|KST-MNT-01|SL05|MGUPTA
100|1000|PL05|16.08.2023|15.08.2023|5000011776|1|DIESEL001|Dieselkraftstoff|261|3659.695|L|245725.92|INR|V-K005|Nutzung Produktion Chennai|KST-LOG-02|SL05|RJOSHI
100|1000|PL05|17.08.2023|17.08.2023|5000011777|1|DIESEL001|Diesel|261|2365.792|L|176575.99|INR|V-RELI1|Nutzung Wartung Chennai|KST-FAC-02|SL05|SPRIYA
100|1000|PL05|22.08.2023|20.08.2023|5000011778|1|COALFUEL|Steinkohle|261|1403.416|KG|16567.15|INR|V-K001||KST-FAC-02|SL05|RJOSHI
100|1000|PL05|08.08.2023|08.08.2023|5000011779|1|COALFUEL|Steinkohle|261|978.4|KG|11815.15|INR|V-K004|Verbrauch DG-Set Chennai|KST-PRD-02|SL05|TLAXMAN
100|1000|PL05|03.08.2023|03.08.2023|5000011780|1|COALFUEL|Steinkohle|261|1382.85|KG|15692.32|INR|V-K004|Nutzung Wartung Chennai|KST-FAC-03|SL05|MGUPTA
100|1000|PL05|22.08.2023|20.08.2023|5000011781|1|FURNACE1|Heizoel EL|261|630.036|L|43566.59|INR|V-BPCL1|Entnahme Kantine Chennai|KST-OPS-02|SL05|DRAO
100|1000|PL05|23.08.2023|20.08.2023|5000011782|1|FURNACE1|Heizoel EL|261|733.476|L|53624.83|INR|V-ESSAR|Auffuellung Kantine Chennai|KST-LOG-02|SL05|PSINGH
100|1000|PL05|28.08.2023|28.08.2023|5000011783|1|FURNACE1|Heizoel EL|261|681.044|L|50975.18|INR|V-K009|Tanken Generator Chennai|KST-OPS-01|SL05|SPRIYA
100|1000|PL05|20.08.2023|20.08.2023|5000011784|1|FURNACE1|Schweroelkraftstoff|261|732.826|L|52321.07|INR|V-K007|Nutzung Kantine Chennai|KST-OPS-02|SL05|GMISHRA
100|1000|PL05|18.09.2023|16.09.2023|5000011785|1|DIESEL001|Dieselkraftstoff|261|2357.276|L|162689.67|INR|V-IOCL1|Entnahme DG-Set Chennai|KST-OPS-01|SL05|GMISHRA
100|1000|PL05|05.09.2023|05.09.2023|5000011786|1|DIESEL001|Diesel|261|2064.726|L|152896.98|INR|V-K006|Tanken DG-Set Chennai|KST-FAC-02|SL05|BCHATT
100|1000|PL05|21.09.2023|20.09.2023|5000011787|1|DIESEL001|Dieselkraftstoff|261|2609.483|L|184588.11|INR|V-K006|Entnahme Notstromaggregat Chennai|KST-FAC-01|SL05|BCHATT
100|1000|PL05|26.09.2023|23.09.2023|5000011788|1|DIESEL001|Diesel|261|1830.676|L|126498.3|INR|V-ESSAR|Tanken DG-Set Chennai|KST-FAC-03|SL05|RJOSHI
100|1000|PL05|24.09.2023|21.09.2023|5000011789|1|DIESEL001|Dieselkraftstoff|261|3349.658|L|226887.76|INR|V-K008|Nutzung Wartung Chennai|KST-FAC-01|SL05|RJOSHI
100|1000|PL05|02.09.2023|31.08.2023|5000011789|1|DIESEL001|Dieselkraftstoff|261|2483.427|L|175825.96|INR|V-K001|Tanken Wartung Chennai|KST-PRD-01|SL05|SNEHA
100|1000|PL05|09.09.2023|09.09.2023|5000011791|1|DIESEL001|Dieselkraftstoff|261|1527.372|L|101943.83|INR|V-HPCL1|Verbrauch Produktion Chennai|KST-FAC-01|SL05|BCHATT
100|1000|PL05|05.09.2023|05.09.2023|5000011792|1|DIESEL001|Diesel|261|2347.416|L|176244.84|INR|V-K008|Tanken DG-Set Chennai|KST-LOG-02|SL05|BCHATT
100|1000|PL05|13.09.2023|13.09.2023|5000011793|1|DIESEL001|Dieselkraftstoff|261|3058.202|L|204090.14|INR|V-ESSAR|Auffuellung Kantine Chennai|KST-FAC-07|SL05|ASAXEN
100|1000|PL05|26.09.2023|24.09.2023|5000011794|1|DIESEL001|Dieselkraftstoff|261|1609.612|L|116945.97|INR|V-ESSAR|Tanken Fahrzeugflotte Chennai|KST-FAC-01|SL05|DRAO
100|1000|PL05|21.09.2023|21.09.2023|5000011795|1|DIESEL001|Diesel|261|2369.652|L|162735.57|INR|V-HPCL1|Verbrauch DG-Set Chennai|KST-FAC-05|SL05|DRAO
100|1000|PL05|20.09.2023|18.09.2023|5000011796|1|DIESEL001|Dieselkraftstoff|261|1808.37|L|120876.65|INR|V-K004|Entnahme DG-Set Chennai|KST-FAC-05|SL05|KVELU
100|1000|PL05|10.09.2023|07.09.2023|5000011797|1|COALFUEL|Steinkohle|261|1171.467|KG|14875.63|INR|V-ESSAR|Auffuellung Generator Chennai|KST-OPS-01|SL05|GMISHRA
100|1000|PL05|12.09.2023|10.09.2023|5000011798|1|COALFUEL|Steinkohle|261|606.509|KG|7488.76|INR|V-BPCL1|Tanken Produktion Chennai|KST-OPS-02|SL05|NREDDY
100|1000|PL05|14.09.2023|14.09.2023|5000011799|1|COALFUEL|Steinkohle|261|1289.839|KG|15164.59|INR|V-K004|Entnahme Kantine Chennai|KST-LOG-02|SL05|PSINGH
100|1000|PL05|02.09.2023|30.08.2023|5000011800|1|FURNACE1|Schweroelkraftstoff|261|665.961|L|46727.08|INR|V-ESSAR|Entnahme Generator Chennai|KST-LOG-02|SL05|SPRIYA
100|1000|PL05|19.09.2023|19.09.2023|5000011801|1|FURNACE1|Schweroelkraftstoff|261|517.364|L|37562.76|INR|V-K007|Nutzung Heizung Chennai|KST-FAC-05|SL05|DRAO
100|1000|PL05|07.09.2023|05.09.2023|5000011801|1|FURNACE1|Schweroelkraftstoff|261|431.922|L|32186.86|INR|V-IOCL1|Verbrauch Notstromaggregat Chennai|KST-OPS-01|SL05|SPRIYA
100|1000|PL05|28.09.2023|25.09.2023|5000011803|1|FURNACE1|Heizoel EL|261|571.03|L|39442.04|INR|V-K003|Entnahme Heizung Chennai|KST-LOG-02|SL05|RJOSHI
100|1000|PL05|07.10.2023|06.10.2023|5000011804|1|DIESEL001|Dieselkraftstoff|261|3225.508|L|231458.42|INR|V-K010|Tanken DG-Set Chennai|KST-FAC-05|SL05|ASAXEN
100|1000|PL05|28.10.2023|27.10.2023|5000011805|1|DIESEL001|Diesel|261|2100.183|L|148667.55|INR|V-K007|Verbrauch Kantine Chennai|KST-MNT-01|SL05|TLAXMAN
100|1000|PL05|06.10.2023|03.10.2023|5000011806|1|DIESEL001|Diesel|261|3796.115|L|282464.86|INR|V-K006||KST-OPS-03|SL05|NREDDY
100|1000|PL05|08.10.2023|07.10.2023|5000011807|1|DIESEL001|Dieselkraftstoff|261|2938.079|L|228179.88|INR|V-K004|Auffuellung Kantine Chennai|KST-PRD-02|SL05|KVELU
100|1000|PL05|05.10.2023|04.10.2023|5000011808|1|DIESEL001|Diesel|261|2736.61|L|199904.44|INR|V-HPCL1|Auffuellung Generator Chennai|KST-FAC-07|SL05|NREDDY
100|1000|PL05|11.10.2023|09.10.2023|5000011809|1|DIESEL001|Diesel|261|1817.094|L|139514.56|INR|V-BPCL1|Nutzung Heizung Chennai|KST-LOG-02|SL05|TLAXMAN
100|1000|PL05|04.10.2023|04.10.2023|5000011810|1|DIESEL001|Dieselkraftstoff|261|3291.553|L|228814.5|INR|V-K003|Verbrauch DG-Set Chennai|KST-PRD-02|SL05|KVELU
100|1000|PL05|16.10.2023|13.10.2023|5000011811|1|DIESEL001|Diesel|261|2667.155|L|178990.05|INR|V-K001|Entnahme Fahrzeugflotte Chennai|KST-FAC-05|SL05|GMISHRA
100|1000|PL05|26.10.2023|23.10.2023|5000011812|1|DIESEL001|Dieselkraftstoff|261|2018.338|L|139229.44|INR|V-K006|Auffuellung DG-Set Chennai|KST-LOG-02|SL05|SNEHA
100|1000|PL05|21.10.2023|19.10.2023|5000011813|1|DIESEL001|Dieselkraftstoff|261|3319.815|L|237990.9|INR|V-K003|Entnahme Notstromaggregat Chennai|KST-FAC-07|SL05|RPANDEY
100|1000|PL05|26.10.2023|24.10.2023|5000011814|1|DIESEL001|Dieselkraftstoff|261|2570.069|L|181233.05|INR|V-K007||KST-OPS-03|SL05|ASAXEN
100|1000|PL05|02.10.2023|01.10.2023|5000011815|1|DIESEL001|Diesel|261|1977.276|L|153345.52|INR|V-K007|Entnahme Generator Chennai|KST-PRD-02|SL05|RPANDEY
100|1000|PL05|10.10.2023|07.10.2023|5000011816|1|COALFUEL|Steinkohle|261|972.592|KG|11832.07|INR|V-K010|Entnahme Kantine Chennai|KST-PRD-02|SL05|BCHATT
100|1000|PL05|27.10.2023|27.10.2023|5000011817|1|COALFUEL|Steinkohle|261|1398.113|KG|16582.07|INR|V-K006||KST-FAC-03|SL05|ASAXEN
100|1000|PL05|10.10.2023|09.10.2023|5000011818|1|COALFUEL|Steinkohle|261|1735.319|KG|20612.32|INR|V-K004|Tanken DG-Set Chennai|KST-FAC-02|SL05|TLAXMAN
100|1000|PL05|04.10.2023|03.10.2023|5000011819|1|FURNACE1|Heizoel EL|261|630.266|L|45980.76|INR|V-K004||KST-OPS-01|SL05|VMEHTA
100|1000|PL05|03.10.2023|02.10.2023|5000011820|1|FURNACE1|Schweroelkraftstoff|261|518.469|L|41493.32|INR|V-RELI1|Auffuellung Notstromaggregat Chennai|KST-LOG-01|SL05|TLAXMAN
100|1000|PL05|10.10.2023|09.10.2023|5000011821|1|FURNACE1|Heizoel EL|261|470.504|L|36679.68|INR|V-K009|Verbrauch Heizung Chennai|KST-LOG-01|SL05|KVELU
100|1000|PL05|15.10.2023|12.10.2023|5000011822|1|FURNACE1|Heizoel EL|261|464.914|L|36809.03|INR|V-K007|Verbrauch Kantine Chennai|KST-OPS-02|SL05|BCHATT
100|1000|PL05|19.11.2023|17.11.2023|5000011823|1|DIESEL001|Diesel|261|2264.868|L|165026.15|INR|V-K005|Auffuellung Wartung Chennai|KST-OPS-01|SL05|GMISHRA
100|1000|PL05|22.11.2023|19.11.2023|5000011824|1|DIESEL001|Diesel|261|2918.423|L|199798.24|INR|V-K001|Entnahme DG-Set Chennai|KST-LOG-02|SL05|ASAXEN
100|1000|PL05|07.11.2023|04.11.2023|5000011825|1|DIESEL001|Dieselkraftstoff|261|1626.738|L|118510.59|INR|V-K007|Auffuellung Produktion Chennai|KST-OPS-01|SL05|SNEHA
100|1000|PL05|11.11.2023|08.11.2023|5000011826|1|DIESEL001|Diesel|261|3877.708|L|286588.49|INR|V-K006|Entnahme Produktion Chennai|KST-PRD-02|SL05|KVELU
100|1000|PL05|04.11.2023|03.11.2023|5000011827|1|DIESEL001|Diesel|261|2675.651|L|177446.22|INR|V-K009|Nutzung DG-Set Chennai|KST-PRD-02|SL05|KVELU
100|1000|PL05|10.11.2023|10.11.2023|5000011828|1|DIESEL001|Diesel|261|1678.228|L|116102.63|INR|V-K005|Nutzung Notstromaggregat Chennai|KST-FAC-02|SL05|ASAXEN
100|1000|PL05|10.11.2023|10.11.2023|5000011829|1|DIESEL001|Dieselkraftstoff|261|3504.189|L|240255.35|INR|V-K007|Auffuellung Notstromaggregat Chennai|KST-LOG-01|SL05|RJOSHI
100|1000|PL05|28.11.2023|28.11.2023|5000011830|1|DIESEL001|Dieselkraftstoff|261|2631.588|L|186691.62|INR|V-HPCL1|Verbrauch Wartung Chennai|KST-FAC-02|SL05|RPANDEY
100|1000|PL05|02.11.2023|01.11.2023|5000011831|1|DIESEL001|Dieselkraftstoff|261|3493.284|L|233347.36|INR|V-K001|Tanken Heizung Chennai|KST-PRD-02|SL05|TLAXMAN
100|1000|PL05|09.11.2023|09.11.2023|5000011832|1|DIESEL001|Diesel|261|3094.925|L|221965.74|INR|V-RELI1|Verbrauch Kantine Chennai|KST-LOG-02|SL05|RPANDEY
100|1000|PL05|11.11.2023|10.11.2023|5000011833|1|DIESEL001|Diesel|261|1773.79|L|129948.22|INR|V-ESSAR|Entnahme Notstromaggregat Chennai|KST-FAC-07|SL05|RJOSHI
100|1000|PL05|10.11.2023|10.11.2023|5000011834|1|DIESEL001|Diesel|261|2745.663|L|188919.0|INR|V-K006|Nutzung Fahrzeugflotte Chennai|KST-MNT-01|SL05|TLAXMAN
100|1000|PL05|05.11.2023|02.11.2023|5000011835|1|COALFUEL|Steinkohle|261|752.879|KG|8702.46|INR|V-K001|Auffuellung DG-Set Chennai|KST-FAC-01|SL05|KVELU
100|1000|PL05|11.11.2023|09.11.2023|5000011836|1|COALFUEL|Steinkohle|261|1202.966|KG|13635.43|INR|V-K008|Nutzung Wartung Chennai|KST-FAC-07|SL05|NREDDY
100|1000|PL05|15.11.2023|13.11.2023|5000011837|1|COALFUEL|Steinkohle|261|1933.501|KG|22492.08|INR|V-K005|Verbrauch Heizung Chennai|KST-LOG-03|SL05|RPANDEY
100|1000|PL05|01.11.2023|31.10.2023|5000011838|1|FURNACE1|Schweroelkraftstoff|261|693.354|L|51139.84|INR|V-K002|Verbrauch DG-Set Chennai|KST-FAC-05|SL05|TLAXMAN
100|1000|PL05|14.11.2023|14.11.2023|5000011839|1|FURNACE1|Schweroelkraftstoff|261|661.286|L|50570.21|INR|V-RELI1|Verbrauch Generator Chennai|KST-FAC-02|SL05|SPRIYA
100|1000|PL05|28.11.2023|25.11.2023|5000011840|1|FURNACE1|Heizoel EL|261|649.897|L|46260.66|INR|V-IOCL1|Tanken Generator Chennai|KST-LOG-03|SL05|RPANDEY
100|1000|PL05|15.11.2023|14.11.2023|5000011841|1|FURNACE1|Schweroelkraftstoff|261|689.47|L|54385.36|INR|V-K007|Tanken Wartung Chennai|KST-LOG-01|SL05|TLAXMAN
100|1000|PL05|05.12.2023|04.12.2023|5000011842|1|DIESEL001|Dieselkraftstoff|261|2650.421|L|195525.15|INR|V-K010|Verbrauch Notstromaggregat Chennai|KST-OPS-03|SL05|RJOSHI
100|1000|PL05|22.12.2023|22.12.2023|5000011843|1|DIESEL001|Dieselkraftstoff|261|3271.074|L|253548.3|INR|V-HPCL1|Entnahme Fahrzeugflotte Chennai|KST-LOG-01|SL05|BCHATT
100|1000|PL05|22.12.2023|20.12.2023|5000011844|1|DIESEL001|Diesel|261|3961.077|L|294472.94|INR|V-K007|Nutzung Generator Chennai|KST-FAC-03|SL05|SPRIYA
100|1000|PL05|27.12.2023|27.12.2023|5000011845|1|DIESEL001|Diesel|261|3372.367|L|225961.67|INR|V-K010|Auffuellung Wartung Chennai|KST-LOG-01|SL05|RJOSHI
100|1000|PL05|06.12.2023|03.12.2023|5000011846|1|DIESEL001|Dieselkraftstoff|261|2763.82|L|197189.56|INR|V-K003|Tanken DG-Set Chennai|KST-LOG-03|SL05|RJOSHI
100|1000|PL05|08.12.2023|05.12.2023|5000011847|1|DIESEL001|Dieselkraftstoff|261|1951.017|L|146909.17|INR|V-K006|Nutzung Generator Chennai|KST-OPS-02|SL05|BCHATT
100|1000|PL05|05.12.2023|02.12.2023|5000011848|1|DIESEL001|Dieselkraftstoff|261|2776.859|L|209800.07|INR|V-ESSAR|Nutzung Fahrzeugflotte Chennai|KST-FAC-05|SL05|GMISHRA
100|1000|PL05|28.12.2023|28.12.2023|5000011849|1|DIESEL001|Dieselkraftstoff|261|2636.704|L|189267.01|INR|V-K007|Verbrauch Kantine Chennai|KST-LOG-02|SL05|MGUPTA
100|1000|PL05|23.12.2023|20.12.2023|5000011850|1|DIESEL001|Diesel|261|3018.68|L|201564.68|INR|V-K008|Entnahme Heizung Chennai|KST-FAC-07|SL05|DRAO
100|1000|PL05|07.12.2023|05.12.2023|5000011851|1|DIESEL001|Diesel|261||L||INR|V-K002|Verbrauch Generator Chennai|KST-OPS-03|SL05|KVELU
100|1000|PL05|11.12.2023|09.12.2023|5000011852|1|DIESEL001|Diesel|261|3080.314|L|231279.58|INR|V-K006|Entnahme Heizung Chennai|KST-LOG-03|SL05|SNEHA
100|1000|PL05|17.12.2023|15.12.2023|5000011853|1|DIESEL001|Diesel|261|2158.519|L|167395.26|INR|V-K002|Entnahme Fahrzeugflotte Chennai|KST-OPS-02|SL05|VMEHTA
100|1000|PL05|21.12.2023|21.12.2023|5000011854|1|COALFUEL|Steinkohle|261|1904.314|KG|23924.08|INR|V-K009|Entnahme Generator Chennai|KST-OPS-02|SL05|SPRIYA
100|1000|PL05|24.12.2023|24.12.2023|5000011855|1|COALFUEL|Steinkohle|261|1817.512|KG|21623.13|INR|V-K004|Auffuellung Produktion Chennai|KST-FAC-02|SL05|NREDDY
100|1000|PL05|14.12.2023|12.12.2023|5000011856|1|COALFUEL|Steinkohle|261|1118.021|KG|14082.14|INR|V-K004|Entnahme Kantine Chennai|KST-PRD-02|SL05|ASAXEN
100|1000|PL05|27.12.2023|27.12.2023|5000011857|1|FURNACE1|Heizoel EL|261|516.003|L|39400.89|INR|V-K009|Auffuellung Notstromaggregat Chennai|KST-FAC-01|SL05|NREDDY
100|1000|PL05|12.12.2023|09.12.2023|5000011858|1|FURNACE1|Heizoel EL|261|600.71|L|42510.82|INR|V-K007|Tanken DG-Set Chennai|KST-PRD-02|SL05|MGUPTA
100|1000|PL05|19.12.2023|19.12.2023|5000011859|1|FURNACE1|Schweroelkraftstoff|261|579.605|L|44596.35|INR|V-K004|Entnahme Produktion Chennai|KST-OPS-03|SL05|PSINGH
100|1000|PL05|03.12.2023|01.12.2023|5000011860|1|FURNACE1|Schweroelkraftstoff|261|568.772|L|44685.67|INR|V-K004|Entnahme Kantine Chennai|KST-FAC-02|SL05|VMEHTA
100|1000|PL05|13.01.2024|12.01.2024|5000011861|1|DIESEL001|Dieselkraftstoff|261|2363.442|L|166267.21|INR|V-IOCL1|Nutzung Generator Chennai|KST-FAC-02|SL05|SPRIYA
100|1000|PL05|14.01.2024|14.01.2024|5000011862|1|DIESEL001|Diesel|261||L||INR|V-K009|Nutzung Generator Chennai|KST-OPS-02|SL05|NREDDY
100|1000|PL05|21.01.2024|19.01.2024|5000011863|1|DIESEL001|Dieselkraftstoff|261|2069.816|L|157080.8|INR|V-ESSAR|Nutzung Heizung Chennai|KST-PRD-01|SL05|RJOSHI
100|1000|PL05|23.01.2024|20.01.2024|5000011864|1|DIESEL001|Diesel|261|2219.504|L|150304.54|INR|V-K009|Verbrauch Heizung Chennai|KST-FAC-02|SL05|GMISHRA
100|1000|PL05|25.01.2024|25.01.2024|5000011865|1|DIESEL001|Dieselkraftstoff|261|2561.881|L|179965.96|INR|V-BPCL1|Verbrauch Generator Chennai|KST-LOG-02|SL05|NREDDY
100|1000|PL05|18.01.2024|17.01.2024|5000011866|1|DIESEL001|Diesel|261|2442.779|L|178688.07|INR|V-K007|Auffuellung Wartung Chennai|KST-OPS-01|SL05|AKUMAR
100|1000|PL05|08.01.2024|06.01.2024|5000011867|1|DIESEL001|Dieselkraftstoff|261|3528.269|L|239176.42|INR|V-IOCL1|Nutzung Fahrzeugflotte Chennai|KST-FAC-01|SL05|BCHATT
100|1000|PL05|03.01.2024|02.01.2024|5000011868|1|DIESEL001|Diesel|261|3929.873|L|300656.94|INR|V-K001|Nutzung Generator Chennai|KST-FAC-07|SL05|AKUMAR
100|1000|PL05|11.01.2024|10.01.2024|5000011869|1|DIESEL001|Diesel|261|2190.195|L|152000.6|INR|V-K004|Entnahme Kantine Chennai|KST-MNT-01|SL05|KVELU
100|1000|PL05|28.01.2024|25.01.2024|5000011870|1|DIESEL001|Diesel|261|2585.702|L|197148.76|INR|V-K009|Verbrauch Wartung Chennai|KST-FAC-01|SL05|GMISHRA
100|1000|PL05|07.01.2024|07.01.2024|5000011871|1|DIESEL001|Diesel|261|3337.66|L|255446.45|INR|V-HPCL1|Entnahme Wartung Chennai|KST-LOG-03|SL05|SNEHA
100|1000|PL05|28.01.2024|26.01.2024|5000011872|1|DIESEL001|Dieselkraftstoff|261|2246.576|L|154411.98|INR|V-RELI1||KST-FAC-03|SL05|MGUPTA
100|1000|PL05|06.01.2024|04.01.2024|5000011873|1|COALFUEL|Steinkohle|261|595.319|KG|6810.4|INR|V-HPCL1|Nutzung Wartung Chennai|KST-LOG-03|SL05|VMEHTA
100|1000|PL05|16.01.2024|15.01.2024|5000011874|1|COALFUEL|Steinkohle|261|1300.168|KG|15783.41|INR|V-K004|Auffuellung Wartung Chennai|KST-FAC-02|SL05|AKUMAR
100|1000|PL05|24.01.2024|24.01.2024|5000011875|1|COALFUEL|Steinkohle|261|1529.957|KG|19327.27|INR|V-K005|Nutzung Notstromaggregat Chennai|KST-PRD-02|SL05|BCHATT
100|1000|PL05|19.01.2024|17.01.2024|5000011876|1|FURNACE1|Heizoel EL|261|331.764|KG|22923.87|INR|V-K004|Entnahme Generator Chennai|KST-FAC-07|SL05|SPRIYA
100|1000|PL05|17.01.2024|16.01.2024|5000011877|1|FURNACE1|Heizoel EL|261|649.183|L|48704.68|INR|V-K009|Verbrauch Generator Chennai|KST-FAC-01|SL05|SPRIYA
100|1000|PL05|11.01.2024|11.01.2024|5000011878|1|FURNACE1|Heizoel EL|261|425.085|L|32059.2|INR|V-HPCL1|Tanken Notstromaggregat Chennai|KST-FAC-07|SL05|RJOSHI
100|1000|PL05|04.01.2024|04.01.2024|5000011879|1|FURNACE1|Schweroelkraftstoff|261|615.431|L|44689.1|INR|V-K001|Tanken DG-Set Chennai|KST-LOG-03|SL05|GMISHRA
100|1000|PL05|28.02.2024|25.02.2024|5000011880|1|DIESEL001|Dieselkraftstoff|261|2110.978|L|141584.59|INR|V-BPCL1|Tanken DG-Set Chennai|KST-OPS-01|SL05|PSINGH
100|1000|PL05|07.02.2024|07.02.2024|5000011881|1|DIESEL001|Dieselkraftstoff|261|3897.344|L|273211.5|INR|V-ESSAR|Verbrauch DG-Set Chennai|KST-OPS-01|SL05|BCHATT
100|1000|PL05|10.02.2024|10.02.2024|5000011882|1|DIESEL001|Dieselkraftstoff|261|2223.19|L|157603.73|INR|V-K002|Nutzung DG-Set Chennai|KST-FAC-03|SL05|VMEHTA
100|1000|PL05|01.02.2024|01.02.2024|5000011883|1|DIESEL001|Diesel|261|2561.037|L|194685.5|INR|V-RELI1||KST-FAC-02|SL05|SNEHA
100|1000|PL05|11.02.2024|10.02.2024|5000011884|1|DIESEL001|Dieselkraftstoff|261|1960.473|L|138273.12|INR|V-IOCL1|Tanken Generator Chennai|KST-LOG-02|SL05|BCHATT
100|1000|PL05|25.02.2024|24.02.2024|5000011885|1|DIESEL001|Diesel|261|2835.463|L|206631.79|INR|V-K006|Tanken Heizung Chennai|KST-LOG-01|SL05|SNEHA
100|1000|PL05|06.02.2024|05.02.2024|5000011886|1|DIESEL001|Diesel|261|2338.838|L|173226.61|INR|V-K003|Auffuellung Notstromaggregat Chennai|KST-FAC-05|SL05|MGUPTA
100|1000|PL05|14.02.2024|14.02.2024|5000011887|1|DIESEL001|Dieselkraftstoff|261|2159.272|L|153711.39|INR|V-BPCL1|Verbrauch Wartung Chennai|KST-LOG-02|SL05|KVELU
100|1000|PL05|25.02.2024|22.02.2024|5000011888|1|DIESEL001|Diesel|261|3062.756|L|211433.18|INR|V-IOCL1|Verbrauch Produktion Chennai|KST-OPS-03|SL05|DRAO
100|1000|PL05|13.02.2024|13.02.2024|5000011889|1|DIESEL001|Diesel|261|3220.895|L|249782.84|INR|V-K010|Entnahme DG-Set Chennai|KST-OPS-02|SL05|ASAXEN
100|1000|PL05|12.02.2024|11.02.2024|5000011890|1|DIESEL001|Dieselkraftstoff|261|3048.971|L|212506.22|INR|V-K006|Nutzung Produktion Chennai|KST-FAC-01|SL05|PSINGH
100|1000|PL05|06.02.2024|04.02.2024|5000011891|1|DIESEL001|Diesel|261|3443.637|L|264754.46|INR|V-IOCL1|Nutzung Wartung Chennai|KST-FAC-03|SL05|PSINGH
100|1000|PL05|05.02.2024|03.02.2024|5000011892|1|COALFUEL|Steinkohle|261|731.144|KG|9350.38|INR|V-ESSAR|Auffuellung Notstromaggregat Chennai|KST-OPS-03|SL05|TLAXMAN
100|1000|PL05|03.02.2024|02.02.2024|5000011893|1|COALFUEL|Steinkohle|261|1795.117|KG|21259.98|INR|V-ESSAR|Auffuellung Wartung Chennai|KST-FAC-03|SL05|PSINGH
100|1000|PL05|18.02.2024|16.02.2024|5000011894|1|COALFUEL|Steinkohle|261|869.527|KG|10289.01|INR|V-K003|Verbrauch Generator Chennai|KST-LOG-02|SL05|VMEHTA
100|1000|PL05|14.02.2024|14.02.2024|5000011895|1|FURNACE1|Schweroelkraftstoff|261|730.222|L|54767.47|INR|V-K009|Tanken Fahrzeugflotte Chennai|KST-FAC-01|SL05|NREDDY
100|1000|PL05|08.02.2024|08.02.2024|5000011896|1|FURNACE1|Schweroelkraftstoff|261|703.202|L|51723.65|INR|V-RELI1|Auffuellung Wartung Chennai|KST-OPS-01|SL05|KVELU
100|1000|PL05|27.02.2024|24.02.2024|5000011897|1|FURNACE1|Heizoel EL|261|577.966|L|44955.92|INR|V-K002|Nutzung Kantine Chennai|KST-FAC-05|SL05|VMEHTA
100|1000|PL05|26.02.2024|23.02.2024|5000011898|1|FURNACE1|Schweroelkraftstoff|261|391.972|L|30989.28|INR|V-IOCL1|Auffuellung Produktion Chennai|KST-FAC-05|SL05|SNEHA
100|1000|PL05|25.03.2024|22.03.2024|5000011899|1|DIESEL001|Dieselkraftstoff|261|3792.903|L|255999.53|INR|V-RELI1|Auffuellung Fahrzeugflotte Chennai|KST-LOG-02|SL05|KVELU
100|1000|PL05|07.03.2024|04.03.2024|5000011900|1|DIESEL001|Diesel|261|2764.068|L|214726.19|INR|V-BPCL1|Nutzung Notstromaggregat Chennai|KST-FAC-05|SL05|RPANDEY
100|1000|PL05|03.03.2024|29.02.2024|5000011901|1|DIESEL001|Diesel|261||L||INR|V-K004|Tanken Generator Chennai|KST-FAC-01|SL05|DRAO
100|1000|PL05|13.03.2024|13.03.2024|5000011902|1|DIESEL001|Dieselkraftstoff|261|2374.761|L|158057.58|INR|V-K010|Tanken Generator Chennai|KST-FAC-02|SL05|TLAXMAN
100|1000|PL05|07.03.2024|06.03.2024|5000011903|1|DIESEL001|Dieselkraftstoff|261|2180.438|L|156394.67|INR|V-IOCL1|Auffuellung Generator Chennai|KST-FAC-01|SL05|KVELU
100|1000|PL05|10.03.2024|10.03.2024|5000011904|1|DIESEL001|Diesel|261|1721.527|L|115445.17|INR|V-K001|Tanken Generator Chennai|KST-FAC-02|SL05|AKUMAR
100|1000|PL05|13.03.2024|13.03.2024|5000011905|1|DIESEL001|Diesel|261|2945.855|L|217630.34|INR|V-RELI1|Verbrauch Fahrzeugflotte Chennai|KST-LOG-03|SL05|VMEHTA
100|1000|PL05|05.03.2024|02.03.2024|5000011906|1|DIESEL001|Diesel|261|3814.574|L|276595.66|INR|V-ESSAR||KST-LOG-02|SL05|TLAXMAN
100|1000|PL05|10.03.2024|09.03.2024|5000011907|1|DIESEL001|Dieselkraftstoff|261|3886.933|L|269014.83|INR|V-K005|Tanken Heizung Chennai|KST-FAC-02|SL05|MGUPTA
100|1000|PL05|11.03.2024|10.03.2024|5000011908|1|DIESEL001|Dieselkraftstoff|261|2563.668|L|186517.78|INR|V-ESSAR|Nutzung Wartung Chennai|KST-OPS-02|SL05|TLAXMAN
100|1000|PL05|02.03.2024|02.03.2024|5000011909|1|DIESEL001|Diesel|261|3468.011|L|257762.6|INR|V-K004|Tanken Kantine Chennai|KST-OPS-03|SL05|RPANDEY
100|1000|PL05|28.03.2024|28.03.2024|5000011910|1|DIESEL001|Dieselkraftstoff|261|2258.638|L|172182.33|INR|V-K009|Tanken Generator Chennai|KST-LOG-03|SL05|KVELU
100|1000|PL05|05.03.2024|02.03.2024|5000011911|1|COALFUEL|Steinkohle|261|975.671|KG|12520.85|INR|V-K004|Auffuellung Notstromaggregat Chennai|KST-FAC-07|SL05|GMISHRA
100|1000|PL05|13.03.2024|11.03.2024|5000011912|1|COALFUEL|Steinkohle|261|781.283|KG|9456.56|INR|V-IOCL1|Tanken Wartung Chennai|KST-FAC-02|SL05|SPRIYA
100|1000|PL05|04.03.2024|02.03.2024|5000011913|1|COALFUEL|Steinkohle|261|874.255|KG|10236.51|INR|V-K004|Tanken Wartung Chennai|KST-FAC-03|SL05|AKUMAR
100|1000|PL05|20.03.2024|17.03.2024|5000011914|1|FURNACE1|Heizoel EL|261|494.268|L|35606.7|INR|V-K006|Auffuellung Generator Chennai|KST-PRD-02|SL05|SNEHA
100|1000|PL05|01.03.2024|29.02.2024|5000011915|1|FURNACE1|Schweroelkraftstoff|261|441.498|L|30807.75|INR|V-K010|Nutzung Produktion Chennai|KST-LOG-02|SL05|BCHATT
100|1000|PL05|14.03.2024|11.03.2024|5000011916|1|FURNACE1|Schweroelkraftstoff|261|553.342|L|42150.61|INR|V-K002|Auffuellung Wartung Chennai|KST-LOG-03|SL05|TLAXMAN
100|1000|PL05|15.03.2024|13.03.2024|5000011917|1|FURNACE1|Schweroelkraftstoff|261|404.104|L|30331.4|INR|V-K003|Entnahme DG-Set Chennai|KST-LOG-03|SL05|SPRIYA
100|1000|PL05|13.04.2024|10.04.2024|5000011918|1|DIESEL001|Dieselkraftstoff|261|3401.054|L|239663.3|INR|V-K008||KST-LOG-03|SL05|RJOSHI
100|1000|PL05|10.04.2024|08.04.2024|5000011919|1|DIESEL001|Dieselkraftstoff|261||L||INR|V-K007|Nutzung Notstromaggregat Chennai|KST-OPS-03|SL05|ASAXEN
100|1000|PL05|25.04.2024|25.04.2024|5000011920|1|DIESEL001|Dieselkraftstoff|261|1508.576|L|114052.36|INR|V-IOCL1|Entnahme DG-Set Chennai|KST-PRD-02|SL05|VMEHTA
100|1000|PL05|18.04.2024|17.04.2024|5000011921|1|DIESEL001|Dieselkraftstoff|261|2679.281|L|192954.6|INR|V-HPCL1|Verbrauch DG-Set Chennai|KST-OPS-03|SL05|NREDDY
100|1000|PL05|06.04.2024|05.04.2024|5000011922|1|DIESEL001|Dieselkraftstoff|261|2209.771|L|158366.35|INR|V-K006|Tanken Fahrzeugflotte Chennai|KST-LOG-02|SL05|TLAXMAN
100|1000|PL05|09.04.2024|09.04.2024|5000011923|1|DIESEL001|Dieselkraftstoff|261|3315.725|L|236912.91|INR|V-ESSAR|Verbrauch Produktion Chennai|KST-OPS-02|SL05|KVELU
100|1000|PL05|22.04.2024|22.04.2024|5000011924|1|DIESEL001|Diesel|261|1985.6|L|153111.97|INR|V-IOCL1|Tanken Wartung Chennai|KST-LOG-02|SL05|MGUPTA
100|1000|PL05|10.04.2024|10.04.2024|5000011925|1|DIESEL001|Diesel|261|3891.256|L|259591.8|INR|V-K001||KST-LOG-01|SL05|SNEHA
100|1000|PL05|03.04.2024|03.04.2024|5000011926|1|DIESEL001|Diesel|261|1755.817|L|133836.51|INR|V-K002|Verbrauch Generator Chennai|KST-FAC-03|SL05|TLAXMAN
100|1000|PL05|21.04.2024|19.04.2024|5000011927|1|DIESEL001|Diesel|261|2673.827|L|191102.7|INR|V-K009|Nutzung Heizung Chennai|KST-OPS-03|SL05|RJOSHI
100|1000|PL05|01.04.2024|29.03.2024|5000011928|1|DIESEL001|Dieselkraftstoff|261|3390.022|L|260199.82|INR|V-IOCL1|Tanken DG-Set Chennai|KST-FAC-07|SL05|PSINGH
100|1000|PL05|04.04.2024|03.04.2024|5000011929|1|DIESEL001|Diesel|261|2126.453|L|146724.46|INR|V-K001|Auffuellung Produktion Chennai|KST-MNT-01|SL05|DRAO
100|1000|PL05|16.04.2024|14.04.2024|5000011930|1|COALFUEL|Steinkohle|261||KG||INR|V-ESSAR|Nutzung Wartung Chennai|KST-OPS-01|SL05|BCHATT
100|1000|PL05|19.04.2024|19.04.2024|5000011931|1|COALFUEL|Steinkohle|261|1038.929|KG|12682.06|INR|V-K002|Entnahme Notstromaggregat Chennai|KST-OPS-01|SL05|BCHATT
100|1000|PL05|08.04.2024|07.04.2024|5000011932|1|COALFUEL|Steinkohle|261|1634.219|KG|20845.88|INR|V-K008|Entnahme Generator Chennai|KST-OPS-02|SL05|GMISHRA
100|1000|PL05|10.04.2024|10.04.2024|5000011933|1|FURNACE1|Heizoel EL|261|478.857|L|35983.39|INR|V-K010|Entnahme Kantine Chennai|KST-OPS-03|SL05|TLAXMAN
100|1000|PL05|09.04.2024|07.04.2024|5000011934|1|FURNACE1|Schweroelkraftstoff|261|686.936|L|54894.96|INR|V-K001|Verbrauch DG-Set Chennai|KST-FAC-02|SL05|MGUPTA
100|1000|PL05|09.04.2024|08.04.2024|5000011935|1|FURNACE1|Heizoel EL|261||L||INR|V-BPCL1|Auffuellung Produktion Chennai|KST-FAC-02|SL05|SNEHA
100|1000|PL05|08.04.2024|05.04.2024|5000011936|1|FURNACE1|Heizoel EL|261|463.814|L|34555.27|INR|V-K001|Nutzung Wartung Chennai|KST-OPS-03|SL05|GMISHRA
100|1000|PL05|01.05.2024|30.04.2024|5000011937|1|DIESEL001|Diesel|261|1911.356|L|131874.28|INR|V-K003|Nutzung Kantine Chennai|KST-PRD-02|SL05|TLAXMAN
100|1000|PL05|12.05.2024|11.05.2024|5000011938|1|DIESEL001|Dieselkraftstoff|261|3620.809|L|262275.8|INR|V-K004||KST-FAC-02|SL05|RJOSHI
100|1000|PL05|27.05.2024|26.05.2024|5000011939|1|DIESEL001|Diesel|261|2480.775|L|184050.25|INR|V-K002|Nutzung DG-Set Chennai|KST-FAC-02|SL05|SPRIYA
100|1000|PL05|27.05.2024|26.05.2024|5000011940|1|DIESEL001|Dieselkraftstoff|261|2255.089|L|163446.45|INR|V-K006|Entnahme Wartung Chennai|KST-FAC-01|SL05|NREDDY
100|1000|PL05|20.05.2024|19.05.2024|5000011941|1|DIESEL001|Diesel|261|3646.095|L|258159.56|INR|V-HPCL1|Verbrauch DG-Set Chennai|KST-FAC-01|SL05|RJOSHI
100|1000|PL05|17.05.2024|17.05.2024|5000011942|1|DIESEL001|Diesel|261|2829.097|L|199076.54|INR|V-K002||KST-LOG-02|SL05|NREDDY
100|1000|PL05|19.05.2024|18.05.2024|5000011943|1|DIESEL001|Dieselkraftstoff|261|2029.116|L|145848.78|INR|V-K001||KST-LOG-03|SL05|RJOSHI
100|1000|PL05|23.05.2024|21.05.2024|5000011944|1|DIESEL001|Diesel|261|1748.625|L|132783.98|INR|V-K005|Auffuellung Produktion Chennai|KST-FAC-07|SL05|BCHATT
100|1000|PL05|20.05.2024|18.05.2024|5000011945|1|DIESEL001|Dieselkraftstoff|261|3317.735|L|243526.39|INR|V-K005|Verbrauch DG-Set Chennai|KST-PRD-02|SL05|KVELU
100|1000|PL05|24.05.2024|23.05.2024|5000011946|1|DIESEL001|Dieselkraftstoff|261|3905.933|L|279819.83|INR|V-K002|Entnahme Kantine Chennai|KST-FAC-03|SL05|VMEHTA
100|1000|PL05|27.05.2024|26.05.2024|5000011947|1|DIESEL001|Diesel|261|1532.121|L|112341.38|INR|V-IOCL1|Tanken Notstromaggregat Chennai|KST-PRD-01|SL05|TLAXMAN
100|1000|PL05|16.05.2024|13.05.2024|5000011948|1|DIESEL001|Diesel|261|3278.746|L|230200.11|INR|V-HPCL1|Nutzung DG-Set Chennai|KST-OPS-02|SL05|GMISHRA
100|1000|PL05|18.05.2024|18.05.2024|5000011949|1|COALFUEL|Steinkohle|261|1215.185|KG|14960.61|INR|V-K003|Tanken Wartung Chennai|KST-FAC-01|SL05|SNEHA
100|1000|PL05|16.05.2024|13.05.2024|5000011950|1|COALFUEL|Steinkohle|261|1079.573|KG|13229.75|INR|V-K003|Nutzung Produktion Chennai|KST-LOG-03|SL05|PSINGH
100|1000|PL05|19.05.2024|18.05.2024|5000011951|1|COALFUEL|Steinkohle|261|1803.507|KG|22112.18|INR|V-K006|Tanken Generator Chennai|KST-FAC-01|SL05|GMISHRA
100|1000|PL05|10.05.2024|09.05.2024|5000011952|1|FURNACE1|Schweroelkraftstoff|261|396.283|L|31808.65|INR|V-HPCL1|Nutzung DG-Set Chennai|KST-FAC-01|SL05|RPANDEY
100|1000|PL05|28.05.2024|27.05.2024|5000011953|1|FURNACE1|Heizoel EL|261|403.59|L|29516.54|INR|V-K007|Entnahme Kantine Chennai|KST-LOG-02|SL05|GMISHRA
100|1000|PL05|04.05.2024|01.05.2024|5000011954|1|FURNACE1|Heizoel EL|261|700.724|L|51229.92|INR|V-ESSAR|Tanken Generator Chennai|KST-LOG-01|SL05|PSINGH
100|1000|PL05|25.05.2024|23.05.2024|5000011955|1|FURNACE1|Heizoel EL|261|707.263|L|50190.22|INR|V-K007|Verbrauch Produktion Chennai|KST-MNT-01|SL05|SPRIYA
100|1000|PL05|03.06.2024|02.06.2024|5000011956|1|DIESEL001|Diesel|261|1957.697|L|150946.53|INR|V-K004|Entnahme Produktion Chennai|KST-MNT-01|SL05|SPRIYA
100|1000|PL05|25.06.2024|22.06.2024|5000011957|1|DIESEL001|Diesel|261|3943.57|L|281269.7|INR|V-K003|Auffuellung Produktion Chennai|KST-MNT-01|SL05|VMEHTA
100|1000|PL05|27.06.2024|27.06.2024|5000011958|1|DIESEL001|Dieselkraftstoff|261|2267.068|L|158394.75|INR|V-K010|Auffuellung Generator Chennai|KST-FAC-03|SL05|GMISHRA
100|1000|PL05|05.06.2024|05.06.2024|5000011959|1|DIESEL001|Diesel|261|3414.789|L|260648.8|INR|V-K004|Nutzung Notstromaggregat Chennai|KST-FAC-03|SL05|BCHATT
100|1000|PL05|19.06.2024|18.06.2024|5000011960|1|DIESEL001|Diesel|261|3212.037|L|217889.57|INR|V-K007|Tanken DG-Set Chennai|KST-PRD-02|SL05|ASAXEN
100|1000|PL05|05.06.2024|04.06.2024|5000011961|1|DIESEL001|Diesel|261|3732.449|L|289545.81|INR|V-IOCL1||KST-PRD-01|SL05|BCHATT
100|1000|PL05|12.06.2024|09.06.2024|5000011962|1|DIESEL001|Diesel|261|3644.924|L|246319.68|INR|V-K001|Nutzung DG-Set Chennai|KST-OPS-01|SL05|SPRIYA
100|1000|PL05|03.06.2024|01.06.2024|5000011963|1|DIESEL001|Diesel|261|2888.751|L|222757.15|INR|V-K004|Verbrauch Fahrzeugflotte Chennai|KST-LOG-03|SL05|SPRIYA
100|1000|PL05|19.06.2024|17.06.2024|5000011964|1|DIESEL001|Diesel|261|1660.078|L|119300.67|INR|V-K007|Verbrauch Wartung Chennai|KST-FAC-05|SL05|PSINGH
100|1000|PL05|07.06.2024|07.06.2024|5000011965|1|DIESEL001|Dieselkraftstoff|261|1668.409|L|125771.83|INR|V-RELI1|Auffuellung Kantine Chennai|KST-PRD-01|SL05|RJOSHI
100|1000|PL05|05.06.2024|02.06.2024|5000011966|1|DIESEL001|Diesel|261|3433.087|L|235457.53|INR|V-RELI1|Tanken DG-Set Chennai|KST-LOG-03|SL05|SPRIYA
100|1000|PL05|23.06.2024|20.06.2024|5000011967|1|DIESEL001|Diesel|261|3309.454|L|245803.19|INR|V-IOCL1|Auffuellung Wartung Chennai|KST-FAC-02|SL05|NREDDY
100|1000|PL05|20.06.2024|19.06.2024|5000011968|1|COALFUEL|Steinkohle|261|1343.437|KG|15913.1|INR|V-K002|Nutzung Produktion Chennai|KST-FAC-01|SL05|ASAXEN
100|1000|PL05|25.06.2024|25.06.2024|5000011969|1|COALFUEL|Steinkohle|261|1061.301|KG|13691.54|INR|V-ESSAR|Entnahme Produktion Chennai|KST-FAC-02|SL05|DRAO
100|1000|PL05|26.06.2024|26.06.2024|5000011970|1|COALFUEL|Steinkohle|261|825.106|KG|9916.43|INR|V-K001|Tanken Kantine Chennai|KST-FAC-02|SL05|VMEHTA
100|1000|PL05|02.06.2024|31.05.2024|5000011971|1|FURNACE1|Heizoel EL|261|331.937|L|26463.18|INR|V-RELI1|Tanken Kantine Chennai|KST-FAC-01|SL05|DRAO
100|1000|PL05|17.06.2024|16.06.2024|5000011972|1|FURNACE1|Schweroelkraftstoff|261|455.147|L|34167.08|INR|V-K001|Auffuellung Wartung Chennai|KST-FAC-05|SL05|AKUMAR
100|1000|PL05|10.06.2024|07.06.2024|5000011973|1|FURNACE1|Heizoel EL|261|543.529|L|41083.71|INR|V-K010|Tanken Wartung Chennai|KST-OPS-03|SL05|RJOSHI
100|1000|PL05|20.06.2024|19.06.2024|5000011974|1|FURNACE1|Schweroelkraftstoff|261|650.863|L|45742.94|INR|V-HPCL1|Nutzung Notstromaggregat Chennai|KST-FAC-05|SL05|MGUPTA
100|1000|PL05|27.07.2024|24.07.2024|5000011975|1|DIESEL001|Diesel|261|2390.62|L|172711.69|INR|V-K002||KST-MNT-01|SL05|SPRIYA
100|1000|PL05|11.07.2024|11.07.2024|5000011976|1|DIESEL001|Diesel|261|3924.116|L|276882.19|INR|V-K002|Entnahme DG-Set Chennai|KST-FAC-03|SL05|TLAXMAN
100|1000|PL05|18.07.2024|16.07.2024|5000011977|1|DIESEL001|Dieselkraftstoff|261|2411.865|L|166637.68|INR|V-K009|Entnahme DG-Set Chennai|KST-FAC-02|SL05|SNEHA
100|1000|PL05|04.07.2024|01.07.2024|5000011978|1|DIESEL001|Diesel|261|2337.878|L|173210.58|INR|V-K007|Verbrauch Fahrzeugflotte Chennai|KST-LOG-01|SL05|GMISHRA
100|1000|PL05|27.07.2024|26.07.2024|5000011979|1|DIESEL001|Dieselkraftstoff|261|1879.062|L|128896.02|INR|V-K008|Nutzung Heizung Chennai|KST-FAC-05|SL05|KVELU
100|1000|PL05|09.07.2024|07.07.2024|5000011980|1|DIESEL001|Dieselkraftstoff|261|3094.928|L|230326.36|INR|V-K009|Verbrauch Fahrzeugflotte Chennai|KST-FAC-02|SL05|DRAO
100|1000|PL05|26.07.2024|23.07.2024|5000011981|1|DIESEL001|Dieselkraftstoff|261||L||INR|V-K003|Entnahme Heizung Chennai|KST-PRD-01|SL05|RPANDEY
100|1000|PL05|18.07.2024|17.07.2024|5000011982|1|DIESEL001|Diesel|261|3483.395|L|267652.63|INR|V-ESSAR|Auffuellung DG-Set Chennai|KST-LOG-01|SL05|KVELU
100|1000|PL05|23.07.2024|20.07.2024|5000011983|1|DIESEL001|Diesel|261|1996.049|L|133631.95|INR|V-K002|Auffuellung DG-Set Chennai|KST-MNT-01|SL05|RJOSHI
100|1000|PL05|07.07.2024|05.07.2024|5000011984|1|DIESEL001|Diesel|261|2722.15|L|210555.24|INR|V-RELI1|Entnahme Generator Chennai|KST-PRD-01|SL05|ASAXEN
100|1000|PL05|25.07.2024|22.07.2024|5000011985|1|DIESEL001|Dieselkraftstoff|261|3194.639|L|229084.26|INR|V-K007|Entnahme Wartung Chennai|KST-PRD-02|SL05|DRAO
100|1000|PL05|10.07.2024|10.07.2024|5000011986|1|DIESEL001|Diesel|261|2810.038|L|195446.1|INR|V-BPCL1|Auffuellung DG-Set Chennai|KST-OPS-03|SL05|DRAO
100|1000|PL05|22.07.2024|19.07.2024|5000011987|1|COALFUEL|Steinkohle|261|794.415|KG|9075.84|INR|V-K002|Verbrauch Fahrzeugflotte Chennai|KST-OPS-02|SL05|TLAXMAN
100|1000|PL05|15.07.2024|15.07.2024|5000011988|1|COALFUEL|Steinkohle|261|1539.919|KG|17719.9|INR|V-K008|Tanken Produktion Chennai|KST-LOG-03|SL05|KVELU
100|1000|PL05|02.07.2024|02.07.2024|5000011989|1|COALFUEL|Steinkohle|261|603.864|KG|7721.19|INR|V-K001|Nutzung Heizung Chennai|KST-FAC-05|SL05|SNEHA
100|1000|PL05|22.07.2024|20.07.2024|5000011990|1|FURNACE1|Schweroelkraftstoff|261|754.868|L|59907.99|INR|V-K006|Verbrauch Produktion Chennai|KST-LOG-01|SL05|VMEHTA
100|1000|PL05|16.07.2024|16.07.2024|5000011991|1|FURNACE1|Heizoel EL|261|353.898|L|26423.41|INR|V-K004|Entnahme Wartung Chennai|KST-PRD-01|SL05|RPANDEY
100|1000|PL05|28.07.2024|26.07.2024|5000011992|1|FURNACE1|Heizoel EL|261||L||INR|V-K008|Entnahme Wartung Chennai|KST-OPS-03|SL05|BCHATT
100|1000|PL05|12.07.2024|11.07.2024|5000011993|1|FURNACE1|Heizoel EL|261|455.189|L|32849.37|INR|V-BPCL1|Tanken Fahrzeugflotte Chennai|KST-LOG-03|SL05|SPRIYA
100|1000|PL05|26.08.2024|26.08.2024|5000011994|1|DIESEL001|Dieselkraftstoff|261|1551.978|L|103690.34|INR|V-HPCL1|Tanken Produktion Chennai|KST-FAC-03|SL05|RJOSHI
100|1000|PL05|09.08.2024|08.08.2024|5000011995|1|DIESEL001|Dieselkraftstoff|261|2738.768|L|211526.58|INR|V-IOCL1|Verbrauch Produktion Chennai|KST-PRD-01|SL05|BCHATT
100|1000|PL05|14.08.2024|13.08.2024|5000011996|1|DIESEL001|Diesel|261|2995.682|L|229381.46|INR|V-K001||KST-PRD-01|SL05|RJOSHI
100|1000|PL05|02.08.2024|01.08.2024|5000011997|1|DIESEL001|Dieselkraftstoff|261|2882.611|L|215090.07|INR|V-RELI1|Verbrauch Produktion Chennai|KST-OPS-01|SL05|MGUPTA
100|1000|PL05|23.08.2024|21.08.2024|5000011998|1|DIESEL001|Dieselkraftstoff|261|2337.757|L|171015.28|INR|V-K010||KST-FAC-01|SL05|BCHATT
100|1000|PL05|09.08.2024|08.08.2024|5000011999|1|DIESEL001|Diesel|261|2542.898|L|191007.3|INR|V-IOCL1|Tanken DG-Set Chennai|KST-LOG-01|SL05|RJOSHI
100|1000|PL05|05.08.2024|02.08.2024|5000012000|1|DIESEL001|Dieselkraftstoff|261|2371.975|L|177914.95|INR|V-BPCL1|Tanken Produktion Chennai|KST-PRD-02|SL05|VMEHTA
100|1000|PL05|23.08.2024|22.08.2024|5000012001|1|DIESEL001|Dieselkraftstoff|261|3983.77|L|267936.22|INR|V-K004|Tanken Wartung Chennai|KST-PRD-02|SL05|NREDDY
100|1000|PL05|16.08.2024|15.08.2024|5000012002|1|DIESEL001|Diesel|261|3046.835|L|206719.02|INR|V-BPCL1|Nutzung Heizung Chennai|KST-OPS-03|SL05|VMEHTA
100|1000|PL05|16.08.2024|13.08.2024|5000012003|1|DIESEL001|Diesel|261|3119.097|L|210340.37|INR|V-BPCL1|Entnahme Wartung Chennai|KST-OPS-02|SL05|ASAXEN
100|1000|PL05|28.08.2024|27.08.2024|5000012004|1|DIESEL001|Dieselkraftstoff|261|2522.918|L|182950.62|INR|V-K001|Verbrauch Notstromaggregat Chennai|KST-PRD-01|SL05|AKUMAR
100|1000|PL05|13.08.2024|12.08.2024|5000012005|1|DIESEL001|Dieselkraftstoff|261|1960.189|L|139865.74|INR|V-K010|Entnahme Generator Chennai|KST-PRD-01|SL05|BCHATT
100|1000|PL05|13.08.2024|11.08.2024|5000012006|1|COALFUEL|Steinkohle|261|780.892|KG|9523.97|INR|V-K010|Nutzung Heizung Chennai|KST-FAC-07|SL05|RJOSHI
100|1000|PL05|26.08.2024|24.08.2024|5000012007|1|COALFUEL|Steinkohle|261|703.369|KG|8408.86|INR|V-K010|Tanken Heizung Chennai|KST-FAC-07|SL05|ASAXEN
100|1000|PL05|18.08.2024|16.08.2024|5000012008|1|COALFUEL|Steinkohle|261|975.632|KG|12491.44|INR|V-HPCL1|Entnahme Produktion Chennai|KST-OPS-02|SL05|SPRIYA
100|1000|PL05|16.08.2024|15.08.2024|5000012009|1|FURNACE1|Heizoel EL|261|776.699|L|62514.32|INR|V-K006|Entnahme Generator Chennai|KST-OPS-02|SL05|KVELU
100|1000|PL05|21.08.2024|21.08.2024|5000012010|1|FURNACE1|Schweroelkraftstoff|261|562.791|L|44728.63|INR|V-BPCL1|Nutzung DG-Set Chennai|KST-OPS-03|SL05|TLAXMAN
100|1000|PL05|17.08.2024|14.08.2024|5000012011|1|FURNACE1|Schweroelkraftstoff|261|474.79|L|33044.18|INR|V-K003||KST-FAC-01|SL05|TLAXMAN
100|1000|PL05|04.08.2024|03.08.2024|5000012012|1|FURNACE1|Schweroelkraftstoff|261|616.81|L|46313.86|INR|V-K005|Tanken Wartung Chennai|KST-LOG-02|SL05|SNEHA
100|1000|PL05|22.09.2024|20.09.2024|5000012013|1|DIESEL001|Dieselkraftstoff|261|3988.659|L|303310.85|INR|V-K002||KST-LOG-01|SL05|NREDDY
100|1000|PL05|06.09.2024|06.09.2024|5000012014|1|DIESEL001|Dieselkraftstoff|261|3456.148|L|236721.65|INR|V-HPCL1|Entnahme DG-Set Chennai|KST-FAC-05|SL05|SNEHA
100|1000|PL05|09.09.2024|06.09.2024|5000012015|1|DIESEL001|Diesel|261|2098.045|L|156733.68|INR|V-HPCL1|Tanken Kantine Chennai|KST-FAC-07|SL05|DRAO
100|1000|PL05|10.09.2024|07.09.2024|5000012016|1|DIESEL001|Diesel|261|3753.229|L|287886.98|INR|V-K009|Auffuellung Kantine Chennai|KST-FAC-07|SL05|RPANDEY
100|1000|PL05|09.09.2024|07.09.2024|5000012017|1|DIESEL001|Dieselkraftstoff|261|2135.965|L|148393.0|INR|V-K009|Nutzung Heizung Chennai|KST-MNT-01|SL05|NREDDY
100|1000|PL05|22.09.2024|20.09.2024|5000012018|1|DIESEL001|Dieselkraftstoff|261|3466.372|L|263800.77|INR|V-IOCL1|Entnahme Notstromaggregat Chennai|KST-FAC-05|SL05|MGUPTA
100|1000|PL05|07.09.2024|04.09.2024|5000012019|1|DIESEL001|Diesel|261|3574.676|L|246683.7|INR|V-K008|Tanken Kantine Chennai|KST-FAC-03|SL05|SPRIYA
100|1000|PL05|08.09.2024|07.09.2024|5000012020|1|DIESEL001|Diesel|261|3428.634|L|235740.75|INR|V-K004|Nutzung Produktion Chennai|KST-PRD-01|SL05|ASAXEN
100|1000|PL05|28.09.2024|28.09.2024|5000012021|1|DIESEL001|Diesel|261|1559.448|L|108787.92|INR|V-BPCL1|Auffuellung Wartung Chennai|KST-LOG-02|SL05|RJOSHI
100|1000|PL05|15.09.2024|14.09.2024|5000012022|1|DIESEL001|Dieselkraftstoff|261|1627.842|L|111057.76|INR|V-K004|Entnahme Heizung Chennai|KST-OPS-01|SL05|TLAXMAN
100|1000|PL05|24.09.2024|21.09.2024|5000012023|1|DIESEL001|Dieselkraftstoff|261|3611.341|L|250433.01|INR|V-IOCL1|Tanken Generator Chennai|KST-OPS-01|SL05|NREDDY
100|1000|PL05|14.09.2024|13.09.2024|5000012024|1|DIESEL001|Diesel|261|2897.737|L|203774.9|INR|V-IOCL1|Tanken DG-Set Chennai|KST-FAC-02|SL05|RJOSHI
100|1000|PL05|18.09.2024|18.09.2024|5000012025|1|COALFUEL|Steinkohle|261|814.577|KG|9094.17|INR|V-HPCL1|Verbrauch Heizung Chennai|KST-LOG-03|SL05|NREDDY
100|1000|PL05|25.09.2024|22.09.2024|5000012026|1|COALFUEL|Steinkohle|261|782.136|KG|9723.34|INR|V-IOCL1||KST-LOG-02|SL05|DRAO
100|1000|PL05|28.09.2024|27.09.2024|5000012027|1|COALFUEL|Steinkohle|261|1036.955|KG|13074.82|INR|V-IOCL1|Auffuellung Generator Chennai|KST-OPS-03|SL05|GMISHRA
100|1000|PL05|23.09.2024|23.09.2024|5000012028|1|FURNACE1|Schweroelkraftstoff|261|547.955|L|41451.75|INR|V-K006|Entnahme Fahrzeugflotte Chennai|KST-FAC-02|SL05|AKUMAR
100|1000|PL05|26.09.2024|26.09.2024|5000012029|1|FURNACE1|Heizoel EL|261|462.089|L|35574.73|INR|V-K006|Entnahme Fahrzeugflotte Chennai|KST-PRD-02|SL05|DRAO
100|1000|PL05|25.09.2024|22.09.2024|5000012030|1|FURNACE1|Heizoel EL|261|536.953|L|37743.42|INR|V-K005|Verbrauch Generator Chennai|KST-OPS-02|SL05|GMISHRA
100|1000|PL05|22.09.2024|20.09.2024|5000012031|1|FURNACE1|Schweroelkraftstoff|261|487.276|L|37843.3|INR|V-K007|Entnahme Fahrzeugflotte Chennai|KST-OPS-02|SL05|VMEHTA
100|1000|PL05|17.10.2024|15.10.2024|5000012032|1|DIESEL001|Dieselkraftstoff|261|2777.91|L|198155.85|INR|V-ESSAR|Tanken Wartung Chennai|KST-FAC-05|SL05|RJOSHI
100|1000|PL05|08.10.2024|08.10.2024|5000012033|1|DIESEL001|Dieselkraftstoff|261|3807.368|L|293860.01|INR|V-K001||KST-FAC-03|SL05|VMEHTA
100|1000|PL05|11.10.2024|10.10.2024|5000012034|1|DIESEL001|Dieselkraftstoff|261|3785.949|L|269045.68|INR|V-K003|Verbrauch Fahrzeugflotte Chennai|KST-FAC-01|SL05|KVELU
100|1000|PL05|10.10.2024|08.10.2024|5000012035|1|DIESEL001|Dieselkraftstoff|261|3143.927|L|210324.83|INR|V-K007||KST-FAC-03|SL05|VMEHTA
100|1000|PL05|22.10.2024|21.10.2024|5000012036|1|DIESEL001|Dieselkraftstoff|261|3463.583|L|239255.88|INR|V-K006|Nutzung Generator Chennai|KST-FAC-05|SL05|SPRIYA
100|1000|PL05|04.10.2024|02.10.2024|5000012037|1|DIESEL001|Diesel|261|2976.175|L|218697.52|INR|V-RELI1|Verbrauch Wartung Chennai|KST-FAC-01|SL05|BCHATT
100|1000|PL05|20.10.2024|18.10.2024|5000012038|1|DIESEL001|Dieselkraftstoff|261|3788.379|L|252606.51|INR|V-K010|Tanken Produktion Chennai|KST-FAC-07|SL05|SPRIYA
100|1000|PL05|01.10.2024|28.09.2024|5000012039|1|DIESEL001|Dieselkraftstoff|261|3208.3|L|237397.03|INR|V-ESSAR|Entnahme Heizung Chennai|KST-FAC-03|SL05|KVELU
100|1000|PL05|28.10.2024|27.10.2024|5000012040|1|DIESEL001|Dieselkraftstoff|261|3604.632|L|264283.33|INR|V-K008|Verbrauch Generator Chennai|KST-MNT-01|SL05|PSINGH
100|1000|PL05|19.10.2024|18.10.2024|5000012041|1|DIESEL001|Diesel|261|2918.0|L|204121.31|INR|V-HPCL1|Auffuellung DG-Set Chennai|KST-OPS-02|SL05|SPRIYA
100|1000|PL05|19.10.2024|16.10.2024|5000012042|1|DIESEL001|Diesel|261|1502.447|L|105515.17|INR|V-BPCL1|Tanken Kantine Chennai|KST-FAC-03|SL05|AKUMAR
100|1000|PL05|09.10.2024|07.10.2024|5000012043|1|DIESEL001|Dieselkraftstoff|261|1525.881|L|101177.69|INR|V-HPCL1|Nutzung Fahrzeugflotte Chennai|KST-FAC-01|SL05|MGUPTA
100|1000|PL05|07.10.2024|05.10.2024|5000012044|1|COALFUEL|Steinkohle|261|1820.747|KG|21206.46|INR|V-K001|Auffuellung Fahrzeugflotte Chennai|KST-LOG-03|SL05|PSINGH
100|1000|PL05|20.10.2024|19.10.2024|5000012045|1|COALFUEL|Steinkohle|261|1112.13|KG|13728.67|INR|V-BPCL1|Entnahme Generator Chennai|KST-OPS-03|SL05|BCHATT
100|1000|PL05|02.10.2024|02.10.2024|5000012046|1|COALFUEL|Steinkohle|261|1745.157|KG|20762.31|INR|V-K006|Entnahme Fahrzeugflotte Chennai|KST-FAC-01|SL05|AKUMAR
100|1000|PL05|04.10.2024|02.10.2024|5000012047|1|FURNACE1|Heizoel EL|261|374.449|L|28242.82|INR|V-K004|Verbrauch Generator Chennai|KST-OPS-01|SL05|SNEHA
100|1000|PL05|25.10.2024|22.10.2024|5000012048|1|FURNACE1|Heizoel EL|261|661.832|L|47431.62|INR|V-K010|Entnahme Heizung Chennai|KST-LOG-03|SL05|NREDDY
100|1000|PL05|24.10.2024|21.10.2024|5000012049|1|FURNACE1|Heizoel EL|261|532.928|L|41289.75|INR|V-K003||KST-OPS-01|SL05|RJOSHI
100|1000|PL05|05.10.2024|05.10.2024|5000012049|1|FURNACE1|Schweroelkraftstoff|261|649.375|L|45199.26|INR|V-K002|Auffuellung Fahrzeugflotte Chennai|KST-FAC-01|SL05|GMISHRA
100|1000|PL05|26.11.2024|24.11.2024|5000012051|1|DIESEL001|Dieselkraftstoff|261|1950.758|L|141108.23|INR|V-HPCL1|Auffuellung Kantine Chennai|KST-PRD-02|SL05|TLAXMAN
100|1000|PL05|12.11.2024|10.11.2024|5000012052|1|DIESEL001|Diesel|261|2550.789|L|187090.02|INR|V-K002|Entnahme Generator Chennai|KST-OPS-03|SL05|TLAXMAN
100|1000|PL05|08.11.2024|05.11.2024|5000012053|1|DIESEL001|Diesel|261|3335.904|L|247413.64|INR|V-HPCL1|Nutzung Produktion Chennai|KST-MNT-01|SL05|SNEHA
100|1000|PL05|13.11.2024|13.11.2024|5000012054|1|DIESEL001|Dieselkraftstoff|261|3355.463|L|237019.79|INR|V-K001|Entnahme Generator Chennai|KST-FAC-03|SL05|DRAO
100|1000|PL05|07.11.2024|04.11.2024|5000012055|1|DIESEL001|Diesel|261|3557.911|L|265573.62|INR|V-BPCL1|Tanken Kantine Chennai|KST-FAC-02|SL05|KVELU
100|1000|PL05|10.11.2024|07.11.2024|5000012056|1|DIESEL001|Diesel|261|1939.772|KG|144747.81|INR|V-K002|Tanken Kantine Chennai|KST-PRD-02|SL05|AKUMAR
100|1000|PL05|06.11.2024|06.11.2024|5000012057|1|DIESEL001|Diesel|261|1963.922|L|132639.84|INR|V-K007|Tanken Kantine Chennai|KST-FAC-05|SL05|PSINGH
100|1000|PL05|13.11.2024|11.11.2024|5000012058|1|DIESEL001|Diesel|261|2846.62|L|208011.49|INR|V-K004|Verbrauch Fahrzeugflotte Chennai|KST-LOG-01|SL05|GMISHRA
100|1000|PL05|01.11.2024|30.10.2024|5000012059|1|DIESEL001|Dieselkraftstoff|261|2716.053|L|199958.06|INR|V-RELI1|Verbrauch DG-Set Chennai|KST-PRD-02|SL05|AKUMAR
100|1000|PL05|25.11.2024|25.11.2024|5000012060|1|DIESEL001|Dieselkraftstoff|261|2706.386|L|189554.32|INR|V-ESSAR|Verbrauch Generator Chennai|KST-OPS-01|SL05|VMEHTA
100|1000|PL05|03.11.2024|31.10.2024|5000012061|1|DIESEL001|Dieselkraftstoff|261|1820.706|L|130667.45|INR|V-K009|Entnahme Fahrzeugflotte Chennai|KST-FAC-07|SL05|AKUMAR
100|1000|PL05|28.11.2024|25.11.2024|5000012062|1|DIESEL001|Diesel|261|3192.863|L|238312.78|INR|V-K005|Auffuellung Notstromaggregat Chennai|KST-LOG-02|SL05|ASAXEN
100|1000|PL05|20.11.2024|20.11.2024|5000012063|1|COALFUEL|Steinkohle|261|741.845|KG|8341.6|INR|V-RELI1|Entnahme Produktion Chennai|KST-PRD-02|SL05|GMISHRA
100|1000|PL05|17.11.2024|17.11.2024|5000012064|1|COALFUEL|Steinkohle|261|1992.351|KG|22031.56|INR|V-HPCL1|Auffuellung Wartung Chennai|KST-MNT-01|SL05|NREDDY
100|1000|PL05|28.11.2024|27.11.2024|5000012065|1|COALFUEL|Steinkohle|261|1989.73|KG|22326.18|INR|V-K006|Verbrauch Wartung Chennai|KST-FAC-03|SL05|ASAXEN
100|1000|PL05|04.11.2024|01.11.2024|5000012066|1|FURNACE1|Schweroelkraftstoff|261|604.401|L|48331.69|INR|V-RELI1|Nutzung Fahrzeugflotte Chennai|KST-FAC-01|SL05|RPANDEY
100|1000|PL05|13.11.2024|12.11.2024|5000012067|1|FURNACE1|Heizoel EL|261|356.914|L|28153.23|INR|V-K008|Verbrauch Generator Chennai|KST-FAC-01|SL05|DRAO
100|1000|PL05|13.11.2024|12.11.2024|5000012068|1|FURNACE1|Heizoel EL|261|510.796|L|40378.91|INR|V-K009|Tanken Kantine Chennai|KST-FAC-02|SL05|DRAO
100|1000|PL05|23.11.2024|23.11.2024|5000012069|1|FURNACE1|Heizoel EL|261|538.111|L|39436.59|INR|V-K006|Entnahme Heizung Chennai|KST-FAC-01|SL05|MGUPTA
100|1000|PL05|22.12.2024|22.12.2024|5000012070|1|DIESEL001|Dieselkraftstoff|261|2704.573|L|201973.74|INR|V-ESSAR|Auffuellung Generator Chennai|KST-PRD-02|SL05|DRAO
100|1000|PL05|15.12.2024|13.12.2024|5000012071|1|DIESEL001|Dieselkraftstoff|261|3584.067|L|245016.25|INR|V-IOCL1|Auffuellung Notstromaggregat Chennai|KST-MNT-01|SL05|BCHATT
100|1000|PL05|28.12.2024|25.12.2024|5000012072|1|DIESEL001|Dieselkraftstoff|261|3761.509|L|279634.48|INR|V-HPCL1|Entnahme Heizung Chennai|KST-OPS-02|SL05|RJOSHI
100|1000|PL05|19.12.2024|17.12.2024|5000012073|1|DIESEL001|Diesel|261|2145.52|L|159997.3|INR|V-K002|Tanken Heizung Chennai|KST-FAC-05|SL05|DRAO
100|1000|PL05|01.12.2024|28.11.2024|5000012074|1|DIESEL001|Diesel|261|2803.291|L|210723.27|INR|V-K007|Nutzung Notstromaggregat Chennai|KST-LOG-03|SL05|BCHATT
100|1000|PL05|05.12.2024|03.12.2024|5000012075|1|DIESEL001|Dieselkraftstoff|261|2906.008|L|212759.46|INR|V-K008|Auffuellung Generator Chennai|KST-PRD-02|SL05|NREDDY
100|1000|PL05|14.12.2024|11.12.2024|5000012076|1|DIESEL001|Dieselkraftstoff|261|1666.356|L|128865.4|INR|V-K008|Tanken Notstromaggregat Chennai|KST-FAC-07|SL05|RJOSHI
100|1000|PL05|22.12.2024|21.12.2024|5000012077|1|DIESEL001|Diesel|261|3936.552|L|268931.82|INR|V-K003|Tanken Heizung Chennai|KST-MNT-01|SL05|BCHATT
100|1000|PL05|26.12.2024|26.12.2024|5000012078|1|DIESEL001|Diesel|261|3184.273|L|237833.82|INR|V-K001|Auffuellung Kantine Chennai|KST-LOG-01|SL05|AKUMAR
100|1000|PL05|09.12.2024|08.12.2024|5000012079|1|DIESEL001|Diesel|261|3401.948|L|258774.74|INR|V-K001|Auffuellung Fahrzeugflotte Chennai|KST-PRD-01|SL05|SNEHA
100|1000|PL05|23.12.2024|21.12.2024|5000012080|1|DIESEL001|Diesel|261|2528.382|L|194800.53|INR|V-K007|Entnahme Kantine Chennai|KST-OPS-02|SL05|NREDDY
100|1000|PL05|01.12.2024|29.11.2024|5000012081|1|DIESEL001|Dieselkraftstoff|261|2272.323|L|166774.62|INR|V-K004|Verbrauch Kantine Chennai|KST-OPS-01|SL05|SPRIYA
100|1000|PL05|27.12.2024|25.12.2024|5000012082|1|COALFUEL|Steinkohle|261|1526.566|KG|18343.91|INR|V-K002|Tanken Heizung Chennai|KST-MNT-01|SL05|NREDDY
100|1000|PL05|11.12.2024|08.12.2024|5000012083|1|COALFUEL|Steinkohle|261|1424.754|KG|17310.17|INR|V-K003|Entnahme Wartung Chennai|KST-FAC-07|SL05|PSINGH
100|1000|PL05|19.12.2024|16.12.2024|5000012084|1|COALFUEL|Steinkohle|261|1663.052|KG|19106.4|INR|V-K005|Nutzung Heizung Chennai|KST-MNT-01|SL05|AKUMAR
100|1000|PL05|20.12.2024|20.12.2024|5000012085|1|FURNACE1|Heizoel EL|261|691.721|L|50056.61|INR|V-K001|Nutzung Heizung Chennai|KST-FAC-05|SL05|GMISHRA
100|1000|PL05|09.12.2024|06.12.2024|5000012086|1|FURNACE1|Heizoel EL|261|400.786|L|30142.6|INR|V-K005|Nutzung Wartung Chennai|KST-FAC-07|SL05|PSINGH
100|1000|PL05|14.12.2024|12.12.2024|5000012087|1|FURNACE1|Heizoel EL|261|553.865|L|40622.48|INR|V-BPCL1|Nutzung DG-Set Chennai|KST-OPS-03|SL05|MGUPTA
100|1000|PL05|18.12.2024|16.12.2024|5000012088|1|FURNACE1|Schweroelkraftstoff|261|310.412|L|22685.01|INR|V-K006|Nutzung Produktion Chennai|KST-PRD-02|SL05|SNEHA
100|2000|PL06|20.01.2023|18.01.2023|5000012089|1|DIESEL001|Diesel|261|990.47|L|68446.89|INR|V-RELI1|Auffuellung Generator Hyderabad|KST-FAC-02|SL06|GMISHRA
100|2000|PL06|27.01.2023|24.01.2023|5000012090|1|DIESEL001|Diesel|261|629.696|L|42614.93|INR|V-K001|Auffuellung Kantine Hyderabad|KST-LOG-02|SL06|KVELU
100|2000|PL06|05.01.2023|02.01.2023|5000012091|1|DIESEL001|Dieselkraftstoff|261|1054.193|L|78811.33|INR|V-K007|Nutzung Kantine Hyderabad|KST-FAC-05|SL06|MGUPTA
100|2000|PL06|15.01.2023|15.01.2023|5000012092|1|DIESEL001|Diesel|261|890.557|L|67745.22|INR|V-RELI1|Tanken Kantine Hyderabad|KST-FAC-05|SL06|ASAXEN
100|2000|PL06|20.01.2023|17.01.2023|5000012093|1|DIESEL001|Dieselkraftstoff|261|456.556|L|31372.5|INR|V-BPCL1|Entnahme Notstromaggregat Hyderabad|KST-FAC-07|SL06|RPANDEY
100|2000|PL06|27.01.2023|25.01.2023|5000012094|1|DIESEL001|Diesel|261|702.495|L|51814.75|INR|V-K007|Entnahme Kantine Hyderabad|KST-LOG-03|SL06|RJOSHI
100|2000|PL06|09.01.2023|08.01.2023|5000012095|1|DIESEL001|Dieselkraftstoff|261|598.861|L|46329.77|INR|V-K007|Auffuellung Produktion Hyderabad|KST-LOG-01|SL06|TLAXMAN
100|2000|PL06|25.01.2023|25.01.2023|5000012096|1|CNGFUEL1|Erdgas CNG|261|212.862|KG|18693.7|INR|V-K006|Auffuellung DG-Set Hyderabad|KST-OPS-01|SL06|VMEHTA
100|2000|PL06|26.01.2023|23.01.2023|5000012097|1|CNGFUEL1|Komprimiertes Erdgas|261|160.177|KG|13806.37|INR|V-K002|Auffuellung Fahrzeugflotte Hyderabad|KST-OPS-01|SL06|VMEHTA
100|2000|PL06|28.01.2023|27.01.2023|5000012098|1|CNGFUEL1|Erdgas CNG|261|228.12|KG|19166.31|INR|V-RELI1|Tanken Wartung Hyderabad|KST-LOG-01|SL06|VMEHTA
100|2000|PL06|25.01.2023|24.01.2023|5000012099|1|CNGFUEL1|Erdgas CNG|261|177.405|KG|14855.54|INR|V-K007|Verbrauch Fahrzeugflotte Hyderabad|KST-FAC-03|SL06|PSINGH
100|2000|PL06|24.01.2023|24.01.2023|5000012100|1|PETRL001|Benzin|261|150.071|L|13579.99|INR|V-K006|Verbrauch Fahrzeugflotte Hyderabad|KST-PRD-02|SL06|AKUMAR
100|2000|PL06|25.01.2023|23.01.2023|5000012101|1|PETRL001|Motorenbenzin|261|69.166|L|6861.03|INR|V-HPCL1|Entnahme Produktion Hyderabad|KST-OPS-01|SL06|SPRIYA
100|2000|PL06|14.01.2023|13.01.2023|5000012102|1|PETRL001|Benzin|261|172.896|L|15842.82|INR|V-IOCL1|Nutzung Wartung Hyderabad|KST-FAC-02|SL06|TLAXMAN
100|2000|PL06|24.02.2023|23.02.2023|5000012103|1|DIESEL001|Dieselkraftstoff|261|473.466|L|36614.93|INR|V-IOCL1|Tanken Notstromaggregat Hyderabad|KST-OPS-02|SL06|GMISHRA
100|2000|PL06|08.02.2023|08.02.2023|5000012104|1|DIESEL001|Diesel|261|611.017|L|43718.59|INR|V-K007|Entnahme Notstromaggregat Hyderabad|KST-OPS-03|SL06|RPANDEY
100|2000|PL06|18.02.2023|16.02.2023|5000012105|1|DIESEL001|Dieselkraftstoff|261|756.608|L|54948.78|INR|V-K008|Auffuellung Kantine Hyderabad|KST-PRD-02|SL06|VMEHTA
100|2000|PL06|22.02.2023|20.02.2023|5000012106|1|DIESEL001|Dieselkraftstoff|261|1058.664|L|78819.83|INR|V-K004|Auffuellung Fahrzeugflotte Hyderabad|KST-PRD-01|SL06|SPRIYA
100|2000|PL06|25.02.2023|24.02.2023|5000012107|1|DIESEL001|Diesel|261|672.505|L|48229.16|INR|V-K001|Auffuellung Generator Hyderabad|KST-FAC-07|SL06|ASAXEN
100|2000|PL06|10.02.2023|07.02.2023|5000012108|1|DIESEL001|Diesel|261|539.805|L|37728.52|INR|V-HPCL1|Tanken Fahrzeugflotte Hyderabad|KST-OPS-01|SL06|PSINGH
100|2000|PL06|21.02.2023|21.02.2023|5000012109|1|DIESEL001|Diesel|261|916.932|L|64673.38|INR|V-K004|Auffuellung Heizung Hyderabad|KST-FAC-02|SL06|BCHATT
100|2000|PL06|17.02.2023|15.02.2023|5000012110|1|CNGFUEL1|Erdgas CNG|261|142.128|KG|11462.91|INR|V-K007|Tanken Fahrzeugflotte Hyderabad|KST-OPS-01|SL06|GMISHRA
100|2000|PL06|09.02.2023|06.02.2023|5000012111|1|CNGFUEL1|Komprimiertes Erdgas|261|225.429|KG|17869.77|INR|V-K005|Entnahme Generator Hyderabad|KST-PRD-02|SL06|TLAXMAN
100|2000|PL06|03.02.2023|31.01.2023|5000012112|1|CNGFUEL1|Erdgas CNG|261|248.915|KG|19809.78|INR|V-BPCL1|Entnahme Wartung Hyderabad|KST-PRD-02|SL06|SPRIYA
100|2000|PL06|03.02.2023|01.02.2023|5000012113|1|CNGFUEL1|Erdgas CNG|261|159.965|KG|12711.61|INR|V-K009||KST-LOG-03|SL06|SPRIYA
100|2000|PL06|24.02.2023|21.02.2023|5000012114|1|PETRL001|Motorenbenzin|261|101.986|L|10232.37|INR|V-BPCL1|Verbrauch Produktion Hyderabad|KST-OPS-01|SL06|TLAXMAN
100|2000|PL06|13.02.2023|11.02.2023|5000012115|1|PETRL001|Motorenbenzin|261|52.181|L|4662.97|INR|V-BPCL1|Nutzung DG-Set Hyderabad|KST-OPS-01|SL06|PSINGH
100|2000|PL06|16.02.2023|13.02.2023|5000012116|1|PETRL001|Motorenbenzin|261|161.198|L|16312.33|INR|V-K007|Tanken Produktion Hyderabad|KST-OPS-03|SL06|SNEHA
100|2000|PL06|03.03.2023|02.03.2023|5000012117|1|DIESEL001|Dieselkraftstoff|261|772.354|L|53904.07|INR|V-K004|Auffuellung Notstromaggregat Hyderabad|KST-LOG-02|SL06|MGUPTA
100|2000|PL06|24.03.2023|22.03.2023|5000012118|1|DIESEL001|Dieselkraftstoff|261|582.805|L|40635.6|INR|V-K010|Verbrauch Heizung Hyderabad|KST-FAC-02|SL06|VMEHTA
100|2000|PL06|26.03.2023|23.03.2023|5000012119|1|DIESEL001|Dieselkraftstoff|261|986.812|L|71474.16|INR|V-RELI1|Entnahme Notstromaggregat Hyderabad|KST-FAC-05|SL06|GMISHRA
100|2000|PL06|10.03.2023|10.03.2023|5000012120|1|DIESEL001|Dieselkraftstoff|261|463.121|L|32632.3|INR|V-K003|Auffuellung Wartung Hyderabad|KST-LOG-01|SL06|DRAO
100|2000|PL06|25.03.2023|23.03.2023|5000012121|1|DIESEL001|Dieselkraftstoff|261|644.483|L|49637.35|INR|V-K003|Nutzung Produktion Hyderabad|KST-OPS-02|SL06|BCHATT
100|2000|PL06|11.03.2023|11.03.2023|5000012122|1|DIESEL001|Diesel|261|894.117|L|69253.23|INR|V-K009|Nutzung Generator Hyderabad|KST-FAC-03|SL06|GMISHRA
100|2000|PL06|13.03.2023|10.03.2023|5000012123|1|DIESEL001|Diesel|261|930.529|L|67405.83|INR|V-K004|Nutzung Generator Hyderabad|KST-LOG-01|SL06|VMEHTA
100|2000|PL06|18.03.2023|18.03.2023|5000012124|1|CNGFUEL1|Komprimiertes Erdgas|261|248.768|KG|19673.67|INR|V-K005|Verbrauch Kantine Hyderabad|KST-PRD-01|SL06|SNEHA
100|2000|PL06|06.03.2023|06.03.2023|5000012125|1|CNGFUEL1|Erdgas CNG|261|177.62|KG|14474.86|INR|V-K010|Nutzung Produktion Hyderabad|KST-OPS-02|SL06|BCHATT
100|2000|PL06|05.03.2023|02.03.2023|5000012126|1|CNGFUEL1|Komprimiertes Erdgas|261|130.183|KG|10703.88|INR|V-K002|Verbrauch Fahrzeugflotte Hyderabad|KST-LOG-03|SL06|DRAO
100|2000|PL06|03.03.2023|01.03.2023|5000012127|1|CNGFUEL1|Komprimiertes Erdgas|261|86.629|KG|7136.45|INR|V-K002|Tanken Wartung Hyderabad|KST-PRD-01|SL06|NREDDY
100|2000|PL06|12.03.2023|10.03.2023|5000012128|1|PETRL001|Motorenbenzin|261|91.57|L|9268.11|INR|V-K005|Nutzung DG-Set Hyderabad|KST-FAC-02|SL06|DRAO
100|2000|PL06|20.03.2023|20.03.2023|5000012129|1|PETRL001|Benzin|261|102.859|L|10514.08|INR|V-K007|Nutzung Generator Hyderabad|KST-LOG-03|SL06|VMEHTA
100|2000|PL06|01.03.2023|26.02.2023|5000012130|1|PETRL001|Benzin|261|169.303|L|17507.05|INR|V-K001|Nutzung DG-Set Hyderabad|KST-PRD-02|SL06|RJOSHI
100|2000|PL06|06.04.2023|04.04.2023|5000012131|1|DIESEL001|Dieselkraftstoff|261|960.043|L|69516.24|INR|V-K003|Entnahme Produktion Hyderabad|KST-LOG-03|SL06|SNEHA
100|2000|PL06|21.04.2023|18.04.2023|5000012132|1|DIESEL001|Dieselkraftstoff|261|855.268|L|62744.7|INR|V-K001|Entnahme Generator Hyderabad|KST-FAC-01|SL06|MGUPTA
100|2000|PL06|24.04.2023|24.04.2023|5000012133|1|DIESEL001|Dieselkraftstoff|261|641.684|L|47399.14|INR|V-IOCL1|Verbrauch Notstromaggregat Hyderabad|KST-FAC-07|SL06|DRAO
100|2000|PL06|02.04.2023|01.04.2023|5000012134|1|DIESEL001|Dieselkraftstoff|261|502.037|L|36987.51|INR|V-K009|Verbrauch Kantine Hyderabad|KST-LOG-02|SL06|DRAO
100|2000|PL06|26.04.2023|25.04.2023|5000012135|1|DIESEL001|Diesel|261|1057.493|L|74307.86|INR|V-BPCL1|Nutzung Fahrzeugflotte Hyderabad|KST-OPS-01|SL06|KVELU
100|2000|PL06|23.04.2023|22.04.2023|5000012136|1|DIESEL001|Diesel|261|411.155|L|28599.19|INR|V-RELI1||KST-FAC-02|SL06|SNEHA
100|2000|PL06|26.04.2023|24.04.2023|5000012137|1|DIESEL001|Diesel|261|1020.486|L|78819.5|INR|V-K006|Auffuellung Generator Hyderabad|KST-PRD-01|SL06|RJOSHI
100|2000|PL06|21.04.2023|19.04.2023|5000012138|1|CNGFUEL1|Erdgas CNG|261|146.664|KG|11876.5|INR|V-IOCL1|Verbrauch Heizung Hyderabad|KST-FAC-03|SL06|ASAXEN
100|2000|PL06|17.04.2023|14.04.2023|5000012139|1|CNGFUEL1|Erdgas CNG|261|203.761|KG|17113.42|INR|V-K010|Entnahme Fahrzeugflotte Hyderabad|KST-FAC-01|SL06|ASAXEN
100|2000|PL06|14.04.2023|13.04.2023|5000012140|1|CNGFUEL1|Komprimiertes Erdgas|261||KG||INR|V-BPCL1|Tanken Kantine Hyderabad|KST-FAC-01|SL06|ASAXEN
100|2000|PL06|16.04.2023|14.04.2023|5000012141|1|CNGFUEL1|Erdgas CNG|261|233.434|KG|20087.67|INR|V-K004|Auffuellung Produktion Hyderabad|KST-OPS-02|SL06|DRAO
100|2000|PL06|24.04.2023|23.04.2023|5000012142|1|PETRL001|Benzin|261|173.596|L|16153.37|INR|V-K005|Tanken Produktion Hyderabad|KST-PRD-02|SL06|SPRIYA
100|2000|PL06|08.04.2023|06.04.2023|5000012143|1|PETRL001|Motorenbenzin|261|66.659|L|6254.29|INR|V-K008|Nutzung Produktion Hyderabad|KST-LOG-03|SL06|PSINGH
100|2000|PL06|24.04.2023|23.04.2023|5000012144|1|PETRL001|Benzin|261|135.476|L|11981.53|INR|V-HPCL1|Nutzung Wartung Hyderabad|KST-FAC-05|SL06|MGUPTA
100|2000|PL06|27.05.2023|25.05.2023|5000012145|1|DIESEL001|Diesel|261|882.137|L|67486.47|INR|V-IOCL1|Verbrauch DG-Set Hyderabad|KST-LOG-03|SL06|MGUPTA
100|2000|PL06|23.05.2023|23.05.2023|5000012146|1|DIESEL001|Dieselkraftstoff|261|768.86|L|54237.62|INR|V-K009|Auffuellung Wartung Hyderabad|KST-FAC-05|SL06|DRAO
100|2000|PL06|16.05.2023|13.05.2023|5000012147|1|DIESEL001|Diesel|261|751.667|L|53247.38|INR|V-K008|Auffuellung Notstromaggregat Hyderabad|KST-PRD-01|SL06|VMEHTA
100|2000|PL06|11.05.2023|10.05.2023|5000012148|1|DIESEL001|Dieselkraftstoff|261|561.736|L|37734.6|INR|V-IOCL1|Verbrauch Notstromaggregat Hyderabad|KST-PRD-01|SL06|KVELU
100|2000|PL06|09.05.2023|06.05.2023|5000012149|1|DIESEL001|Diesel|261|460.89|L|34276.52|INR|V-IOCL1|Auffuellung Generator Hyderabad|KST-OPS-03|SL06|RPANDEY
100|2000|PL06|27.05.2023|27.05.2023|5000012150|1|DIESEL001|Diesel|261|697.081|L|48328.56|INR|V-K002|Entnahme Kantine Hyderabad|KST-FAC-03|SL06|KVELU
100|2000|PL06|04.05.2023|01.05.2023|5000012151|1|DIESEL001|Diesel|261|770.572|KG|59345.92|INR|V-K010|Verbrauch Fahrzeugflotte Hyderabad|KST-FAC-03|SL06|PSINGH
100|2000|PL06|27.05.2023|27.05.2023|5000012152|1|CNGFUEL1|Erdgas CNG|261|213.328|KG|16931.36|INR|V-IOCL1|Auffuellung DG-Set Hyderabad|KST-OPS-03|SL06|NREDDY
100|2000|PL06|05.05.2023|03.05.2023|5000012153|1|CNGFUEL1|Komprimiertes Erdgas|261|131.903|KG|10615.1|INR|V-K010|Entnahme Fahrzeugflotte Hyderabad|KST-LOG-01|SL06|NREDDY
100|2000|PL06|03.05.2023|03.05.2023|5000012154|1|CNGFUEL1|Erdgas CNG|261|81.378|KG|7370.88|INR|V-RELI1|Verbrauch Produktion Hyderabad|KST-MNT-01|SL06|DRAO
100|2000|PL06|26.05.2023|23.05.2023|5000012155|1|CNGFUEL1|Erdgas CNG|261|247.75|KG|22502.69|INR|V-ESSAR|Verbrauch Wartung Hyderabad|KST-FAC-03|SL06|RJOSHI
100|2000|PL06|02.05.2023|29.04.2023|5000012156|1|PETRL001|Motorenbenzin|261|161.253|L|16284.51|INR|V-K008|Verbrauch Wartung Hyderabad|KST-OPS-01|SL06|SNEHA
100|2000|PL06|23.05.2023|21.05.2023|5000012157|1|PETRL001|Benzin|261|63.921|L|6343.19|INR|V-K008|Verbrauch Produktion Hyderabad|KST-LOG-03|SL06|BCHATT
100|2000|PL06|24.05.2023|24.05.2023|5000012158|1|PETRL001|Benzin|261|177.545|L|18269.47|INR|V-RELI1|Verbrauch Heizung Hyderabad|KST-LOG-03|SL06|KVELU
100|2000|PL06|28.06.2023|28.06.2023|5000012159|1|DIESEL001|Diesel|261|717.792|L|52086.39|INR|V-K003|Nutzung Produktion Hyderabad|KST-FAC-02|SL06|GMISHRA
100|2000|PL06|13.06.2023|10.06.2023|5000012160|1|DIESEL001|Diesel|261|602.0|L|42968.2|INR|V-RELI1|Nutzung Generator Hyderabad|KST-MNT-01|SL06|SPRIYA
100|2000|PL06|20.06.2023|20.06.2023|5000012161|1|DIESEL001|Diesel|261|738.292|L|50207.25|INR|V-K002|Verbrauch Produktion Hyderabad|KST-FAC-02|SL06|KVELU
100|2000|PL06|07.06.2023|07.06.2023|5000012162|1|DIESEL001|Diesel|261|1042.357|L|71181.26|INR|V-K009|Nutzung Notstromaggregat Hyderabad|KST-LOG-03|SL06|KVELU
100|2000|PL06|09.06.2023|06.06.2023|5000012163|1|DIESEL001|Diesel|261|704.061|L|49226.28|INR|V-K006|Auffuellung Heizung Hyderabad|KST-FAC-02|SL06|DRAO
100|2000|PL06|21.06.2023|19.06.2023|5000012164|1|DIESEL001|Dieselkraftstoff|261|1088.793|L|78026.22|INR|V-K007|Verbrauch Fahrzeugflotte Hyderabad|KST-LOG-02|SL06|KVELU
100|2000|PL06|27.06.2023|25.06.2023|5000012165|1|DIESEL001|Dieselkraftstoff|261|740.814|L|54993.67|INR|V-K004|Tanken Fahrzeugflotte Hyderabad|KST-LOG-02|SL06|DRAO
100|2000|PL06|22.06.2023|22.06.2023|5000012166|1|CNGFUEL1|Komprimiertes Erdgas|261|100.922|KG|8238.34|INR|V-K005|Tanken Kantine Hyderabad|KST-FAC-02|SL06|TLAXMAN
100|2000|PL06|23.06.2023|20.06.2023|5000012167|1|CNGFUEL1|Komprimiertes Erdgas|261|109.401|KG|9251.92|INR|V-K002|Entnahme Kantine Hyderabad|KST-FAC-03|SL06|PSINGH
100|2000|PL06|04.06.2023|01.06.2023|5000012168|1|CNGFUEL1|Erdgas CNG|261|228.841|KG|18561.37|INR|V-RELI1|Auffuellung Produktion Hyderabad|KST-LOG-01|SL06|SNEHA
100|2000|PL06|18.06.2023|18.06.2023|5000012169|1|CNGFUEL1|Erdgas CNG|261|162.617|KG|14558.6|INR|V-IOCL1||KST-FAC-05|SL06|GMISHRA
100|2000|PL06|26.06.2023|24.06.2023|5000012170|1|PETRL001|Benzin|261|150.97|L|13886.35|INR|V-IOCL1||KST-FAC-07|SL06|VMEHTA
100|2000|PL06|01.06.2023|29.05.2023|5000012171|1|PETRL001|Benzin|261|82.711|L|8571.78|INR|V-K005|Entnahme Heizung Hyderabad|KST-FAC-07|SL06|BCHATT
100|2000|PL06|10.06.2023|10.06.2023|5000012172|1|PETRL001|Motorenbenzin|261|142.774|L|14791.17|INR|V-K005|Tanken Generator Hyderabad|KST-PRD-01|SL06|DRAO
100|2000|PL06|15.07.2023|15.07.2023|5000012173|1|DIESEL001|Dieselkraftstoff|261|825.938|L|54893.72|INR|V-K001||KST-MNT-01|SL06|NREDDY
100|2000|PL06|04.07.2023|01.07.2023|5000012174|1|DIESEL001|Dieselkraftstoff|261|1058.082|L|79723.79|INR|V-K009|Nutzung Produktion Hyderabad|KST-PRD-01|SL06|GMISHRA
100|2000|PL06|11.07.2023|11.07.2023|5000012175|1|DIESEL001|Diesel|261|1032.706|L|77320.23|INR|V-K004|Nutzung Wartung Hyderabad|KST-LOG-01|SL06|NREDDY
100|2000|PL06|15.07.2023|12.07.2023|5000012176|1|DIESEL001|Dieselkraftstoff|261|647.058|L|46054.73|INR|V-IOCL1|Nutzung Wartung Hyderabad|KST-FAC-03|SL06|KVELU
100|2000|PL06|02.07.2023|29.06.2023|5000012177|1|DIESEL001|Dieselkraftstoff|261|718.118|L|52021.6|INR|V-K004|Tanken Heizung Hyderabad|KST-PRD-02|SL06|PSINGH
100|2000|PL06|20.07.2023|20.07.2023|5000012178|1|DIESEL001|Dieselkraftstoff|261|590.473|L|42297.03|INR|V-IOCL1|Entnahme Heizung Hyderabad|KST-LOG-02|SL06|VMEHTA
100|2000|PL06|11.07.2023|08.07.2023|5000012179|1|DIESEL001|Diesel|261|709.141|L|47484.54|INR|V-K001|Tanken Fahrzeugflotte Hyderabad|KST-PRD-01|SL06|PSINGH
100|2000|PL06|15.07.2023|14.07.2023|5000012180|1|CNGFUEL1|Erdgas CNG|261|211.61|KG|17597.64|INR|V-K001|Auffuellung DG-Set Hyderabad|KST-OPS-03|SL06|MGUPTA
100|2000|PL06|22.07.2023|19.07.2023|5000012181|1|CNGFUEL1|Komprimiertes Erdgas|261|232.478|KG|20049.29|INR|V-K002|Nutzung Wartung Hyderabad|KST-LOG-01|SL06|SNEHA
100|2000|PL06|14.07.2023|14.07.2023|5000012182|1|CNGFUEL1|Komprimiertes Erdgas|261|217.742|KG|19861.13|INR|V-K005|Verbrauch Wartung Hyderabad|KST-LOG-03|SL06|NREDDY
100|2000|PL06|03.07.2023|03.07.2023|5000012183|1|CNGFUEL1|Erdgas CNG|261|214.252|KG|19103.13|INR|V-K010|Auffuellung Notstromaggregat Hyderabad|KST-FAC-02|SL06|ASAXEN
100|2000|PL06|09.07.2023|07.07.2023|5000012184|1|PETRL001|Motorenbenzin|261|168.913|L|15387.65|INR|V-K005|Tanken Produktion Hyderabad|KST-OPS-02|SL06|RPANDEY
100|2000|PL06|03.07.2023|02.07.2023|5000012185|1|PETRL001|Motorenbenzin|261|169.778|L|17514.89|INR|V-K004|Nutzung Generator Hyderabad|KST-MNT-01|SL06|MGUPTA
100|2000|PL06|23.07.2023|22.07.2023|5000012186|1|PETRL001|Motorenbenzin|261|158.875|L|15283.7|INR|V-ESSAR|Tanken Kantine Hyderabad|KST-MNT-01|SL06|VMEHTA
100|2000|PL06|13.08.2023|12.08.2023|5000012187|1|DIESEL001|Dieselkraftstoff|261|419.531|L|30988.58|INR|V-K005|Entnahme DG-Set Hyderabad|KST-OPS-02|SL06|RJOSHI
100|2000|PL06|18.08.2023|17.08.2023|5000012188|1|DIESEL001|Diesel|261||L||INR|V-ESSAR|Tanken Fahrzeugflotte Hyderabad|KST-FAC-07|SL06|VMEHTA
100|2000|PL06|14.08.2023|11.08.2023|5000012189|1|DIESEL001|Diesel|261|475.885|L|35773.95|INR|V-K006|Entnahme Generator Hyderabad|KST-FAC-07|SL06|RJOSHI
100|2000|PL06|21.08.2023|18.08.2023|5000012190|1|DIESEL001|Dieselkraftstoff|261|1070.923|L|71453.59|INR|V-K007|Tanken Wartung Hyderabad|KST-OPS-01|SL06|MGUPTA
100|2000|PL06|27.08.2023|26.08.2023|5000012191|1|DIESEL001|Dieselkraftstoff|261|558.332|L|38024.83|INR|V-HPCL1|Entnahme Kantine Hyderabad|KST-FAC-02|SL06|GMISHRA
100|2000|PL06|04.08.2023|04.08.2023|5000012192|1|DIESEL001|Diesel|261|425.903|L|31571.16|INR|V-K007|Nutzung Fahrzeugflotte Hyderabad|KST-FAC-02|SL06|KVELU
100|2000|PL06|19.08.2023|16.08.2023|5000012193|1|DIESEL001|Dieselkraftstoff|261|560.628|L|42395.43|INR|V-K010|Nutzung Generator Hyderabad|KST-LOG-03|SL06|SPRIYA
100|2000|PL06|24.08.2023|22.08.2023|5000012194|1|CNGFUEL1|Komprimiertes Erdgas|261|111.931|KG|8969.47|INR|V-K008|Auffuellung Heizung Hyderabad|KST-OPS-03|SL06|VMEHTA
100|2000|PL06|03.08.2023|02.08.2023|5000012195|1|CNGFUEL1|Erdgas CNG|261|203.866|KG|16887.57|INR|V-K003|Tanken Notstromaggregat Hyderabad|KST-OPS-02|SL06|SNEHA
100|2000|PL06|12.08.2023|10.08.2023|5000012196|1|CNGFUEL1|Komprimiertes Erdgas|261|104.066|KG|8992.07|INR|V-K009|Auffuellung Heizung Hyderabad|KST-PRD-02|SL06|PSINGH
100|2000|PL06|22.08.2023|22.08.2023|5000012197|1|CNGFUEL1|Komprimiertes Erdgas|261|149.403|KG|13482.32|INR|V-K005|Verbrauch Produktion Hyderabad|KST-FAC-02|SL06|DRAO
100|2000|PL06|04.08.2023|04.08.2023|5000012198|1|PETRL001|Benzin|261|145.473|L|14875.61|INR|V-K009|Auffuellung Produktion Hyderabad|KST-FAC-01|SL06|PSINGH
100|2000|PL06|17.08.2023|14.08.2023|5000012199|1|PETRL001|Benzin|261|171.125|L|17107.11|INR|V-ESSAR|Tanken Heizung Hyderabad|KST-OPS-02|SL06|SPRIYA
100|2000|PL06|02.08.2023|31.07.2023|5000012200|1|PETRL001|Motorenbenzin|261|115.041|L|11738.82|INR|V-ESSAR|Auffuellung Generator Hyderabad|KST-PRD-01|SL06|RPANDEY
100|2000|PL06|13.09.2023|11.09.2023|5000012201|1|DIESEL001|Dieselkraftstoff|261|932.536|L|68115.86|INR|V-K009|Entnahme Wartung Hyderabad|KST-OPS-02|SL06|VMEHTA
100|2000|PL06|15.09.2023|12.09.2023|5000012202|1|DIESEL001|Diesel|261||L||INR|V-IOCL1|Entnahme Heizung Hyderabad|KST-PRD-01|SL06|ASAXEN
100|2000|PL06|27.09.2023|27.09.2023|5000012203|1|DIESEL001|Diesel|261|932.213|L|64174.66|INR|V-BPCL1|Auffuellung Notstromaggregat Hyderabad|KST-PRD-01|SL06|ASAXEN
100|2000|PL06|09.09.2023|07.09.2023|5000012204|1|DIESEL001|Dieselkraftstoff|261|945.637|L|65699.11|INR|V-K005|Verbrauch Generator Hyderabad|KST-MNT-01|SL06|BCHATT
100|2000|PL06|18.09.2023|18.09.2023|5000012205|1|DIESEL001|Diesel|261|670.912|L|50973.11|INR|V-K010|Auffuellung Kantine Hyderabad|KST-MNT-01|SL06|KVELU
100|2000|PL06|26.09.2023|23.09.2023|5000012206|1|DIESEL001|Diesel|261|982.369|L|65651.83|INR|V-K007|Auffuellung Wartung Hyderabad|KST-FAC-07|SL06|VMEHTA
100|2000|PL06|11.09.2023|08.09.2023|5000012207|1|DIESEL001|Dieselkraftstoff|261|758.215|L|51549.21|INR|V-K005|Tanken Heizung Hyderabad|KST-FAC-03|SL06|MGUPTA
100|2000|PL06|19.09.2023|19.09.2023|5000012208|1|CNGFUEL1|Erdgas CNG|261|242.629|KG|21805.67|INR|V-K007|Nutzung DG-Set Hyderabad|KST-PRD-01|SL06|GMISHRA
100|2000|PL06|28.09.2023|25.09.2023|5000012209|1|CNGFUEL1|Komprimiertes Erdgas|261|117.142|KG|9813.32|INR|V-HPCL1|Entnahme Notstromaggregat Hyderabad|KST-FAC-07|SL06|ASAXEN
100|2000|PL06|20.09.2023|18.09.2023|5000012210|1|CNGFUEL1|Erdgas CNG|261|86.95|KG|7472.94|INR|V-K007|Verbrauch Notstromaggregat Hyderabad|KST-FAC-07|SL06|PSINGH
100|2000|PL06|03.09.2023|03.09.2023|5000012211|1|CNGFUEL1|Komprimiertes Erdgas|261|240.88|KG|22074.64|INR|V-K007|Tanken Wartung Hyderabad|KST-OPS-03|SL06|SNEHA
100|2000|PL06|18.09.2023|17.09.2023|5000012212|1|PETRL001|Motorenbenzin|261|76.223|L|7533.31|INR|V-K003|Verbrauch Kantine Hyderabad|KST-LOG-02|SL06|PSINGH
100|2000|PL06|09.09.2023|06.09.2023|5000012213|1|PETRL001|Benzin|261|152.375|L|15539.84|INR|V-K007|Tanken Wartung Hyderabad|KST-FAC-02|SL06|TLAXMAN
100|2000|PL06|20.09.2023|18.09.2023|5000012214|1|PETRL001|Benzin|261|74.795|L|7616.83|INR|V-K005|Verbrauch Notstromaggregat Hyderabad|KST-OPS-03|SL06|AKUMAR
100|2000|PL06|23.10.2023|23.10.2023|5000012215|1|DIESEL001|Dieselkraftstoff|261|949.829|L|65815.23|INR|V-K006|Auffuellung Heizung Hyderabad|KST-LOG-01|SL06|VMEHTA
100|2000|PL06|04.10.2023|04.10.2023|5000012216|1|DIESEL001|Dieselkraftstoff|261|579.148|L|44788.26|INR|V-K001|Entnahme Kantine Hyderabad|KST-FAC-01|SL06|DRAO
100|2000|PL06|05.10.2023|03.10.2023|5000012217|1|DIESEL001|Diesel|261|960.5|L|73135.4|INR|V-IOCL1|Verbrauch Fahrzeugflotte Hyderabad|KST-LOG-01|SL06|SPRIYA
100|2000|PL06|08.10.2023|07.10.2023|5000012218|1|DIESEL001|Dieselkraftstoff|261|485.64|L|37299.31|INR|V-K010|Entnahme Heizung Hyderabad|KST-FAC-03|SL06|BCHATT
100|2000|PL06|19.10.2023|18.10.2023|5000012219|1|DIESEL001|Diesel|261|796.102|L|54196.4|INR|V-RELI1|Verbrauch Kantine Hyderabad|KST-PRD-01|SL06|KVELU
100|2000|PL06|19.10.2023|17.10.2023|5000012220|1|DIESEL001|Diesel|261|521.577|L|37396.66|INR|V-K005||KST-FAC-05|SL06|AKUMAR
100|2000|PL06|07.10.2023|06.10.2023|5000012221|1|DIESEL001|Dieselkraftstoff|261||L||INR|V-K009|Tanken DG-Set Hyderabad|KST-FAC-02|SL06|SPRIYA
100|2000|PL06|01.10.2023|30.09.2023|5000012222|1|CNGFUEL1|Komprimiertes Erdgas|261|204.206|KG|15978.98|INR|V-K005|Auffuellung Notstromaggregat Hyderabad|KST-FAC-02|SL06|DRAO
100|2000|PL06|20.10.2023|19.10.2023|5000012223|1|CNGFUEL1|Komprimiertes Erdgas|261|89.444|KG|7488.14|INR|V-IOCL1|Auffuellung DG-Set Hyderabad|KST-OPS-01|SL06|BCHATT
100|2000|PL06|13.10.2023|10.10.2023|5000012224|1|CNGFUEL1|Erdgas CNG|261|126.882|KG|10318.73|INR|V-K009|Nutzung Heizung Hyderabad|KST-PRD-02|SL06|RPANDEY
100|2000|PL06|07.10.2023|07.10.2023|5000012225|1|CNGFUEL1|Erdgas CNG|261|166.307|KG|15045.53|INR|V-K009||KST-LOG-03|SL06|BCHATT
100|2000|PL06|02.10.2023|02.10.2023|5000012226|1|PETRL001|Motorenbenzin|261|93.624|L|8489.66|INR|V-K005|Nutzung Generator Hyderabad|KST-LOG-03|SL06|BCHATT
100|2000|PL06|20.10.2023|17.10.2023|5000012227|1|PETRL001|Benzin|261|62.435|L|5616.74|INR|V-RELI1|Nutzung DG-Set Hyderabad|KST-LOG-03|SL06|SPRIYA
100|2000|PL06|12.10.2023|12.10.2023|5000012228|1|PETRL001|Benzin|261|56.009|L|5079.84|INR|V-K004|Nutzung Notstromaggregat Hyderabad|KST-PRD-01|SL06|PSINGH
100|2000|PL06|27.11.2023|27.11.2023|5000012229|1|DIESEL001|Diesel|261|802.744|L|60146.01|INR|V-K010|Auffuellung Produktion Hyderabad|KST-OPS-02|SL06|RPANDEY
100|2000|PL06|26.11.2023|26.11.2023|5000012230|1|DIESEL001|Dieselkraftstoff|261|700.549|L|51281.73|INR|V-K003|Entnahme Kantine Hyderabad|KST-PRD-02|SL06|RJOSHI
100|2000|PL06|23.11.2023|23.11.2023|5000012231|1|DIESEL001|Diesel|261|1040.318|L|78626.5|INR|V-K003|Tanken Heizung Hyderabad|KST-OPS-03|SL06|GMISHRA
100|2000|PL06|23.11.2023|23.11.2023|5000012232|1|DIESEL001|Dieselkraftstoff|261|610.265|L|47290.62|INR|V-K008|Entnahme Notstromaggregat Hyderabad|KST-PRD-02|SL06|PSINGH
100|2000|PL06|16.11.2023|15.11.2023|5000012233|1|DIESEL001|Diesel|261|607.947|L|41653.98|INR|V-K010|Verbrauch Wartung Hyderabad|KST-FAC-07|SL06|RPANDEY
100|2000|PL06|12.11.2023|09.11.2023|5000012234|1|DIESEL001|Dieselkraftstoff|261|636.291|L|47359.63|INR|V-RELI1||KST-LOG-03|SL06|NREDDY
100|2000|PL06|06.11.2023|06.11.2023|5000012235|1|DIESEL001|Dieselkraftstoff|261|589.147|L|39152.44|INR|V-K010|Tanken Fahrzeugflotte Hyderabad|KST-FAC-05|SL06|ASAXEN
100|2000|PL06|19.11.2023|17.11.2023|5000012236|1|CNGFUEL1|Komprimiertes Erdgas|261|182.239|KG|15129.3|INR|V-K005|Verbrauch DG-Set Hyderabad|KST-OPS-03|SL06|RPANDEY
100|2000|PL06|12.11.2023|10.11.2023|5000012237|1|CNGFUEL1|Komprimiertes Erdgas|261|236.883|KG|21043.19|INR|V-K002|Tanken Generator Hyderabad|KST-FAC-02|SL06|BCHATT
100|2000|PL06|22.11.2023|20.11.2023|5000012238|1|CNGFUEL1|Komprimiertes Erdgas|261|159.349|KG|14001.38|INR|V-K003|Auffuellung Notstromaggregat Hyderabad|KST-FAC-02|SL06|GMISHRA
100|2000|PL06|28.11.2023|26.11.2023|5000012239|1|CNGFUEL1|Erdgas CNG|261|177.168|KG|15972.0|INR|V-K003|Verbrauch Produktion Hyderabad|KST-LOG-02|SL06|RPANDEY
100|2000|PL06|20.11.2023|18.11.2023|5000012240|1|PETRL001|Motorenbenzin|261|154.147|L|14976.18|INR|V-HPCL1|Entnahme Wartung Hyderabad|KST-PRD-02|SL06|NREDDY
100|2000|PL06|23.11.2023|20.11.2023|5000012241|1|PETRL001|Motorenbenzin|261|153.643|L|14402.61|INR|V-K003|Verbrauch Kantine Hyderabad|KST-FAC-05|SL06|SNEHA
100|2000|PL06|15.11.2023|14.11.2023|5000012242|1|PETRL001|Motorenbenzin|261|92.178|L|8428.29|INR|V-K001|Auffuellung Notstromaggregat Hyderabad|KST-LOG-03|SL06|BCHATT
100|2000|PL06|14.12.2023|14.12.2023|5000012243|1|DIESEL001|Diesel|261|610.774|L|43897.56|INR|V-K006|Auffuellung DG-Set Hyderabad|KST-LOG-03|SL06|VMEHTA
100|2000|PL06|21.12.2023|20.12.2023|5000012244|1|DIESEL001|Dieselkraftstoff|261|680.387|L|46194.44|INR|V-K007|Auffuellung Heizung Hyderabad|KST-FAC-03|SL06|SPRIYA
100|2000|PL06|20.12.2023|19.12.2023|5000012245|1|DIESEL001|Diesel|261|1069.17|KG|75751.58|INR|V-K004|Verbrauch Produktion Hyderabad|KST-PRD-02|SL06|BCHATT
100|2000|PL06|06.12.2023|03.12.2023|5000012246|1|DIESEL001|Dieselkraftstoff|261|634.062|L|48042.72|INR|V-K004|Verbrauch Kantine Hyderabad|KST-OPS-01|SL06|PSINGH
100|2000|PL06|11.12.2023|10.12.2023|5000012247|1|DIESEL001|Dieselkraftstoff|261|435.332|L|30958.25|INR|V-K005|Tanken Produktion Hyderabad|KST-FAC-07|SL06|KVELU
100|2000|PL06|07.12.2023|04.12.2023|5000012248|1|DIESEL001|Dieselkraftstoff|261|438.475|L|29270.99|INR|V-K003|Tanken Fahrzeugflotte Hyderabad|KST-MNT-01|SL06|PSINGH
100|2000|PL06|16.12.2023|16.12.2023|5000012249|1|DIESEL001|Diesel|261|1063.047|L|80938.25|INR|V-K005|Verbrauch DG-Set Hyderabad|KST-PRD-01|SL06|NREDDY
100|2000|PL06|21.12.2023|19.12.2023|5000012250|1|CNGFUEL1|Erdgas CNG|261|146.856|KG|12669.96|INR|V-RELI1|Nutzung Fahrzeugflotte Hyderabad|KST-OPS-03|SL06|AKUMAR
100|2000|PL06|16.12.2023|16.12.2023|5000012251|1|CNGFUEL1|Komprimiertes Erdgas|261|223.562|KG|19710.46|INR|V-K006|Auffuellung Kantine Hyderabad|KST-PRD-01|SL06|BCHATT
100|2000|PL06|25.12.2023|25.12.2023|5000012252|1|CNGFUEL1|Erdgas CNG|261|98.713|KG|8871.65|INR|V-K002|Verbrauch DG-Set Hyderabad|KST-FAC-05|SL06|RPANDEY
100|2000|PL06|17.12.2023|16.12.2023|5000012253|1|CNGFUEL1|Erdgas CNG|261||KG||INR|V-K007|Nutzung Produktion Hyderabad|KST-MNT-01|SL06|SNEHA
100|2000|PL06|23.12.2023|20.12.2023|5000012254|1|PETRL001|Benzin|261||L||INR|V-K002|Tanken Produktion Hyderabad|KST-OPS-01|SL06|DRAO
100|2000|PL06|20.12.2023|17.12.2023|5000012255|1|PETRL001|Motorenbenzin|261|136.794|L|13017.49|INR|V-IOCL1|Tanken Fahrzeugflotte Hyderabad|KST-PRD-01|SL06|PSINGH
100|2000|PL06|24.12.2023|24.12.2023|5000012256|1|PETRL001|Benzin|261|55.737|L|5577.87|INR|V-K001|Entnahme Generator Hyderabad|KST-FAC-01|SL06|BCHATT
100|2000|PL06|18.01.2024|17.01.2024|5000012257|1|DIESEL001|Dieselkraftstoff|261|596.733|L|42213.68|INR|V-K009|Nutzung Notstromaggregat Hyderabad|KST-OPS-02|SL06|MGUPTA
100|2000|PL06|23.01.2024|21.01.2024|5000012258|1|DIESEL001|Dieselkraftstoff|261|769.21|L|59216.49|INR|V-K006|Entnahme Produktion Hyderabad|KST-OPS-01|SL06|NREDDY
100|2000|PL06|13.01.2024|12.01.2024|5000012259|1|DIESEL001|Diesel|261|735.043|L|48791.13|INR|V-K003|Nutzung Generator Hyderabad|KST-OPS-01|SL06|ASAXEN
100|2000|PL06|22.01.2024|20.01.2024|5000012260|1|DIESEL001|Diesel|261|508.036|L|34885.9|INR|V-K009|Tanken Heizung Hyderabad|KST-PRD-01|SL06|PSINGH
100|2000|PL06|02.01.2024|30.12.2023|5000012261|1|DIESEL001|Diesel|261|1066.61|L|78005.18|INR|V-K002|Auffuellung Heizung Hyderabad|KST-FAC-02|SL06|NREDDY
100|2000|PL06|14.01.2024|11.01.2024|5000012262|1|DIESEL001|Dieselkraftstoff|261|582.149|L|42345.94|INR|V-K009|Tanken Produktion Hyderabad|KST-FAC-05|SL06|BCHATT
100|2000|PL06|25.01.2024|22.01.2024|5000012263|1|DIESEL001|Dieselkraftstoff|261|458.801|L|32669.55|INR|V-K006|Auffuellung Heizung Hyderabad|KST-FAC-05|SL06|ASAXEN
100|2000|PL06|25.01.2024|25.01.2024|5000012264|1|CNGFUEL1|Komprimiertes Erdgas|261|235.738|KG|19106.41|INR|V-K001|Auffuellung Wartung Hyderabad|KST-FAC-03|SL06|SNEHA
100|2000|PL06|11.01.2024|10.01.2024|5000012265|1|CNGFUEL1|Komprimiertes Erdgas|261|210.99|KG|17882.82|INR|V-K002|Entnahme Generator Hyderabad|KST-FAC-07|SL06|GMISHRA
100|2000|PL06|19.01.2024|18.01.2024|5000012266|1|CNGFUEL1|Erdgas CNG|261|98.314|KG|8330.6|INR|V-K003|Auffuellung Kantine Hyderabad|KST-LOG-03|SL06|VMEHTA
100|2000|PL06|11.01.2024|09.01.2024|5000012267|1|CNGFUEL1|Komprimiertes Erdgas|261|191.891|KG|15777.8|INR|V-BPCL1|Nutzung Heizung Hyderabad|KST-OPS-01|SL06|BCHATT
100|2000|PL06|19.01.2024|16.01.2024|5000012268|1|PETRL001|Motorenbenzin|261|132.043|L|12696.41|INR|V-K007|Auffuellung Heizung Hyderabad|KST-OPS-01|SL06|PSINGH
100|2000|PL06|17.01.2024|16.01.2024|5000012269|1|PETRL001|Benzin|261|53.575|L|4971.25|INR|V-K010|Entnahme Kantine Hyderabad|KST-FAC-01|SL06|RPANDEY
100|2000|PL06|04.01.2024|01.01.2024|5000012270|1|PETRL001|Motorenbenzin|261|90.832|L|9075.08|INR|V-BPCL1|Nutzung Wartung Hyderabad|KST-FAC-03|SL06|PSINGH
100|2000|PL06|06.02.2024|05.02.2024|5000012271|1|DIESEL001|Diesel|261|508.642|L|37394.73|INR|V-K004|Auffuellung Fahrzeugflotte Hyderabad|KST-OPS-03|SL06|RJOSHI
100|2000|PL06|12.02.2024|09.02.2024|5000012272|1|DIESEL001|Diesel|261|716.126|L|55301.96|INR|V-K006|Auffuellung Generator Hyderabad|KST-LOG-02|SL06|MGUPTA
100|2000|PL06|17.02.2024|16.02.2024|5000012273|1|DIESEL001|Dieselkraftstoff|261|635.77|L|45272.69|INR|V-RELI1|Entnahme Kantine Hyderabad|KST-FAC-01|SL06|SNEHA
100|2000|PL06|25.02.2024|23.02.2024|5000012274|1|DIESEL001|Diesel|261|844.42|L|61351.49|INR|V-K006|Auffuellung Kantine Hyderabad|KST-FAC-07|SL06|SNEHA
100|2000|PL06|10.02.2024|08.02.2024|5000012275|1|DIESEL001|Dieselkraftstoff|261|410.369|L|31801.95|INR|V-K009|Tanken Heizung Hyderabad|KST-MNT-01|SL06|MGUPTA
100|2000|PL06|28.02.2024|25.02.2024|5000012276|1|DIESEL001|Dieselkraftstoff|261|723.417|L|48265.43|INR|V-RELI1||KST-LOG-01|SL06|AKUMAR
100|2000|PL06|05.02.2024|02.02.2024|5000012277|1|DIESEL001|Diesel|261|841.909|L|64691.78|INR|V-K004|Entnahme Generator Hyderabad|KST-LOG-02|SL06|NREDDY
100|2000|PL06|01.02.2024|30.01.2024|5000012278|1|CNGFUEL1|Erdgas CNG|261|238.215|KG|21457.85|INR|V-RELI1|Nutzung DG-Set Hyderabad|KST-MNT-01|SL06|AKUMAR
100|2000|PL06|24.02.2024|22.02.2024|5000012279|1|CNGFUEL1|Erdgas CNG|261|242.59|KG|19442.38|INR|V-K009|Auffuellung Generator Hyderabad|KST-LOG-03|SL06|MGUPTA
100|2000|PL06|02.02.2024|01.02.2024|5000012280|1|CNGFUEL1|Erdgas CNG|261|93.344|KG|8258.74|INR|V-RELI1|Auffuellung Fahrzeugflotte Hyderabad|KST-LOG-01|SL06|ASAXEN
100|2000|PL06|11.02.2024|11.02.2024|5000012280|1|CNGFUEL1|Komprimiertes Erdgas|261|106.617|KG|8982.6|INR|V-K005|Entnahme Fahrzeugflotte Hyderabad|KST-OPS-01|SL06|SPRIYA
100|2000|PL06|19.02.2024|17.02.2024|5000012282|1|PETRL001|Benzin|261|154.867|L|14755.99|INR|V-K008|Verbrauch Generator Hyderabad|KST-FAC-01|SL06|MGUPTA
100|2000|PL06|09.02.2024|07.02.2024|5000012283|1|PETRL001|Motorenbenzin|261|85.33|L|8776.72|INR|V-K008|Entnahme Kantine Hyderabad|KST-FAC-02|SL06|TLAXMAN
100|2000|PL06|01.02.2024|31.01.2024|5000012284|1|PETRL001|Benzin|261|161.521|L|14924.29|INR|V-ESSAR||KST-FAC-07|SL06|MGUPTA
100|2000|PL06|08.03.2024|07.03.2024|5000012285|1|DIESEL001|Dieselkraftstoff|261|895.613|L|69329.94|INR|V-RELI1|Tanken Fahrzeugflotte Hyderabad|KST-FAC-05|SL06|NREDDY
100|2000|PL06|27.03.2024|24.03.2024|5000012286|1|DIESEL001|Dieselkraftstoff|261|556.903|L|42079.83|INR|V-BPCL1||KST-LOG-01|SL06|NREDDY
100|2000|PL06|16.03.2024|13.03.2024|5000012287|1|DIESEL001|Dieselkraftstoff|261|461.312|L|30988.9|INR|V-IOCL1|Tanken DG-Set Hyderabad|KST-FAC-02|SL06|DRAO
100|2000|PL06|11.03.2024|10.03.2024|5000012288|1|DIESEL001|Diesel|261|426.216|L|28337.22|INR|V-K009|Nutzung Wartung Hyderabad|KST-FAC-07|SL06|GMISHRA
100|2000|PL06|25.03.2024|23.03.2024|5000012289|1|DIESEL001|Diesel|261|761.735|L|58339.05|INR|V-K001|Tanken Generator Hyderabad|KST-FAC-07|SL06|RJOSHI
100|2000|PL06|15.03.2024|12.03.2024|5000012290|1|DIESEL001|Dieselkraftstoff|261|857.689|L|65779.48|INR|V-RELI1|Tanken Generator Hyderabad|KST-OPS-01|SL06|RPANDEY
100|2000|PL06|03.03.2024|29.02.2024|5000012291|1|DIESEL001|Dieselkraftstoff|261|801.614|L|60783.45|INR|V-K001|Auffuellung Generator Hyderabad|KST-OPS-02|SL06|SNEHA
100|2000|PL06|26.03.2024|24.03.2024|5000012292|1|CNGFUEL1|Erdgas CNG|261|224.365|KG|18397.64|INR|V-K009|Entnahme Produktion Hyderabad|KST-LOG-03|SL06|VMEHTA
100|2000|PL06|12.03.2024|11.03.2024|5000012293|1|CNGFUEL1|Komprimiertes Erdgas|261|176.483|KG|15663.87|INR|V-K004|Tanken Kantine Hyderabad|KST-FAC-01|SL06|DRAO
100|2000|PL06|20.03.2024|19.03.2024|5000012294|1|CNGFUEL1|Erdgas CNG|261|186.506|KG|15128.7|INR|V-BPCL1|Entnahme Heizung Hyderabad|KST-FAC-07|SL06|TLAXMAN
100|2000|PL06|04.03.2024|01.03.2024|5000012295|1|CNGFUEL1|Komprimiertes Erdgas|261|243.46|KG|21566.06|INR|V-K009|Verbrauch Produktion Hyderabad|KST-PRD-01|SL06|SPRIYA
100|2000|PL06|28.03.2024|25.03.2024|5000012296|1|PETRL001|Motorenbenzin|261|176.067|L|17231.65|INR|V-K007|Auffuellung Generator Hyderabad|KST-FAC-07|SL06|MGUPTA
100|2000|PL06|08.03.2024|06.03.2024|5000012297|1|PETRL001|Benzin|261|152.834|L|14628.88|INR|V-K001|Nutzung Generator Hyderabad|KST-OPS-01|SL06|GMISHRA
100|2000|PL06|16.03.2024|15.03.2024|5000012298|1|PETRL001|Motorenbenzin|261|110.126|L|11216.29|INR|V-K001|Nutzung Heizung Hyderabad|KST-PRD-01|SL06|GMISHRA
100|2000|PL06|12.04.2024|10.04.2024|5000012299|1|DIESEL001|Diesel|261|611.582|L|44685.81|INR|V-K002|Auffuellung Produktion Hyderabad|KST-LOG-03|SL06|VMEHTA
100|2000|PL06|16.04.2024|16.04.2024|5000012300|1|DIESEL001|Dieselkraftstoff|261|819.51|L|60528.57|INR|V-K002|Entnahme DG-Set Hyderabad|KST-LOG-01|SL06|BCHATT
100|2000|PL06|12.04.2024|10.04.2024|5000012301|1|DIESEL001|Dieselkraftstoff|261|823.036|L|55037.11|INR|V-K007||KST-OPS-01|SL06|RJOSHI
100|2000|PL06|03.04.2024|03.04.2024|5000012302|1|DIESEL001|Dieselkraftstoff|261|458.215|L|30741.72|INR|V-K004|Nutzung Generator Hyderabad|KST-FAC-02|SL06|MGUPTA
100|2000|PL06|05.04.2024|05.04.2024|5000012303|1|DIESEL001|Dieselkraftstoff|261|400.845|L|29119.62|INR|V-K009|Entnahme Fahrzeugflotte Hyderabad|KST-FAC-02|SL06|ASAXEN
100|2000|PL06|25.04.2024|22.04.2024|5000012304|1|DIESEL001|Diesel|261|489.5|L|33654.08|INR|V-K009|Entnahme Heizung Hyderabad|KST-FAC-07|SL06|AKUMAR
100|2000|PL06|21.04.2024|18.04.2024|5000012305|1|DIESEL001|Diesel|261|1078.599|L|72318.76|INR|V-HPCL1|Verbrauch Fahrzeugflotte Hyderabad|KST-LOG-01|SL06|MGUPTA
100|2000|PL06|14.04.2024|13.04.2024|5000012306|1|CNGFUEL1|Komprimiertes Erdgas|261|169.466|KG|15146.61|INR|V-IOCL1|Verbrauch Fahrzeugflotte Hyderabad|KST-LOG-03|SL06|NREDDY
100|2000|PL06|05.04.2024|04.04.2024|5000012307|1|CNGFUEL1|Erdgas CNG|261|124.506|KG|10799.4|INR|V-K004|Tanken Wartung Hyderabad|KST-LOG-03|SL06|DRAO
100|2000|PL06|28.04.2024|25.04.2024|5000012308|1|CNGFUEL1|Erdgas CNG|261|126.566|KG|10151.08|INR|V-BPCL1|Verbrauch Produktion Hyderabad|KST-PRD-01|SL06|TLAXMAN
100|2000|PL06|05.04.2024|04.04.2024|5000012309|1|CNGFUEL1|Erdgas CNG|261|216.857|KG|17473.76|INR|V-K010|Nutzung Produktion Hyderabad|KST-LOG-02|SL06|VMEHTA
100|2000|PL06|28.04.2024|27.04.2024|5000012310|1|PETRL001|Benzin|261|90.693|L|8587.39|INR|V-K009|Entnahme Wartung Hyderabad|KST-PRD-02|SL06|VMEHTA
100|2000|PL06|17.04.2024|17.04.2024|5000012311|1|PETRL001|Benzin|261|59.67|L|5474.04|INR|V-K010||KST-LOG-01|SL06|BCHATT
100|2000|PL06|18.04.2024|15.04.2024|5000012312|1|PETRL001|Motorenbenzin|261|61.072|L|6052.85|INR|V-BPCL1|Entnahme DG-Set Hyderabad|KST-PRD-02|SL06|RJOSHI
100|2000|PL06|25.05.2024|22.05.2024|5000012313|1|DIESEL001|Diesel|261|1050.35|L|80734.98|INR|V-K001|Entnahme Heizung Hyderabad|KST-PRD-01|SL06|BCHATT
100|2000|PL06|15.05.2024|14.05.2024|5000012314|1|DIESEL001|Dieselkraftstoff|261|688.719|L|53290.0|INR|V-K003|Tanken Fahrzeugflotte Hyderabad|KST-FAC-03|SL06|PSINGH
100|2000|PL06|06.05.2024|04.05.2024|5000012315|1|DIESEL001|Diesel|261|860.526|L|66432.6|INR|V-K008|Nutzung Produktion Hyderabad|KST-PRD-02|SL06|RPANDEY
100|2000|PL06|16.05.2024|14.05.2024|5000012316|1|DIESEL001|Diesel|261|447.214|L|33828.05|INR|V-IOCL1|Verbrauch Wartung Hyderabad|KST-OPS-02|SL06|AKUMAR
100|2000|PL06|15.05.2024|15.05.2024|5000012317|1|DIESEL001|Dieselkraftstoff|261|897.339|L|69377.03|INR|V-RELI1|Auffuellung Kantine Hyderabad|KST-OPS-02|SL06|GMISHRA
100|2000|PL06|24.05.2024|23.05.2024|5000012318|1|DIESEL001|Dieselkraftstoff|261|545.596|L|39553.43|INR|V-K001|Nutzung DG-Set Hyderabad|KST-LOG-01|SL06|BCHATT
100|2000|PL06|21.05.2024|19.05.2024|5000012319|1|DIESEL001|Dieselkraftstoff|261|757.893|L|58140.23|INR|V-K001|Nutzung Heizung Hyderabad|KST-FAC-07|SL06|RPANDEY
100|2000|PL06|03.05.2024|02.05.2024|5000012320|1|CNGFUEL1|Erdgas CNG|261|119.02|KG|9878.98|INR|V-K003|Tanken Generator Hyderabad|KST-OPS-01|SL06|SNEHA
100|2000|PL06|20.05.2024|17.05.2024|5000012321|1|CNGFUEL1|Komprimiertes Erdgas|261|173.57|KG|14682.54|INR|V-IOCL1|Entnahme Heizung Hyderabad|KST-OPS-03|SL06|BCHATT
100|2000|PL06|21.05.2024|18.05.2024|5000012322|1|CNGFUEL1|Erdgas CNG|261|91.258|KG|8043.21|INR|V-BPCL1|Tanken Fahrzeugflotte Hyderabad|KST-OPS-01|SL06|RJOSHI
100|2000|PL06|17.05.2024|17.05.2024|5000012323|1|CNGFUEL1|Erdgas CNG|261|197.068|KG|17313.62|INR|V-K004||KST-OPS-01|SL06|BCHATT
100|2000|PL06|14.05.2024|14.05.2024|5000012324|1|PETRL001|Motorenbenzin|261|67.503|L|6001.56|INR|V-K001|Verbrauch Kantine Hyderabad|KST-FAC-01|SL06|BCHATT
100|2000|PL06|07.05.2024|04.05.2024|5000012325|1|PETRL001|Motorenbenzin|261|154.894|L|16013.28|INR|V-K009|Entnahme Wartung Hyderabad|KST-MNT-01|SL06|RJOSHI
100|2000|PL06|08.05.2024|08.05.2024|5000012326|1|PETRL001|Motorenbenzin|261|159.23|L|15560.54|INR|V-IOCL1|Tanken Kantine Hyderabad|KST-OPS-01|SL06|VMEHTA
100|2000|PL06|12.06.2024|10.06.2024|5000012327|1|DIESEL001|Diesel|261||L||INR|V-K010||KST-OPS-01|SL06|SPRIYA
100|2000|PL06|18.06.2024|16.06.2024|5000012328|1|DIESEL001|Diesel|261|952.145|L|63371.39|INR|V-K008|Entnahme DG-Set Hyderabad|KST-FAC-02|SL06|GMISHRA
100|2000|PL06|17.06.2024|17.06.2024|5000012329|1|DIESEL001|Dieselkraftstoff|261|607.003|L|40250.33|INR|V-HPCL1|Entnahme Generator Hyderabad|KST-LOG-02|SL06|GMISHRA
100|2000|PL06|24.06.2024|23.06.2024|5000012330|1|DIESEL001|Dieselkraftstoff|261|630.927|L|44201.43|INR|V-K003|Nutzung Fahrzeugflotte Hyderabad|KST-LOG-03|SL06|SNEHA
100|2000|PL06|11.06.2024|10.06.2024|5000012331|1|DIESEL001|Diesel|261|853.545|L|58849.65|INR|V-BPCL1|Entnahme DG-Set Hyderabad|KST-PRD-01|SL06|ASAXEN
100|2000|PL06|11.06.2024|10.06.2024|5000012332|1|DIESEL001|Diesel|261|432.706|L|29239.74|INR|V-K006|Verbrauch Notstromaggregat Hyderabad|KST-LOG-01|SL06|DRAO
100|2000|PL06|15.06.2024|14.06.2024|5000012333|1|DIESEL001|Diesel|261|428.264|L|30564.36|INR|V-K004|Auffuellung Fahrzeugflotte Hyderabad|KST-FAC-02|SL06|RJOSHI
100|2000|PL06|23.06.2024|20.06.2024|5000012334|1|CNGFUEL1|Komprimiertes Erdgas|261|222.251|KG|19795.92|INR|V-ESSAR|Verbrauch Produktion Hyderabad|KST-OPS-03|SL06|SNEHA
100|2000|PL06|23.06.2024|21.06.2024|5000012335|1|CNGFUEL1|Erdgas CNG|261|192.328|KG|17339.95|INR|V-K006|Entnahme Notstromaggregat Hyderabad|KST-FAC-05|SL06|TLAXMAN
100|2000|PL06|20.06.2024|20.06.2024|5000012336|1|CNGFUEL1|Komprimiertes Erdgas|261|195.705|KG|17937.61|INR|V-BPCL1|Entnahme DG-Set Hyderabad|KST-PRD-02|SL06|VMEHTA
100|2000|PL06|15.06.2024|13.06.2024|5000012337|1|CNGFUEL1|Erdgas CNG|261|210.399|KG|16704.33|INR|V-ESSAR|Nutzung Notstromaggregat Hyderabad|KST-FAC-03|SL06|ASAXEN
100|2000|PL06|02.06.2024|02.06.2024|5000012338|1|PETRL001|Motorenbenzin|261|135.709|L|12364.22|INR|V-BPCL1|Tanken Fahrzeugflotte Hyderabad|KST-LOG-02|SL06|MGUPTA
100|2000|PL06|17.06.2024|16.06.2024|5000012339|1|PETRL001|Motorenbenzin|261|109.606|L|9798.84|INR|V-ESSAR|Verbrauch Fahrzeugflotte Hyderabad|KST-LOG-02|SL06|MGUPTA
100|2000|PL06|22.06.2024|19.06.2024|5000012340|1|PETRL001|Motorenbenzin|261|100.754|L|9079.4|INR|V-K010|Nutzung DG-Set Hyderabad|KST-LOG-03|SL06|KVELU
100|2000|PL06|15.07.2024|15.07.2024|5000012341|1|DIESEL001|Diesel|261|887.152|L|68089.31|INR|V-K009|Nutzung Produktion Hyderabad|KST-FAC-07|SL06|NREDDY
100|2000|PL06|27.07.2024|26.07.2024|5000012342|1|DIESEL001|Diesel|261|913.716|L|66427.76|INR|V-IOCL1|Auffuellung Heizung Hyderabad|KST-LOG-01|SL06|AKUMAR
100|2000|PL06|19.07.2024|16.07.2024|5000012343|1|DIESEL001|Diesel|261|887.674|L|68098.72|INR|V-K008|Nutzung Kantine Hyderabad|KST-FAC-07|SL06|PSINGH
100|2000|PL06|26.07.2024|24.07.2024|5000012344|1|DIESEL001|Diesel|261|723.788|L|53442.22|INR|V-K002|Nutzung DG-Set Hyderabad|KST-OPS-01|SL06|ASAXEN
100|2000|PL06|24.07.2024|21.07.2024|5000012345|1|DIESEL001|Dieselkraftstoff|261|669.921|L|47025.44|INR|V-K008|Tanken Wartung Hyderabad|KST-FAC-03|SL06|ASAXEN
100|2000|PL06|01.07.2024|29.06.2024|5000012346|1|DIESEL001|Dieselkraftstoff|261|638.618|L|46093.74|INR|V-IOCL1|Tanken Notstromaggregat Hyderabad|KST-PRD-01|SL06|NREDDY
100|2000|PL06|26.07.2024|23.07.2024|5000012347|1|DIESEL001|Diesel|261|754.397|L|54380.75|INR|V-K006|Nutzung Generator Hyderabad|KST-LOG-03|SL06|GMISHRA
100|2000|PL06|13.07.2024|10.07.2024|5000012348|1|CNGFUEL1|Erdgas CNG|261|249.32|KG|20536.37|INR|V-BPCL1|Tanken Notstromaggregat Hyderabad|KST-OPS-01|SL06|PSINGH
100|2000|PL06|15.07.2024|12.07.2024|5000012349|1|CNGFUEL1|Komprimiertes Erdgas|261|229.627|KG|20642.18|INR|V-IOCL1|Verbrauch Wartung Hyderabad|KST-FAC-07|SL06|RJOSHI
100|2000|PL06|19.07.2024|18.07.2024|5000012350|1|CNGFUEL1|Komprimiertes Erdgas|261|112.427|KG|9557.9|INR|V-K004|Auffuellung DG-Set Hyderabad|KST-LOG-02|SL06|GMISHRA
100|2000|PL06|18.07.2024|16.07.2024|5000012351|1|CNGFUEL1|Komprimiertes Erdgas|261|203.768|KG|18054.6|INR|V-IOCL1|Verbrauch Notstromaggregat Hyderabad|KST-FAC-05|SL06|KVELU
100|2000|PL06|08.07.2024|06.07.2024|5000012352|1|PETRL001|Motorenbenzin|261|155.152|L|14776.6|INR|V-K004|Entnahme Notstromaggregat Hyderabad|KST-OPS-03|SL06|SNEHA
100|2000|PL06|03.07.2024|01.07.2024|5000012353|1|PETRL001|Motorenbenzin|261|152.987|L|13590.25|INR|V-K006|Tanken DG-Set Hyderabad|KST-PRD-01|SL06|DRAO
100|2000|PL06|02.07.2024|02.07.2024|5000012354|1|PETRL001|Motorenbenzin|261|64.761|L|5913.23|INR|V-ESSAR|Entnahme Wartung Hyderabad|KST-FAC-03|SL06|KVELU
100|2000|PL06|04.08.2024|03.08.2024|5000012355|1|DIESEL001|Dieselkraftstoff|261|785.709|L|58043.45|INR|V-K008|Tanken Wartung Hyderabad|KST-PRD-01|SL06|NREDDY
100|2000|PL06|11.08.2024|11.08.2024|5000012356|1|DIESEL001|Diesel|261|914.46|L|62194.27|INR|V-K009|Tanken Produktion Hyderabad|KST-FAC-01|SL06|NREDDY
100|2000|PL06|13.08.2024|11.08.2024|5000012357|1|DIESEL001|Diesel|261|693.472|KG|47919.46|INR|V-K006|Nutzung Produktion Hyderabad|KST-PRD-02|SL06|DRAO
100|2000|PL06|02.08.2024|01.08.2024|5000012358|1|DIESEL001|Diesel|261|548.572|L|36379.23|INR|V-K010|Verbrauch Heizung Hyderabad|KST-LOG-03|SL06|KVELU
100|2000|PL06|21.08.2024|20.08.2024|5000012359|1|DIESEL001|Diesel|261|686.96|L|50066.99|INR|V-RELI1||KST-OPS-01|SL06|GMISHRA
100|2000|PL06|06.08.2024|05.08.2024|5000012360|1|DIESEL001|Diesel|261|795.896|L|61733.47|INR|V-K007||KST-LOG-02|SL06|RPANDEY
100|2000|PL06|22.08.2024|21.08.2024|5000012361|1|DIESEL001|Dieselkraftstoff|261|443.448|L|34221.46|INR|V-K008||KST-LOG-02|SL06|KVELU
100|2000|PL06|21.08.2024|18.08.2024|5000012362|1|CNGFUEL1|Komprimiertes Erdgas|261|236.007|KG|19549.48|INR|V-K004|Auffuellung Fahrzeugflotte Hyderabad|KST-MNT-01|SL06|TLAXMAN
100|2000|PL06|15.08.2024|12.08.2024|5000012363|1|CNGFUEL1|Erdgas CNG|261|231.988|KG|19347.92|INR|V-K004|Verbrauch Generator Hyderabad|KST-FAC-01|SL06|NREDDY
100|2000|PL06|24.08.2024|23.08.2024|5000012364|1|CNGFUEL1|Erdgas CNG|261|213.143|KG|16993.82|INR|V-K008|Entnahme Fahrzeugflotte Hyderabad|KST-OPS-03|SL06|AKUMAR
100|2000|PL06|28.08.2024|28.08.2024|5000012365|1|CNGFUEL1|Komprimiertes Erdgas|261|230.358|KG|20057.78|INR|V-K008|Nutzung Produktion Hyderabad|KST-OPS-01|SL06|KVELU
100|2000|PL06|16.08.2024|13.08.2024|5000012366|1|PETRL001|Benzin|261|165.786|L|14800.46|INR|V-IOCL1|Tanken Generator Hyderabad|KST-MNT-01|SL06|MGUPTA
100|2000|PL06|06.08.2024|03.08.2024|5000012367|1|PETRL001|Benzin|261|167.2|L|16574.31|INR|V-K003|Tanken Wartung Hyderabad|KST-FAC-02|SL06|BCHATT
100|2000|PL06|27.08.2024|27.08.2024|5000012368|1|PETRL001|Motorenbenzin|261|165.195|L|15706.38|INR|V-RELI1|Verbrauch Notstromaggregat Hyderabad|KST-OPS-03|SL06|DRAO
100|2000|PL06|18.09.2024|15.09.2024|5000012368|1|DIESEL001|Diesel|261|728.491|KG|52756.35|INR|V-BPCL1|Auffuellung Notstromaggregat Hyderabad|KST-LOG-02|SL06|BCHATT
100|2000|PL06|15.09.2024|12.09.2024|5000012370|1|DIESEL001|Dieselkraftstoff|261|1095.805|L|84009.06|INR|V-ESSAR|Entnahme Fahrzeugflotte Hyderabad|KST-LOG-01|SL06|SNEHA
100|2000|PL06|26.09.2024|25.09.2024|5000012371|1|DIESEL001|Dieselkraftstoff|261|1025.507|L|68770.74|INR|V-K002||KST-OPS-01|SL06|SPRIYA
100|2000|PL06|07.09.2024|04.09.2024|5000012372|1|DIESEL001|Dieselkraftstoff|261|851.832|L|56751.89|INR|V-K009|Tanken Wartung Hyderabad|KST-OPS-01|SL06|MGUPTA
100|2000|PL06|13.09.2024|11.09.2024|5000012373|1|DIESEL001|Diesel|261|1078.59|L|76014.38|INR|V-K009|Auffuellung DG-Set Hyderabad|KST-OPS-02|SL06|PSINGH
100|2000|PL06|18.09.2024|16.09.2024|5000012374|1|DIESEL001|Dieselkraftstoff|261|1088.087|L|75459.98|INR|V-K002|Nutzung Kantine Hyderabad|KST-LOG-02|SL06|TLAXMAN
100|2000|PL06|18.09.2024|18.09.2024|5000012375|1|DIESEL001|Diesel|261|401.934|L|28806.27|INR|V-IOCL1|Tanken Produktion Hyderabad|KST-FAC-07|SL06|GMISHRA
100|2000|PL06|06.09.2024|06.09.2024|5000012376|1|CNGFUEL1|Erdgas CNG|261|159.448|KG|14526.85|INR|V-K005|Nutzung Produktion Hyderabad|KST-FAC-01|SL06|PSINGH
100|2000|PL06|24.09.2024|21.09.2024|5000012377|1|CNGFUEL1|Erdgas CNG|261|157.012|KG|14225.82|INR|V-K006||KST-OPS-02|SL06|AKUMAR
100|2000|PL06|27.09.2024|27.09.2024|5000012378|1|CNGFUEL1|Komprimiertes Erdgas|261|194.969|KG|15528.0|INR|V-BPCL1|Verbrauch Produktion Hyderabad|KST-OPS-01|SL06|SNEHA
100|2000|PL06|22.09.2024|20.09.2024|5000012379|1|CNGFUEL1|Erdgas CNG|261|107.79|KG|9347.91|INR|V-K001|Verbrauch Notstromaggregat Hyderabad|KST-OPS-01|SL06|AKUMAR
100|2000|PL06|12.09.2024|09.09.2024|5000012380|1|PETRL001|Motorenbenzin|261|134.295|L|13209.89|INR|V-K004|Nutzung Notstromaggregat Hyderabad|KST-LOG-02|SL06|ASAXEN
100|2000|PL06|24.09.2024|22.09.2024|5000012381|1|PETRL001|Motorenbenzin|261|158.084|L|14329.48|INR|V-HPCL1|Verbrauch Fahrzeugflotte Hyderabad|KST-FAC-02|SL06|BCHATT
100|2000|PL06|10.09.2024|10.09.2024|5000012382|1|PETRL001|Motorenbenzin|261|86.948|L|8639.22|INR|V-HPCL1|Tanken Heizung Hyderabad|KST-LOG-03|SL06|KVELU
100|2000|PL06|08.10.2024|05.10.2024|5000012383|1|DIESEL001|Dieselkraftstoff|261|1007.879|L|76006.64|INR|V-HPCL1|Nutzung Generator Hyderabad|KST-LOG-02|SL06|NREDDY
100|2000|PL06|24.10.2024|21.10.2024|5000012384|1|DIESEL001|Dieselkraftstoff|261|986.238|L|70968.29|INR|V-K005||KST-LOG-03|SL06|TLAXMAN
100|2000|PL06|12.10.2024|10.10.2024|5000012385|1|DIESEL001|Diesel|261|761.348|L|52824.96|INR|V-K004|Entnahme DG-Set Hyderabad|KST-PRD-02|SL06|ASAXEN
100|2000|PL06|10.10.2024|10.10.2024|5000012386|1|DIESEL001|Diesel|261|710.946|L|47312.63|INR|V-K004|Verbrauch Produktion Hyderabad|KST-FAC-02|SL06|SNEHA
100|2000|PL06|05.10.2024|02.10.2024|5000012387|1|DIESEL001|Dieselkraftstoff|261|468.02|L|34729.79|INR|V-K006|Nutzung Kantine Hyderabad|KST-PRD-01|SL06|KVELU
100|2000|PL06|14.10.2024|11.10.2024|5000012388|1|DIESEL001|Diesel|261|817.518|L|54871.67|INR|V-K002|Entnahme Heizung Hyderabad|KST-LOG-03|SL06|MGUPTA
100|2000|PL06|21.10.2024|19.10.2024|5000012389|1|DIESEL001|Dieselkraftstoff|261|1014.309|L|69012.96|INR|V-K003|Entnahme DG-Set Hyderabad|KST-LOG-02|SL06|DRAO
100|2000|PL06|01.10.2024|29.09.2024|5000012390|1|CNGFUEL1|Erdgas CNG|261|130.406|KG|11656.71|INR|V-K008|Tanken DG-Set Hyderabad|KST-PRD-02|SL06|RPANDEY
100|2000|PL06|03.10.2024|01.10.2024|5000012391|1|CNGFUEL1|Erdgas CNG|261|245.196|KG|21604.78|INR|V-K001|Entnahme Generator Hyderabad|KST-OPS-03|SL06|VMEHTA
100|2000|PL06|16.10.2024|14.10.2024|5000012392|1|CNGFUEL1|Erdgas CNG|261|247.733|KG|19644.29|INR|V-K008||KST-LOG-01|SL06|DRAO
100|2000|PL06|09.10.2024|07.10.2024|5000012393|1|CNGFUEL1|Komprimiertes Erdgas|261|185.654|KG|15588.25|INR|V-K010|Nutzung Notstromaggregat Hyderabad|KST-LOG-01|SL06|RPANDEY
100|2000|PL06|19.10.2024|16.10.2024|5000012394|1|PETRL001|Motorenbenzin|261|92.984|L|8944.63|INR|V-K002||KST-FAC-02|SL06|PSINGH
100|2000|PL06|20.10.2024|19.10.2024|5000012395|1|PETRL001|Benzin|261|104.073|L|9196.94|INR|V-K003|Tanken Heizung Hyderabad|KST-FAC-07|SL06|BCHATT
100|2000|PL06|09.10.2024|06.10.2024|5000012396|1|PETRL001|Benzin|261||L||INR|V-K009|Nutzung Heizung Hyderabad|KST-PRD-02|SL06|VMEHTA
100|2000|PL06|14.11.2024|12.11.2024|5000012397|1|DIESEL001|Diesel|261|483.18|L|37467.37|INR|V-K003|Verbrauch Fahrzeugflotte Hyderabad|KST-OPS-03|SL06|BCHATT
100|2000|PL06|26.11.2024|23.11.2024|5000012398|1|DIESEL001|Dieselkraftstoff|261|860.062|L|59470.5|INR|V-K004||KST-FAC-05|SL06|AKUMAR
100|2000|PL06|23.11.2024|22.11.2024|5000012399|1|DIESEL001|Diesel|261|844.966|L|58385.32|INR|V-IOCL1|Entnahme Generator Hyderabad|KST-PRD-02|SL06|SNEHA
100|2000|PL06|18.11.2024|15.11.2024|5000012400|1|DIESEL001|Dieselkraftstoff|261|598.988|L|45710.19|INR|V-HPCL1|Tanken Heizung Hyderabad|KST-OPS-02|SL06|KVELU
100|2000|PL06|18.11.2024|18.11.2024|5000012401|1|DIESEL001|Diesel|261|781.172|L|59880.73|INR|V-ESSAR|Auffuellung Produktion Hyderabad|KST-FAC-05|SL06|GMISHRA
100|2000|PL06|20.11.2024|18.11.2024|5000012402|1|DIESEL001|Diesel|261|663.696|L|46456.54|INR|V-ESSAR|Nutzung DG-Set Hyderabad|KST-OPS-03|SL06|RJOSHI
100|2000|PL06|11.11.2024|10.11.2024|5000012403|1|DIESEL001|Dieselkraftstoff|261|1056.699|L|76366.1|INR|V-K001|Nutzung Kantine Hyderabad|KST-FAC-03|SL06|RPANDEY
100|2000|PL06|13.11.2024|11.11.2024|5000012404|1|CNGFUEL1|Komprimiertes Erdgas|261|171.266|KG|15707.16|INR|V-K008|Tanken Heizung Hyderabad|KST-OPS-01|SL06|RPANDEY
100|2000|PL06|03.11.2024|02.11.2024|5000012405|1|CNGFUEL1|Komprimiertes Erdgas|261|218.464|KG|19659.98|INR|V-HPCL1|Verbrauch Fahrzeugflotte Hyderabad|KST-OPS-03|SL06|ASAXEN
100|2000|PL06|07.11.2024|04.11.2024|5000012406|1|CNGFUEL1|Erdgas CNG|261|168.902|KG|13499.35|INR|V-K008|Nutzung Produktion Hyderabad|KST-FAC-05|SL06|MGUPTA
100|2000|PL06|06.11.2024|03.11.2024|5000012407|1|CNGFUEL1|Komprimiertes Erdgas|261|169.961|KG|15559.79|INR|V-K009|Verbrauch Kantine Hyderabad|KST-FAC-07|SL06|RPANDEY
100|2000|PL06|15.11.2024|15.11.2024|5000012408|1|PETRL001|Benzin|261|102.871|L|9445.13|INR|V-K006|Auffuellung Notstromaggregat Hyderabad|KST-MNT-01|SL06|ASAXEN
100|2000|PL06|08.11.2024|06.11.2024|5000012409|1|PETRL001|Motorenbenzin|261|72.553|L|6551.71|INR|V-K008|Tanken Kantine Hyderabad|KST-PRD-01|SL06|NREDDY
100|2000|PL06|11.11.2024|10.11.2024|5000012410|1|PETRL001|Motorenbenzin|261|118.996|L|11368.45|INR|V-K008|Verbrauch DG-Set Hyderabad|KST-PRD-01|SL06|PSINGH
100|2000|PL06|18.12.2024|16.12.2024|5000012411|1|DIESEL001|Diesel|261||L||INR|V-K001|Auffuellung Produktion Hyderabad|KST-PRD-01|SL06|KVELU
100|2000|PL06|11.12.2024|09.12.2024|5000012412|1|DIESEL001|Diesel|261|764.845|L|56834.2|INR|V-K008|Auffuellung Generator Hyderabad|KST-FAC-07|SL06|RPANDEY
100|2000|PL06|04.12.2024|01.12.2024|5000012413|1|DIESEL001|Diesel|261|1079.746|L|83393.1|INR|V-IOCL1|Entnahme Heizung Hyderabad|KST-MNT-01|SL06|KVELU
100|2000|PL06|17.12.2024|14.12.2024|5000012414|1|DIESEL001|Diesel|261||L||INR|V-IOCL1|Entnahme Notstromaggregat Hyderabad|KST-FAC-02|SL06|RPANDEY
100|2000|PL06|24.12.2024|23.12.2024|5000012415|1|DIESEL001|Dieselkraftstoff|261|531.189|L|40375.98|INR|V-K009|Entnahme Notstromaggregat Hyderabad|KST-FAC-03|SL06|TLAXMAN
100|2000|PL06|01.12.2024|01.12.2024|5000012416|1|DIESEL001|Diesel|261|1023.817|L|75070.71|INR|V-K010|Verbrauch Wartung Hyderabad|KST-MNT-01|SL06|NREDDY
100|2000|PL06|09.12.2024|09.12.2024|5000012417|1|DIESEL001|Diesel|261|688.806|L|50345.0|INR|V-BPCL1|Verbrauch Fahrzeugflotte Hyderabad|KST-FAC-01|SL06|RJOSHI
100|2000|PL06|23.12.2024|23.12.2024|5000012418|1|CNGFUEL1|Komprimiertes Erdgas|261|202.628|KG|16096.61|INR|V-K004|Nutzung Fahrzeugflotte Hyderabad|KST-FAC-03|SL06|PSINGH
100|2000|PL06|11.12.2024|11.12.2024|5000012419|1|CNGFUEL1|Komprimiertes Erdgas|261||KG||INR|V-K004|Verbrauch Produktion Hyderabad|KST-FAC-02|SL06|SPRIYA
100|2000|PL06|13.12.2024|10.12.2024|5000012420|1|CNGFUEL1|Komprimiertes Erdgas|261|101.981|KG|8655.91|INR|V-K006|Entnahme Produktion Hyderabad|KST-FAC-05|SL06|RPANDEY
100|2000|PL06|15.12.2024|13.12.2024|5000012421|1|CNGFUEL1|Erdgas CNG|261|243.321|KG|20163.61|INR|V-K001|Verbrauch Wartung Hyderabad|KST-FAC-03|SL06|RPANDEY
100|2000|PL06|05.12.2024|05.12.2024|5000012422|1|PETRL001|Motorenbenzin|261|64.915|L|6606.08|INR|V-K002|Verbrauch Produktion Hyderabad|KST-FAC-01|SL06|MGUPTA
100|2000|PL06|05.12.2024|03.12.2024|5000012423|1|PETRL001|Benzin|261|155.171|L|14784.71|INR|V-K009|Entnahme Produktion Hyderabad|KST-PRD-02|SL06|SNEHA
100|2000|PL06|04.12.2024|04.12.2024|5000012424|1|PETRL001|Benzin|261|62.029|L|5834.98|INR|V-K003|Verbrauch Notstromaggregat Hyderabad|KST-PRD-02|SL06|RJOSHI
100|1000|PL07|21.01.2023|18.01.2023|5000012425|1|DIESEL001|Diesel|261||L||INR|V-K005|Auffuellung Heizung Kolkata|KST-FAC-01|SL07|RJOSHI
100|1000|PL07|06.01.2023|06.01.2023|5000012426|1|DIESEL001|Dieselkraftstoff|261|668.913|KG|51947.56|INR|V-K010|Auffuellung Fahrzeugflotte Kolkata|KST-PRD-02|SL07|PSINGH
100|1000|PL07|19.01.2023|17.01.2023|5000012427|1|DIESEL001|Dieselkraftstoff|261|388.014|L|29379.63|INR|V-RELI1|Nutzung Produktion Kolkata|KST-OPS-03|SL07|NREDDY
100|1000|PL07|19.01.2023|19.01.2023|5000012428|1|DIESEL001|Dieselkraftstoff|261|441.157|L|32311.07|INR|V-ESSAR|Auffuellung Kantine Kolkata|KST-FAC-01|SL07|NREDDY
100|1000|PL07|14.01.2023|14.01.2023|5000012429|1|DIESEL001|Dieselkraftstoff|261|576.844|L|44555.1|INR|V-K005|Auffuellung Produktion Kolkata|KST-PRD-01|SL07|BCHATT
100|1000|PL07|16.01.2023|16.01.2023|5000012430|1|FURNACE1|Heizoel EL|261|346.453|L|26497.06|INR|V-K007|Entnahme Heizung Kolkata|KST-FAC-05|SL07|MGUPTA
100|1000|PL07|10.01.2023|09.01.2023|5000012431|1|FURNACE1|Heizoel EL|261|595.601|L|46623.21|INR|V-BPCL1|Verbrauch Fahrzeugflotte Kolkata|KST-LOG-01|SL07|PSINGH
100|1000|PL07|03.01.2023|01.01.2023|5000012432|1|FURNACE1|Schweroelkraftstoff|261|502.218|L|37820.89|INR|V-IOCL1|Entnahme Wartung Kolkata|KST-PRD-01|SL07|MGUPTA
100|1000|PL07|10.01.2023|08.01.2023|5000012433|1|FURNACE1|Heizoel EL|261|334.715|L|23527.89|INR|V-K009|Verbrauch Produktion Kolkata|KST-OPS-02|SL07|SNEHA
100|1000|PL07|13.01.2023|12.01.2023|5000012434|1|LPG00001|Fluessiggas|261|37.691|KG|3533.51|INR|V-K008|Tanken Notstromaggregat Kolkata|KST-FAC-02|SL07|RJOSHI
100|1000|PL07|03.01.2023|03.01.2023|5000012435|1|LPG00001|Fluessiggas|261|47.631|KG|4007.11|INR|V-HPCL1||KST-FAC-02|SL07|SPRIYA
100|1000|PL07|27.01.2023|27.01.2023|5000012436|1|LPG00001|Fluessiggas|261|29.567|KG|2515.8|INR|V-K005|Entnahme Fahrzeugflotte Kolkata|KST-FAC-02|SL07|KVELU
100|1000|PL07|16.02.2023|16.02.2023|5000012437|1|DIESEL001|Diesel|261|747.183|L|52857.58|INR|V-K008|Auffuellung Notstromaggregat Kolkata|KST-PRD-02|SL07|DRAO
100|1000|PL07|05.02.2023|04.02.2023|5000012438|1|DIESEL001|Dieselkraftstoff|261|712.755|L|48928.71|INR|V-IOCL1|Tanken Generator Kolkata|KST-LOG-03|SL07|SPRIYA
100|1000|PL07|21.02.2023|21.02.2023|5000012439|1|DIESEL001|Diesel|261|685.272|L|48861.92|INR|V-K004|Entnahme Heizung Kolkata|KST-MNT-01|SL07|KVELU
100|1000|PL07|02.02.2023|30.01.2023|5000012440|1|DIESEL001|Diesel|261||L||INR|V-K007|Entnahme Wartung Kolkata|KST-LOG-02|SL07|RPANDEY
100|1000|PL07|22.02.2023|21.02.2023|5000012441|1|DIESEL001|Dieselkraftstoff|261|793.407|L|58862.11|INR|V-BPCL1|Tanken Fahrzeugflotte Kolkata|KST-FAC-03|SL07|NREDDY
100|1000|PL07|19.02.2023|16.02.2023|5000012442|1|FURNACE1|Heizoel EL|261|373.457|L|27654.59|INR|V-K004|Entnahme Produktion Kolkata|KST-OPS-01|SL07|ASAXEN
100|1000|PL07|18.02.2023|15.02.2023|5000012443|1|FURNACE1|Schweroelkraftstoff|261|378.391|L|29257.9|INR|V-IOCL1|Nutzung Fahrzeugflotte Kolkata|KST-FAC-01|SL07|SNEHA
100|1000|PL07|27.02.2023|24.02.2023|5000012444|1|FURNACE1|Heizoel EL|261|313.963|L|22887.99|INR|V-IOCL1|Auffuellung Produktion Kolkata|KST-LOG-01|SL07|DRAO
100|1000|PL07|11.02.2023|11.02.2023|5000012445|1|FURNACE1|Heizoel EL|261|529.093|L|40165.2|INR|V-K004|Verbrauch Heizung Kolkata|KST-FAC-02|SL07|RPANDEY
100|1000|PL07|14.02.2023|11.02.2023|5000012446|1|LPG00001|Fluessiggas|261|41.912|KG|3709.54|INR|V-K003||KST-LOG-01|SL07|PSINGH
100|1000|PL07|09.02.2023|08.02.2023|5000012447|1|LPG00001|LPG|261|30.213|KG|2637.03|INR|V-K009|Auffuellung Generator Kolkata|KST-PRD-01|SL07|GMISHRA
100|1000|PL07|13.02.2023|12.02.2023|5000012448|1|LPG00001|LPG|261|50.669|KG|4487.48|INR|V-ESSAR|Entnahme Fahrzeugflotte Kolkata|KST-LOG-02|SL07|SNEHA
100|1000|PL07|04.03.2023|02.03.2023|5000012449|1|DIESEL001|Diesel|261||L||INR|V-K005|Entnahme DG-Set Kolkata|KST-PRD-02|SL07|VMEHTA
100|1000|PL07|18.03.2023|18.03.2023|5000012450|1|DIESEL001|Diesel|261|655.67|L|50166.36|INR|V-K002|Tanken Heizung Kolkata|KST-FAC-02|SL07|AKUMAR
100|1000|PL07|13.03.2023|13.03.2023|5000012451|1|DIESEL001|Dieselkraftstoff|261|558.199|L|41788.4|INR|V-K006|Auffuellung Kantine Kolkata|KST-LOG-03|SL07|BCHATT
100|1000|PL07|06.03.2023|03.03.2023|5000012452|1|DIESEL001|Dieselkraftstoff|261|489.887|L|37669.78|INR|V-K004|Auffuellung Fahrzeugflotte Kolkata|KST-FAC-07|SL07|SPRIYA
100|1000|PL07|07.03.2023|05.03.2023|5000012453|1|DIESEL001|Diesel|261|615.942|L|47838.03|INR|V-K007||KST-FAC-05|SL07|KVELU
100|1000|PL07|08.03.2023|08.03.2023|5000012454|1|FURNACE1|Heizoel EL|261|291.722|L|22381.6|INR|V-K003|Nutzung Notstromaggregat Kolkata|KST-LOG-01|SL07|PSINGH
100|1000|PL07|09.03.2023|08.03.2023|5000012455|1|FURNACE1|Heizoel EL|261|543.235|L|42476.32|INR|V-K007|Auffuellung Fahrzeugflotte Kolkata|KST-LOG-01|SL07|KVELU
100|1000|PL07|19.03.2023|17.03.2023|5000012456|1|FURNACE1|Schweroelkraftstoff|261|259.664|L|18520.31|INR|V-K010|Auffuellung Fahrzeugflotte Kolkata|KST-FAC-05|SL07|AKUMAR
100|1000|PL07|18.03.2023|18.03.2023|5000012457|1|FURNACE1|Heizoel EL|261|335.039|L|26296.76|INR|V-K001|Auffuellung Kantine Kolkata|KST-FAC-02|SL07|PSINGH
100|1000|PL07|07.03.2023|04.03.2023|5000012458|1|LPG00001|LPG|261|21.357|KG|1821.48|INR|V-BPCL1|Tanken Kantine Kolkata|KST-LOG-02|SL07|NREDDY
100|1000|PL07|26.03.2023|25.03.2023|5000012459|1|LPG00001|LPG|261|30.203|KG|2669.21|INR|V-RELI1|Entnahme Produktion Kolkata|KST-PRD-01|SL07|AKUMAR
100|1000|PL07|28.03.2023|25.03.2023|5000012460|1|LPG00001|Fluessiggas|261|38.986|KG|3232.39|INR|V-ESSAR|Entnahme Heizung Kolkata|KST-PRD-01|SL07|BCHATT
100|1000|PL07|09.04.2023|07.04.2023|5000012461|1|DIESEL001|Diesel|261|589.979|L|43818.21|INR|V-K006|Verbrauch Heizung Kolkata|KST-OPS-02|SL07|NREDDY
100|1000|PL07|27.04.2023|26.04.2023|5000012462|1|DIESEL001|Diesel|261|439.249|L|32162.5|INR|V-IOCL1|Entnahme Fahrzeugflotte Kolkata|KST-OPS-01|SL07|ASAXEN
100|1000|PL07|15.04.2023|15.04.2023|5000012463|1|DIESEL001|Dieselkraftstoff|261|641.544|L|47198.19|INR|V-K002|Auffuellung Kantine Kolkata|KST-PRD-01|SL07|BCHATT
100|1000|PL07|18.04.2023|16.04.2023|5000012464|1|DIESEL001|Dieselkraftstoff|261|649.425|L|44317.65|INR|V-ESSAR|Auffuellung DG-Set Kolkata|KST-FAC-01|SL07|KVELU
100|1000|PL07|26.04.2023|25.04.2023|5000012465|1|DIESEL001|Dieselkraftstoff|261|541.697|L|40934.68|INR|V-IOCL1|Tanken Heizung Kolkata|KST-LOG-02|SL07|SPRIYA
100|1000|PL07|02.04.2023|01.04.2023|5000012466|1|FURNACE1|Schweroelkraftstoff|261|648.367|L|49695.1|INR|V-RELI1|Verbrauch Generator Kolkata|KST-FAC-03|SL07|AKUMAR
100|1000|PL07|27.04.2023|24.04.2023|5000012467|1|FURNACE1|Heizoel EL|261|553.811|L|42163.96|INR|V-K001|Tanken Wartung Kolkata|KST-PRD-01|SL07|SPRIYA
100|1000|PL07|04.04.2023|04.04.2023|5000012468|1|FURNACE1|Schweroelkraftstoff|261|669.861|L|49289.64|INR|V-K010|Nutzung Notstromaggregat Kolkata|KST-LOG-01|SL07|ASAXEN
100|1000|PL07|12.04.2023|10.04.2023|5000012469|1|FURNACE1|Heizoel EL|261|579.155|L|46343.84|INR|V-HPCL1|Auffuellung DG-Set Kolkata|KST-LOG-01|SL07|NREDDY
100|1000|PL07|08.04.2023|05.04.2023|5000012470|1|LPG00001|LPG|261|58.82|KG|5580.75|INR|V-K001|Tanken DG-Set Kolkata|KST-LOG-01|SL07|SPRIYA
100|1000|PL07|11.04.2023|10.04.2023|5000012471|1|LPG00001|Fluessiggas|261|33.373|KG|2804.88|INR|V-RELI1|Verbrauch Wartung Kolkata|KST-LOG-01|SL07|RJOSHI
100|1000|PL07|16.04.2023|16.04.2023|5000012472|1|LPG00001|LPG|261|46.634|KG|3874.41|INR|V-BPCL1|Verbrauch Produktion Kolkata|KST-FAC-01|SL07|ASAXEN
100|1000|PL07|15.05.2023|15.05.2023|5000012473|1|DIESEL001|Diesel|261|453.719|L|33549.2|INR|V-BPCL1||KST-MNT-01|SL07|RJOSHI
100|1000|PL07|22.05.2023|19.05.2023|5000012474|1|DIESEL001|Dieselkraftstoff|261|715.983|L|54378.07|INR|V-K004|Nutzung Wartung Kolkata|KST-LOG-01|SL07|SPRIYA
100|1000|PL07|23.05.2023|20.05.2023|5000012475|1|DIESEL001|Dieselkraftstoff|261|382.111|L|29011.52|INR|V-ESSAR|Nutzung Kantine Kolkata|KST-LOG-01|SL07|RPANDEY
100|1000|PL07|20.05.2023|19.05.2023|5000012476|1|DIESEL001|Diesel|261|545.854|L|38925.82|INR|V-K010|Entnahme Kantine Kolkata|KST-FAC-03|SL07|GMISHRA
100|1000|PL07|22.05.2023|20.05.2023|5000012477|1|DIESEL001|Diesel|261|497.484|L|35400.89|INR|V-K002|Nutzung Generator Kolkata|KST-LOG-02|SL07|KVELU
100|1000|PL07|15.05.2023|13.05.2023|5000012478|1|FURNACE1|Schweroelkraftstoff|261|464.483|L|36837.8|INR|V-K006|Tanken DG-Set Kolkata|KST-OPS-03|SL07|KVELU
100|1000|PL07|14.05.2023|13.05.2023|5000012479|1|FURNACE1|Schweroelkraftstoff|261|525.155|L|36603.39|INR|V-IOCL1|Auffuellung Notstromaggregat Kolkata|KST-FAC-02|SL07|RPANDEY
100|1000|PL07|08.05.2023|07.05.2023|5000012480|1|FURNACE1|Heizoel EL|261|525.304|L|36454.04|INR|V-RELI1|Entnahme Heizung Kolkata|KST-PRD-02|SL07|VMEHTA
100|1000|PL07|11.05.2023|11.05.2023|5000012481|1|FURNACE1|Schweroelkraftstoff|261|481.723|L|34097.23|INR|V-K006|Nutzung Heizung Kolkata|KST-OPS-03|SL07|AKUMAR
100|1000|PL07|16.05.2023|16.05.2023|5000012482|1|LPG00001|Fluessiggas|261|48.805|KG|4630.19|INR|V-HPCL1|Verbrauch DG-Set Kolkata|KST-LOG-02|SL07|GMISHRA
100|1000|PL07|16.05.2023|13.05.2023|5000012483|1|LPG00001|Fluessiggas|261|28.684|KG|2436.76|INR|V-K003|Entnahme DG-Set Kolkata|KST-PRD-02|SL07|KVELU
100|1000|PL07|26.05.2023|25.05.2023|5000012484|1|LPG00001|LPG|261|46.967|KG|4396.73|INR|V-HPCL1|Tanken Fahrzeugflotte Kolkata|KST-PRD-01|SL07|PSINGH
100|1000|PL07|18.06.2023|16.06.2023|5000012485|1|DIESEL001|Dieselkraftstoff|261|627.49|L|48042.67|INR|V-K005|Verbrauch Generator Kolkata|KST-FAC-01|SL07|PSINGH
100|1000|PL07|21.06.2023|20.06.2023|5000012486|1|DIESEL001|Diesel|261|483.567|L|37425.39|INR|V-ESSAR|Auffuellung Notstromaggregat Kolkata|KST-LOG-03|SL07|MGUPTA
100|1000|PL07|08.06.2023|05.06.2023|5000012487|1|DIESEL001|Dieselkraftstoff|261|596.221|L|43901.29|INR|V-IOCL1|Nutzung Wartung Kolkata|KST-FAC-07|SL07|AKUMAR
100|1000|PL07|18.06.2023|18.06.2023|5000012488|1|DIESEL001|Diesel|261|447.896|L|31508.3|INR|V-K003|Nutzung Heizung Kolkata|KST-FAC-03|SL07|AKUMAR
100|1000|PL07|15.06.2023|14.06.2023|5000012489|1|DIESEL001|Diesel|261|444.683|L|33109.8|INR|V-IOCL1|Auffuellung Heizung Kolkata|KST-FAC-05|SL07|TLAXMAN
100|1000|PL07|09.06.2023|08.06.2023|5000012490|1|FURNACE1|Heizoel EL|261|536.047|L|38408.51|INR|V-K008|Verbrauch Heizung Kolkata|KST-LOG-03|SL07|RPANDEY
100|1000|PL07|03.06.2023|01.06.2023|5000012491|1|FURNACE1|Heizoel EL|261|357.11|L|26825.29|INR|V-K007|Tanken Fahrzeugflotte Kolkata|KST-PRD-02|SL07|DRAO
100|1000|PL07|05.06.2023|03.06.2023|5000012492|1|FURNACE1|Heizoel EL|261|428.255|L|34233.9|INR|V-IOCL1|Entnahme Heizung Kolkata|KST-OPS-01|SL07|KVELU
100|1000|PL07|10.06.2023|07.06.2023|5000012493|1|FURNACE1|Schweroelkraftstoff|261|461.964|L|36470.24|INR|V-K004|Nutzung Generator Kolkata|KST-LOG-01|SL07|SNEHA
100|1000|PL07|24.06.2023|24.06.2023|5000012494|1|LPG00001|Fluessiggas|261|41.109|KG|3490.63|INR|V-K002|Entnahme Heizung Kolkata|KST-FAC-03|SL07|DRAO
100|1000|PL07|22.06.2023|19.06.2023|5000012495|1|LPG00001|LPG|261|28.236|KG|2506.53|INR|V-K006|Verbrauch Produktion Kolkata|KST-LOG-02|SL07|RPANDEY
100|1000|PL07|11.06.2023|09.06.2023|5000012496|1|LPG00001|LPG|261|34.492|KG|3180.23|INR|V-K009||KST-FAC-01|SL07|SPRIYA
100|1000|PL07|05.07.2023|05.07.2023|5000012497|1|DIESEL001|Dieselkraftstoff|261|631.093|L|48673.26|INR|V-K007|Verbrauch Produktion Kolkata|KST-LOG-03|SL07|PSINGH
100|1000|PL07|24.07.2023|21.07.2023|5000012498|1|DIESEL001|Diesel|261|402.444|L|27519.69|INR|V-ESSAR|Verbrauch Generator Kolkata|KST-FAC-07|SL07|MGUPTA
100|1000|PL07|14.07.2023|11.07.2023|5000012499|1|DIESEL001|Dieselkraftstoff|261|698.474|KG|46535.55|INR|V-K007|Tanken Notstromaggregat Kolkata|KST-PRD-01|SL07|GMISHRA
100|1000|PL07|07.07.2023|06.07.2023|5000012500|1|DIESEL001|Diesel|261|454.771|L|32467.28|INR|V-IOCL1|Nutzung Produktion Kolkata|KST-FAC-01|SL07|BCHATT
100|1000|PL07|20.07.2023|18.07.2023|5000012501|1|DIESEL001|Diesel|261|345.683|L|26063.78|INR|V-K001|Entnahme Kantine Kolkata|KST-FAC-01|SL07|TLAXMAN
100|1000|PL07|25.07.2023|23.07.2023|5000012502|1|FURNACE1|Heizoel EL|261|256.516|L|19210.51|INR|V-K007|Entnahme Heizung Kolkata|KST-MNT-01|SL07|TLAXMAN
100|1000|PL07|23.07.2023|22.07.2023|5000012503|1|FURNACE1|Schweroelkraftstoff|261|595.651|L|46419.32|INR|V-K006|Tanken Produktion Kolkata|KST-LOG-01|SL07|SNEHA
100|1000|PL07|13.07.2023|10.07.2023|5000012504|1|FURNACE1|Schweroelkraftstoff|261|663.276|L|47289.32|INR|V-BPCL1|Nutzung Heizung Kolkata|KST-FAC-07|SL07|SPRIYA
100|1000|PL07|15.07.2023|13.07.2023|5000012505|1|FURNACE1|Heizoel EL|261|616.88|L|47052.38|INR|V-K004|Auffuellung Fahrzeugflotte Kolkata|KST-OPS-01|SL07|MGUPTA
100|1000|PL07|05.07.2023|04.07.2023|5000012506|1|LPG00001|Fluessiggas|261|40.46|KG|3694.82|INR|V-HPCL1|Verbrauch Kantine Kolkata|KST-LOG-03|SL07|TLAXMAN
100|1000|PL07|25.07.2023|24.07.2023|5000012507|1|LPG00001|LPG|261|30.045|KG|2630.49|INR|V-K002|Verbrauch Notstromaggregat Kolkata|KST-FAC-03|SL07|NREDDY
100|1000|PL07|03.07.2023|03.07.2023|5000012508|1|LPG00001|Fluessiggas|261|28.383|KG|2521.61|INR|V-ESSAR|Verbrauch Notstromaggregat Kolkata|KST-LOG-02|SL07|VMEHTA
100|1000|PL07|13.08.2023|11.08.2023|5000012509|1|DIESEL001|Diesel|261|438.102|L|33632.81|INR|V-K002|Tanken Produktion Kolkata|KST-OPS-02|SL07|GMISHRA
100|1000|PL07|02.08.2023|01.08.2023|5000012510|1|DIESEL001|Diesel|261|649.376|L|47138.46|INR|V-ESSAR|Tanken Fahrzeugflotte Kolkata|KST-OPS-02|SL07|BCHATT
100|1000|PL07|26.08.2023|24.08.2023|5000012511|1|DIESEL001|Dieselkraftstoff|261|456.928|L|31397.88|INR|V-K007|Tanken Generator Kolkata|KST-PRD-01|SL07|BCHATT
100|1000|PL07|27.08.2023|26.08.2023|5000012512|1|DIESEL001|Diesel|261||L||INR|V-K006|Nutzung Fahrzeugflotte Kolkata|KST-MNT-01|SL07|KVELU
100|1000|PL07|04.08.2023|04.08.2023|5000012513|1|DIESEL001|Dieselkraftstoff|261|392.18|L|27576.54|INR|V-K002|Entnahme Generator Kolkata|KST-FAC-03|SL07|RPANDEY
100|1000|PL07|20.08.2023|18.08.2023|5000012514|1|FURNACE1|Heizoel EL|261|335.362|L|26296.71|INR|V-K006|Nutzung Heizung Kolkata|KST-LOG-02|SL07|AKUMAR
100|1000|PL07|27.08.2023|24.08.2023|5000012514|1|FURNACE1|Schweroelkraftstoff|261|286.668|L|22051.41|INR|V-K001|Verbrauch Heizung Kolkata|KST-FAC-02|SL07|NREDDY
100|1000|PL07|23.08.2023|22.08.2023|5000012516|1|FURNACE1|Schweroelkraftstoff|261|257.773|L|19957.8|INR|V-K010|Tanken Heizung Kolkata|KST-FAC-01|SL07|PSINGH
100|1000|PL07|09.08.2023|07.08.2023|5000012517|1|FURNACE1|Heizoel EL|261|682.774|L|54252.13|INR|V-K001|Verbrauch Notstromaggregat Kolkata|KST-OPS-01|SL07|NREDDY
100|1000|PL07|28.08.2023|28.08.2023|5000012518|1|LPG00001|LPG|261|39.841|KG|3498.92|INR|V-K009|Tanken DG-Set Kolkata|KST-FAC-05|SL07|RJOSHI
100|1000|PL07|14.08.2023|13.08.2023|5000012519|1|LPG00001|Fluessiggas|261|45.987|KG|4466.41|INR|V-K002|Tanken DG-Set Kolkata|KST-FAC-03|SL07|GMISHRA
100|1000|PL07|04.08.2023|04.08.2023|5000012520|1|LPG00001|LPG|261|21.923|KG|1986.34|INR|V-K003|Verbrauch Heizung Kolkata|KST-LOG-03|SL07|ASAXEN
100|1000|PL07|07.09.2023|07.09.2023|5000012521|1|DIESEL001|Dieselkraftstoff|261|462.273|L|34591.25|INR|V-ESSAR|Verbrauch Heizung Kolkata|KST-OPS-01|SL07|SNEHA
100|1000|PL07|04.09.2023|02.09.2023|5000012522|1|DIESEL001|Diesel|261|600.016|L|44497.35|INR|V-RELI1||KST-MNT-01|SL07|AKUMAR
100|1000|PL07|19.09.2023|16.09.2023|5000012523|1|DIESEL001|Dieselkraftstoff|261|585.36|L|42466.72|INR|V-K006|Tanken Heizung Kolkata|KST-OPS-02|SL07|SNEHA
100|1000|PL07|26.09.2023|23.09.2023|5000012524|1|DIESEL001|Dieselkraftstoff|261|559.433|L|38823.23|INR|V-K009|Entnahme Fahrzeugflotte Kolkata|KST-OPS-01|SL07|KVELU
100|1000|PL07|18.09.2023|18.09.2023|5000012525|1|DIESEL001|Diesel|261|753.518|L|56896.02|INR|V-K007|Nutzung Produktion Kolkata|KST-FAC-03|SL07|TLAXMAN
100|1000|PL07|01.09.2023|29.08.2023|5000012526|1|FURNACE1|Heizoel EL|261|515.78|L|40170.2|INR|V-K001|Entnahme Kantine Kolkata|KST-MNT-01|SL07|GMISHRA
100|1000|PL07|11.09.2023|08.09.2023|5000012527|1|FURNACE1|Schweroelkraftstoff|261|517.354|L|39535.6|INR|V-K010|Verbrauch Kantine Kolkata|KST-OPS-01|SL07|NREDDY
100|1000|PL07|03.09.2023|01.09.2023|5000012528|1|FURNACE1|Heizoel EL|261|549.32|L|39817.06|INR|V-IOCL1|Verbrauch Kantine Kolkata|KST-FAC-05|SL07|SPRIYA
100|1000|PL07|15.09.2023|12.09.2023|5000012529|1|FURNACE1|Schweroelkraftstoff|261|522.169|L|41082.72|INR|V-RELI1|Entnahme Generator Kolkata|KST-FAC-07|SL07|VMEHTA
100|1000|PL07|16.09.2023|14.09.2023|5000012530|1|LPG00001|LPG|261|55.605|KG|5330.05|INR|V-IOCL1|Entnahme Wartung Kolkata|KST-OPS-03|SL07|GMISHRA
100|1000|PL07|03.09.2023|03.09.2023|5000012531|1|LPG00001|LPG|261|35.478|KG|3213.53|INR|V-K005|Entnahme Wartung Kolkata|KST-LOG-01|SL07|TLAXMAN
100|1000|PL07|16.09.2023|16.09.2023|5000012532|1|LPG00001|Fluessiggas|261|35.833|KG|3399.99|INR|V-K005|Auffuellung Notstromaggregat Kolkata|KST-OPS-03|SL07|RJOSHI
100|1000|PL07|05.10.2023|04.10.2023|5000012533|1|DIESEL001|Dieselkraftstoff|261|658.399|L|44734.58|INR|V-K003|Tanken Fahrzeugflotte Kolkata|KST-MNT-01|SL07|DRAO
100|1000|PL07|17.10.2023|15.10.2023|5000012534|1|DIESEL001|Diesel|261|600.102|L|42879.77|INR|V-K001|Auffuellung Heizung Kolkata|KST-PRD-02|SL07|DRAO
100|1000|PL07|11.10.2023|10.10.2023|5000012535|1|DIESEL001|Dieselkraftstoff|261|394.209|L|27348.52|INR|V-K010|Verbrauch Heizung Kolkata|KST-LOG-02|SL07|ASAXEN
100|1000|PL07|05.10.2023|04.10.2023|5000012536|1|DIESEL001|Dieselkraftstoff|261|303.314|L|20604.76|INR|V-K005|Tanken Kantine Kolkata|KST-PRD-01|SL07|RPANDEY
100|1000|PL07|23.10.2023|23.10.2023|5000012537|1|DIESEL001|Diesel|261|731.06|L|52958.44|INR|V-K005|Entnahme Notstromaggregat Kolkata|KST-PRD-02|SL07|BCHATT
100|1000|PL07|19.10.2023|18.10.2023|5000012538|1|FURNACE1|Schweroelkraftstoff|261|270.31|L|21661.47|INR|V-K004|Nutzung Generator Kolkata|KST-FAC-01|SL07|AKUMAR
100|1000|PL07|17.10.2023|17.10.2023|5000012539|1|FURNACE1|Heizoel EL|261|682.051|L|51701.07|INR|V-K007|Nutzung Wartung Kolkata|KST-FAC-07|SL07|DRAO
100|1000|PL07|26.10.2023|25.10.2023|5000012540|1|FURNACE1|Schweroelkraftstoff|261|412.73|L|33294.45|INR|V-RELI1|Auffuellung DG-Set Kolkata|KST-FAC-05|SL07|SNEHA
100|1000|PL07|07.10.2023|04.10.2023|5000012541|1|FURNACE1|Heizoel EL|261|391.555|L|27889.74|INR|V-K002|Nutzung DG-Set Kolkata|KST-FAC-07|SL07|AKUMAR
100|1000|PL07|18.10.2023|18.10.2023|5000012542|1|LPG00001|LPG|261|21.842|KG|1914.33|INR|V-K003|Auffuellung Notstromaggregat Kolkata|KST-FAC-07|SL07|MGUPTA
100|1000|PL07|13.10.2023|10.10.2023|5000012543|1|LPG00001|LPG|261|35.188|KG|2935.99|INR|V-K008|Nutzung Notstromaggregat Kolkata|KST-FAC-03|SL07|VMEHTA
100|1000|PL07|03.10.2023|02.10.2023|5000012544|1|LPG00001|Fluessiggas|261|45.031|KG|3775.42|INR|V-ESSAR|Verbrauch Generator Kolkata|KST-LOG-01|SL07|GMISHRA
100|1000|PL07|12.11.2023|11.11.2023|5000012545|1|DIESEL001|Diesel|261|364.197|L|24269.02|INR|V-K002|Verbrauch Fahrzeugflotte Kolkata|KST-PRD-02|SL07|VMEHTA
100|1000|PL07|21.11.2023|21.11.2023|5000012546|1|DIESEL001|Dieselkraftstoff|261|702.635|L|54005.34|INR|V-RELI1|Auffuellung Notstromaggregat Kolkata|KST-FAC-05|SL07|TLAXMAN
100|1000|PL07|10.11.2023|08.11.2023|5000012547|1|DIESEL001|Dieselkraftstoff|261|406.767|L|29813.6|INR|V-IOCL1|Verbrauch Kantine Kolkata|KST-FAC-03|SL07|ASAXEN
100|1000|PL07|26.11.2023|23.11.2023|5000012548|1|DIESEL001|Dieselkraftstoff|261|611.111|L|43770.51|INR|V-BPCL1|Verbrauch Kantine Kolkata|KST-PRD-02|SL07|PSINGH
100|1000|PL07|10.11.2023|07.11.2023|5000012549|1|DIESEL001|Diesel|261|669.446|L|47089.16|INR|V-K002|Tanken Notstromaggregat Kolkata|KST-LOG-01|SL07|BCHATT
100|1000|PL07|17.11.2023|14.11.2023|5000012550|1|FURNACE1|Heizoel EL|261|676.614|L|53254.92|INR|V-K010|Verbrauch Notstromaggregat Kolkata|KST-FAC-07|SL07|SNEHA
100|1000|PL07|14.11.2023|13.11.2023|5000012551|1|FURNACE1|Heizoel EL|261|470.97|L|37399.65|INR|V-K002|Nutzung Produktion Kolkata|KST-OPS-03|SL07|SNEHA
100|1000|PL07|09.11.2023|09.11.2023|5000012552|1|FURNACE1|Schweroelkraftstoff|261|256.201|L|19786.18|INR|V-ESSAR|Entnahme Notstromaggregat Kolkata|KST-LOG-01|SL07|BCHATT
100|1000|PL07|10.11.2023|07.11.2023|5000012553|1|FURNACE1|Schweroelkraftstoff|261|575.376|KG|39744.98|INR|V-K007|Tanken Fahrzeugflotte Kolkata|KST-PRD-02|SL07|ASAXEN
100|1000|PL07|22.11.2023|19.11.2023|5000012554|1|LPG00001|LPG|261|58.494|KG|5563.32|INR|V-RELI1|Nutzung DG-Set Kolkata|KST-PRD-02|SL07|SNEHA
100|1000|PL07|04.11.2023|03.11.2023|5000012555|1|LPG00001|LPG|261|54.608|KG|4899.59|INR|V-K003|Verbrauch Heizung Kolkata|KST-FAC-02|SL07|GMISHRA
100|1000|PL07|07.11.2023|07.11.2023|5000012556|1|LPG00001|LPG|261|48.877|KG|4459.62|INR|V-IOCL1|Entnahme Wartung Kolkata|KST-OPS-01|SL07|KVELU
100|1000|PL07|02.12.2023|30.11.2023|5000012557|1|DIESEL001|Diesel|261|794.269|L|54464.19|INR|V-K006|Nutzung Generator Kolkata|KST-PRD-02|SL07|MGUPTA
100|1000|PL07|04.12.2023|02.12.2023|5000012558|1|DIESEL001|Diesel|261|475.742|L|32945.7|INR|V-BPCL1|Tanken Notstromaggregat Kolkata|KST-FAC-07|SL07|PSINGH
100|1000|PL07|25.12.2023|25.12.2023|5000012559|1|DIESEL001|Diesel|261|579.556|L|39895.5|INR|V-K009|Auffuellung Produktion Kolkata|KST-OPS-02|SL07|AKUMAR
100|1000|PL07|12.12.2023|10.12.2023|5000012560|1|DIESEL001|Diesel|261|383.46|L|27607.53|INR|V-K004|Entnahme Produktion Kolkata|KST-MNT-01|SL07|KVELU
100|1000|PL07|19.12.2023|16.12.2023|5000012561|1|DIESEL001|Dieselkraftstoff|261|544.431|L|39322.38|INR|V-K004|Tanken Heizung Kolkata|KST-PRD-02|SL07|DRAO
100|1000|PL07|27.12.2023|25.12.2023|5000012562|1|FURNACE1|Heizoel EL|261|468.487|L|32735.85|INR|V-K009|Auffuellung DG-Set Kolkata|KST-LOG-01|SL07|RJOSHI
100|1000|PL07|14.12.2023|11.12.2023|5000012563|1|FURNACE1|Heizoel EL|261|336.395|L|23263.68|INR|V-K002||KST-MNT-01|SL07|DRAO
100|1000|PL07|04.12.2023|04.12.2023|5000012564|1|FURNACE1|Heizoel EL|261|350.775|L|25499.72|INR|V-K003|Auffuellung Notstromaggregat Kolkata|KST-FAC-01|SL07|BCHATT
100|1000|PL07|20.12.2023|19.12.2023|5000012565|1|FURNACE1|Heizoel EL|261|367.697|KG|25427.42|INR|V-K007|Auffuellung Notstromaggregat Kolkata|KST-PRD-02|SL07|AKUMAR
100|1000|PL07|23.12.2023|23.12.2023|5000012566|1|LPG00001|LPG|261|53.57|KG|4943.7|INR|V-ESSAR|Tanken Wartung Kolkata|KST-FAC-01|SL07|SPRIYA
100|1000|PL07|15.12.2023|12.12.2023|5000012567|1|LPG00001|LPG|261|46.652|KG|3984.72|INR|V-K002|Verbrauch Notstromaggregat Kolkata|KST-PRD-02|SL07|RJOSHI
100|1000|PL07|06.12.2023|03.12.2023|5000012568|1|LPG00001|LPG|261|28.949|KG|2548.65|INR|V-K008|Nutzung Notstromaggregat Kolkata|KST-FAC-02|SL07|SNEHA
100|1000|PL07|04.01.2024|02.01.2024|5000012569|1|DIESEL001|Diesel|261|757.503|L|51882.75|INR|V-K001|Auffuellung Generator Kolkata|KST-OPS-02|SL07|AKUMAR
100|1000|PL07|27.01.2024|24.01.2024|5000012569|1|DIESEL001|Diesel|261|402.801|L|30069.66|INR|V-K010|Nutzung Wartung Kolkata|KST-LOG-01|SL07|GMISHRA
100|1000|PL07|25.01.2024|25.01.2024|5000012571|1|DIESEL001|Dieselkraftstoff|261|763.949|L|56531.69|INR|V-K009|Nutzung Kantine Kolkata|KST-FAC-07|SL07|GMISHRA
100|1000|PL07|27.01.2024|26.01.2024|5000012572|1|DIESEL001|Dieselkraftstoff|261|796.43|L|55246.89|INR|V-K004|Entnahme Wartung Kolkata|KST-FAC-07|SL07|SNEHA
100|1000|PL07|26.01.2024|24.01.2024|5000012573|1|DIESEL001|Diesel|261|704.238|L|52614.5|INR|V-K007|Nutzung Kantine Kolkata|KST-LOG-02|SL07|GMISHRA
100|1000|PL07|15.01.2024|15.01.2024|5000012574|1|FURNACE1|Schweroelkraftstoff|261|409.112|L|31853.18|INR|V-K005|Verbrauch Kantine Kolkata|KST-FAC-03|SL07|ASAXEN
100|1000|PL07|01.01.2024|30.12.2023|5000012575|1|FURNACE1|Heizoel EL|261|449.208|L|34485.45|INR|V-RELI1|Auffuellung Heizung Kolkata|KST-LOG-01|SL07|BCHATT
100|1000|PL07|21.01.2024|19.01.2024|5000012576|1|FURNACE1|Schweroelkraftstoff|261|644.888|L|50724.8|INR|V-K001|Auffuellung Heizung Kolkata|KST-FAC-07|SL07|KVELU
100|1000|PL07|18.01.2024|17.01.2024|5000012577|1|FURNACE1|Heizoel EL|261|578.229|L|42693.52|INR|V-K002|Auffuellung Fahrzeugflotte Kolkata|KST-FAC-05|SL07|PSINGH
100|1000|PL07|23.01.2024|21.01.2024|5000012578|1|LPG00001|Fluessiggas|261|38.989|KG|3259.37|INR|V-K006|Verbrauch DG-Set Kolkata|KST-PRD-01|SL07|RJOSHI
100|1000|PL07|26.01.2024|24.01.2024|5000012579|1|LPG00001|Fluessiggas|261|32.569|KG|3042.87|INR|V-K004|Nutzung Wartung Kolkata|KST-LOG-01|SL07|ASAXEN
100|1000|PL07|07.01.2024|06.01.2024|5000012580|1|LPG00001|LPG|261|56.981|KG|5249.5|INR|V-HPCL1|Tanken Heizung Kolkata|KST-FAC-05|SL07|RPANDEY
100|1000|PL07|07.02.2024|06.02.2024|5000012581|1|DIESEL001|Diesel|261|398.283|L|29223.89|INR|V-K003|Nutzung Kantine Kolkata|KST-OPS-01|SL07|KVELU
100|1000|PL07|27.02.2024|27.02.2024|5000012582|1|DIESEL001|Dieselkraftstoff|261||L||INR|V-K008|Nutzung Produktion Kolkata|KST-LOG-01|SL07|KVELU
100|1000|PL07|04.02.2024|01.02.2024|5000012583|1|DIESEL001|Diesel|261|788.377|L|60224.81|INR|V-K004|Tanken Wartung Kolkata|KST-FAC-01|SL07|MGUPTA
100|1000|PL07|03.02.2024|01.02.2024|5000012584|1|DIESEL001|Diesel|261|407.481|L|31038.92|INR|V-K008|Auffuellung Fahrzeugflotte Kolkata|KST-LOG-02|SL07|MGUPTA
100|1000|PL07|26.02.2024|24.02.2024|5000012585|1|DIESEL001|Dieselkraftstoff|261|504.947|L|36166.21|INR|V-K008|Tanken Notstromaggregat Kolkata|KST-FAC-05|SL07|DRAO
100|1000|PL07|03.02.2024|03.02.2024|5000012586|1|FURNACE1|Heizoel EL|261|519.871|L|40355.17|INR|V-K010|Entnahme Kantine Kolkata|KST-OPS-03|SL07|AKUMAR
100|1000|PL07|12.02.2024|10.02.2024|5000012587|1|FURNACE1|Heizoel EL|261|564.947|L|45145.32|INR|V-K009|Nutzung Fahrzeugflotte Kolkata|KST-OPS-01|SL07|SPRIYA
100|1000|PL07|16.02.2024|16.02.2024|5000012588|1|FURNACE1|Heizoel EL|261|532.586|L|42149.0|INR|V-RELI1||KST-FAC-02|SL07|GMISHRA
100|1000|PL07|02.02.2024|30.01.2024|5000012589|1|FURNACE1|Heizoel EL|261|592.608|L|43033.23|INR|V-K004|Nutzung Produktion Kolkata|KST-OPS-01|SL07|KVELU
100|1000|PL07|15.02.2024|14.02.2024|5000012590|1|LPG00001|LPG|261|57.188|KG|4969.66|INR|V-ESSAR|Verbrauch Fahrzeugflotte Kolkata|KST-LOG-02|SL07|VMEHTA
100|1000|PL07|20.02.2024|20.02.2024|5000012591|1|LPG00001|Fluessiggas|261|24.707|KG|2354.96|INR|V-HPCL1|Verbrauch Generator Kolkata|KST-PRD-02|SL07|GMISHRA
100|1000|PL07|14.02.2024|11.02.2024|5000012592|1|LPG00001|LPG|261|49.845|KG|4318.8|INR|V-K001|Auffuellung Heizung Kolkata|KST-LOG-01|SL07|MGUPTA
100|1000|PL07|01.03.2024|29.02.2024|5000012592|1|DIESEL001|Dieselkraftstoff|261|785.859|L|57725.56|INR|V-BPCL1|Nutzung Fahrzeugflotte Kolkata|KST-FAC-03|SL07|ASAXEN
100|1000|PL07|04.03.2024|02.03.2024|5000012594|1|DIESEL001|Dieselkraftstoff|261|403.361|L|26894.11|INR|V-IOCL1|Verbrauch Fahrzeugflotte Kolkata|KST-FAC-05|SL07|TLAXMAN
100|1000|PL07|20.03.2024|19.03.2024|5000012595|1|DIESEL001|Dieselkraftstoff|261|479.108|L|33682.36|INR|V-K001|Tanken Produktion Kolkata|KST-LOG-02|SL07|SPRIYA
100|1000|PL07|09.03.2024|09.03.2024|5000012596|1|DIESEL001|Dieselkraftstoff|261|641.309|L|43687.14|INR|V-IOCL1|Nutzung Produktion Kolkata|KST-FAC-03|SL07|TLAXMAN
100|1000|PL07|01.03.2024|01.03.2024|5000012597|1|DIESEL001|Diesel|261|364.011|L|28084.8|INR|V-BPCL1|Verbrauch Fahrzeugflotte Kolkata|KST-FAC-05|SL07|ASAXEN
100|1000|PL07|10.03.2024|10.03.2024|5000012598|1|FURNACE1|Heizoel EL|261|504.977|L|35182.25|INR|V-K005|Nutzung Produktion Kolkata|KST-FAC-07|SL07|BCHATT
100|1000|PL07|15.03.2024|12.03.2024|5000012599|1|FURNACE1|Schweroelkraftstoff|261|648.239|L|48815.78|INR|V-BPCL1|Verbrauch Generator Kolkata|KST-LOG-03|SL07|DRAO
100|1000|PL07|12.03.2024|12.03.2024|5000012600|1|FURNACE1|Heizoel EL|261|468.709|L|33397.17|INR|V-ESSAR|Auffuellung Generator Kolkata|KST-MNT-01|SL07|VMEHTA
100|1000|PL07|17.03.2024|15.03.2024|5000012601|1|FURNACE1|Heizoel EL|261|641.87|L|47886.36|INR|V-K009|Auffuellung Fahrzeugflotte Kolkata|KST-PRD-01|SL07|NREDDY
100|1000|PL07|08.03.2024|08.03.2024|5000012602|1|LPG00001|Fluessiggas|261|43.008|KG|4088.96|INR|V-K005|Tanken Produktion Kolkata|KST-LOG-01|SL07|BCHATT
100|1000|PL07|01.03.2024|28.02.2024|5000012603|1|LPG00001|LPG|261|43.408|KG|4039.86|INR|V-K010|Entnahme Kantine Kolkata|KST-LOG-03|SL07|SNEHA
100|1000|PL07|02.03.2024|01.03.2024|5000012604|1|LPG00001|LPG|261|21.07|KG|1869.9|INR|V-K006|Verbrauch Produktion Kolkata|KST-PRD-01|SL07|TLAXMAN
100|1000|PL07|28.04.2024|26.04.2024|5000012605|1|DIESEL001|Dieselkraftstoff|261|729.401|L|54296.61|INR|V-HPCL1|Entnahme Notstromaggregat Kolkata|KST-FAC-02|SL07|DRAO
100|1000|PL07|16.04.2024|14.04.2024|5000012606|1|DIESEL001|Diesel|261|587.212|L|40817.23|INR|V-K009|Nutzung Heizung Kolkata|KST-OPS-03|SL07|SPRIYA
100|1000|PL07|16.04.2024|13.04.2024|5000012607|1|DIESEL001|Dieselkraftstoff|261|308.513|L|21448.89|INR|V-K005|Entnahme Notstromaggregat Kolkata|KST-MNT-01|SL07|MGUPTA
100|1000|PL07|09.04.2024|09.04.2024|5000012608|1|DIESEL001|Diesel|261|513.186|L|37325.62|INR|V-K008|Nutzung Heizung Kolkata|KST-OPS-03|SL07|AKUMAR
100|1000|PL07|11.04.2024|11.04.2024|5000012609|1|DIESEL001|Dieselkraftstoff|261|688.262|L|47679.77|INR|V-K005|Verbrauch Notstromaggregat Kolkata|KST-PRD-02|SL07|AKUMAR
100|1000|PL07|05.04.2024|02.04.2024|5000012610|1|FURNACE1|Schweroelkraftstoff|261|412.201|L|33100.96|INR|V-BPCL1|Entnahme Fahrzeugflotte Kolkata|KST-FAC-01|SL07|NREDDY
100|1000|PL07|02.04.2024|31.03.2024|5000012611|1|FURNACE1|Schweroelkraftstoff|261|682.172|L|49039.92|INR|V-K006|Entnahme DG-Set Kolkata|KST-MNT-01|SL07|RPANDEY
100|1000|PL07|04.04.2024|01.04.2024|5000012612|1|FURNACE1|Heizoel EL|261|341.592|L|27372.97|INR|V-HPCL1|Nutzung Produktion Kolkata|KST-FAC-05|SL07|GMISHRA
100|1000|PL07|25.04.2024|25.04.2024|5000012613|1|FURNACE1|Schweroelkraftstoff|261|694.831|L|48707.58|INR|V-K001|Tanken Produktion Kolkata|KST-FAC-01|SL07|VMEHTA
100|1000|PL07|11.04.2024|08.04.2024|5000012614|1|LPG00001|LPG|261|50.638|KG|4716.53|INR|V-K007|Nutzung Heizung Kolkata|KST-FAC-05|SL07|MGUPTA
100|1000|PL07|28.04.2024|28.04.2024|5000012615|1|LPG00001|LPG|261|21.442|KG|2072.9|INR|V-K006||KST-LOG-03|SL07|NREDDY
100|1000|PL07|03.04.2024|03.04.2024|5000012616|1|LPG00001|LPG|261|34.872|KG|2986.28|INR|V-RELI1||KST-OPS-03|SL07|PSINGH
100|1000|PL07|13.05.2024|11.05.2024|5000012617|1|DIESEL001|Dieselkraftstoff|261|316.489|L|23465.25|INR|V-K010|Tanken DG-Set Kolkata|KST-FAC-01|SL07|GMISHRA
100|1000|PL07|01.05.2024|30.04.2024|5000012618|1|DIESEL001|Diesel|261|559.38|L|43460.55|INR|V-K004|Entnahme Generator Kolkata|KST-FAC-02|SL07|MGUPTA
100|1000|PL07|25.05.2024|22.05.2024|5000012619|1|DIESEL001|Diesel|261|516.138|L|39433.1|INR|V-BPCL1|Nutzung Generator Kolkata|KST-LOG-01|SL07|RJOSHI
100|1000|PL07|06.05.2024|04.05.2024|5000012620|1|DIESEL001|Dieselkraftstoff|261|671.429|L|46734.83|INR|V-K007|Auffuellung Notstromaggregat Kolkata|KST-FAC-02|SL07|VMEHTA
100|1000|PL07|21.05.2024|20.05.2024|5000012621|1|DIESEL001|Dieselkraftstoff|261|680.813|L|48501.64|INR|V-IOCL1|Nutzung Notstromaggregat Kolkata|KST-LOG-01|SL07|DRAO
100|1000|PL07|15.05.2024|13.05.2024|5000012622|1|FURNACE1|Schweroelkraftstoff|261|524.223|L|38613.24|INR|V-ESSAR|Verbrauch Produktion Kolkata|KST-FAC-05|SL07|VMEHTA
100|1000|PL07|08.05.2024|08.05.2024|5000012623|1|FURNACE1|Schweroelkraftstoff|261|398.627|L|28992.71|INR|V-K001|Nutzung Fahrzeugflotte Kolkata|KST-LOG-03|SL07|SNEHA
100|1000|PL07|28.05.2024|25.05.2024|5000012624|1|FURNACE1|Schweroelkraftstoff|261|594.553|L|43810.04|INR|V-K002|Nutzung DG-Set Kolkata|KST-OPS-02|SL07|RPANDEY
100|1000|PL07|27.05.2024|26.05.2024|5000012625|1|FURNACE1|Heizoel EL|261|359.347|L|27512.23|INR|V-K007|Tanken Heizung Kolkata|KST-FAC-07|SL07|MGUPTA
100|1000|PL07|15.05.2024|14.05.2024|5000012626|1|LPG00001|Fluessiggas|261|39.439|KG|3418.8|INR|V-K002|Auffuellung Produktion Kolkata|KST-LOG-01|SL07|PSINGH
100|1000|PL07|16.05.2024|15.05.2024|5000012627|1|LPG00001|Fluessiggas|261|57.13|KG|5000.08|INR|V-ESSAR|Entnahme Produktion Kolkata|KST-LOG-03|SL07|DRAO
100|1000|PL07|27.05.2024|24.05.2024|5000012628|1|LPG00001|LPG|261||KG||INR|V-RELI1|Entnahme Wartung Kolkata|KST-OPS-03|SL07|BCHATT
100|1000|PL07|09.06.2024|07.06.2024|5000012629|1|DIESEL001|Diesel|261|407.418|L|28039.6|INR|V-K002|Auffuellung Kantine Kolkata|KST-FAC-05|SL07|VMEHTA
100|1000|PL07|06.06.2024|06.06.2024|5000012630|1|DIESEL001|Dieselkraftstoff|261|445.92|L|33056.57|INR|V-BPCL1|Tanken Heizung Kolkata|KST-MNT-01|SL07|AKUMAR
100|1000|PL07|11.06.2024|11.06.2024|5000012631|1|DIESEL001|Dieselkraftstoff|261|585.825|L|43331.2|INR|V-K007|Verbrauch Produktion Kolkata|KST-LOG-03|SL07|DRAO
100|1000|PL07|28.06.2024|26.06.2024|5000012632|1|DIESEL001|Dieselkraftstoff|261|571.712|L|44383.16|INR|V-BPCL1|Entnahme Wartung Kolkata|KST-LOG-01|SL07|TLAXMAN
100|1000|PL07|14.06.2024|13.06.2024|5000012633|1|DIESEL001|Dieselkraftstoff|261|727.104|L|53958.38|INR|V-K004|Entnahme Fahrzeugflotte Kolkata|KST-LOG-01|SL07|PSINGH
100|1000|PL07|24.06.2024|24.06.2024|5000012634|1|FURNACE1|Schweroelkraftstoff|261|269.448|L|19002.26|INR|V-K008|Auffuellung Wartung Kolkata|KST-MNT-01|SL07|RPANDEY
100|1000|PL07|12.06.2024|12.06.2024|5000012635|1|FURNACE1|Schweroelkraftstoff|261|631.26|L|48884.45|INR|V-K002|Auffuellung Heizung Kolkata|KST-PRD-02|SL07|AKUMAR
100|1000|PL07|02.06.2024|31.05.2024|5000012636|1|FURNACE1|Heizoel EL|261|532.38|L|42463.8|INR|V-K001||KST-OPS-02|SL07|GMISHRA
100|1000|PL07|25.06.2024|24.06.2024|5000012637|1|FURNACE1|Heizoel EL|261|298.931|L|22261.18|INR|V-RELI1|Entnahme Heizung Kolkata|KST-OPS-02|SL07|SPRIYA
100|1000|PL07|27.06.2024|26.06.2024|5000012638|1|LPG00001|Fluessiggas|261|31.337|KG|2651.68|INR|V-K003|Entnahme Fahrzeugflotte Kolkata|KST-FAC-05|SL07|GMISHRA
100|1000|PL07|06.06.2024|05.06.2024|5000012639|1|LPG00001|Fluessiggas|261|36.068|KG|3489.2|INR|V-HPCL1|Auffuellung Produktion Kolkata|KST-FAC-02|SL07|SNEHA
100|1000|PL07|05.06.2024|02.06.2024|5000012640|1|LPG00001|LPG|261|57.607|KG|5329.35|INR|V-BPCL1|Auffuellung Generator Kolkata|KST-OPS-03|SL07|RJOSHI
100|1000|PL07|01.07.2024|01.07.2024|5000012641|1|DIESEL001|Diesel|261|751.71|L|57738.59|INR|V-K001||KST-LOG-02|SL07|GMISHRA
100|1000|PL07|15.07.2024|15.07.2024|5000012642|1|DIESEL001|Dieselkraftstoff|261|785.736|L|56777.11|INR|V-BPCL1|Verbrauch Produktion Kolkata|KST-FAC-01|SL07|TLAXMAN
100|1000|PL07|26.07.2024|25.07.2024|5000012643|1|DIESEL001|Dieselkraftstoff|261|680.12|L|45181.98|INR|V-K005|Tanken Wartung Kolkata|KST-LOG-02|SL07|BCHATT
100|1000|PL07|11.07.2024|08.07.2024|5000012644|1|DIESEL001|Dieselkraftstoff|261|748.192|L|51183.62|INR|V-K004|Entnahme Kantine Kolkata|KST-OPS-03|SL07|RJOSHI
100|1000|PL07|14.07.2024|12.07.2024|5000012645|1|DIESEL001|Diesel|261|669.608|L|45455.49|INR|V-HPCL1|Auffuellung Fahrzeugflotte Kolkata|KST-OPS-02|SL07|NREDDY
100|1000|PL07|25.07.2024|23.07.2024|5000012646|1|FURNACE1|Heizoel EL|261|272.457|L|19729.48|INR|V-K004|Tanken Produktion Kolkata|KST-FAC-01|SL07|GMISHRA
100|1000|PL07|16.07.2024|14.07.2024|5000012647|1|FURNACE1|Schweroelkraftstoff|261|337.079|L|23472.57|INR|V-K005|Auffuellung Heizung Kolkata|KST-FAC-05|SL07|AKUMAR
100|1000|PL07|15.07.2024|12.07.2024|5000012648|1|FURNACE1|Heizoel EL|261|537.904|KG|42190.76|INR|V-K005|Verbrauch Produktion Kolkata|KST-OPS-01|SL07|SPRIYA
100|1000|PL07|23.07.2024|22.07.2024|5000012649|1|FURNACE1|Heizoel EL|261|638.174|L|48840.12|INR|V-K008|Auffuellung Wartung Kolkata|KST-MNT-01|SL07|NREDDY
100|1000|PL07|17.07.2024|17.07.2024|5000012650|1|LPG00001|LPG|261|35.144|KG|2928.55|INR|V-BPCL1|Verbrauch Fahrzeugflotte Kolkata|KST-PRD-01|SL07|PSINGH
100|1000|PL07|25.07.2024|25.07.2024|5000012651|1|LPG00001|Fluessiggas|261|47.425|KG|4536.28|INR|V-K010|Tanken Notstromaggregat Kolkata|KST-LOG-01|SL07|KVELU
100|1000|PL07|19.07.2024|18.07.2024|5000012652|1|LPG00001|LPG|261|31.501|KG|2843.77|INR|V-K005|Auffuellung Produktion Kolkata|KST-FAC-05|SL07|RJOSHI
100|1000|PL07|27.08.2024|26.08.2024|5000012653|1|DIESEL001|Diesel|261|585.467|L|41267.44|INR|V-K007||KST-FAC-03|SL07|ASAXEN
100|1000|PL07|09.08.2024|06.08.2024|5000012654|1|DIESEL001|Dieselkraftstoff|261|734.674|L|56118.87|INR|V-BPCL1|Verbrauch Wartung Kolkata|KST-FAC-07|SL07|SNEHA
100|1000|PL07|01.08.2024|31.07.2024|5000012655|1|DIESEL001|Diesel|261|693.818|L|46476.88|INR|V-RELI1|Nutzung Heizung Kolkata|KST-PRD-01|SL07|RJOSHI
100|1000|PL07|14.08.2024|14.08.2024|5000012656|1|DIESEL001|Dieselkraftstoff|261|594.784|L|39422.39|INR|V-K001|Verbrauch Notstromaggregat Kolkata|KST-MNT-01|SL07|RJOSHI
100|1000|PL07|23.08.2024|20.08.2024|5000012657|1|DIESEL001|Dieselkraftstoff|261|563.691|L|42819.65|INR|V-K008|Entnahme Fahrzeugflotte Kolkata|KST-MNT-01|SL07|SPRIYA
100|1000|PL07|03.08.2024|01.08.2024|5000012658|1|FURNACE1|Schweroelkraftstoff|261|310.359|L|21896.85|INR|V-K006|Nutzung Wartung Kolkata|KST-LOG-03|SL07|GMISHRA
100|1000|PL07|10.08.2024|07.08.2024|5000012659|1|FURNACE1|Heizoel EL|261|683.863|L|52403.66|INR|V-BPCL1|Nutzung DG-Set Kolkata|KST-LOG-02|SL07|KVELU
100|1000|PL07|05.08.2024|05.08.2024|5000012660|1|FURNACE1|Schweroelkraftstoff|261|639.394|L|45039.88|INR|V-RELI1|Entnahme Kantine Kolkata|KST-PRD-01|SL07|RPANDEY
100|1000|PL07|24.08.2024|23.08.2024|5000012661|1|FURNACE1|Schweroelkraftstoff|261|270.198|L|18986.84|INR|V-HPCL1|Entnahme Heizung Kolkata|KST-LOG-01|SL07|BCHATT
100|1000|PL07|12.08.2024|12.08.2024|5000012662|1|LPG00001|Fluessiggas|261|49.233|KG|4428.59|INR|V-K005|Auffuellung Produktion Kolkata|KST-FAC-07|SL07|SPRIYA
100|1000|PL07|21.08.2024|19.08.2024|5000012663|1|LPG00001|Fluessiggas|261|41.482|KG|3795.75|INR|V-K003|Tanken Heizung Kolkata|KST-OPS-03|SL07|DRAO
100|1000|PL07|02.08.2024|30.07.2024|5000012664|1|LPG00001|LPG|261|37.031|KG|3145.46|INR|V-K002|Nutzung Heizung Kolkata|KST-FAC-05|SL07|TLAXMAN
100|1000|PL07|07.09.2024|05.09.2024|5000012665|1|DIESEL001|Dieselkraftstoff|261|639.122|L|42897.23|INR|V-K004|Nutzung DG-Set Kolkata|KST-FAC-03|SL07|RJOSHI
100|1000|PL07|17.09.2024|14.09.2024|5000012666|1|DIESEL001|Diesel|261|416.071|L|29149.39|INR|V-K003|Nutzung Notstromaggregat Kolkata|KST-LOG-03|SL07|TLAXMAN
100|1000|PL07|09.09.2024|06.09.2024|5000012667|1|DIESEL001|Dieselkraftstoff|261|356.868|L|25296.67|INR|V-K005|Verbrauch DG-Set Kolkata|KST-FAC-03|SL07|BCHATT
100|1000|PL07|26.09.2024|25.09.2024|5000012668|1|DIESEL001|Dieselkraftstoff|261|589.505|L|43427.64|INR|V-ESSAR|Auffuellung Notstromaggregat Kolkata|KST-PRD-02|SL07|RJOSHI
100|1000|PL07|12.09.2024|12.09.2024|5000012669|1|DIESEL001|Diesel|261|462.828|L|34177.59|INR|V-K010|Tanken DG-Set Kolkata|KST-FAC-07|SL07|AKUMAR
100|1000|PL07|22.09.2024|20.09.2024|5000012670|1|FURNACE1|Heizoel EL|261|385.814|L|28240.39|INR|V-K002|Tanken DG-Set Kolkata|KST-FAC-03|SL07|BCHATT
100|1000|PL07|15.09.2024|14.09.2024|5000012671|1|FURNACE1|Heizoel EL|261|528.505|L|41116.04|INR|V-RELI1|Entnahme DG-Set Kolkata|KST-FAC-07|SL07|DRAO
100|1000|PL07|20.09.2024|18.09.2024|5000012672|1|FURNACE1|Heizoel EL|261|339.76|L|25628.13|INR|V-K001|Auffuellung Fahrzeugflotte Kolkata|KST-LOG-01|SL07|KVELU
100|1000|PL07|13.09.2024|11.09.2024|5000012673|1|FURNACE1|Heizoel EL|261|598.305|L|47858.68|INR|V-HPCL1||KST-OPS-02|SL07|BCHATT
100|1000|PL07|05.09.2024|02.09.2024|5000012674|1|LPG00001|LPG|261|30.418|KG|2640.56|INR|V-K001|Tanken Wartung Kolkata|KST-MNT-01|SL07|AKUMAR
100|1000|PL07|20.09.2024|20.09.2024|5000012675|1|LPG00001|Fluessiggas|261|58.375|KG|5558.6|INR|V-K006|Nutzung Generator Kolkata|KST-LOG-01|SL07|PSINGH
100|1000|PL07|04.09.2024|04.09.2024|5000012676|1|LPG00001|LPG|261|48.666|KG|4161.75|INR|V-IOCL1|Entnahme Kantine Kolkata|KST-MNT-01|SL07|AKUMAR
100|1000|PL07|27.10.2024|26.10.2024|5000012677|1|DIESEL001|Diesel|261|393.688|L|27594.14|INR|V-K003|Verbrauch Produktion Kolkata|KST-OPS-03|SL07|RJOSHI
100|1000|PL07|23.10.2024|21.10.2024|5000012678|1|DIESEL001|Diesel|261|611.492|L|41520.23|INR|V-K008|Entnahme Heizung Kolkata|KST-MNT-01|SL07|ASAXEN
100|1000|PL07|22.10.2024|20.10.2024|5000012679|1|DIESEL001|Dieselkraftstoff|261|438.097|L|29332.75|INR|V-K006|Tanken Fahrzeugflotte Kolkata|KST-FAC-02|SL07|ASAXEN
100|1000|PL07|14.10.2024|14.10.2024|5000012680|1|DIESEL001|Dieselkraftstoff|261|763.169|L|59214.63|INR|V-HPCL1|Auffuellung DG-Set Kolkata|KST-OPS-02|SL07|DRAO
100|1000|PL07|03.10.2024|01.10.2024|5000012681|1|DIESEL001|Dieselkraftstoff|261||L||INR|V-K002|Entnahme Fahrzeugflotte Kolkata|KST-FAC-03|SL07|SPRIYA
100|1000|PL07|20.10.2024|18.10.2024|5000012682|1|FURNACE1|Schweroelkraftstoff|261|363.892|L|27417.58|INR|V-K002|Entnahme Wartung Kolkata|KST-FAC-01|SL07|PSINGH
100|1000|PL07|12.10.2024|12.10.2024|5000012683|1|FURNACE1|Heizoel EL|261|483.05|L|36792.66|INR|V-K007|Nutzung Generator Kolkata|KST-PRD-02|SL07|BCHATT
100|1000|PL07|15.10.2024|15.10.2024|5000012684|1|FURNACE1|Schweroelkraftstoff|261|577.162|L|43743.01|INR|V-HPCL1|Tanken Generator Kolkata|KST-LOG-02|SL07|VMEHTA
100|1000|PL07|21.10.2024|21.10.2024|5000012685|1|FURNACE1|Schweroelkraftstoff|261|322.015|L|24566.93|INR|V-K005|Nutzung Produktion Kolkata|KST-PRD-02|SL07|RJOSHI
100|1000|PL07|23.10.2024|20.10.2024|5000012685|1|LPG00001|Fluessiggas|261|43.22|KG|3683.43|INR|V-K002|Tanken Generator Kolkata|KST-OPS-03|SL07|ASAXEN
100|1000|PL07|15.10.2024|13.10.2024|5000012687|1|LPG00001|Fluessiggas|261|26.086|KG|2350.03|INR|V-K010|Entnahme Wartung Kolkata|KST-LOG-01|SL07|MGUPTA
100|1000|PL07|12.10.2024|10.10.2024|5000012688|1|LPG00001|Fluessiggas|261|47.641|KG|4072.7|INR|V-IOCL1|Auffuellung Generator Kolkata|KST-FAC-07|SL07|GMISHRA
100|1000|PL07|14.11.2024|12.11.2024|5000012689|1|DIESEL001|Diesel|261|646.924|L|50276.07|INR|V-K003|Tanken Generator Kolkata|KST-OPS-02|SL07|BCHATT
100|1000|PL07|04.11.2024|03.11.2024|5000012690|1|DIESEL001|Dieselkraftstoff|261|558.691|L|38409.02|INR|V-K009|Verbrauch Kantine Kolkata|KST-OPS-03|SL07|KVELU
100|1000|PL07|06.11.2024|04.11.2024|5000012691|1|DIESEL001|Dieselkraftstoff|261|663.633|L|49513.39|INR|V-K003|Verbrauch DG-Set Kolkata|KST-FAC-07|SL07|GMISHRA
100|1000|PL07|01.11.2024|31.10.2024|5000012692|1|DIESEL001|Diesel|261|423.449|L|31744.8|INR|V-K007||KST-PRD-02|SL07|SPRIYA
100|1000|PL07|15.11.2024|12.11.2024|5000012693|1|DIESEL001|Diesel|261|314.819|L|23098.84|INR|V-IOCL1|Nutzung Notstromaggregat Kolkata|KST-LOG-03|SL07|RPANDEY
100|1000|PL07|21.11.2024|18.11.2024|5000012694|1|FURNACE1|Schweroelkraftstoff|261|659.48|L|53191.08|INR|V-K008|Tanken Notstromaggregat Kolkata|KST-MNT-01|SL07|SPRIYA
100|1000|PL07|21.11.2024|19.11.2024|5000012695|1|FURNACE1|Heizoel EL|261|607.071|L|42264.96|INR|V-K001|Tanken Fahrzeugflotte Kolkata|KST-PRD-02|SL07|RPANDEY
100|1000|PL07|23.11.2024|20.11.2024|5000012696|1|FURNACE1|Heizoel EL|261|377.646|L|30474.34|INR|V-K006|Nutzung Heizung Kolkata|KST-OPS-02|SL07|VMEHTA
100|1000|PL07|19.11.2024|18.11.2024|5000012697|1|FURNACE1|Schweroelkraftstoff|261|699.14|L|54314.1|INR|V-K010|Verbrauch Generator Kolkata|KST-FAC-03|SL07|MGUPTA
100|1000|PL07|26.11.2024|25.11.2024|5000012698|1|LPG00001|Fluessiggas|261|56.313|KG|5449.5|INR|V-K008|Tanken Notstromaggregat Kolkata|KST-LOG-03|SL07|MGUPTA
100|1000|PL07|24.11.2024|24.11.2024|5000012699|1|LPG00001|LPG|261|27.226|KG|2392.43|INR|V-K004|Auffuellung Heizung Kolkata|KST-LOG-01|SL07|AKUMAR
100|1000|PL07|03.11.2024|03.11.2024|5000012700|1|LPG00001|LPG|261|47.268|KG|4372.87|INR|V-K005|Auffuellung Fahrzeugflotte Kolkata|KST-FAC-07|SL07|BCHATT
100|1000|PL07|27.12.2024|24.12.2024|5000012701|1|DIESEL001|Dieselkraftstoff|261|547.809|L|40850.9|INR|V-K005|Nutzung Wartung Kolkata|KST-FAC-02|SL07|TLAXMAN
100|1000|PL07|07.12.2024|05.12.2024|5000012702|1|DIESEL001|Diesel|261|488.942|L|37784.64|INR|V-K009|Nutzung Produktion Kolkata|KST-OPS-01|SL07|RPANDEY
100|1000|PL07|03.12.2024|01.12.2024|5000012703|1|DIESEL001|Diesel|261|669.924|L|45697.89|INR|V-K006|Verbrauch Fahrzeugflotte Kolkata|KST-FAC-01|SL07|AKUMAR
100|1000|PL07|24.12.2024|22.12.2024|5000012704|1|DIESEL001|Dieselkraftstoff|261|475.509|L|33762.65|INR|V-ESSAR|Tanken Fahrzeugflotte Kolkata|KST-PRD-01|SL07|BCHATT
100|1000|PL07|20.12.2024|17.12.2024|5000012705|1|DIESEL001|Diesel|261|454.311|L|31299.36|INR|V-K004|Nutzung Fahrzeugflotte Kolkata|KST-PRD-02|SL07|GMISHRA
100|1000|PL07|28.12.2024|26.12.2024|5000012706|1|FURNACE1|Heizoel EL|261|363.314|L|27233.85|INR|V-K004|Entnahme Notstromaggregat Kolkata|KST-OPS-03|SL07|VMEHTA
100|1000|PL07|28.12.2024|28.12.2024|5000012707|1|FURNACE1|Heizoel EL|261|647.584|L|46023.71|INR|V-K003|Nutzung Heizung Kolkata|KST-OPS-02|SL07|MGUPTA
100|1000|PL07|12.12.2024|10.12.2024|5000012708|1|FURNACE1|Schweroelkraftstoff|261|583.776|L|42523.35|INR|V-K002|Auffuellung Wartung Kolkata|KST-OPS-03|SL07|RPANDEY
100|1000|PL07|08.12.2024|05.12.2024|5000012709|1|FURNACE1|Heizoel EL|261|281.649|L|22277.07|INR|V-K002|Nutzung Wartung Kolkata|KST-OPS-01|SL07|RPANDEY
100|1000|PL07|06.12.2024|05.12.2024|5000012710|1|LPG00001|Fluessiggas|261|52.656|KG|4613.42|INR|V-IOCL1||KST-OPS-01|SL07|ASAXEN
100|1000|PL07|27.12.2024|27.12.2024|5000012711|1|LPG00001|Fluessiggas|261|29.738|KG|2696.61|INR|V-K001|Nutzung DG-Set Kolkata|KST-OPS-01|SL07|RPANDEY
100|1000|PL07|10.12.2024|10.12.2024|5000012712|1|LPG00001|LPG|261|20.949|KG|1748.32|INR|V-K002|Nutzung Notstromaggregat Kolkata|KST-LOG-03|SL07|GMISHRA
100|1000|PL08|21.01.2023|20.01.2023|5000012713|1|DIESEL001|Dieselkraftstoff|261|1511.386|L|110675.52|INR|V-K001|Tanken Kantine Ahmedabad|KST-LOG-03|SL08|PSINGH
100|1000|PL08|07.01.2023|05.01.2023|5000012714|1|DIESEL001|Diesel|261|906.975|L|63283.44|INR|V-K006||KST-MNT-01|SL08|AKUMAR
100|1000|PL08|01.01.2023|30.12.2022|5000012715|1|DIESEL001|Diesel|261||L||INR|V-K004|Entnahme Kantine Ahmedabad|KST-FAC-03|SL08|DRAO
100|1000|PL08|05.01.2023|05.01.2023|5000012716|1|DIESEL001|Diesel|261|1511.807|L|112065.67|INR|V-K006|Entnahme DG-Set Ahmedabad|KST-PRD-02|SL08|GMISHRA
100|1000|PL08|22.01.2023|22.01.2023|5000012717|1|DIESEL001|Diesel|261|1053.327|L|78397.13|INR|V-HPCL1|Nutzung Notstromaggregat Ahmedabad|KST-LOG-02|SL08|MGUPTA
100|1000|PL08|16.01.2023|13.01.2023|5000012718|1|DIESEL001|Diesel|261|1482.66|L|112981.85|INR|V-IOCL1|Nutzung Generator Ahmedabad|KST-OPS-03|SL08|AKUMAR
100|1000|PL08|18.01.2023|17.01.2023|5000012719|1|DIESEL001|Diesel|261|1371.868|L|91531.87|INR|V-K005|Auffuellung Produktion Ahmedabad|KST-OPS-02|SL08|DRAO
100|1000|PL08|24.01.2023|21.01.2023|5000012720|1|DIESEL001|Dieselkraftstoff|261|1374.241|L|104142.74|INR|V-K009||KST-LOG-03|SL08|RPANDEY
100|1000|PL08|19.01.2023|16.01.2023|5000012721|1|DIESEL001|Diesel|261|1473.497|L|108237.02|INR|V-K008|Nutzung Heizung Ahmedabad|KST-FAC-03|SL08|KVELU
100|1000|PL08|19.01.2023|19.01.2023|5000012722|1|LPG00001|LPG|261|73.843|KG|6263.29|INR|V-K005|Nutzung DG-Set Ahmedabad|KST-FAC-01|SL08|TLAXMAN
100|1000|PL08|15.01.2023|15.01.2023|5000012723|1|LPG00001|LPG|261|75.166|KG|6470.43|INR|V-K008|Entnahme Generator Ahmedabad|KST-OPS-03|SL08|RJOSHI
100|1000|PL08|25.01.2023|23.01.2023|5000012724|1|LPG00001|Fluessiggas|261|95.864|KG|8194.18|INR|V-IOCL1|Verbrauch Produktion Ahmedabad|KST-FAC-03|SL08|NREDDY
100|1000|PL08|09.01.2023|07.01.2023|5000012725|1|LPG00001|Fluessiggas|261|95.018|KG|8573.72|INR|V-K008|Nutzung DG-Set Ahmedabad|KST-LOG-01|SL08|BCHATT
100|1000|PL08|21.01.2023|20.01.2023|5000012726|1|CNGFUEL1|Komprimiertes Erdgas|261|237.211|KG|18674.75|INR|V-K001||KST-FAC-02|SL08|RPANDEY
100|1000|PL08|25.01.2023|23.01.2023|5000012727|1|CNGFUEL1|Erdgas CNG|261|236.767|KG|18917.02|INR|V-BPCL1|Nutzung Fahrzeugflotte Ahmedabad|KST-FAC-03|SL08|SPRIYA
100|1000|PL08|09.01.2023|09.01.2023|5000012728|1|CNGFUEL1|Komprimiertes Erdgas|261|271.462|KG|23266.07|INR|V-K007|Entnahme DG-Set Ahmedabad|KST-FAC-02|SL08|VMEHTA
100|1000|PL08|25.02.2023|23.02.2023|5000012729|1|DIESEL001|Diesel|261|1588.471|L|106305.35|INR|V-K008|Tanken Notstromaggregat Ahmedabad|KST-OPS-02|SL08|AKUMAR
100|1000|PL08|15.02.2023|15.02.2023|5000012730|1|DIESEL001|Dieselkraftstoff|261|890.625|L|66962.49|INR|V-K004||KST-PRD-02|SL08|KVELU
100|1000|PL08|08.02.2023|07.02.2023|5000012731|1|DIESEL001|Diesel|261|1608.129|L|120836.82|INR|V-K008|Tanken Heizung Ahmedabad|KST-FAC-02|SL08|NREDDY
100|1000|PL08|21.02.2023|21.02.2023|5000012732|1|DIESEL001|Diesel|261|1557.714|L|120815.82|INR|V-K010|Nutzung DG-Set Ahmedabad|KST-PRD-01|SL08|RPANDEY
100|1000|PL08|09.02.2023|06.02.2023|5000012733|1|DIESEL001|Dieselkraftstoff|261||L||INR|V-ESSAR|Tanken Wartung Ahmedabad|KST-LOG-03|SL08|RPANDEY
100|1000|PL08|25.02.2023|23.02.2023|5000012734|1|DIESEL001|Dieselkraftstoff|261|763.079|L|52869.62|INR|V-K006|Verbrauch Notstromaggregat Ahmedabad|KST-LOG-01|SL08|AKUMAR
100|1000|PL08|12.02.2023|12.02.2023|5000012735|1|DIESEL001|Diesel|261|668.243|L|46127.62|INR|V-BPCL1|Entnahme Notstromaggregat Ahmedabad|KST-OPS-03|SL08|ASAXEN
100|1000|PL08|10.02.2023|10.02.2023|5000012736|1|DIESEL001|Diesel|261|851.982|L|57332.46|INR|V-K002|Tanken Generator Ahmedabad|KST-MNT-01|SL08|AKUMAR
100|1000|PL08|04.02.2023|04.02.2023|5000012737|1|DIESEL001|Dieselkraftstoff|261||L||INR|V-IOCL1|Tanken Produktion Ahmedabad|KST-FAC-01|SL08|TLAXMAN
100|1000|PL08|28.02.2023|27.02.2023|5000012738|1|LPG00001|Fluessiggas|261|57.539|KG|4983.61|INR|V-ESSAR|Verbrauch Produktion Ahmedabad|KST-LOG-03|SL08|SPRIYA
100|1000|PL08|27.02.2023|26.02.2023|5000012739|1|LPG00001|LPG|261|116.977|KG|10400.62|INR|V-IOCL1|Nutzung Kantine Ahmedabad|KST-LOG-03|SL08|DRAO
100|1000|PL08|09.02.2023|08.02.2023|5000012740|1|LPG00001|LPG|261|129.211|KG|11210.74|INR|V-K008|Auffuellung DG-Set Ahmedabad|KST-PRD-02|SL08|KVELU
100|1000|PL08|13.02.2023|12.02.2023|5000012741|1|LPG00001|LPG|261|56.003|KG|5323.75|INR|V-K005|Verbrauch Heizung Ahmedabad|KST-OPS-03|SL08|RJOSHI
100|1000|PL08|12.02.2023|10.02.2023|5000012742|1|CNGFUEL1|Komprimiertes Erdgas|261|248.586|KG|21784.54|INR|V-IOCL1|Nutzung Fahrzeugflotte Ahmedabad|KST-LOG-03|SL08|DRAO
100|1000|PL08|11.02.2023|11.02.2023|5000012743|1|CNGFUEL1|Erdgas CNG|261|156.907|KG|13798.18|INR|V-ESSAR|Verbrauch Produktion Ahmedabad|KST-LOG-03|SL08|RPANDEY
100|1000|PL08|09.02.2023|07.02.2023|5000012744|1|CNGFUEL1|Komprimiertes Erdgas|261|164.463|KG|14429.45|INR|V-K005|Auffuellung Heizung Ahmedabad|KST-FAC-02|SL08|KVELU
100|1000|PL08|02.03.2023|28.02.2023|5000012745|1|DIESEL001|Diesel|261|938.774|L|66886.19|INR|V-K009|Nutzung Wartung Ahmedabad|KST-OPS-03|SL08|RPANDEY
100|1000|PL08|05.03.2023|02.03.2023|5000012746|1|DIESEL001|Diesel|261|1567.473|L|112800.98|INR|V-RELI1|Auffuellung Wartung Ahmedabad|KST-FAC-03|SL08|MGUPTA
100|1000|PL08|01.03.2023|01.03.2023|5000012747|1|DIESEL001|Dieselkraftstoff|261|745.54|L|51567.49|INR|V-K005|Nutzung Wartung Ahmedabad|KST-FAC-03|SL08|KVELU
100|1000|PL08|02.03.2023|02.03.2023|5000012748|1|DIESEL001|Diesel|261|672.536|L|49309.67|INR|V-RELI1|Tanken Notstromaggregat Ahmedabad|KST-PRD-01|SL08|NREDDY
100|1000|PL08|19.03.2023|18.03.2023|5000012749|1|DIESEL001|Diesel|261|1742.639|L|134264.47|INR|V-K005|Tanken Heizung Ahmedabad|KST-OPS-02|SL08|PSINGH
100|1000|PL08|05.03.2023|03.03.2023|5000012750|1|DIESEL001|Dieselkraftstoff|261|1378.902|L|102146.55|INR|V-K004|Nutzung Kantine Ahmedabad|KST-LOG-03|SL08|NREDDY
100|1000|PL08|09.03.2023|08.03.2023|5000012751|1|DIESEL001|Diesel|261|1268.173|L|94021.11|INR|V-RELI1|Nutzung Wartung Ahmedabad|KST-LOG-02|SL08|SPRIYA
100|1000|PL08|24.03.2023|22.03.2023|5000012752|1|DIESEL001|Diesel|261|1711.747|L|127163.01|INR|V-K006|Tanken DG-Set Ahmedabad|KST-FAC-07|SL08|ASAXEN
100|1000|PL08|15.03.2023|14.03.2023|5000012753|1|DIESEL001|Dieselkraftstoff|261|1191.614|L|88281.61|INR|V-K008|Verbrauch DG-Set Ahmedabad|KST-OPS-02|SL08|BCHATT
100|1000|PL08|22.03.2023|20.03.2023|5000012754|1|LPG00001|Fluessiggas|261|66.14|KG|5675.13|INR|V-K008|Auffuellung Fahrzeugflotte Ahmedabad|KST-OPS-02|SL08|GMISHRA
100|1000|PL08|25.03.2023|23.03.2023|5000012755|1|LPG00001|Fluessiggas|261|77.816|KG|6820.07|INR|V-K009|Tanken Fahrzeugflotte Ahmedabad|KST-FAC-01|SL08|GMISHRA
100|1000|PL08|12.03.2023|12.03.2023|5000012756|1|LPG00001|Fluessiggas|261|120.735|KG|10921.61|INR|V-HPCL1|Auffuellung Produktion Ahmedabad|KST-FAC-02|SL08|NREDDY
100|1000|PL08|06.03.2023|05.03.2023|5000012757|1|LPG00001|LPG|261|127.984|KG|11500.81|INR|V-K010|Verbrauch Heizung Ahmedabad|KST-FAC-03|SL08|PSINGH
100|1000|PL08|27.03.2023|24.03.2023|5000012758|1|CNGFUEL1|Komprimiertes Erdgas|261|231.654|KG|19503.03|INR|V-HPCL1|Auffuellung Generator Ahmedabad|KST-LOG-02|SL08|BCHATT
100|1000|PL08|02.03.2023|02.03.2023|5000012759|1|CNGFUEL1|Komprimiertes Erdgas|261|168.284|KG|14891.39|INR|V-IOCL1|Nutzung Wartung Ahmedabad|KST-FAC-02|SL08|NREDDY
100|1000|PL08|19.03.2023|16.03.2023|5000012760|1|CNGFUEL1|Erdgas CNG|261|138.984|KG|11551.27|INR|V-K001||KST-OPS-03|SL08|DRAO
100|1000|PL08|19.04.2023|18.04.2023|5000012761|1|DIESEL001|Dieselkraftstoff|261|1267.337|L|93661.1|INR|V-K008|Entnahme Notstromaggregat Ahmedabad|KST-FAC-01|SL08|TLAXMAN
100|1000|PL08|28.04.2023|27.04.2023|5000012762|1|DIESEL001|Dieselkraftstoff|261|1778.887|L|138098.87|INR|V-K002|Tanken DG-Set Ahmedabad|KST-FAC-02|SL08|BCHATT
100|1000|PL08|22.04.2023|19.04.2023|5000012763|1|DIESEL001|Diesel|261|1327.845|L|98614.05|INR|V-BPCL1|Entnahme DG-Set Ahmedabad|KST-OPS-01|SL08|RJOSHI
100|1000|PL08|06.04.2023|06.04.2023|5000012764|1|DIESEL001|Diesel|261|702.47|L|52626.64|INR|V-K005|Auffuellung Wartung Ahmedabad|KST-OPS-03|SL08|DRAO
100|1000|PL08|25.04.2023|25.04.2023|5000012765|1|DIESEL001|Dieselkraftstoff|261|881.493|L|61719.37|INR|V-K010|Auffuellung Generator Ahmedabad|KST-PRD-01|SL08|MGUPTA
100|1000|PL08|15.04.2023|13.04.2023|5000012766|1|DIESEL001|Diesel|261||L||INR|V-ESSAR|Entnahme Fahrzeugflotte Ahmedabad|KST-LOG-01|SL08|MGUPTA
100|1000|PL08|20.04.2023|18.04.2023|5000012767|1|DIESEL001|Dieselkraftstoff|261||L||INR|V-K002||KST-OPS-01|SL08|PSINGH
100|1000|PL08|17.04.2023|14.04.2023|5000012768|1|DIESEL001|Diesel|261|1379.551|L|103799.33|INR|V-K006|Tanken Kantine Ahmedabad|KST-LOG-02|SL08|RJOSHI
100|1000|PL08|11.04.2023|11.04.2023|5000012769|1|DIESEL001|Diesel|261|1342.336|L|91637.57|INR|V-K005|Verbrauch Wartung Ahmedabad|KST-FAC-05|SL08|NREDDY
100|1000|PL08|11.04.2023|11.04.2023|5000012770|1|LPG00001|Fluessiggas|261|78.803|KG|6569.55|INR|V-IOCL1|Auffuellung Fahrzeugflotte Ahmedabad|KST-FAC-02|SL08|MGUPTA
100|1000|PL08|22.04.2023|20.04.2023|5000012771|1|LPG00001|LPG|261|64.624|KG|5710.13|INR|V-K010|Auffuellung Generator Ahmedabad|KST-FAC-01|SL08|ASAXEN
100|1000|PL08|14.04.2023|11.04.2023|5000012772|1|LPG00001|LPG|261|75.641|KG|6868.59|INR|V-BPCL1|Auffuellung Produktion Ahmedabad|KST-LOG-02|SL08|GMISHRA
100|1000|PL08|15.04.2023|13.04.2023|5000012773|1|LPG00001|Fluessiggas|261|145.774|KG|12899.86|INR|V-IOCL1|Tanken Notstromaggregat Ahmedabad|KST-FAC-05|SL08|SNEHA
100|1000|PL08|20.04.2023|19.04.2023|5000012774|1|CNGFUEL1|Erdgas CNG|261|196.836|KG|15972.48|INR|V-K003|Tanken Wartung Ahmedabad|KST-LOG-02|SL08|VMEHTA
100|1000|PL08|24.04.2023|22.04.2023|5000012775|1|CNGFUEL1|Erdgas CNG|261|221.642|KG|20341.74|INR|V-K004|Auffuellung Notstromaggregat Ahmedabad|KST-FAC-07|SL08|RPANDEY
100|1000|PL08|01.04.2023|30.03.2023|5000012776|1|CNGFUEL1|Komprimiertes Erdgas|261|186.845|KG|15599.71|INR|V-K008|Verbrauch Wartung Ahmedabad|KST-FAC-05|SL08|DRAO
100|1000|PL08|23.05.2023|22.05.2023|5000012777|1|DIESEL001|Dieselkraftstoff|261|1600.415|L|123350.8|INR|V-BPCL1|Auffuellung Notstromaggregat Ahmedabad|KST-FAC-07|SL08|SNEHA
100|1000|PL08|04.05.2023|03.05.2023|5000012778|1|DIESEL001|Diesel|261|1067.271|L|72965.57|INR|V-K001|Entnahme Produktion Ahmedabad|KST-LOG-01|SL08|RJOSHI
100|1000|PL08|26.05.2023|26.05.2023|5000012779|1|DIESEL001|Diesel|261|880.954|L|60197.67|INR|V-K001|Tanken Produktion Ahmedabad|KST-LOG-01|SL08|TLAXMAN
100|1000|PL08|16.05.2023|15.05.2023|5000012780|1|DIESEL001|Diesel|261|1384.036|L|106884.92|INR|V-K005|Verbrauch Wartung Ahmedabad|KST-MNT-01|SL08|AKUMAR
100|1000|PL08|11.05.2023|10.05.2023|5000012781|1|DIESEL001|Dieselkraftstoff|261|1305.968|L|97524.24|INR|V-IOCL1|Entnahme Fahrzeugflotte Ahmedabad|KST-MNT-01|SL08|TLAXMAN
100|1000|PL08|24.05.2023|21.05.2023|5000012782|1|DIESEL001|Dieselkraftstoff|261||L||INR|V-RELI1|Entnahme Fahrzeugflotte Ahmedabad|KST-PRD-02|SL08|VMEHTA
100|1000|PL08|02.05.2023|30.04.2023|5000012783|1|DIESEL001|Dieselkraftstoff|261|1475.486|L|114594.97|INR|V-K007|Entnahme Heizung Ahmedabad|KST-FAC-07|SL08|MGUPTA
100|1000|PL08|17.05.2023|14.05.2023|5000012784|1|DIESEL001|Diesel|261|823.75|L|57960.46|INR|V-K005|Auffuellung Produktion Ahmedabad|KST-OPS-01|SL08|ASAXEN
100|1000|PL08|27.05.2023|24.05.2023|5000012785|1|DIESEL001|Diesel|261|746.327|L|55973.63|INR|V-K005|Verbrauch Generator Ahmedabad|KST-FAC-07|SL08|SNEHA
100|1000|PL08|09.05.2023|09.05.2023|5000012786|1|LPG00001|LPG|261|67.312|KG|5823.74|INR|V-K003|Nutzung DG-Set Ahmedabad|KST-FAC-01|SL08|SNEHA
100|1000|PL08|04.05.2023|02.05.2023|5000012787|1|LPG00001|Fluessiggas|261|51.43|KG|4349.44|INR|V-BPCL1|Nutzung Kantine Ahmedabad|KST-FAC-02|SL08|RJOSHI
100|1000|PL08|25.05.2023|23.05.2023|5000012788|1|LPG00001|LPG|261|95.338|KG|7991.56|INR|V-K002|Entnahme Wartung Ahmedabad|KST-FAC-07|SL08|BCHATT
100|1000|PL08|01.05.2023|29.04.2023|5000012789|1|LPG00001|LPG|261|91.769|KG|7903.3|INR|V-IOCL1|Entnahme Wartung Ahmedabad|KST-PRD-01|SL08|ASAXEN
100|1000|PL08|16.05.2023|13.05.2023|5000012790|1|CNGFUEL1|Erdgas CNG|261|267.798|KG|23562.54|INR|V-K008|Verbrauch Fahrzeugflotte Ahmedabad|KST-OPS-01|SL08|GMISHRA
100|1000|PL08|17.05.2023|15.05.2023|5000012791|1|CNGFUEL1|Komprimiertes Erdgas|261|205.501|KG|18530.91|INR|V-K006|Nutzung Notstromaggregat Ahmedabad|KST-FAC-02|SL08|RJOSHI
100|1000|PL08|17.05.2023|16.05.2023|5000012792|1|CNGFUEL1|Erdgas CNG|261|279.292|KG|22976.68|INR|V-K007|Auffuellung Fahrzeugflotte Ahmedabad|KST-LOG-03|SL08|AKUMAR
100|1000|PL08|14.06.2023|13.06.2023|5000012793|1|DIESEL001|Diesel|261|1540.364|L|111370.89|INR|V-K001|Auffuellung Wartung Ahmedabad|KST-PRD-02|SL08|GMISHRA
100|1000|PL08|28.06.2023|25.06.2023|5000012794|1|DIESEL001|Dieselkraftstoff|261|1300.988|L|98168.86|INR|V-K004|Nutzung Heizung Ahmedabad|KST-LOG-01|SL08|AKUMAR
100|1000|PL08|08.06.2023|08.06.2023|5000012795|1|DIESEL001|Dieselkraftstoff|261|730.193|L|55676.64|INR|V-K006|Auffuellung Notstromaggregat Ahmedabad|KST-LOG-01|SL08|VMEHTA
100|1000|PL08|11.06.2023|09.06.2023|5000012796|1|DIESEL001|Dieselkraftstoff|261|1435.835|L|104529.92|INR|V-K004|Auffuellung Produktion Ahmedabad|KST-LOG-02|SL08|GMISHRA
100|1000|PL08|15.06.2023|14.06.2023|5000012797|1|DIESEL001|Diesel|261|687.43|L|50064.11|INR|V-K008|Auffuellung Produktion Ahmedabad|KST-OPS-02|SL08|BCHATT
100|1000|PL08|13.06.2023|10.06.2023|5000012798|1|DIESEL001|Diesel|261|1768.052|L|137219.1|INR|V-HPCL1|Nutzung Wartung Ahmedabad|KST-FAC-03|SL08|TLAXMAN
100|1000|PL08|22.06.2023|20.06.2023|5000012799|1|DIESEL001|Dieselkraftstoff|261|1156.77|L|78501.63|INR|V-K001|Nutzung Generator Ahmedabad|KST-OPS-02|SL08|BCHATT
100|1000|PL08|25.06.2023|22.06.2023|5000012800|1|DIESEL001|Dieselkraftstoff|261|916.484|L|67071.75|INR|V-K003|Nutzung Kantine Ahmedabad|KST-FAC-01|SL08|TLAXMAN
100|1000|PL08|05.06.2023|02.06.2023|5000012801|1|DIESEL001|Diesel|261|1603.812|L|117134.61|INR|V-BPCL1|Tanken Generator Ahmedabad|KST-LOG-02|SL08|ASAXEN
100|1000|PL08|27.06.2023|27.06.2023|5000012802|1|LPG00001|Fluessiggas|261|115.498|KG|10975.59|INR|V-K001|Auffuellung DG-Set Ahmedabad|KST-PRD-02|SL08|NREDDY
100|1000|PL08|27.06.2023|27.06.2023|5000012803|1|LPG00001|Fluessiggas|261|104.003|KG|8849.34|INR|V-RELI1|Nutzung Fahrzeugflotte Ahmedabad|KST-FAC-03|SL08|KVELU
100|1000|PL08|21.06.2023|19.06.2023|5000012804|1|LPG00001|LPG|261|123.101|KG|11657.44|INR|V-K007|Tanken Wartung Ahmedabad|KST-OPS-03|SL08|BCHATT
100|1000|PL08|11.06.2023|08.06.2023|5000012805|1|LPG00001|LPG|261|71.707|KG|6558.57|INR|V-K009|Verbrauch Wartung Ahmedabad|KST-FAC-02|SL08|SNEHA
100|1000|PL08|05.06.2023|03.06.2023|5000012806|1|CNGFUEL1|Komprimiertes Erdgas|261|221.247|KG|18133.54|INR|V-K006|Nutzung Kantine Ahmedabad|KST-MNT-01|SL08|DRAO
100|1000|PL08|03.06.2023|01.06.2023|5000012807|1|CNGFUEL1|Komprimiertes Erdgas|261|111.032|KG|9481.84|INR|V-K001|Nutzung Heizung Ahmedabad|KST-FAC-02|SL08|SPRIYA
100|1000|PL08|24.06.2023|23.06.2023|5000012808|1|CNGFUEL1|Komprimiertes Erdgas|261|192.788|KG|16753.13|INR|V-K008|Tanken Kantine Ahmedabad|KST-OPS-03|SL08|RJOSHI
100|1000|PL08|26.07.2023|25.07.2023|5000012809|1|DIESEL001|Dieselkraftstoff|261|628.858|L|45046.37|INR|V-K004|Verbrauch DG-Set Ahmedabad|KST-FAC-03|SL08|NREDDY
100|1000|PL08|25.07.2023|22.07.2023|5000012810|1|DIESEL001|Diesel|261|1355.52|L|96600.62|INR|V-K002|Entnahme Heizung Ahmedabad|KST-OPS-03|SL08|SPRIYA
100|1000|PL08|11.07.2023|09.07.2023|5000012811|1|DIESEL001|Diesel|261|1268.9|L|90895.27|INR|V-K007|Verbrauch Heizung Ahmedabad|KST-OPS-02|SL08|GMISHRA
100|1000|PL08|26.07.2023|25.07.2023|5000012812|1|DIESEL001|Diesel|261|815.079|L|61805.6|INR|V-ESSAR|Auffuellung Heizung Ahmedabad|KST-OPS-02|SL08|NREDDY
100|1000|PL08|21.07.2023|20.07.2023|5000012813|1|DIESEL001|Dieselkraftstoff|261|1123.997|L|85520.31|INR|V-ESSAR|Auffuellung Notstromaggregat Ahmedabad|KST-LOG-01|SL08|DRAO
100|1000|PL08|16.07.2023|15.07.2023|5000012814|1|DIESEL001|Dieselkraftstoff|261|1445.827|L|96935.34|INR|V-RELI1|Tanken Generator Ahmedabad|KST-FAC-01|SL08|RJOSHI
100|1000|PL08|05.07.2023|02.07.2023|5000012815|1|DIESEL001|Diesel|261|1319.345|L|99362.7|INR|V-K002|Tanken Wartung Ahmedabad|KST-PRD-02|SL08|VMEHTA
100|1000|PL08|22.07.2023|21.07.2023|5000012816|1|DIESEL001|Dieselkraftstoff|261|640.316|L|45303.12|INR|V-K010||KST-OPS-01|SL08|AKUMAR
100|1000|PL08|09.07.2023|07.07.2023|5000012817|1|DIESEL001|Dieselkraftstoff|261|1072.649|L|75899.84|INR|V-K003|Entnahme Generator Ahmedabad|KST-PRD-02|SL08|BCHATT
100|1000|PL08|09.07.2023|08.07.2023|5000012818|1|LPG00001|Fluessiggas|261|119.002|KG|11065.83|INR|V-K003|Nutzung Heizung Ahmedabad|KST-FAC-07|SL08|SNEHA
100|1000|PL08|11.07.2023|10.07.2023|5000012819|1|LPG00001|LPG|261|100.861|KG|9088.05|INR|V-K009|Tanken Heizung Ahmedabad|KST-LOG-03|SL08|DRAO
100|1000|PL08|07.07.2023|05.07.2023|5000012820|1|LPG00001|Fluessiggas|261|53.949|KG|4500.68|INR|V-IOCL1|Entnahme Notstromaggregat Ahmedabad|KST-FAC-03|SL08|SNEHA
100|1000|PL08|15.07.2023|13.07.2023|5000012821|1|LPG00001|LPG|261|90.249|KG|7629.34|INR|V-K008|Auffuellung Wartung Ahmedabad|KST-OPS-01|SL08|NREDDY
100|1000|PL08|21.07.2023|20.07.2023|5000012822|1|CNGFUEL1|Komprimiertes Erdgas|261|133.086|KG|11092.47|INR|V-IOCL1|Auffuellung Generator Ahmedabad|KST-MNT-01|SL08|GMISHRA
100|1000|PL08|11.07.2023|09.07.2023|5000012823|1|CNGFUEL1|Erdgas CNG|261|232.272|KG|19634.26|INR|V-HPCL1|Auffuellung Generator Ahmedabad|KST-MNT-01|SL08|AKUMAR
100|1000|PL08|26.07.2023|23.07.2023|5000012824|1|CNGFUEL1|Erdgas CNG|261|202.399|KG|17764.45|INR|V-K007|Tanken Heizung Ahmedabad|KST-PRD-02|SL08|DRAO
100|1000|PL08|23.08.2023|22.08.2023|5000012825|1|DIESEL001|Diesel|261|1492.747|L|108670.68|INR|V-K005|Nutzung DG-Set Ahmedabad|KST-OPS-03|SL08|NREDDY
100|1000|PL08|06.08.2023|05.08.2023|5000012826|1|DIESEL001|Diesel|261|711.097|L|49995.82|INR|V-RELI1|Verbrauch Heizung Ahmedabad|KST-FAC-01|SL08|BCHATT
100|1000|PL08|16.08.2023|13.08.2023|5000012827|1|DIESEL001|Diesel|261|654.089|L|44411.32|INR|V-K003|Nutzung Generator Ahmedabad|KST-MNT-01|SL08|TLAXMAN
100|1000|PL08|08.08.2023|05.08.2023|5000012828|1|DIESEL001|Dieselkraftstoff|261|814.725|L|55111.11|INR|V-IOCL1|Verbrauch DG-Set Ahmedabad|KST-OPS-03|SL08|KVELU
100|1000|PL08|06.08.2023|04.08.2023|5000012829|1|DIESEL001|Dieselkraftstoff|261|704.339|L|52067.83|INR|V-ESSAR|Entnahme Wartung Ahmedabad|KST-LOG-01|SL08|SNEHA
100|1000|PL08|22.08.2023|20.08.2023|5000012830|1|DIESEL001|Dieselkraftstoff|261|1324.149|L|94848.12|INR|V-IOCL1|Entnahme Fahrzeugflotte Ahmedabad|KST-PRD-02|SL08|VMEHTA
100|1000|PL08|02.08.2023|30.07.2023|5000012831|1|DIESEL001|Dieselkraftstoff|261|972.845|L|75430.36|INR|V-K009|Tanken Kantine Ahmedabad|KST-FAC-05|SL08|PSINGH
100|1000|PL08|07.08.2023|04.08.2023|5000012832|1|DIESEL001|Dieselkraftstoff|261|1654.556|KG|126855.57|INR|V-K010|Entnahme DG-Set Ahmedabad|KST-FAC-03|SL08|SNEHA
100|1000|PL08|19.08.2023|16.08.2023|5000012833|1|DIESEL001|Dieselkraftstoff|261|1052.404|L|80019.74|INR|V-K003|Verbrauch Notstromaggregat Ahmedabad|KST-FAC-07|SL08|DRAO
100|1000|PL08|08.08.2023|06.08.2023|5000012834|1|LPG00001|LPG|261|142.181|KG|13012.78|INR|V-BPCL1|Verbrauch Heizung Ahmedabad|KST-FAC-02|SL08|NREDDY
100|1000|PL08|09.08.2023|07.08.2023|5000012835|1|LPG00001|LPG|261|91.619|KG|8052.35|INR|V-BPCL1|Tanken Wartung Ahmedabad|KST-FAC-05|SL08|BCHATT
100|1000|PL08|28.08.2023|25.08.2023|5000012836|1|LPG00001|Fluessiggas|261|100.215|KG|9391.31|INR|V-K008|Auffuellung Kantine Ahmedabad|KST-OPS-03|SL08|TLAXMAN
100|1000|PL08|01.08.2023|31.07.2023|5000012837|1|LPG00001|LPG|261|58.338|KG|5352.56|INR|V-K004|Nutzung Heizung Ahmedabad|KST-FAC-02|SL08|NREDDY
100|1000|PL08|23.08.2023|22.08.2023|5000012838|1|CNGFUEL1|Komprimiertes Erdgas|261|198.003|KG|15810.49|INR|V-K008|Verbrauch Heizung Ahmedabad|KST-LOG-02|SL08|GMISHRA
100|1000|PL08|16.08.2023|13.08.2023|5000012839|1|CNGFUEL1|Komprimiertes Erdgas|261|213.695|KG|19056.45|INR|V-K003||KST-PRD-02|SL08|SNEHA
100|1000|PL08|13.08.2023|12.08.2023|5000012840|1|CNGFUEL1|Komprimiertes Erdgas|261|190.211|KG|14954.9|INR|V-K002|Verbrauch Heizung Ahmedabad|KST-OPS-03|SL08|DRAO
100|1000|PL08|27.09.2023|24.09.2023|5000012841|1|DIESEL001|Dieselkraftstoff|261|1414.667|L|93786.92|INR|V-K008|Nutzung Wartung Ahmedabad|KST-OPS-03|SL08|RJOSHI
100|1000|PL08|16.09.2023|15.09.2023|5000012842|1|DIESEL001|Dieselkraftstoff|261|1600.493|KG|112427.14|INR|V-K004|Entnahme Produktion Ahmedabad|KST-LOG-03|SL08|AKUMAR
100|1000|PL08|13.09.2023|13.09.2023|5000012843|1|DIESEL001|Dieselkraftstoff|261|1438.987|L|106195.72|INR|V-K002|Verbrauch DG-Set Ahmedabad|KST-FAC-05|SL08|SPRIYA
100|1000|PL08|10.09.2023|08.09.2023|5000012844|1|DIESEL001|Dieselkraftstoff|261|908.614|L|69228.9|INR|V-K006|Entnahme Kantine Ahmedabad|KST-OPS-02|SL08|RPANDEY
100|1000|PL08|14.09.2023|14.09.2023|5000012845|1|DIESEL001|Dieselkraftstoff|261|1158.235|L|88702.17|INR|V-K003|Verbrauch Fahrzeugflotte Ahmedabad|KST-OPS-03|SL08|SPRIYA
100|1000|PL08|28.09.2023|26.09.2023|5000012845|1|DIESEL001|Dieselkraftstoff|261|655.904|L|50937.08|INR|V-RELI1|Nutzung Generator Ahmedabad|KST-PRD-01|SL08|MGUPTA
100|1000|PL08|06.09.2023|05.09.2023|5000012847|1|DIESEL001|Dieselkraftstoff|261|735.907|L|48853.46|INR|V-BPCL1|Tanken Heizung Ahmedabad|KST-OPS-03|SL08|PSINGH
100|1000|PL08|05.09.2023|03.09.2023|5000012848|1|DIESEL001|Dieselkraftstoff|261|1453.679|L|102336.24|INR|V-K003|Entnahme Notstromaggregat Ahmedabad|KST-FAC-01|SL08|AKUMAR
100|1000|PL08|19.09.2023|17.09.2023|5000012849|1|DIESEL001|Diesel|261|798.749|L|59765.35|INR|V-IOCL1|Tanken Wartung Ahmedabad|KST-OPS-02|SL08|RJOSHI
100|1000|PL08|15.09.2023|15.09.2023|5000012850|1|LPG00001|Fluessiggas|261|130.32|KG|11669.28|INR|V-BPCL1||KST-LOG-02|SL08|SNEHA
100|1000|PL08|11.09.2023|11.09.2023|5000012851|1|LPG00001|LPG|261|68.88|KG|5957.77|INR|V-HPCL1|Nutzung Kantine Ahmedabad|KST-OPS-03|SL08|RJOSHI
100|1000|PL08|03.09.2023|31.08.2023|5000012852|1|LPG00001|LPG|261|70.872|KG|6156.93|INR|V-K004|Tanken Fahrzeugflotte Ahmedabad|KST-LOG-02|SL08|AKUMAR
100|1000|PL08|22.09.2023|20.09.2023|5000012853|1|LPG00001|Fluessiggas|261|94.736|KG|7847.73|INR|V-K009|Entnahme Fahrzeugflotte Ahmedabad|KST-FAC-05|SL08|VMEHTA
100|1000|PL08|08.09.2023|05.09.2023|5000012854|1|CNGFUEL1|Erdgas CNG|261|178.51|KG|14079.68|INR|V-K004|Auffuellung Kantine Ahmedabad|KST-LOG-03|SL08|RJOSHI
100|1000|PL08|27.09.2023|27.09.2023|5000012855|1|CNGFUEL1|Erdgas CNG|261|268.078|KG|22158.35|INR|V-ESSAR|Nutzung Notstromaggregat Ahmedabad|KST-FAC-07|SL08|SNEHA
100|1000|PL08|08.09.2023|07.09.2023|5000012856|1|CNGFUEL1|Komprimiertes Erdgas|261|201.647|KG|17659.97|INR|V-K006|Tanken Heizung Ahmedabad|KST-OPS-02|SL08|AKUMAR
100|1000|PL08|09.10.2023|09.10.2023|5000012857|1|DIESEL001|Diesel|261|1674.469|L|121220.78|INR|V-K001|Tanken Wartung Ahmedabad|KST-OPS-01|SL08|DRAO
100|1000|PL08|11.10.2023|11.10.2023|5000012858|1|DIESEL001|Dieselkraftstoff|261|1409.29|L|106857.63|INR|V-K002|Entnahme Kantine Ahmedabad|KST-OPS-02|SL08|BCHATT
100|1000|PL08|18.10.2023|16.10.2023|5000012859|1|DIESEL001|Diesel|261|1280.088|L|92994.37|INR|V-K002|Tanken Notstromaggregat Ahmedabad|KST-PRD-02|SL08|SNEHA
100|1000|PL08|24.10.2023|24.10.2023|5000012860|1|DIESEL001|Diesel|261|1361.664|L|91455.45|INR|V-K009|Tanken Generator Ahmedabad|KST-LOG-02|SL08|AKUMAR
100|1000|PL08|25.10.2023|23.10.2023|5000012861|1|DIESEL001|Diesel|261|1438.441|L|106802.42|INR|V-K002|Auffuellung Wartung Ahmedabad|KST-MNT-01|SL08|TLAXMAN
100|1000|PL08|24.10.2023|24.10.2023|5000012862|1|DIESEL001|Dieselkraftstoff|261|1180.727|L|88958.93|INR|V-K002|Entnahme Fahrzeugflotte Ahmedabad|KST-FAC-07|SL08|RPANDEY
100|1000|PL08|05.10.2023|04.10.2023|5000012863|1|DIESEL001|Dieselkraftstoff|261|1266.143|L|98239.06|INR|V-K009|Verbrauch Produktion Ahmedabad|KST-OPS-03|SL08|ASAXEN
100|1000|PL08|28.10.2023|27.10.2023|5000012864|1|DIESEL001|Dieselkraftstoff|261|671.182|L|49377.52|INR|V-K005|Verbrauch Produktion Ahmedabad|KST-LOG-02|SL08|MGUPTA
100|1000|PL08|23.10.2023|20.10.2023|5000012865|1|DIESEL001|Dieselkraftstoff|261|1774.164|L|130180.13|INR|V-IOCL1|Tanken DG-Set Ahmedabad|KST-FAC-03|SL08|BCHATT
100|1000|PL08|23.10.2023|21.10.2023|5000012866|1|LPG00001|Fluessiggas|261|139.428|KG|12699.76|INR|V-BPCL1|Entnahme Kantine Ahmedabad|KST-PRD-02|SL08|TLAXMAN
100|1000|PL08|18.10.2023|16.10.2023|5000012867|1|LPG00001|LPG|261|63.532|KG|5796.13|INR|V-K007|Verbrauch Generator Ahmedabad|KST-LOG-03|SL08|KVELU
100|1000|PL08|18.10.2023|15.10.2023|5000012868|1|LPG00001|LPG|261|90.526|KG|7698.29|INR|V-RELI1|Auffuellung Fahrzeugflotte Ahmedabad|KST-MNT-01|SL08|PSINGH
100|1000|PL08|13.10.2023|12.10.2023|5000012869|1|LPG00001|Fluessiggas|261|135.21|KG|11573.95|INR|V-K005|Entnahme Heizung Ahmedabad|KST-OPS-03|SL08|BCHATT
100|1000|PL08|09.10.2023|07.10.2023|5000012870|1|CNGFUEL1|Komprimiertes Erdgas|261|275.013|KG|23006.39|INR|V-K007|Entnahme Fahrzeugflotte Ahmedabad|KST-FAC-01|SL08|SNEHA
100|1000|PL08|10.10.2023|08.10.2023|5000012871|1|CNGFUEL1|Erdgas CNG|261|165.485|KG|13204.68|INR|V-K005|Verbrauch Generator Ahmedabad|KST-FAC-02|SL08|PSINGH
100|1000|PL08|03.10.2023|03.10.2023|5000012872|1|CNGFUEL1|Erdgas CNG|261|161.116|KG|13179.88|INR|V-IOCL1|Tanken Kantine Ahmedabad|KST-OPS-03|SL08|VMEHTA
100|1000|PL08|06.11.2023|04.11.2023|5000012873|1|DIESEL001|Diesel|261|885.164|L|62376.49|INR|V-ESSAR|Nutzung DG-Set Ahmedabad|KST-FAC-02|SL08|GMISHRA
100|1000|PL08|09.11.2023|06.11.2023|5000012874|1|DIESEL001|Diesel|261|813.64|L|58592.47|INR|V-BPCL1|Nutzung Notstromaggregat Ahmedabad|KST-FAC-03|SL08|PSINGH
100|1000|PL08|12.11.2023|12.11.2023|5000012875|1|DIESEL001|Diesel|261||L||INR|V-K005|Nutzung Heizung Ahmedabad|KST-LOG-03|SL08|DRAO
100|1000|PL08|28.11.2023|26.11.2023|5000012876|1|DIESEL001|Diesel|261|1660.132|L|123112.79|INR|V-K008|Auffuellung Heizung Ahmedabad|KST-LOG-01|SL08|ASAXEN
100|1000|PL08|03.11.2023|03.11.2023|5000012877|1|DIESEL001|Dieselkraftstoff|261|768.377|L|53551.56|INR|V-K009|Entnahme DG-Set Ahmedabad|KST-LOG-03|SL08|NREDDY
100|1000|PL08|10.11.2023|09.11.2023|5000012878|1|DIESEL001|Dieselkraftstoff|261|1785.343|L|137201.74|INR|V-K007|Tanken Fahrzeugflotte Ahmedabad|KST-PRD-01|SL08|BCHATT
100|1000|PL08|13.11.2023|10.11.2023|5000012879|1|DIESEL001|Dieselkraftstoff|261|1499.942|L|109847.06|INR|V-RELI1|Entnahme Fahrzeugflotte Ahmedabad|KST-OPS-02|SL08|KVELU
100|1000|PL08|13.11.2023|11.11.2023|5000012880|1|DIESEL001|Dieselkraftstoff|261|1109.689|L|76909.57|INR|V-K002|Verbrauch Heizung Ahmedabad|KST-OPS-03|SL08|AKUMAR
100|1000|PL08|03.11.2023|31.10.2023|5000012881|1|DIESEL001|Dieselkraftstoff|261|601.977|L|40240.44|INR|V-K009|Entnahme Heizung Ahmedabad|KST-PRD-02|SL08|RPANDEY
100|1000|PL08|21.11.2023|20.11.2023|5000012882|1|LPG00001|Fluessiggas|261|142.55|KG|12605.98|INR|V-K010|Tanken Notstromaggregat Ahmedabad|KST-FAC-02|SL08|MGUPTA
100|1000|PL08|20.11.2023|17.11.2023|5000012883|1|LPG00001|LPG|261|111.789|KG|10467.4|INR|V-K003|Auffuellung Generator Ahmedabad|KST-OPS-01|SL08|RJOSHI
100|1000|PL08|09.11.2023|07.11.2023|5000012884|1|LPG00001|Fluessiggas|261||KG||INR|V-K003|Entnahme Generator Ahmedabad|KST-PRD-01|SL08|PSINGH
100|1000|PL08|23.11.2023|21.11.2023|5000012885|1|LPG00001|LPG|261|66.966|KG|6357.75|INR|V-K010|Entnahme Wartung Ahmedabad|KST-FAC-07|SL08|VMEHTA
100|1000|PL08|07.11.2023|04.11.2023|5000012886|1|CNGFUEL1|Komprimiertes Erdgas|261||KG||INR|V-K008|Nutzung Heizung Ahmedabad|KST-MNT-01|SL08|NREDDY
100|1000|PL08|13.11.2023|10.11.2023|5000012887|1|CNGFUEL1|Erdgas CNG|261|102.856|KG|8918.64|INR|V-K010|Tanken Produktion Ahmedabad|KST-PRD-01|SL08|VMEHTA
100|1000|PL08|01.11.2023|30.10.2023|5000012888|1|CNGFUEL1|Komprimiertes Erdgas|261|202.564|KG|16779.92|INR|V-RELI1|Nutzung Wartung Ahmedabad|KST-LOG-01|SL08|SNEHA
100|1000|PL08|20.12.2023|17.12.2023|5000012889|1|DIESEL001|Diesel|261|1460.025|L|103761.84|INR|V-ESSAR||KST-FAC-05|SL08|RPANDEY
100|1000|PL08|16.12.2023|14.12.2023|5000012890|1|DIESEL001|Dieselkraftstoff|261|1556.638|L|104700.57|INR|V-IOCL1|Auffuellung Generator Ahmedabad|KST-FAC-05|SL08|SNEHA
100|1000|PL08|17.12.2023|17.12.2023|5000012891|1|DIESEL001|Dieselkraftstoff|261|1625.526|L|113168.97|INR|V-K010|Auffuellung Heizung Ahmedabad|KST-FAC-01|SL08|NREDDY
100|1000|PL08|11.12.2023|10.12.2023|5000012892|1|DIESEL001|Diesel|261|1369.092|L|97835.82|INR|V-K001|Entnahme Produktion Ahmedabad|KST-FAC-07|SL08|ASAXEN
100|1000|PL08|25.12.2023|23.12.2023|5000012893|1|DIESEL001|Diesel|261|1675.262|L|127560.99|INR|V-BPCL1|Verbrauch Produktion Ahmedabad|KST-PRD-01|SL08|DRAO
100|1000|PL08|03.12.2023|02.12.2023|5000012894|1|DIESEL001|Dieselkraftstoff|261|1731.801|L|129566.94|INR|V-HPCL1|Tanken Notstromaggregat Ahmedabad|KST-MNT-01|SL08|TLAXMAN
100|1000|PL08|26.12.2023|24.12.2023|5000012895|1|DIESEL001|Dieselkraftstoff|261|1622.52|L|118484.76|INR|V-K005|Entnahme Produktion Ahmedabad|KST-LOG-03|SL08|TLAXMAN
100|1000|PL08|06.12.2023|05.12.2023|5000012896|1|DIESEL001|Diesel|261|1195.621|L|87252.72|INR|V-K003|Nutzung Produktion Ahmedabad|KST-MNT-01|SL08|RJOSHI
100|1000|PL08|09.12.2023|09.12.2023|5000012897|1|DIESEL001|Diesel|261|601.106|L|45077.35|INR|V-K003|Auffuellung Notstromaggregat Ahmedabad|KST-OPS-03|SL08|VMEHTA
100|1000|PL08|11.12.2023|10.12.2023|5000012898|1|LPG00001|LPG|261|56.919|KG|5266.73|INR|V-BPCL1|Auffuellung Wartung Ahmedabad|KST-FAC-03|SL08|PSINGH
100|1000|PL08|03.12.2023|01.12.2023|5000012899|1|LPG00001|Fluessiggas|261|122.302|KG|10164.94|INR|V-K001|Auffuellung Wartung Ahmedabad|KST-PRD-02|SL08|GMISHRA
100|1000|PL08|03.12.2023|03.12.2023|5000012900|1|LPG00001|LPG|261|102.558|KG|8704.35|INR|V-K006|Verbrauch Fahrzeugflotte Ahmedabad|KST-MNT-01|SL08|TLAXMAN
100|1000|PL08|10.12.2023|10.12.2023|5000012901|1|LPG00001|Fluessiggas|261|98.096|KG|9260.04|INR|V-RELI1|Tanken Produktion Ahmedabad|KST-PRD-02|SL08|BCHATT
100|1000|PL08|10.12.2023|08.12.2023|5000012902|1|CNGFUEL1|Komprimiertes Erdgas|261|195.245|KG|16382.44|INR|V-IOCL1||KST-LOG-03|SL08|SNEHA
100|1000|PL08|20.12.2023|19.12.2023|5000012903|1|CNGFUEL1|Komprimiertes Erdgas|261|140.053|KG|11981.24|INR|V-K002|Entnahme Notstromaggregat Ahmedabad|KST-LOG-02|SL08|RJOSHI
100|1000|PL08|24.12.2023|21.12.2023|5000012904|1|CNGFUEL1|Erdgas CNG|261|269.118|KG|22710.03|INR|V-K008|Auffuellung Produktion Ahmedabad|KST-FAC-02|SL08|GMISHRA
100|1000|PL08|20.01.2024|20.01.2024|5000012905|1|DIESEL001|Dieselkraftstoff|261|900.233|L|60780.78|INR|V-K005|Tanken Generator Ahmedabad|KST-FAC-03|SL08|PSINGH
100|1000|PL08|02.01.2024|01.01.2024|5000012906|1|DIESEL001|Diesel|261|1349.114|L|95138.53|INR|V-K010|Verbrauch Heizung Ahmedabad|KST-PRD-02|SL08|BCHATT
100|1000|PL08|21.01.2024|21.01.2024|5000012907|1|DIESEL001|Dieselkraftstoff|261|1038.268|L|69610.13|INR|V-K006||KST-PRD-02|SL08|BCHATT
100|1000|PL08|01.01.2024|31.12.2023|5000012908|1|DIESEL001|Diesel|261|900.479|L|67949.46|INR|V-K005|Tanken Kantine Ahmedabad|KST-OPS-02|SL08|BCHATT
100|1000|PL08|10.01.2024|07.01.2024|5000012909|1|DIESEL001|Diesel|261|788.624|L|60455.51|INR|V-K004|Entnahme Notstromaggregat Ahmedabad|KST-FAC-02|SL08|BCHATT
100|1000|PL08|08.01.2024|08.01.2024|5000012910|1|DIESEL001|Dieselkraftstoff|261|1299.759|L|94582.64|INR|V-K006||KST-LOG-03|SL08|SNEHA
100|1000|PL08|08.01.2024|06.01.2024|5000012911|1|DIESEL001|Dieselkraftstoff|261|1144.741|L|77948.29|INR|V-K009|Tanken Kantine Ahmedabad|KST-LOG-01|SL08|KVELU
100|1000|PL08|27.01.2024|25.01.2024|5000012912|1|DIESEL001|Dieselkraftstoff|261|1060.912|L|77912.65|INR|V-K010|Entnahme Kantine Ahmedabad|KST-FAC-03|SL08|VMEHTA
100|1000|PL08|10.01.2024|07.01.2024|5000012913|1|DIESEL001|Diesel|261|1520.946|KG|115196.69|INR|V-K006|Nutzung Wartung Ahmedabad|KST-FAC-02|SL08|SNEHA
100|1000|PL08|16.01.2024|14.01.2024|5000012914|1|LPG00001|LPG|261|75.565|KG|7113.65|INR|V-K008|Tanken Generator Ahmedabad|KST-LOG-03|SL08|TLAXMAN
100|1000|PL08|22.01.2024|20.01.2024|5000012915|1|LPG00001|LPG|261|95.143|KG|9156.54|INR|V-K008|Auffuellung Fahrzeugflotte Ahmedabad|KST-PRD-02|SL08|SNEHA
100|1000|PL08|24.01.2024|23.01.2024|5000012916|1|LPG00001|Fluessiggas|261|55.73|KG|5148.94|INR|V-K001|Auffuellung Wartung Ahmedabad|KST-LOG-03|SL08|ASAXEN
100|1000|PL08|02.01.2024|01.01.2024|5000012917|1|LPG00001|Fluessiggas|261|91.361|KG|7956.83|INR|V-K003|Entnahme Kantine Ahmedabad|KST-LOG-03|SL08|KVELU
100|1000|PL08|12.01.2024|09.01.2024|5000012918|1|CNGFUEL1|Erdgas CNG|261|251.746|KG|20674.57|INR|V-ESSAR|Verbrauch Wartung Ahmedabad|KST-MNT-01|SL08|NREDDY
100|1000|PL08|16.01.2024|14.01.2024|5000012919|1|CNGFUEL1|Komprimiertes Erdgas|261|272.705|KG|22894.0|INR|V-K009|Entnahme Generator Ahmedabad|KST-FAC-03|SL08|AKUMAR
100|1000|PL08|23.01.2024|21.01.2024|5000012920|1|CNGFUEL1|Erdgas CNG|261|250.453|KG|19861.16|INR|V-K010|Nutzung Heizung Ahmedabad|KST-FAC-02|SL08|RPANDEY
100|1000|PL08|14.02.2024|13.02.2024|5000012921|1|DIESEL001|Diesel|261|901.061|L|63232.53|INR|V-BPCL1|Tanken Heizung Ahmedabad|KST-OPS-02|SL08|GMISHRA
100|1000|PL08|07.02.2024|05.02.2024|5000012922|1|DIESEL001|Diesel|261|1780.987|L|123323.39|INR|V-K003|Tanken DG-Set Ahmedabad|KST-FAC-05|SL08|DRAO
100|1000|PL08|03.02.2024|02.02.2024|5000012923|1|DIESEL001|Diesel|261|1684.249|L|125904.61|INR|V-BPCL1|Nutzung Kantine Ahmedabad|KST-FAC-05|SL08|RPANDEY
100|1000|PL08|17.02.2024|14.02.2024|5000012924|1|DIESEL001|Diesel|261|1487.431|L|105807.45|INR|V-K008|Verbrauch Wartung Ahmedabad|KST-OPS-01|SL08|NREDDY
100|1000|PL08|19.02.2024|18.02.2024|5000012925|1|DIESEL001|Dieselkraftstoff|261|1514.301|L|113072.92|INR|V-K001|Entnahme Fahrzeugflotte Ahmedabad|KST-OPS-03|SL08|AKUMAR
100|1000|PL08|04.02.2024|01.02.2024|5000012926|1|DIESEL001|Diesel|261|844.559|L|61838.96|INR|V-K007|Tanken Produktion Ahmedabad|KST-FAC-07|SL08|PSINGH
100|1000|PL08|22.02.2024|20.02.2024|5000012927|1|DIESEL001|Dieselkraftstoff|261||L||INR|V-K001|Entnahme Heizung Ahmedabad|KST-FAC-01|SL08|GMISHRA
100|1000|PL08|21.02.2024|19.02.2024|5000012928|1|DIESEL001|Diesel|261|1145.729|L|85546.83|INR|V-K005||KST-OPS-02|SL08|KVELU
100|1000|PL08|10.02.2024|10.02.2024|5000012929|1|DIESEL001|Dieselkraftstoff|261|860.506|KG|61646.88|INR|V-K005|Entnahme Kantine Ahmedabad|KST-LOG-01|SL08|KVELU
100|1000|PL08|28.02.2024|25.02.2024|5000012930|1|LPG00001|Fluessiggas|261|124.815|KG|11563.18|INR|V-K007|Verbrauch Fahrzeugflotte Ahmedabad|KST-OPS-02|SL08|AKUMAR
100|1000|PL08|08.02.2024|08.02.2024|5000012931|1|LPG00001|LPG|261|135.695|KG|12642.19|INR|V-K007|Auffuellung Heizung Ahmedabad|KST-LOG-03|SL08|SNEHA
100|1000|PL08|21.02.2024|21.02.2024|5000012932|1|LPG00001|Fluessiggas|261|59.389|KG|5347.16|INR|V-K010|Entnahme Wartung Ahmedabad|KST-PRD-02|SL08|RJOSHI
100|1000|PL08|13.02.2024|10.02.2024|5000012933|1|LPG00001|Fluessiggas|261|89.228|KG|8180.44|INR|V-IOCL1|Auffuellung Kantine Ahmedabad|KST-OPS-03|SL08|PSINGH
100|1000|PL08|11.02.2024|11.02.2024|5000012934|1|CNGFUEL1|Komprimiertes Erdgas|261|136.189|KG|11781.86|INR|V-K010|Entnahme Produktion Ahmedabad|KST-OPS-01|SL08|VMEHTA
100|1000|PL08|07.02.2024|05.02.2024|5000012935|1|CNGFUEL1|Komprimiertes Erdgas|261|219.933|KG|17799.58|INR|V-K003|Auffuellung Wartung Ahmedabad|KST-PRD-01|SL08|ASAXEN
100|1000|PL08|15.02.2024|15.02.2024|5000012936|1|CNGFUEL1|Erdgas CNG|261|108.539|KG|9644.55|INR|V-K009|Tanken DG-Set Ahmedabad|KST-LOG-01|SL08|SPRIYA
100|1000|PL08|23.03.2024|20.03.2024|5000012937|1|DIESEL001|Diesel|261|782.115|L|57416.77|INR|V-K009|Nutzung Heizung Ahmedabad|KST-OPS-03|SL08|DRAO
100|1000|PL08|17.03.2024|16.03.2024|5000012938|1|DIESEL001|Dieselkraftstoff|261|1688.322|L|114184.02|INR|V-K007|Entnahme Generator Ahmedabad|KST-LOG-02|SL08|VMEHTA
100|1000|PL08|14.03.2024|12.03.2024|5000012939|1|DIESEL001|Diesel|261|1096.717|L|79066.52|INR|V-BPCL1|Nutzung Produktion Ahmedabad|KST-PRD-02|SL08|KVELU
100|1000|PL08|22.03.2024|20.03.2024|5000012940|1|DIESEL001|Dieselkraftstoff|261|1667.244|L|121246.27|INR|V-HPCL1|Auffuellung Produktion Ahmedabad|KST-FAC-01|SL08|VMEHTA
100|1000|PL08|15.03.2024|12.03.2024|5000012941|1|DIESEL001|Diesel|261|1636.129|L|124990.19|INR|V-K007|Tanken Generator Ahmedabad|KST-LOG-03|SL08|DRAO
100|1000|PL08|23.03.2024|21.03.2024|5000012942|1|DIESEL001|Diesel|261|1464.316|L|105693.37|INR|V-BPCL1|Auffuellung Heizung Ahmedabad|KST-PRD-01|SL08|NREDDY
100|1000|PL08|13.03.2024|13.03.2024|5000012943|1|DIESEL001|Dieselkraftstoff|261|1295.008|L|88082.27|INR|V-K002|Verbrauch Wartung Ahmedabad|KST-PRD-02|SL08|MGUPTA
100|1000|PL08|02.03.2024|28.02.2024|5000012944|1|DIESEL001|Dieselkraftstoff|261|1794.295|L|118868.92|INR|V-ESSAR|Nutzung Generator Ahmedabad|KST-LOG-03|SL08|PSINGH
100|1000|PL08|03.03.2024|02.03.2024|5000012945|1|DIESEL001|Dieselkraftstoff|261|1510.022|L|107450.38|INR|V-K004|Verbrauch Notstromaggregat Ahmedabad|KST-OPS-03|SL08|SPRIYA
100|1000|PL08|08.03.2024|06.03.2024|5000012945|1|LPG00001|LPG|261|100.329|KG|8849.5|INR|V-IOCL1|Tanken Produktion Ahmedabad|KST-LOG-02|SL08|AKUMAR
100|1000|PL08|13.03.2024|11.03.2024|5000012947|1|LPG00001|LPG|261|130.553|KG|12401.2|INR|V-K001|Entnahme Heizung Ahmedabad|KST-FAC-02|SL08|DRAO
100|1000|PL08|20.03.2024|19.03.2024|5000012948|1|LPG00001|Fluessiggas|261|89.247|KG|7396.9|INR|V-K005|Entnahme Heizung Ahmedabad|KST-LOG-01|SL08|GMISHRA
100|1000|PL08|23.03.2024|23.03.2024|5000012949|1|LPG00001|LPG|261|101.748|KG|9206.84|INR|V-K004|Verbrauch Wartung Ahmedabad|KST-OPS-03|SL08|AKUMAR
100|1000|PL08|27.03.2024|24.03.2024|5000012950|1|CNGFUEL1|Komprimiertes Erdgas|261|156.923|KG|13930.37|INR|V-K010|Tanken Generator Ahmedabad|KST-LOG-01|SL08|DRAO
100|1000|PL08|25.03.2024|23.03.2024|5000012951|1|CNGFUEL1|Erdgas CNG|261|121.987|KG|10845.8|INR|V-K001|Tanken Notstromaggregat Ahmedabad|KST-LOG-02|SL08|AKUMAR
100|1000|PL08|07.03.2024|05.03.2024|5000012952|1|CNGFUEL1|Erdgas CNG|261|170.648|KG|14990.35|INR|V-K005|Nutzung Heizung Ahmedabad|KST-MNT-01|SL08|PSINGH
100|1000|PL08|27.04.2024|27.04.2024|5000012953|1|DIESEL001|Diesel|261|725.561|L|52500.58|INR|V-K002|Verbrauch Fahrzeugflotte Ahmedabad|KST-FAC-01|SL08|MGUPTA
100|1000|PL08|12.04.2024|10.04.2024|5000012954|1|DIESEL001|Dieselkraftstoff|261|1719.018|L|118880.29|INR|V-IOCL1|Nutzung Fahrzeugflotte Ahmedabad|KST-OPS-02|SL08|AKUMAR
100|1000|PL08|07.04.2024|05.04.2024|5000012955|1|DIESEL001|Diesel|261||L||INR|V-K005|Nutzung Notstromaggregat Ahmedabad|KST-MNT-01|SL08|AKUMAR
100|1000|PL08|20.04.2024|20.04.2024|5000012956|1|DIESEL001|Dieselkraftstoff|261|1512.399|L|109900.15|INR|V-K008|Entnahme DG-Set Ahmedabad|KST-MNT-01|SL08|GMISHRA
100|1000|PL08|27.04.2024|25.04.2024|5000012957|1|DIESEL001|Dieselkraftstoff|261|1673.092|KG|126850.96|INR|V-K010|Nutzung Notstromaggregat Ahmedabad|KST-FAC-07|SL08|ASAXEN
100|1000|PL08|10.04.2024|08.04.2024|5000012958|1|DIESEL001|Dieselkraftstoff|261|625.617|L|42857.45|INR|V-K010|Entnahme Fahrzeugflotte Ahmedabad|KST-FAC-01|SL08|NREDDY
100|1000|PL08|06.04.2024|03.04.2024|5000012959|1|DIESEL001|Diesel|261|890.827|L|59053.69|INR|V-K009|Verbrauch Heizung Ahmedabad|KST-LOG-01|SL08|AKUMAR
100|1000|PL08|27.04.2024|27.04.2024|5000012960|1|DIESEL001|Dieselkraftstoff|261|1575.25|L|105369.5|INR|V-RELI1|Verbrauch DG-Set Ahmedabad|KST-FAC-07|SL08|SPRIYA
100|1000|PL08|25.04.2024|25.04.2024|5000012961|1|DIESEL001|Dieselkraftstoff|261|670.891|L|51937.58|INR|V-K008|Nutzung DG-Set Ahmedabad|KST-OPS-01|SL08|VMEHTA
100|1000|PL08|08.04.2024|08.04.2024|5000012962|1|LPG00001|Fluessiggas|261|91.765|KG|8244.05|INR|V-IOCL1|Entnahme DG-Set Ahmedabad|KST-FAC-02|SL08|SNEHA
100|1000|PL08|13.04.2024|11.04.2024|5000012963|1|LPG00001|LPG|261|125.065|KG|10696.38|INR|V-K007|Tanken Kantine Ahmedabad|KST-FAC-02|SL08|SPRIYA
100|1000|PL08|11.04.2024|10.04.2024|5000012964|1|LPG00001|LPG|261|85.64|KG|7637.8|INR|V-IOCL1|Verbrauch Produktion Ahmedabad|KST-MNT-01|SL08|KVELU
100|1000|PL08|05.04.2024|02.04.2024|5000012965|1|LPG00001|Fluessiggas|261|120.72|KG|10630.64|INR|V-RELI1|Entnahme Heizung Ahmedabad|KST-FAC-03|SL08|AKUMAR
100|1000|PL08|26.04.2024|25.04.2024|5000012966|1|CNGFUEL1|Erdgas CNG|261|113.422|KG|9312.08|INR|V-IOCL1|Nutzung Fahrzeugflotte Ahmedabad|KST-OPS-01|SL08|DRAO
100|1000|PL08|20.04.2024|19.04.2024|5000012967|1|CNGFUEL1|Komprimiertes Erdgas|261|278.648|KG|22636.64|INR|V-K003|Entnahme Fahrzeugflotte Ahmedabad|KST-FAC-07|SL08|KVELU
100|1000|PL08|08.04.2024|06.04.2024|5000012968|1|CNGFUEL1|Erdgas CNG|261|167.828|KG|15073.62|INR|V-K004|Auffuellung DG-Set Ahmedabad|KST-LOG-02|SL08|VMEHTA
100|1000|PL08|09.05.2024|07.05.2024|5000012969|1|DIESEL001|Diesel|261|664.316|L|50613.17|INR|V-RELI1|Verbrauch Fahrzeugflotte Ahmedabad|KST-LOG-03|SL08|MGUPTA
100|1000|PL08|27.05.2024|26.05.2024|5000012970|1|DIESEL001|Dieselkraftstoff|261|1753.817|L|131103.28|INR|V-K007|Entnahme DG-Set Ahmedabad|KST-LOG-03|SL08|AKUMAR
100|1000|PL08|23.05.2024|20.05.2024|5000012971|1|DIESEL001|Diesel|261|1750.3|L|124367.52|INR|V-K004||KST-FAC-07|SL08|NREDDY
100|1000|PL08|22.05.2024|20.05.2024|5000012972|1|DIESEL001|Diesel|261|1163.501|L|87151.09|INR|V-K002|Tanken DG-Set Ahmedabad|KST-MNT-01|SL08|TLAXMAN
100|1000|PL08|06.05.2024|04.05.2024|5000012973|1|DIESEL001|Dieselkraftstoff|261|1526.272|L|104189.55|INR|V-K009||KST-PRD-01|SL08|KVELU
100|1000|PL08|25.05.2024|22.05.2024|5000012974|1|DIESEL001|Dieselkraftstoff|261|1018.221|L|70387.72|INR|V-K006|Tanken DG-Set Ahmedabad|KST-FAC-03|SL08|VMEHTA
100|1000|PL08|11.05.2024|10.05.2024|5000012975|1|DIESEL001|Dieselkraftstoff|261||L||INR|V-K004|Verbrauch DG-Set Ahmedabad|KST-FAC-01|SL08|RJOSHI
100|1000|PL08|14.05.2024|11.05.2024|5000012976|1|DIESEL001|Dieselkraftstoff|261|991.66|L|72683.26|INR|V-RELI1|Auffuellung Notstromaggregat Ahmedabad|KST-LOG-01|SL08|KVELU
100|1000|PL08|04.05.2024|01.05.2024|5000012977|1|DIESEL001|Diesel|261|1385.093|L|94106.25|INR|V-K009|Entnahme Produktion Ahmedabad|KST-OPS-03|SL08|GMISHRA
100|1000|PL08|13.05.2024|11.05.2024|5000012978|1|LPG00001|Fluessiggas|261|79.806|KG|7395.4|INR|V-K009||KST-FAC-01|SL08|SNEHA
100|1000|PL08|06.05.2024|04.05.2024|5000012979|1|LPG00001|LPG|261|67.709|KG|6241.1|INR|V-ESSAR|Tanken Wartung Ahmedabad|KST-FAC-01|SL08|NREDDY
100|1000|PL08|07.05.2024|06.05.2024|5000012980|1|LPG00001|Fluessiggas|261|135.193|KG|11275.51|INR|V-ESSAR|Verbrauch Heizung Ahmedabad|KST-LOG-01|SL08|SNEHA
100|1000|PL08|23.05.2024|20.05.2024|5000012981|1|LPG00001|LPG|261|110.867|KG|10472.85|INR|V-K005|Entnahme Heizung Ahmedabad|KST-OPS-02|SL08|TLAXMAN
100|1000|PL08|09.05.2024|08.05.2024|5000012982|1|CNGFUEL1|Komprimiertes Erdgas|261|141.173|KG|12409.29|INR|V-K004|Verbrauch Kantine Ahmedabad|KST-FAC-05|SL08|KVELU
100|1000|PL08|12.05.2024|10.05.2024|5000012983|1|CNGFUEL1|Erdgas CNG|261|113.027|KG|9658.67|INR|V-ESSAR|Nutzung Produktion Ahmedabad|KST-FAC-05|SL08|ASAXEN
100|1000|PL08|03.05.2024|03.05.2024|5000012984|1|CNGFUEL1|Komprimiertes Erdgas|261|192.061|KG|15227.61|INR|V-K007|Tanken DG-Set Ahmedabad|KST-OPS-01|SL08|BCHATT
100|1000|PL08|28.06.2024|25.06.2024|5000012985|1|DIESEL001|Dieselkraftstoff|261|955.433|L|70300.64|INR|V-K006|Nutzung Generator Ahmedabad|KST-LOG-01|SL08|PSINGH
100|1000|PL08|27.06.2024|24.06.2024|5000012986|1|DIESEL001|Dieselkraftstoff|261|1681.83|L|130089.44|INR|V-K009|Entnahme Heizung Ahmedabad|KST-FAC-02|SL08|MGUPTA
100|1000|PL08|28.06.2024|27.06.2024|5000012987|1|DIESEL001|Dieselkraftstoff|261|1116.688|L|76255.39|INR|V-K004|Auffuellung Kantine Ahmedabad|KST-LOG-01|SL08|KVELU
100|1000|PL08|24.06.2024|22.06.2024|5000012988|1|DIESEL001|Dieselkraftstoff|261|1153.098|KG|84912.52|INR|V-K003|Verbrauch Heizung Ahmedabad|KST-LOG-01|SL08|TLAXMAN
100|1000|PL08|22.06.2024|22.06.2024|5000012989|1|DIESEL001|Diesel|261|1366.433|L|103743.62|INR|V-K009|Verbrauch Generator Ahmedabad|KST-FAC-01|SL08|DRAO
100|1000|PL08|16.06.2024|16.06.2024|5000012990|1|DIESEL001|Diesel|261|1146.098|L|80628.8|INR|V-K010|Verbrauch Kantine Ahmedabad|KST-PRD-02|SL08|RPANDEY
100|1000|PL08|25.06.2024|24.06.2024|5000012991|1|DIESEL001|Dieselkraftstoff|261|606.944|L|43753.42|INR|V-K006|Nutzung Produktion Ahmedabad|KST-LOG-03|SL08|KVELU
100|1000|PL08|05.06.2024|05.06.2024|5000012992|1|DIESEL001|Diesel|261|1647.527|L|111413.49|INR|V-K007|Auffuellung Fahrzeugflotte Ahmedabad|KST-FAC-03|SL08|SNEHA
100|1000|PL08|16.06.2024|15.06.2024|5000012993|1|DIESEL001|Dieselkraftstoff|261|934.269|L|62567.86|INR|V-K001|Verbrauch Produktion Ahmedabad|KST-MNT-01|SL08|PSINGH
100|1000|PL08|02.06.2024|01.06.2024|5000012994|1|LPG00001|LPG|261|75.06|KG|6379.22|INR|V-K009||KST-FAC-02|SL08|VMEHTA
100|1000|PL08|22.06.2024|21.06.2024|5000012995|1|LPG00001|LPG|261|114.236|KG|9804.99|INR|V-RELI1|Nutzung Fahrzeugflotte Ahmedabad|KST-LOG-01|SL08|BCHATT
100|1000|PL08|07.06.2024|06.06.2024|5000012996|1|LPG00001|Fluessiggas|261|102.274|KG|9677.6|INR|V-K004|Tanken Produktion Ahmedabad|KST-OPS-03|SL08|ASAXEN
100|1000|PL08|26.06.2024|26.06.2024|5000012997|1|LPG00001|LPG|261|147.46|KG|12788.07|INR|V-IOCL1|Auffuellung Generator Ahmedabad|KST-FAC-03|SL08|AKUMAR
100|1000|PL08|18.06.2024|17.06.2024|5000012998|1|CNGFUEL1|Komprimiertes Erdgas|261|183.992|KG|14536.7|INR|V-K005|Nutzung Generator Ahmedabad|KST-LOG-02|SL08|SPRIYA
100|1000|PL08|23.06.2024|23.06.2024|5000012999|1|CNGFUEL1|Erdgas CNG|261|122.477|KG|11000.38|INR|V-K005|Nutzung Kantine Ahmedabad|KST-FAC-05|SL08|DRAO
100|1000|PL08|17.06.2024|14.06.2024|5000013000|1|CNGFUEL1|Erdgas CNG|261|221.358|KG|17936.7|INR|V-K007|Entnahme DG-Set Ahmedabad|KST-FAC-05|SL08|GMISHRA
100|1000|PL08|08.07.2024|05.07.2024|5000013001|1|DIESEL001|Diesel|261|1475.533|L|112208.15|INR|V-K003|Tanken Heizung Ahmedabad|KST-LOG-01|SL08|RJOSHI
100|1000|PL08|14.07.2024|13.07.2024|5000013002|1|DIESEL001|Dieselkraftstoff|261|1026.708|L|77359.12|INR|V-K005|Verbrauch Produktion Ahmedabad|KST-FAC-02|SL08|RJOSHI
100|1000|PL08|04.07.2024|01.07.2024|5000013003|1|DIESEL001|Dieselkraftstoff|261|764.079|L|56849.4|INR|V-K003|Auffuellung Fahrzeugflotte Ahmedabad|KST-FAC-05|SL08|BCHATT
100|1000|PL08|07.07.2024|07.07.2024|5000013004|1|DIESEL001|Diesel|261|835.558|L|56016.32|INR|V-IOCL1|Verbrauch Notstromaggregat Ahmedabad|KST-OPS-02|SL08|MGUPTA
100|1000|PL08|13.07.2024|11.07.2024|5000013005|1|DIESEL001|Dieselkraftstoff|261|1331.777|L|96120.27|INR|V-K004|Verbrauch Produktion Ahmedabad|KST-PRD-02|SL08|TLAXMAN
100|1000|PL08|05.07.2024|02.07.2024|5000013006|1|DIESEL001|Dieselkraftstoff|261|1226.302|L|86114.31|INR|V-RELI1|Tanken Generator Ahmedabad|KST-FAC-01|SL08|SPRIYA
100|1000|PL08|03.07.2024|01.07.2024|5000013007|1|DIESEL001|Diesel|261|1602.921|L|124241.96|INR|V-IOCL1|Entnahme Fahrzeugflotte Ahmedabad|KST-LOG-03|SL08|ASAXEN
100|1000|PL08|09.07.2024|09.07.2024|5000013008|1|DIESEL001|Diesel|261|1150.585|L|80324.12|INR|V-RELI1|Entnahme Heizung Ahmedabad|KST-LOG-02|SL08|DRAO
100|1000|PL08|20.07.2024|17.07.2024|5000013009|1|DIESEL001|Dieselkraftstoff|261|1535.754|L|105276.82|INR|V-K008|Nutzung Generator Ahmedabad|KST-FAC-05|SL08|PSINGH
100|1000|PL08|02.07.2024|02.07.2024|5000013010|1|LPG00001|LPG|261|131.036|KG|11787.41|INR|V-IOCL1||KST-FAC-01|SL08|VMEHTA
100|1000|PL08|28.07.2024|27.07.2024|5000013011|1|LPG00001|Fluessiggas|261|139.784|KG|13170.32|INR|V-K002|Nutzung Generator Ahmedabad|KST-PRD-01|SL08|NREDDY
100|1000|PL08|13.07.2024|11.07.2024|5000013012|1|LPG00001|LPG|261|68.104|KG|5941.26|INR|V-K009|Nutzung Wartung Ahmedabad|KST-FAC-03|SL08|ASAXEN
100|1000|PL08|15.07.2024|15.07.2024|5000013013|1|LPG00001|Fluessiggas|261|88.504|KG|8212.91|INR|V-K003|Tanken DG-Set Ahmedabad|KST-PRD-02|SL08|ASAXEN
100|1000|PL08|28.07.2024|25.07.2024|5000013014|1|CNGFUEL1|Erdgas CNG|261|264.123|KG|22728.67|INR|V-ESSAR|Auffuellung Generator Ahmedabad|KST-OPS-01|SL08|GMISHRA
100|1000|PL08|24.07.2024|22.07.2024|5000013015|1|CNGFUEL1|Erdgas CNG|261|257.62|KG|22644.89|INR|V-K004|Nutzung Produktion Ahmedabad|KST-FAC-05|SL08|SPRIYA
100|1000|PL08|12.07.2024|09.07.2024|5000013016|1|CNGFUEL1|Erdgas CNG|261|103.924|KG|8741.96|INR|V-K009|Auffuellung Fahrzeugflotte Ahmedabad|KST-MNT-01|SL08|BCHATT
100|1000|PL08|01.08.2024|01.08.2024|5000013017|1|DIESEL001|Diesel|261|643.451|L|45663.55|INR|V-K002|Tanken Notstromaggregat Ahmedabad|KST-PRD-01|SL08|RJOSHI
100|1000|PL08|25.08.2024|22.08.2024|5000013018|1|DIESEL001|Dieselkraftstoff|261|1301.175|L|88608.07|INR|V-ESSAR|Verbrauch Notstromaggregat Ahmedabad|KST-PRD-01|SL08|DRAO
100|1000|PL08|07.08.2024|05.08.2024|5000013019|1|DIESEL001|Diesel|261|1793.867|L|130723.27|INR|V-RELI1|Nutzung Notstromaggregat Ahmedabad|KST-OPS-02|SL08|DRAO
100|1000|PL08|23.08.2024|22.08.2024|5000013020|1|DIESEL001|Diesel|261|1089.439|L|76201.92|INR|V-K006|Nutzung Heizung Ahmedabad|KST-MNT-01|SL08|MGUPTA
100|1000|PL08|22.08.2024|19.08.2024|5000013021|1|DIESEL001|Dieselkraftstoff|261|1692.31|L|118388.12|INR|V-K003|Tanken Wartung Ahmedabad|KST-LOG-03|SL08|DRAO
100|1000|PL08|23.08.2024|20.08.2024|5000013022|1|DIESEL001|Diesel|261|744.447|KG|55441.59|INR|V-K008|Auffuellung Fahrzeugflotte Ahmedabad|KST-FAC-01|SL08|VMEHTA
100|1000|PL08|06.08.2024|04.08.2024|5000013023|1|DIESEL001|Diesel|261|1744.909|L|121482.86|INR|V-IOCL1|Auffuellung DG-Set Ahmedabad|KST-MNT-01|SL08|GMISHRA
100|1000|PL08|16.08.2024|16.08.2024|5000013024|1|DIESEL001|Diesel|261|732.599|L|52307.26|INR|V-K008|Auffuellung Fahrzeugflotte Ahmedabad|KST-FAC-07|SL08|AKUMAR
100|1000|PL08|14.08.2024|12.08.2024|5000013025|1|DIESEL001|Dieselkraftstoff|261|1799.497|L|131003.91|INR|V-K005|Tanken Notstromaggregat Ahmedabad|KST-LOG-01|SL08|PSINGH
100|1000|PL08|24.08.2024|21.08.2024|5000013026|1|LPG00001|LPG|261|89.764|KG|7649.55|INR|V-BPCL1|Tanken Wartung Ahmedabad|KST-FAC-02|SL08|DRAO
100|1000|PL08|21.08.2024|20.08.2024|5000013027|1|LPG00001|Fluessiggas|261|81.857|KG|7274.02|INR|V-K007|Entnahme DG-Set Ahmedabad|KST-MNT-01|SL08|RJOSHI
100|1000|PL08|21.08.2024|21.08.2024|5000013028|1|LPG00001|Fluessiggas|261||KG||INR|V-BPCL1|Verbrauch Wartung Ahmedabad|KST-PRD-01|SL08|KVELU
100|1000|PL08|03.08.2024|02.08.2024|5000013029|1|LPG00001|LPG|261|52.951|KG|5139.74|INR|V-K003|Entnahme Wartung Ahmedabad|KST-PRD-02|SL08|KVELU
100|1000|PL08|15.08.2024|12.08.2024|5000013030|1|CNGFUEL1|Erdgas CNG|261|274.625|KG|21491.57|INR|V-K005|Tanken Wartung Ahmedabad|KST-LOG-03|SL08|SNEHA
100|1000|PL08|19.08.2024|17.08.2024|5000013031|1|CNGFUEL1|Komprimiertes Erdgas|261|160.289|KG|14594.74|INR|V-K002|Auffuellung Generator Ahmedabad|KST-LOG-01|SL08|SPRIYA
100|1000|PL08|08.08.2024|08.08.2024|5000013032|1|CNGFUEL1|Erdgas CNG|261|181.555|KG|14749.65|INR|V-K009|Auffuellung Produktion Ahmedabad|KST-LOG-03|SL08|KVELU
100|1000|PL08|11.09.2024|09.09.2024|5000013033|1|DIESEL001|Dieselkraftstoff|261|1090.514|KG|72614.69|INR|V-IOCL1||KST-FAC-07|SL08|DRAO
100|1000|PL08|06.09.2024|04.09.2024|5000013034|1|DIESEL001|Dieselkraftstoff|261|1274.555|L|97486.7|INR|V-HPCL1|Nutzung Wartung Ahmedabad|KST-FAC-03|SL08|PSINGH
100|1000|PL08|21.09.2024|20.09.2024|5000013035|1|DIESEL001|Diesel|261|1273.58|L|97188.71|INR|V-K001|Auffuellung Generator Ahmedabad|KST-LOG-03|SL08|GMISHRA
100|1000|PL08|12.09.2024|12.09.2024|5000013036|1|DIESEL001|Diesel|261|1560.406|L|119046.25|INR|V-K002|Nutzung Kantine Ahmedabad|KST-LOG-02|SL08|ASAXEN
100|1000|PL08|19.09.2024|17.09.2024|5000013037|1|DIESEL001|Dieselkraftstoff|261|680.3|L|48623.78|INR|V-K005|Tanken Generator Ahmedabad|KST-MNT-01|SL08|KVELU
100|1000|PL08|20.09.2024|17.09.2024|5000013038|1|DIESEL001|Diesel|261|1425.261|L|109808.96|INR|V-K005|Verbrauch Wartung Ahmedabad|KST-FAC-05|SL08|NREDDY
100|1000|PL08|25.09.2024|23.09.2024|5000013039|1|DIESEL001|Dieselkraftstoff|261|781.402|L|59383.23|INR|V-HPCL1|Nutzung Generator Ahmedabad|KST-OPS-01|SL08|SPRIYA
100|1000|PL08|01.09.2024|01.09.2024|5000013040|1|DIESEL001|Diesel|261|1233.631|L|89998.97|INR|V-K009|Nutzung Kantine Ahmedabad|KST-OPS-01|SL08|VMEHTA
100|1000|PL08|08.09.2024|05.09.2024|5000013041|1|DIESEL001|Diesel|261|1264.564|L|96359.03|INR|V-K002|Nutzung Generator Ahmedabad|KST-OPS-03|SL08|KVELU
100|1000|PL08|16.09.2024|15.09.2024|5000013042|1|LPG00001|Fluessiggas|261|122.783|KG|10198.47|INR|V-K010|Nutzung Fahrzeugflotte Ahmedabad|KST-OPS-01|SL08|ASAXEN
100|1000|PL08|18.09.2024|18.09.2024|5000013043|1|LPG00001|LPG|261|51.608|KG|4802.56|INR|V-K009|Tanken Produktion Ahmedabad|KST-PRD-01|SL08|ASAXEN
100|1000|PL08|13.09.2024|12.09.2024|5000013044|1|LPG00001|LPG|261|145.72|KG|13793.84|INR|V-K010|Tanken Heizung Ahmedabad|KST-LOG-03|SL08|RJOSHI
100|1000|PL08|03.09.2024|03.09.2024|5000013045|1|LPG00001|LPG|261|120.166|KG|10673.08|INR|V-K002|Entnahme Wartung Ahmedabad|KST-FAC-02|SL08|SNEHA
100|1000|PL08|25.09.2024|23.09.2024|5000013046|1|CNGFUEL1|Komprimiertes Erdgas|261|191.03|KG|16719.28|INR|V-RELI1|Tanken Notstromaggregat Ahmedabad|KST-FAC-05|SL08|PSINGH
100|1000|PL08|27.09.2024|25.09.2024|5000013047|1|CNGFUEL1|Erdgas CNG|261|205.262|KG|16947.67|INR|V-K001|Verbrauch Heizung Ahmedabad|KST-LOG-02|SL08|ASAXEN
100|1000|PL08|03.09.2024|01.09.2024|5000013048|1|CNGFUEL1|Erdgas CNG|261|166.5|KG|13821.79|INR|V-HPCL1|Nutzung Generator Ahmedabad|KST-FAC-05|SL08|GMISHRA
100|1000|PL08|07.10.2024|07.10.2024|5000013049|1|DIESEL001|Diesel|261|1775.968|L|135017.4|INR|V-K010|Tanken Wartung Ahmedabad|KST-PRD-02|SL08|NREDDY
100|1000|PL08|09.10.2024|07.10.2024|5000013050|1|DIESEL001|Dieselkraftstoff|261|1234.036|L|92036.56|INR|V-K004|Verbrauch Fahrzeugflotte Ahmedabad|KST-OPS-03|SL08|KVELU
100|1000|PL08|16.10.2024|15.10.2024|5000013051|1|DIESEL001|Diesel|261|1672.015|L|121397.93|INR|V-ESSAR|Verbrauch Produktion Ahmedabad|KST-FAC-05|SL08|SNEHA
100|1000|PL08|27.10.2024|25.10.2024|5000013052|1|DIESEL001|Diesel|261|901.555|L|60950.46|INR|V-RELI1|Auffuellung Fahrzeugflotte Ahmedabad|KST-FAC-01|SL08|MGUPTA
100|1000|PL08|17.10.2024|16.10.2024|5000013053|1|DIESEL001|Diesel|261|925.554|L|64286.21|INR|V-K009|Nutzung Generator Ahmedabad|KST-FAC-03|SL08|MGUPTA
100|1000|PL08|19.10.2024|18.10.2024|5000013054|1|DIESEL001|Dieselkraftstoff|261|1120.045|L|79106.38|INR|V-ESSAR|Entnahme Wartung Ahmedabad|KST-FAC-05|SL08|TLAXMAN
100|1000|PL08|23.10.2024|22.10.2024|5000013055|1|DIESEL001|Dieselkraftstoff|261|887.991|L|59668.64|INR|V-ESSAR|Nutzung Produktion Ahmedabad|KST-OPS-02|SL08|VMEHTA
100|1000|PL08|11.10.2024|08.10.2024|5000013056|1|DIESEL001|Dieselkraftstoff|261|793.199|L|61024.1|INR|V-K009|Entnahme Generator Ahmedabad|KST-OPS-02|SL08|RJOSHI
100|1000|PL08|22.10.2024|22.10.2024|5000013057|1|DIESEL001|Diesel|261|755.933|KG|57627.9|INR|V-IOCL1|Entnahme Heizung Ahmedabad|KST-LOG-02|SL08|KVELU
100|1000|PL08|25.10.2024|23.10.2024|5000013058|1|LPG00001|Fluessiggas|261|77.757|KG|7377.64|INR|V-K002|Verbrauch Generator Ahmedabad|KST-PRD-01|SL08|RJOSHI
100|1000|PL08|27.10.2024|24.10.2024|5000013059|1|LPG00001|LPG|261|146.633|KG|13486.56|INR|V-K008|Verbrauch Fahrzeugflotte Ahmedabad|KST-FAC-02|SL08|BCHATT
100|1000|PL08|23.10.2024|23.10.2024|5000013060|1|LPG00001|Fluessiggas|261|116.187|KG|9622.85|INR|V-BPCL1|Entnahme Fahrzeugflotte Ahmedabad|KST-MNT-01|SL08|SPRIYA
100|1000|PL08|26.10.2024|26.10.2024|5000013061|1|LPG00001|LPG|261|96.878|KG|8887.64|INR|V-RELI1|Verbrauch DG-Set Ahmedabad|KST-PRD-01|SL08|RPANDEY
100|1000|PL08|11.10.2024|10.10.2024|5000013062|1|CNGFUEL1|Komprimiertes Erdgas|261|269.412|KG|22034.13|INR|V-K008|Entnahme Kantine Ahmedabad|KST-PRD-02|SL08|SPRIYA
100|1000|PL08|12.10.2024|09.10.2024|5000013063|1|CNGFUEL1|Erdgas CNG|261|108.622|KG|9466.82|INR|V-K003|Auffuellung Kantine Ahmedabad|KST-OPS-02|SL08|AKUMAR
100|1000|PL08|14.10.2024|14.10.2024|5000013064|1|CNGFUEL1|Komprimiertes Erdgas|261|227.976|KG|18541.74|INR|V-K009|Auffuellung DG-Set Ahmedabad|KST-LOG-01|SL08|SPRIYA
100|1000|PL08|26.11.2024|26.11.2024|5000013065|1|DIESEL001|Diesel|261|1154.546|L|84801.22|INR|V-K004|Nutzung Kantine Ahmedabad|KST-LOG-03|SL08|DRAO
100|1000|PL08|15.11.2024|12.11.2024|5000013066|1|DIESEL001|Dieselkraftstoff|261|1656.552|L|127900.9|INR|V-K003|Tanken DG-Set Ahmedabad|KST-FAC-03|SL08|MGUPTA
100|1000|PL08|11.11.2024|09.11.2024|5000013067|1|DIESEL001|Diesel|261|697.457|L|51543.95|INR|V-K005|Entnahme Generator Ahmedabad|KST-PRD-01|SL08|GMISHRA
100|1000|PL08|17.11.2024|14.11.2024|5000013068|1|DIESEL001|Dieselkraftstoff|261|1461.095|L|98103.03|INR|V-K010|Auffuellung DG-Set Ahmedabad|KST-FAC-02|SL08|BCHATT
100|1000|PL08|23.11.2024|23.11.2024|5000013069|1|DIESEL001|Dieselkraftstoff|261|1454.811|L|103711.12|INR|V-IOCL1|Entnahme Heizung Ahmedabad|KST-OPS-02|SL08|RJOSHI
100|1000|PL08|16.11.2024|13.11.2024|5000013070|1|DIESEL001|Diesel|261|765.167|L|55137.7|INR|V-RELI1|Nutzung Notstromaggregat Ahmedabad|KST-FAC-02|SL08|DRAO
100|1000|PL08|22.11.2024|19.11.2024|5000013071|1|DIESEL001|Dieselkraftstoff|261|1449.6|L|106569.89|INR|V-K001|Tanken Fahrzeugflotte Ahmedabad|KST-LOG-01|SL08|RJOSHI
100|1000|PL08|26.11.2024|26.11.2024|5000013072|1|DIESEL001|Dieselkraftstoff|261|1490.826|L|112783.68|INR|V-K007|Entnahme Produktion Ahmedabad|KST-FAC-03|SL08|SNEHA
100|1000|PL08|19.11.2024|17.11.2024|5000013073|1|DIESEL001|Dieselkraftstoff|261|904.03|L|67743.29|INR|V-K008|Tanken Fahrzeugflotte Ahmedabad|KST-LOG-03|SL08|AKUMAR
100|1000|PL08|01.11.2024|30.10.2024|5000013074|1|LPG00001|LPG|261|101.484|KG|8670.88|INR|V-RELI1|Nutzung Wartung Ahmedabad|KST-LOG-03|SL08|NREDDY
100|1000|PL08|14.11.2024|12.11.2024|5000013075|1|LPG00001|Fluessiggas|261|111.916|KG|9586.34|INR|V-K002|Verbrauch Produktion Ahmedabad|KST-OPS-02|SL08|SPRIYA
100|1000|PL08|03.11.2024|02.11.2024|5000013076|1|LPG00001|Fluessiggas|261|136.465|KG|12790.55|INR|V-K007|Entnahme Notstromaggregat Ahmedabad|KST-FAC-03|SL08|SPRIYA
100|1000|PL08|15.11.2024|14.11.2024|5000013077|1|LPG00001|LPG|261|140.32|KG|11881.34|INR|V-K009|Verbrauch Generator Ahmedabad|KST-FAC-07|SL08|ASAXEN
100|1000|PL08|01.11.2024|30.10.2024|5000013078|1|CNGFUEL1|Erdgas CNG|261|207.868|KG|17584.85|INR|V-IOCL1|Tanken Wartung Ahmedabad|KST-OPS-03|SL08|NREDDY
100|1000|PL08|03.11.2024|03.11.2024|5000013079|1|CNGFUEL1|Erdgas CNG|261|251.626|KG|21022.17|INR|V-HPCL1|Entnahme DG-Set Ahmedabad|KST-MNT-01|SL08|SPRIYA
100|1000|PL08|26.11.2024|26.11.2024|5000013080|1|CNGFUEL1|Erdgas CNG|261|121.547|KG|9984.08|INR|V-K009|Tanken Heizung Ahmedabad|KST-PRD-02|SL08|NREDDY
100|1000|PL08|05.12.2024|03.12.2024|5000013081|1|DIESEL001|Dieselkraftstoff|261|1064.229|L|81738.76|INR|V-K006|Entnahme Notstromaggregat Ahmedabad|KST-LOG-01|SL08|DRAO
100|1000|PL08|07.12.2024|05.12.2024|5000013082|1|DIESEL001|Dieselkraftstoff|261|1169.459|L|78726.18|INR|V-K009|Auffuellung Notstromaggregat Ahmedabad|KST-FAC-01|SL08|BCHATT
100|1000|PL08|27.12.2024|24.12.2024|5000013083|1|DIESEL001|Diesel|261|1736.745|L|128615.52|INR|V-K007|Nutzung Heizung Ahmedabad|KST-FAC-02|SL08|AKUMAR
100|1000|PL08|22.12.2024|19.12.2024|5000013084|1|DIESEL001|Dieselkraftstoff|261|728.78|L|49752.46|INR|V-K007|Nutzung Fahrzeugflotte Ahmedabad|KST-FAC-02|SL08|BCHATT
100|1000|PL08|19.12.2024|17.12.2024|5000013085|1|DIESEL001|Dieselkraftstoff|261|1355.457|L|95926.0|INR|V-K001|Entnahme DG-Set Ahmedabad|KST-LOG-03|SL08|RJOSHI
100|1000|PL08|23.12.2024|23.12.2024|5000013086|1|DIESEL001|Dieselkraftstoff|261|1030.444|L|71330.85|INR|V-BPCL1|Tanken Kantine Ahmedabad|KST-PRD-01|SL08|KVELU
100|1000|PL08|27.12.2024|27.12.2024|5000013087|1|DIESEL001|Dieselkraftstoff|261|845.378|L|63449.43|INR|V-ESSAR|Verbrauch Wartung Ahmedabad|KST-PRD-01|SL08|BCHATT
100|1000|PL08|12.12.2024|11.12.2024|5000013088|1|DIESEL001|Diesel|261|1706.296|L|128070.58|INR|V-K009|Tanken Produktion Ahmedabad|KST-FAC-07|SL08|GMISHRA
100|1000|PL08|12.12.2024|10.12.2024|5000013089|1|DIESEL001|Dieselkraftstoff|261|1169.044|L|86775.69|INR|V-HPCL1|Nutzung DG-Set Ahmedabad|KST-OPS-02|SL08|TLAXMAN
100|1000|PL08|27.12.2024|24.12.2024|5000013090|1|LPG00001|Fluessiggas|261|54.963|KG|4746.66|INR|V-K004|Verbrauch Notstromaggregat Ahmedabad|KST-FAC-05|SL08|SNEHA
100|1000|PL08|27.12.2024|25.12.2024|5000013091|1|LPG00001|LPG|261|51.971|KG|4628.41|INR|V-K002|Verbrauch Generator Ahmedabad|KST-FAC-07|SL08|DRAO
100|1000|PL08|17.12.2024|15.12.2024|5000013092|1|LPG00001|Fluessiggas|261|120.038|KG|10048.26|INR|V-HPCL1|Auffuellung Produktion Ahmedabad|KST-FAC-07|SL08|AKUMAR
100|1000|PL08|18.12.2024|17.12.2024|5000013093|1|LPG00001|Fluessiggas|261|72.011|KG|6878.05|INR|V-K008|Entnahme Heizung Ahmedabad|KST-OPS-01|SL08|NREDDY
100|1000|PL08|01.12.2024|30.11.2024|5000013094|1|CNGFUEL1|Komprimiertes Erdgas|261|198.449|KG|15997.32|INR|V-K006|Nutzung Notstromaggregat Ahmedabad|KST-LOG-01|SL08|SNEHA
100|1000|PL08|04.12.2024|02.12.2024|5000013095|1|CNGFUEL1|Komprimiertes Erdgas|261|163.135|KG|14196.87|INR|V-K007|Entnahme Kantine Ahmedabad|KST-LOG-03|SL08|MGUPTA
100|1000|PL08|14.12.2024|12.12.2024|5000013096|1|CNGFUEL1|Erdgas CNG|261|157.773|KG|12661.62|INR|V-K001|Auffuellung Fahrzeugflotte Ahmedabad|KST-OPS-02|SL08|RPANDEY
100|2000|PL09|17.01.2023|17.01.2023|5000013097|1|DIESEL001|Diesel|261|326.437|L|24702.42|INR|V-BPCL1|Tanken Produktion Jaipur|KST-FAC-03|SL09|NREDDY
100|2000|PL09|17.01.2023|17.01.2023|5000013098|1|DIESEL001|Dieselkraftstoff|261|200.603|L|14572.96|INR|V-K010|Auffuellung Notstromaggregat Jaipur|KST-PRD-02|SL09|SPRIYA
100|2000|PL09|14.01.2023|14.01.2023|5000013099|1|DIESEL001|Dieselkraftstoff|261|378.615|L|28262.9|INR|V-RELI1|Entnahme Produktion Jaipur|KST-PRD-02|SL09|GMISHRA
100|2000|PL09|08.01.2023|07.01.2023|5000013100|1|DIESEL001|Dieselkraftstoff|261|320.139|L|22225.75|INR|V-K004|Verbrauch DG-Set Jaipur|KST-LOG-02|SL09|SPRIYA
100|2000|PL09|26.01.2023|23.01.2023|5000013101|1|DIESEL001|Dieselkraftstoff|261|400.799|KG|26891.82|INR|V-K005|Entnahme Heizung Jaipur|KST-LOG-01|SL09|PSINGH
100|2000|PL09|10.01.2023|08.01.2023|5000013102|1|PETRL001|Benzin|261|105.239|KG|10265.05|INR|V-K001|Entnahme Fahrzeugflotte Jaipur|KST-FAC-07|SL09|VMEHTA
100|2000|PL09|20.01.2023|17.01.2023|5000013103|1|PETRL001|Motorenbenzin|261|82.938|L|7777.84|INR|V-K007|Auffuellung Generator Jaipur|KST-OPS-01|SL09|GMISHRA
100|2000|PL09|20.01.2023|20.01.2023|5000013104|1|PETRL001|Motorenbenzin|261|165.193|L|16418.51|INR|V-K010|Auffuellung Notstromaggregat Jaipur|KST-LOG-03|SL09|SPRIYA
100|2000|PL09|26.01.2023|24.01.2023|5000013105|1|PETRL001|Motorenbenzin|261|186.442|L|17762.93|INR|V-K010|Auffuellung Wartung Jaipur|KST-FAC-02|SL09|MGUPTA
100|2000|PL09|03.01.2023|31.12.2022|5000013106|1|LPG00001|Fluessiggas|261|40.328|KG|3535.99|INR|V-K005|Tanken DG-Set Jaipur|KST-FAC-07|SL09|PSINGH
100|2000|PL09|08.01.2023|06.01.2023|5000013107|1|LPG00001|LPG|261|28.331|KG|2678.23|INR|V-K002|Nutzung Notstromaggregat Jaipur|KST-LOG-01|SL09|RPANDEY
100|2000|PL09|11.02.2023|09.02.2023|5000013108|1|DIESEL001|Diesel|261|437.051|L|33221.52|INR|V-RELI1|Tanken Fahrzeugflotte Jaipur|KST-OPS-01|SL09|TLAXMAN
100|2000|PL09|11.02.2023|11.02.2023|5000013109|1|DIESEL001|Diesel|261|314.661|L|22431.39|INR|V-K005|Tanken Heizung Jaipur|KST-FAC-03|SL09|RJOSHI
100|2000|PL09|09.02.2023|07.02.2023|5000013110|1|DIESEL001|Dieselkraftstoff|261|316.18|L|23339.39|INR|V-K003|Tanken Wartung Jaipur|KST-LOG-02|SL09|PSINGH
100|2000|PL09|11.02.2023|10.02.2023|5000013111|1|DIESEL001|Dieselkraftstoff|261|348.744|L|26623.3|INR|V-K006|Nutzung Fahrzeugflotte Jaipur|KST-MNT-01|SL09|RPANDEY
100|2000|PL09|19.02.2023|16.02.2023|5000013111|1|DIESEL001|Dieselkraftstoff|261|401.508|L|27151.11|INR|V-K008|Auffuellung Notstromaggregat Jaipur|KST-FAC-07|SL09|MGUPTA
100|2000|PL09|17.02.2023|16.02.2023|5000013113|1|PETRL001|Motorenbenzin|261|197.792|L|20323.12|INR|V-K008|Nutzung Heizung Jaipur|KST-FAC-01|SL09|SPRIYA
100|2000|PL09|28.02.2023|25.02.2023|5000013114|1|PETRL001|Motorenbenzin|261|117.668|L|11580.51|INR|V-K006|Tanken Kantine Jaipur|KST-FAC-03|SL09|RPANDEY
100|2000|PL09|09.02.2023|07.02.2023|5000013115|1|PETRL001|Benzin|261|122.117|L|11535.15|INR|V-BPCL1||KST-PRD-01|SL09|KVELU
100|2000|PL09|03.02.2023|03.02.2023|5000013116|1|PETRL001|Motorenbenzin|261|145.702|L|14412.02|INR|V-K008|Entnahme Heizung Jaipur|KST-OPS-03|SL09|MGUPTA
100|2000|PL09|01.02.2023|30.01.2023|5000013117|1|LPG00001|LPG|261|35.121|KG|3123.14|INR|V-K006|Entnahme DG-Set Jaipur|KST-LOG-02|SL09|PSINGH
100|2000|PL09|09.02.2023|07.02.2023|5000013118|1|LPG00001|Fluessiggas|261|36.5|KG|3467.03|INR|V-K009|Entnahme Produktion Jaipur|KST-LOG-01|SL09|NREDDY
100|2000|PL09|23.03.2023|21.03.2023|5000013119|1|DIESEL001|Dieselkraftstoff|261|476.273|L|33548.58|INR|V-IOCL1|Verbrauch Produktion Jaipur|KST-OPS-03|SL09|SPRIYA
100|2000|PL09|02.03.2023|27.02.2023|5000013120|1|DIESEL001|Dieselkraftstoff|261|339.68|L|25834.59|INR|V-K003|Tanken Produktion Jaipur|KST-PRD-02|SL09|AKUMAR
100|2000|PL09|13.03.2023|12.03.2023|5000013121|1|DIESEL001|Diesel|261|512.555|L|35033.14|INR|V-K006|Nutzung DG-Set Jaipur|KST-FAC-07|SL09|PSINGH
100|2000|PL09|04.03.2023|02.03.2023|5000013122|1|DIESEL001|Dieselkraftstoff|261|324.072|L|21852.65|INR|V-K007|Nutzung Produktion Jaipur|KST-FAC-01|SL09|BCHATT
100|2000|PL09|17.03.2023|16.03.2023|5000013123|1|DIESEL001|Dieselkraftstoff|261|363.199|L|27913.19|INR|V-HPCL1|Tanken Wartung Jaipur|KST-PRD-02|SL09|RPANDEY
100|2000|PL09|15.03.2023|14.03.2023|5000013124|1|PETRL001|Benzin|261|135.002|L|13305.88|INR|V-K008|Entnahme Heizung Jaipur|KST-FAC-03|SL09|DRAO
100|2000|PL09|24.03.2023|22.03.2023|5000013125|1|PETRL001|Motorenbenzin|261||L||INR|V-IOCL1|Verbrauch Produktion Jaipur|KST-FAC-07|SL09|RPANDEY
100|2000|PL09|01.03.2023|27.02.2023|5000013126|1|PETRL001|Benzin|261|85.037|L|8559.41|INR|V-K009||KST-OPS-02|SL09|MGUPTA
100|2000|PL09|18.03.2023|16.03.2023|5000013127|1|PETRL001|Motorenbenzin|261|134.004|L|12540.43|INR|V-HPCL1|Nutzung Fahrzeugflotte Jaipur|KST-LOG-03|SL09|SPRIYA
100|2000|PL09|05.03.2023|03.03.2023|5000013128|1|LPG00001|Fluessiggas|261|15.492|KG|1365.25|INR|V-ESSAR|Tanken Wartung Jaipur|KST-FAC-02|SL09|KVELU
100|2000|PL09|13.03.2023|13.03.2023|5000013129|1|LPG00001|Fluessiggas|261|27.844|KG|2351.42|INR|V-K007|Auffuellung Fahrzeugflotte Jaipur|KST-OPS-02|SL09|GMISHRA
100|2000|PL09|23.04.2023|21.04.2023|5000013130|1|DIESEL001|Diesel|261|465.426|L|31055.5|INR|V-K009|Nutzung DG-Set Jaipur|KST-OPS-01|SL09|VMEHTA
100|2000|PL09|05.04.2023|02.04.2023|5000013131|1|DIESEL001|Dieselkraftstoff|261|362.455|L|26610.22|INR|V-K005|Verbrauch Produktion Jaipur|KST-PRD-02|SL09|TLAXMAN
100|2000|PL09|14.04.2023|12.04.2023|5000013132|1|DIESEL001|Dieselkraftstoff|261|568.126|L|41922.24|INR|V-K005|Auffuellung Produktion Jaipur|KST-OPS-03|SL09|SPRIYA
100|2000|PL09|11.04.2023|11.04.2023|5000013133|1|DIESEL001|Diesel|261|215.353|L|14849.75|INR|V-K005|Auffuellung Kantine Jaipur|KST-LOG-03|SL09|ASAXEN
100|2000|PL09|21.04.2023|18.04.2023|5000013134|1|DIESEL001|Diesel|261|480.939|L|32052.52|INR|V-K006|Nutzung Fahrzeugflotte Jaipur|KST-LOG-02|SL09|PSINGH
100|2000|PL09|09.04.2023|06.04.2023|5000013135|1|PETRL001|Motorenbenzin|261|148.475|KG|13351.61|INR|V-K002|Nutzung Notstromaggregat Jaipur|KST-FAC-07|SL09|BCHATT
100|2000|PL09|07.04.2023|07.04.2023|5000013136|1|PETRL001|Motorenbenzin|261|175.449|L|16846.03|INR|V-K007|Tanken Heizung Jaipur|KST-LOG-01|SL09|MGUPTA
100|2000|PL09|28.04.2023|26.04.2023|5000013137|1|PETRL001|Motorenbenzin|261|144.383|L|13970.58|INR|V-K005|Entnahme DG-Set Jaipur|KST-FAC-02|SL09|DRAO
100|2000|PL09|12.04.2023|09.04.2023|5000013138|1|PETRL001|Benzin|261|75.638|L|6934.82|INR|V-K010|Verbrauch Produktion Jaipur|KST-FAC-07|SL09|MGUPTA
100|2000|PL09|16.04.2023|14.04.2023|5000013139|1|LPG00001|LPG|261|23.403|KG|1957.96|INR|V-HPCL1|Verbrauch Heizung Jaipur|KST-OPS-02|SL09|SPRIYA
100|2000|PL09|03.04.2023|01.04.2023|5000013140|1|LPG00001|LPG|261|17.821|KG|1704.95|INR|V-RELI1|Auffuellung Notstromaggregat Jaipur|KST-FAC-02|SL09|AKUMAR
100|2000|PL09|03.05.2023|30.04.2023|5000013141|1|DIESEL001|Diesel|261|214.757|L|16120.74|INR|V-K005|Verbrauch Wartung Jaipur|KST-LOG-03|SL09|DRAO
100|2000|PL09|24.05.2023|22.05.2023|5000013142|1|DIESEL001|Diesel|261|302.781|L|22983.65|INR|V-K004|Nutzung Fahrzeugflotte Jaipur|KST-PRD-01|SL09|RPANDEY
100|2000|PL09|09.05.2023|06.05.2023|5000013143|1|DIESEL001|Diesel|261|254.015|L|19197.93|INR|V-K010|Auffuellung DG-Set Jaipur|KST-FAC-03|SL09|GMISHRA
100|2000|PL09|27.05.2023|24.05.2023|5000013144|1|DIESEL001|Diesel|261|200.972|L|13963.69|INR|V-K005|Tanken DG-Set Jaipur|KST-PRD-02|SL09|ASAXEN
100|2000|PL09|14.05.2023|14.05.2023|5000013145|1|DIESEL001|Dieselkraftstoff|261|340.922|L|23861.25|INR|V-K004|Verbrauch Generator Jaipur|KST-MNT-01|SL09|SNEHA
100|2000|PL09|07.05.2023|05.05.2023|5000013146|1|PETRL001|Benzin|261|180.832|KG|16172.16|INR|V-K005|Auffuellung DG-Set Jaipur|KST-OPS-03|SL09|RPANDEY
100|2000|PL09|28.05.2023|25.05.2023|5000013147|1|PETRL001|Motorenbenzin|261|60.928|L|5887.61|INR|V-K005|Tanken Notstromaggregat Jaipur|KST-LOG-01|SL09|NREDDY
100|2000|PL09|06.05.2023|03.05.2023|5000013148|1|PETRL001|Benzin|261|81.182|L|7552.63|INR|V-K010|Tanken Heizung Jaipur|KST-FAC-07|SL09|PSINGH
100|2000|PL09|05.05.2023|02.05.2023|5000013149|1|PETRL001|Motorenbenzin|261|82.17|L|7452.44|INR|V-ESSAR|Entnahme Produktion Jaipur|KST-FAC-05|SL09|BCHATT
100|2000|PL09|17.05.2023|17.05.2023|5000013150|1|LPG00001|LPG|261|37.869|KG|3378.95|INR|V-K010|Auffuellung Kantine Jaipur|KST-OPS-03|SL09|NREDDY
100|2000|PL09|20.05.2023|19.05.2023|5000013151|1|LPG00001|Fluessiggas|261|21.038|KG|1934.99|INR|V-RELI1|Entnahme Kantine Jaipur|KST-PRD-02|SL09|BCHATT
100|2000|PL09|23.06.2023|23.06.2023|5000013152|1|DIESEL001|Diesel|261|291.964|L|22358.59|INR|V-K003|Tanken Heizung Jaipur|KST-FAC-01|SL09|RJOSHI
100|2000|PL09|28.06.2023|28.06.2023|5000013153|1|DIESEL001|Diesel|261||L||INR|V-K004|Verbrauch Heizung Jaipur|KST-LOG-03|SL09|MGUPTA
100|2000|PL09|04.06.2023|02.06.2023|5000013154|1|DIESEL001|Dieselkraftstoff|261|404.836|L|28694.95|INR|V-K004|Tanken Heizung Jaipur|KST-OPS-03|SL09|GMISHRA
100|2000|PL09|17.06.2023|15.06.2023|5000013155|1|DIESEL001|Dieselkraftstoff|261|228.785|L|17197.03|INR|V-K008|Verbrauch Kantine Jaipur|KST-OPS-02|SL09|MGUPTA
100|2000|PL09|26.06.2023|26.06.2023|5000013156|1|DIESEL001|Diesel|261|431.921|L|31962.85|INR|V-K007|Entnahme Produktion Jaipur|KST-OPS-03|SL09|ASAXEN
100|2000|PL09|02.06.2023|31.05.2023|5000013157|1|PETRL001|Motorenbenzin|261|65.302|L|6683.1|INR|V-K005|Nutzung DG-Set Jaipur|KST-FAC-07|SL09|ASAXEN
100|2000|PL09|05.06.2023|03.06.2023|5000013158|1|PETRL001|Benzin|261|149.366|L|14789.52|INR|V-IOCL1|Auffuellung Fahrzeugflotte Jaipur|KST-PRD-02|SL09|AKUMAR
100|2000|PL09|14.06.2023|13.06.2023|5000013159|1|PETRL001|Benzin|261|68.448|L|6126.69|INR|V-ESSAR|Tanken Wartung Jaipur|KST-FAC-07|SL09|TLAXMAN
100|2000|PL09|05.06.2023|05.06.2023|5000013160|1|PETRL001|Benzin|261|139.006|L|13648.98|INR|V-K009|Tanken Heizung Jaipur|KST-FAC-05|SL09|GMISHRA
100|2000|PL09|14.06.2023|14.06.2023|5000013161|1|LPG00001|LPG|261|31.715|KG|3052.03|INR|V-K004|Entnahme Generator Jaipur|KST-FAC-01|SL09|SPRIYA
100|2000|PL09|09.06.2023|08.06.2023|5000013162|1|LPG00001|Fluessiggas|261||KG||INR|V-ESSAR|Entnahme DG-Set Jaipur|KST-FAC-03|SL09|RJOSHI
100|2000|PL09|13.07.2023|13.07.2023|5000013163|1|DIESEL001|Diesel|261|202.909|L|14964.68|INR|V-RELI1|Nutzung DG-Set Jaipur|KST-LOG-03|SL09|DRAO
100|2000|PL09|03.07.2023|02.07.2023|5000013164|1|DIESEL001|Dieselkraftstoff|261|384.738|L|29428.61|INR|V-HPCL1|Nutzung Notstromaggregat Jaipur|KST-FAC-01|SL09|ASAXEN
100|2000|PL09|22.07.2023|21.07.2023|5000013165|1|DIESEL001|Diesel|261|302.369|L|22093.33|INR|V-IOCL1|Auffuellung Kantine Jaipur|KST-FAC-02|SL09|ASAXEN
100|2000|PL09|08.07.2023|08.07.2023|5000013166|1|DIESEL001|Diesel|261|514.965|L|35702.74|INR|V-RELI1|Verbrauch Kantine Jaipur|KST-MNT-01|SL09|NREDDY
100|2000|PL09|25.07.2023|22.07.2023|5000013167|1|DIESEL001|Dieselkraftstoff|261|359.913|L|27306.18|INR|V-K006|Tanken Kantine Jaipur|KST-LOG-03|SL09|NREDDY
100|2000|PL09|27.07.2023|25.07.2023|5000013168|1|PETRL001|Benzin|261|135.553|L|12000.38|INR|V-K001|Verbrauch Generator Jaipur|KST-LOG-02|SL09|TLAXMAN
100|2000|PL09|15.07.2023|14.07.2023|5000013169|1|PETRL001|Benzin|261|148.221|L|13607.73|INR|V-K009|Verbrauch Generator Jaipur|KST-FAC-02|SL09|RJOSHI
100|2000|PL09|26.07.2023|24.07.2023|5000013170|1|PETRL001|Motorenbenzin|261|141.296|L|12730.0|INR|V-K002|Verbrauch Produktion Jaipur|KST-LOG-02|SL09|RPANDEY
100|2000|PL09|06.07.2023|06.07.2023|5000013171|1|PETRL001|Motorenbenzin|261|83.293|L|8599.68|INR|V-K002|Entnahme Wartung Jaipur|KST-PRD-01|SL09|GMISHRA
100|2000|PL09|27.07.2023|26.07.2023|5000013172|1|LPG00001|Fluessiggas|261|18.509|KG|1546.53|INR|V-K002|Entnahme Generator Jaipur|KST-OPS-02|SL09|RJOSHI
100|2000|PL09|20.07.2023|18.07.2023|5000013173|1|LPG00001|LPG|261|28.953|KG|2416.57|INR|V-IOCL1||KST-FAC-03|SL09|TLAXMAN
100|2000|PL09|03.08.2023|03.08.2023|5000013174|1|DIESEL001|Dieselkraftstoff|261|536.602|L|37601.24|INR|V-K004|Entnahme Heizung Jaipur|KST-FAC-03|SL09|NREDDY
100|2000|PL09|12.08.2023|10.08.2023|5000013175|1|DIESEL001|Dieselkraftstoff|261|388.737|L|27368.88|INR|V-K001|Nutzung Wartung Jaipur|KST-PRD-01|SL09|SNEHA
100|2000|PL09|16.08.2023|16.08.2023|5000013176|1|DIESEL001|Dieselkraftstoff|261|358.741|L|25512.92|INR|V-K004|Auffuellung Generator Jaipur|KST-FAC-07|SL09|DRAO
100|2000|PL09|22.08.2023|20.08.2023|5000013177|1|DIESEL001|Dieselkraftstoff|261|346.883|L|24324.74|INR|V-RELI1|Entnahme Produktion Jaipur|KST-LOG-02|SL09|NREDDY
100|2000|PL09|06.08.2023|03.08.2023|5000013178|1|DIESEL001|Dieselkraftstoff|261|326.363|L|25049.71|INR|V-ESSAR|Tanken Wartung Jaipur|KST-LOG-02|SL09|MGUPTA
100|2000|PL09|27.08.2023|26.08.2023|5000013179|1|PETRL001|Benzin|261|126.829|L|12888.14|INR|V-K003|Auffuellung Kantine Jaipur|KST-FAC-02|SL09|BCHATT
100|2000|PL09|12.08.2023|10.08.2023|5000013180|1|PETRL001|Motorenbenzin|261|121.544|L|11990.82|INR|V-BPCL1|Auffuellung Generator Jaipur|KST-MNT-01|SL09|SPRIYA
100|2000|PL09|19.08.2023|19.08.2023|5000013181|1|PETRL001|Motorenbenzin|261|116.32|L|11889.78|INR|V-K006|Verbrauch Kantine Jaipur|KST-PRD-01|SL09|SPRIYA
100|2000|PL09|01.08.2023|01.08.2023|5000013182|1|PETRL001|Benzin|261|190.64|L|19491.35|INR|V-K004|Verbrauch Notstromaggregat Jaipur|KST-OPS-01|SL09|NREDDY
100|2000|PL09|07.08.2023|06.08.2023|5000013183|1|LPG00001|Fluessiggas|261|34.94|KG|3309.75|INR|V-K004|Auffuellung Wartung Jaipur|KST-FAC-07|SL09|DRAO
100|2000|PL09|09.08.2023|09.08.2023|5000013184|1|LPG00001|Fluessiggas|261|16.91|KG|1588.76|INR|V-K006|Entnahme Fahrzeugflotte Jaipur|KST-MNT-01|SL09|VMEHTA
100|2000|PL09|23.09.2023|20.09.2023|5000013185|1|DIESEL001|Dieselkraftstoff|261|540.72|L|38440.65|INR|V-BPCL1|Tanken Generator Jaipur|KST-FAC-02|SL09|SNEHA
100|2000|PL09|09.09.2023|06.09.2023|5000013186|1|DIESEL001|Diesel|261|551.06|L|42486.22|INR|V-K009|Tanken Wartung Jaipur|KST-OPS-03|SL09|SNEHA
100|2000|PL09|10.09.2023|09.09.2023|5000013187|1|DIESEL001|Dieselkraftstoff|261|518.638|L|37408.93|INR|V-HPCL1|Auffuellung DG-Set Jaipur|KST-PRD-02|SL09|TLAXMAN
100|2000|PL09|08.09.2023|06.09.2023|5000013188|1|DIESEL001|Diesel|261|356.364|L|27076.6|INR|V-K006|Tanken Wartung Jaipur|KST-PRD-02|SL09|PSINGH
100|2000|PL09|25.09.2023|23.09.2023|5000013189|1|DIESEL001|Diesel|261|203.82|L|14260.8|INR|V-BPCL1|Tanken Heizung Jaipur|KST-FAC-01|SL09|RPANDEY
100|2000|PL09|21.09.2023|19.09.2023|5000013190|1|PETRL001|Motorenbenzin|261|163.996|L|16077.98|INR|V-K008|Tanken Notstromaggregat Jaipur|KST-LOG-02|SL09|MGUPTA
100|2000|PL09|18.09.2023|15.09.2023|5000013191|1|PETRL001|Motorenbenzin|261|123.402|L|11110.16|INR|V-K001|Auffuellung Kantine Jaipur|KST-OPS-02|SL09|VMEHTA
100|2000|PL09|21.09.2023|19.09.2023|5000013192|1|PETRL001|Motorenbenzin|261|102.902|L|9464.67|INR|V-IOCL1|Entnahme Heizung Jaipur|KST-LOG-03|SL09|ASAXEN
100|2000|PL09|14.09.2023|11.09.2023|5000013193|1|PETRL001|Benzin|261|73.129|L|7325.65|INR|V-RELI1|Entnahme Produktion Jaipur|KST-OPS-02|SL09|PSINGH
100|2000|PL09|02.09.2023|31.08.2023|5000013194|1|LPG00001|Fluessiggas|261|38.855|KG|3227.57|INR|V-K006|Entnahme Kantine Jaipur|KST-FAC-05|SL09|TLAXMAN
100|2000|PL09|21.09.2023|21.09.2023|5000013195|1|LPG00001|LPG|261||KG||INR|V-K006|Nutzung DG-Set Jaipur|KST-LOG-02|SL09|RJOSHI
100|2000|PL09|17.10.2023|17.10.2023|5000013196|1|DIESEL001|Diesel|261|378.765|L|26826.98|INR|V-BPCL1|Verbrauch Kantine Jaipur|KST-LOG-02|SL09|RPANDEY
100|2000|PL09|03.10.2023|30.09.2023|5000013197|1|DIESEL001|Dieselkraftstoff|261|236.154|L|16375.77|INR|V-ESSAR|Entnahme DG-Set Jaipur|KST-LOG-03|SL09|RPANDEY
100|2000|PL09|24.10.2023|21.10.2023|5000013198|1|DIESEL001|Dieselkraftstoff|261|404.209|L|30200.62|INR|V-HPCL1|Verbrauch Generator Jaipur|KST-OPS-02|SL09|PSINGH
100|2000|PL09|15.10.2023|13.10.2023|5000013199|1|DIESEL001|Dieselkraftstoff|261|551.279|L|41762.42|INR|V-K002|Entnahme DG-Set Jaipur|KST-FAC-03|SL09|SNEHA
100|2000|PL09|12.10.2023|12.10.2023|5000013200|1|DIESEL001|Dieselkraftstoff|261|407.641|L|30555.47|INR|V-BPCL1|Auffuellung Generator Jaipur|KST-PRD-01|SL09|SPRIYA
100|2000|PL09|07.10.2023|05.10.2023|5000013201|1|PETRL001|Benzin|261|129.553|L|11817.48|INR|V-K004|Verbrauch Generator Jaipur|KST-FAC-07|SL09|BCHATT
100|2000|PL09|22.10.2023|20.10.2023|5000013202|1|PETRL001|Benzin|261|61.661|L|5478.75|INR|V-K005|Entnahme Generator Jaipur|KST-FAC-03|SL09|AKUMAR
100|2000|PL09|20.10.2023|18.10.2023|5000013203|1|PETRL001|Benzin|261|107.933|L|10630.99|INR|V-RELI1|Tanken Produktion Jaipur|KST-FAC-03|SL09|KVELU
100|2000|PL09|12.10.2023|09.10.2023|5000013204|1|PETRL001|Motorenbenzin|261|145.091|L|14166.92|INR|V-K003|Auffuellung Notstromaggregat Jaipur|KST-FAC-01|SL09|SPRIYA
100|2000|PL09|05.10.2023|04.10.2023|5000013205|1|LPG00001|Fluessiggas|261|27.668|KG|2651.27|INR|V-K004|Tanken Heizung Jaipur|KST-OPS-02|SL09|DRAO
100|2000|PL09|21.10.2023|20.10.2023|5000013206|1|LPG00001|Fluessiggas|261|18.207|KG|1556.76|INR|V-K003|Nutzung Kantine Jaipur|KST-FAC-02|SL09|ASAXEN
100|2000|PL09|17.11.2023|15.11.2023|5000013207|1|DIESEL001|Dieselkraftstoff|261|268.212|L|20019.71|INR|V-ESSAR|Verbrauch Produktion Jaipur|KST-LOG-01|SL09|RJOSHI
100|2000|PL09|23.11.2023|20.11.2023|5000013208|1|DIESEL001|Dieselkraftstoff|261|576.452|L|42962.44|INR|V-RELI1|Nutzung Produktion Jaipur|KST-FAC-01|SL09|AKUMAR
100|2000|PL09|18.11.2023|15.11.2023|5000013209|1|DIESEL001|Dieselkraftstoff|261|391.89|L|26975.44|INR|V-BPCL1|Tanken Fahrzeugflotte Jaipur|KST-OPS-03|SL09|MGUPTA
100|2000|PL09|20.11.2023|19.11.2023|5000013210|1|DIESEL001|Diesel|261|227.043|L|15645.83|INR|V-K005|Nutzung Heizung Jaipur|KST-PRD-01|SL09|VMEHTA
100|2000|PL09|18.11.2023|18.11.2023|5000013211|1|DIESEL001|Dieselkraftstoff|261|377.705|L|27847.53|INR|V-K009|Verbrauch Notstromaggregat Jaipur|KST-OPS-02|SL09|AKUMAR
100|2000|PL09|02.11.2023|31.10.2023|5000013212|1|PETRL001|Motorenbenzin|261|115.396|L|10840.94|INR|V-K008||KST-OPS-01|SL09|RPANDEY
100|2000|PL09|08.11.2023|06.11.2023|5000013213|1|PETRL001|Motorenbenzin|261|151.002|L|13638.41|INR|V-BPCL1|Nutzung Fahrzeugflotte Jaipur|KST-LOG-03|SL09|AKUMAR
100|2000|PL09|22.11.2023|21.11.2023|5000013214|1|PETRL001|Benzin|261|132.446|L|13337.28|INR|V-K005|Nutzung DG-Set Jaipur|KST-FAC-07|SL09|SPRIYA
100|2000|PL09|11.11.2023|08.11.2023|5000013215|1|PETRL001|Motorenbenzin|261|90.685|L|8526.21|INR|V-ESSAR|Verbrauch Fahrzeugflotte Jaipur|KST-PRD-02|SL09|ASAXEN
100|2000|PL09|15.11.2023|15.11.2023|5000013216|1|LPG00001|LPG|261|27.329|KG|2457.02|INR|V-K007|Tanken Generator Jaipur|KST-PRD-02|SL09|PSINGH
100|2000|PL09|19.11.2023|19.11.2023|5000013217|1|LPG00001|LPG|261|35.909|KG|3484.77|INR|V-K004|Verbrauch Generator Jaipur|KST-LOG-02|SL09|RJOSHI
100|2000|PL09|27.12.2023|26.12.2023|5000013218|1|DIESEL001|Diesel|261|474.072|L|34094.38|INR|V-HPCL1|Verbrauch Fahrzeugflotte Jaipur|KST-FAC-07|SL09|PSINGH
100|2000|PL09|14.12.2023|14.12.2023|5000013219|1|DIESEL001|Dieselkraftstoff|261|551.648|L|38363.75|INR|V-K001|Entnahme DG-Set Jaipur|KST-OPS-03|SL09|SPRIYA
100|2000|PL09|27.12.2023|25.12.2023|5000013220|1|DIESEL001|Diesel|261|589.51|L|41076.67|INR|V-K004|Auffuellung Fahrzeugflotte Jaipur|KST-FAC-03|SL09|SNEHA
100|2000|PL09|25.12.2023|22.12.2023|5000013221|1|DIESEL001|Diesel|261|533.791|L|39084.19|INR|V-K007|Tanken DG-Set Jaipur|KST-FAC-07|SL09|KVELU
100|2000|PL09|01.12.2023|28.11.2023|5000013222|1|DIESEL001|Dieselkraftstoff|261|562.61|L|37488.98|INR|V-IOCL1|Auffuellung Produktion Jaipur|KST-OPS-01|SL09|TLAXMAN
100|2000|PL09|01.12.2023|01.12.2023|5000013223|1|PETRL001|Motorenbenzin|261|135.545|L|13916.08|INR|V-K006|Nutzung Generator Jaipur|KST-FAC-07|SL09|BCHATT
100|2000|PL09|27.12.2023|24.12.2023|5000013224|1|PETRL001|Motorenbenzin|261|101.219|L|10447.33|INR|V-IOCL1|Auffuellung Produktion Jaipur|KST-OPS-02|SL09|DRAO
100|2000|PL09|14.12.2023|11.12.2023|5000013225|1|PETRL001|Motorenbenzin|261|61.347|L|5463.87|INR|V-HPCL1|Verbrauch Fahrzeugflotte Jaipur|KST-LOG-02|SL09|DRAO
100|2000|PL09|01.12.2023|01.12.2023|5000013226|1|PETRL001|Benzin|261|183.797|L|16454.39|INR|V-IOCL1|Entnahme Fahrzeugflotte Jaipur|KST-OPS-01|SL09|MGUPTA
100|2000|PL09|19.12.2023|19.12.2023|5000013227|1|LPG00001|LPG|261|38.503|KG|3428.34|INR|V-K001|Tanken Fahrzeugflotte Jaipur|KST-OPS-01|SL09|RJOSHI
100|2000|PL09|10.12.2023|07.12.2023|5000013228|1|LPG00001|LPG|261|40.478|KG|3620.85|INR|V-BPCL1|Verbrauch Produktion Jaipur|KST-PRD-02|SL09|MGUPTA
100|2000|PL09|14.01.2024|14.01.2024|5000013229|1|DIESEL001|Diesel|261|597.409|L|43736.15|INR|V-K003|Tanken Heizung Jaipur|KST-FAC-07|SL09|DRAO
100|2000|PL09|17.01.2024|17.01.2024|5000013230|1|DIESEL001|Diesel|261|440.975|L|29663.21|INR|V-ESSAR|Auffuellung DG-Set Jaipur|KST-PRD-02|SL09|AKUMAR
100|2000|PL09|22.01.2024|20.01.2024|5000013231|1|DIESEL001|Dieselkraftstoff|261|422.749|L|30760.05|INR|V-K002|Tanken Notstromaggregat Jaipur|KST-OPS-01|SL09|DRAO
100|2000|PL09|09.01.2024|09.01.2024|5000013232|1|DIESEL001|Diesel|261|473.505|L|35750.36|INR|V-IOCL1|Tanken Fahrzeugflotte Jaipur|KST-FAC-01|SL09|GMISHRA
100|2000|PL09|23.01.2024|22.01.2024|5000013233|1|DIESEL001|Dieselkraftstoff|261|480.235|L|34347.7|INR|V-K005|Auffuellung Kantine Jaipur|KST-OPS-02|SL09|GMISHRA
100|2000|PL09|09.01.2024|06.01.2024|5000013234|1|PETRL001|Motorenbenzin|261|99.6|L|9781.34|INR|V-K005|Nutzung Heizung Jaipur|KST-FAC-02|SL09|NREDDY
100|2000|PL09|06.01.2024|06.01.2024|5000013235|1|PETRL001|Benzin|261|179.865|L|18272.52|INR|V-BPCL1|Entnahme DG-Set Jaipur|KST-LOG-03|SL09|NREDDY
100|2000|PL09|25.01.2024|22.01.2024|5000013236|1|PETRL001|Motorenbenzin|261|197.079|L|20006.92|INR|V-K009|Tanken Fahrzeugflotte Jaipur|KST-LOG-02|SL09|RPANDEY
100|2000|PL09|19.01.2024|17.01.2024|5000013237|1|PETRL001|Motorenbenzin|261|107.566|L|10399.72|INR|V-HPCL1|Auffuellung Notstromaggregat Jaipur|KST-OPS-03|SL09|TLAXMAN
100|2000|PL09|18.01.2024|18.01.2024|5000013238|1|LPG00001|LPG|261|37.558|KG|3470.04|INR|V-HPCL1|Verbrauch Notstromaggregat Jaipur|KST-MNT-01|SL09|VMEHTA
100|2000|PL09|17.01.2024|17.01.2024|5000013239|1|LPG00001|LPG|261|22.447|KG|1971.94|INR|V-K008|Nutzung Notstromaggregat Jaipur|KST-FAC-05|SL09|AKUMAR
100|2000|PL09|10.02.2024|07.02.2024|5000013240|1|DIESEL001|Diesel|261|522.693|L|38803.26|INR|V-K010|Verbrauch Produktion Jaipur|KST-LOG-02|SL09|AKUMAR
100|2000|PL09|06.02.2024|03.02.2024|5000013241|1|DIESEL001|Diesel|261|250.472|L|18462.88|INR|V-RELI1|Tanken Produktion Jaipur|KST-FAC-07|SL09|TLAXMAN
100|2000|PL09|14.02.2024|11.02.2024|5000013242|1|DIESEL001|Diesel|261||L||INR|V-BPCL1|Nutzung Wartung Jaipur|KST-FAC-01|SL09|KVELU
100|2000|PL09|16.02.2024|16.02.2024|5000013243|1|DIESEL001|Diesel|261|542.288|L|38903.98|INR|V-K002|Entnahme Notstromaggregat Jaipur|KST-OPS-01|SL09|VMEHTA
100|2000|PL09|02.02.2024|01.02.2024|5000013244|1|DIESEL001|Diesel|261|598.409|L|44444.96|INR|V-K005||KST-FAC-02|SL09|TLAXMAN
100|2000|PL09|27.02.2024|25.02.2024|5000013245|1|PETRL001|Motorenbenzin|261|173.714|L|16381.55|INR|V-ESSAR|Auffuellung Produktion Jaipur|KST-PRD-01|SL09|VMEHTA
100|2000|PL09|24.02.2024|22.02.2024|5000013246|1|PETRL001|Motorenbenzin|261|114.653|L|11451.95|INR|V-K006|Tanken Produktion Jaipur|KST-FAC-02|SL09|BCHATT
100|2000|PL09|01.02.2024|30.01.2024|5000013247|1|PETRL001|Benzin|261|169.249|L|15365.44|INR|V-K009|Verbrauch Notstromaggregat Jaipur|KST-PRD-01|SL09|NREDDY
100|2000|PL09|13.02.2024|11.02.2024|5000013248|1|PETRL001|Motorenbenzin|261|68.427|L|6654.2|INR|V-K003|Entnahme Fahrzeugflotte Jaipur|KST-LOG-03|SL09|BCHATT
100|2000|PL09|08.02.2024|05.02.2024|5000013249|1|LPG00001|LPG|261|39.329|KG|3702.69|INR|V-IOCL1|Verbrauch Kantine Jaipur|KST-FAC-02|SL09|RPANDEY
100|2000|PL09|07.02.2024|05.02.2024|5000013250|1|LPG00001|Fluessiggas|261|16.699|KG|1582.51|INR|V-K004|Entnahme Kantine Jaipur|KST-FAC-07|SL09|SPRIYA
100|2000|PL09|05.03.2024|03.03.2024|5000013251|1|DIESEL001|Diesel|261|242.468|L|17637.16|INR|V-K004|Tanken Notstromaggregat Jaipur|KST-FAC-05|SL09|NREDDY
100|2000|PL09|26.03.2024|25.03.2024|5000013252|1|DIESEL001|Diesel|261|442.954|L|29847.01|INR|V-K010|Nutzung DG-Set Jaipur|KST-LOG-01|SL09|SPRIYA
100|2000|PL09|07.03.2024|07.03.2024|5000013253|1|DIESEL001|Diesel|261||L||INR|V-RELI1|Nutzung Fahrzeugflotte Jaipur|KST-FAC-02|SL09|BCHATT
100|2000|PL09|05.03.2024|04.03.2024|5000013254|1|DIESEL001|Diesel|261|319.861|L|24825.32|INR|V-HPCL1|Tanken Fahrzeugflotte Jaipur|KST-FAC-02|SL09|KVELU
100|2000|PL09|03.03.2024|29.02.2024|5000013255|1|DIESEL001|Diesel|261|563.051|L|38061.78|INR|V-K005||KST-FAC-02|SL09|GMISHRA
100|2000|PL09|03.03.2024|03.03.2024|5000013256|1|PETRL001|Benzin|261|137.462|L|14052.91|INR|V-K010|Verbrauch Fahrzeugflotte Jaipur|KST-OPS-02|SL09|DRAO
100|2000|PL09|26.03.2024|25.03.2024|5000013257|1|PETRL001|Benzin|261|138.804|L|14351.49|INR|V-K007|Nutzung Kantine Jaipur|KST-LOG-03|SL09|GMISHRA
100|2000|PL09|05.03.2024|04.03.2024|5000013258|1|PETRL001|Motorenbenzin|261|175.793|L|16087.16|INR|V-IOCL1|Nutzung Kantine Jaipur|KST-FAC-02|SL09|BCHATT
100|2000|PL09|13.03.2024|12.03.2024|5000013259|1|PETRL001|Motorenbenzin|261|160.731|L|15745.71|INR|V-BPCL1|Verbrauch Notstromaggregat Jaipur|KST-OPS-01|SL09|PSINGH
100|2000|PL09|16.03.2024|15.03.2024|5000013260|1|LPG00001|Fluessiggas|261|44.863|KG|4240.54|INR|V-RELI1|Entnahme Notstromaggregat Jaipur|KST-FAC-03|SL09|DRAO
100|2000|PL09|20.03.2024|19.03.2024|5000013261|1|LPG00001|LPG|261|40.857|KG|3562.54|INR|V-BPCL1|Nutzung Notstromaggregat Jaipur|KST-OPS-03|SL09|SPRIYA
100|2000|PL09|25.04.2024|22.04.2024|5000013262|1|DIESEL001|Dieselkraftstoff|261|493.521|L|35684.17|INR|V-K002|Entnahme Notstromaggregat Jaipur|KST-OPS-03|SL09|KVELU
100|2000|PL09|06.04.2024|03.04.2024|5000013263|1|DIESEL001|Diesel|261|302.844|L|21398.5|INR|V-K001|Verbrauch Wartung Jaipur|KST-FAC-05|SL09|SPRIYA
100|2000|PL09|28.04.2024|25.04.2024|5000013264|1|DIESEL001|Diesel|261|273.056|L|18402.83|INR|V-IOCL1|Auffuellung Fahrzeugflotte Jaipur|KST-OPS-01|SL09|MGUPTA
100|2000|PL09|09.04.2024|09.04.2024|5000013265|1|DIESEL001|Dieselkraftstoff|261|384.077|L|25746.83|INR|V-K004|Tanken DG-Set Jaipur|KST-PRD-01|SL09|KVELU
100|2000|PL09|14.04.2024|12.04.2024|5000013266|1|DIESEL001|Diesel|261|411.644|L|30208.96|INR|V-K001|Verbrauch Generator Jaipur|KST-LOG-02|SL09|AKUMAR
100|2000|PL09|22.04.2024|22.04.2024|5000013267|1|PETRL001|Benzin|261|183.516|L|17648.99|INR|V-K004|Entnahme Fahrzeugflotte Jaipur|KST-OPS-02|SL09|RPANDEY
100|2000|PL09|23.04.2024|23.04.2024|5000013268|1|PETRL001|Benzin|261|198.194|L|18342.37|INR|V-K008|Entnahme Heizung Jaipur|KST-FAC-05|SL09|DRAO
100|2000|PL09|01.04.2024|31.03.2024|5000013269|1|PETRL001|Benzin|261|158.79|L|16457.69|INR|V-K004|Tanken Generator Jaipur|KST-MNT-01|SL09|PSINGH
100|2000|PL09|27.04.2024|27.04.2024|5000013270|1|PETRL001|Benzin|261|152.474|L|14791.33|INR|V-HPCL1|Verbrauch Kantine Jaipur|KST-LOG-02|SL09|MGUPTA
100|2000|PL09|01.04.2024|01.04.2024|5000013271|1|LPG00001|LPG|261|17.32|KG|1517.56|INR|V-ESSAR|Auffuellung Generator Jaipur|KST-OPS-01|SL09|GMISHRA
100|2000|PL09|09.04.2024|08.04.2024|5000013272|1|LPG00001|LPG|261|31.275|KG|2714.21|INR|V-K009||KST-MNT-01|SL09|BCHATT
100|2000|PL09|26.05.2024|26.05.2024|5000013273|1|DIESEL001|Diesel|261|335.585|L|23450.13|INR|V-K002|Entnahme Fahrzeugflotte Jaipur|KST-FAC-03|SL09|TLAXMAN
100|2000|PL09|27.05.2024|26.05.2024|5000013274|1|DIESEL001|Diesel|261|362.494|L|27347.49|INR|V-ESSAR|Nutzung Wartung Jaipur|KST-FAC-07|SL09|KVELU
100|2000|PL09|14.05.2024|14.05.2024|5000013275|1|DIESEL001|Diesel|261|302.667|L|23155.16|INR|V-K006|Verbrauch Kantine Jaipur|KST-MNT-01|SL09|RJOSHI
100|2000|PL09|13.05.2024|11.05.2024|5000013276|1|DIESEL001|Dieselkraftstoff|261|354.716|L|26205.32|INR|V-K002|Auffuellung Kantine Jaipur|KST-PRD-01|SL09|KVELU
100|2000|PL09|04.05.2024|03.05.2024|5000013277|1|DIESEL001|Diesel|261|510.87|L|34521.59|INR|V-K002|Nutzung Fahrzeugflotte Jaipur|KST-OPS-01|SL09|GMISHRA
100|2000|PL09|03.05.2024|30.04.2024|5000013278|1|PETRL001|Motorenbenzin|261|109.577|L|10614.75|INR|V-K007|Auffuellung Kantine Jaipur|KST-FAC-03|SL09|ASAXEN
100|2000|PL09|24.05.2024|22.05.2024|5000013279|1|PETRL001|Benzin|261|186.323|L|17254.5|INR|V-K005|Entnahme Fahrzeugflotte Jaipur|KST-OPS-03|SL09|KVELU
100|2000|PL09|17.05.2024|17.05.2024|5000013280|1|PETRL001|Motorenbenzin|261|178.727|L|18033.91|INR|V-IOCL1|Entnahme Kantine Jaipur|KST-PRD-02|SL09|GMISHRA
100|2000|PL09|20.05.2024|17.05.2024|5000013281|1|PETRL001|Benzin|261|101.064|L|9563.96|INR|V-K005|Tanken Notstromaggregat Jaipur|KST-MNT-01|SL09|SNEHA
100|2000|PL09|13.05.2024|13.05.2024|5000013282|1|LPG00001|LPG|261|34.601|KG|3131.47|INR|V-K006|Verbrauch Notstromaggregat Jaipur|KST-FAC-07|SL09|TLAXMAN
100|2000|PL09|13.05.2024|10.05.2024|5000013283|1|LPG00001|Fluessiggas|261|35.495|KG|3001.09|INR|V-K001|Tanken Generator Jaipur|KST-PRD-02|SL09|RJOSHI
100|2000|PL09|23.06.2024|20.06.2024|5000013283|1|DIESEL001|Diesel|261|503.109|L|37629.85|INR|V-K008|Verbrauch Kantine Jaipur|KST-FAC-07|SL09|RPANDEY
100|2000|PL09|12.06.2024|10.06.2024|5000013285|1|DIESEL001|Diesel|261|374.72|L|26668.58|INR|V-K007|Tanken DG-Set Jaipur|KST-FAC-07|SL09|GMISHRA
100|2000|PL09|26.06.2024|25.06.2024|5000013286|1|DIESEL001|Dieselkraftstoff|261|319.757|KG|22134.55|INR|V-HPCL1|Entnahme DG-Set Jaipur|KST-OPS-02|SL09|SNEHA
100|2000|PL09|24.06.2024|22.06.2024|5000013287|1|DIESEL001|Diesel|261|413.894|L|31963.81|INR|V-HPCL1|Nutzung Generator Jaipur|KST-OPS-01|SL09|BCHATT
100|2000|PL09|06.06.2024|06.06.2024|5000013288|1|DIESEL001|Diesel|261|437.203|L|33030.55|INR|V-HPCL1|Nutzung Fahrzeugflotte Jaipur|KST-LOG-02|SL09|GMISHRA
100|2000|PL09|03.06.2024|02.06.2024|5000013289|1|PETRL001|Benzin|261|107.914|L|9744.88|INR|V-BPCL1|Tanken DG-Set Jaipur|KST-MNT-01|SL09|RJOSHI
100|2000|PL09|12.06.2024|09.06.2024|5000013290|1|PETRL001|Benzin|261|170.898|L|17390.57|INR|V-IOCL1|Tanken Heizung Jaipur|KST-PRD-01|SL09|GMISHRA
100|2000|PL09|12.06.2024|10.06.2024|5000013291|1|PETRL001|Motorenbenzin|261|183.9|L|17140.42|INR|V-HPCL1|Verbrauch Wartung Jaipur|KST-FAC-05|SL09|AKUMAR
100|2000|PL09|26.06.2024|24.06.2024|5000013292|1|PETRL001|Motorenbenzin|261|189.317|L|17842.23|INR|V-K006|Entnahme Heizung Jaipur|KST-MNT-01|SL09|PSINGH
100|2000|PL09|05.06.2024|05.06.2024|5000013293|1|LPG00001|Fluessiggas|261|20.334|KG|1788.95|INR|V-ESSAR|Tanken Notstromaggregat Jaipur|KST-FAC-05|SL09|RJOSHI
100|2000|PL09|18.06.2024|15.06.2024|5000013294|1|LPG00001|Fluessiggas|261|39.671|KG|3777.24|INR|V-RELI1|Auffuellung Generator Jaipur|KST-FAC-01|SL09|MGUPTA
100|2000|PL09|25.07.2024|25.07.2024|5000013295|1|DIESEL001|Dieselkraftstoff|261|455.889|L|31892.4|INR|V-K004|Nutzung Heizung Jaipur|KST-PRD-01|SL09|ASAXEN
100|2000|PL09|01.07.2024|01.07.2024|5000013296|1|DIESEL001|Diesel|261|372.238|L|28138.74|INR|V-K001|Entnahme Fahrzeugflotte Jaipur|KST-LOG-01|SL09|BCHATT
100|2000|PL09|13.07.2024|11.07.2024|5000013297|1|DIESEL001|Dieselkraftstoff|261|388.124|L|25733.1|INR|V-K001|Nutzung Heizung Jaipur|KST-MNT-01|SL09|NREDDY
100|2000|PL09|02.07.2024|30.06.2024|5000013298|1|DIESEL001|Diesel|261|205.902|L|14895.55|INR|V-K007|Verbrauch Fahrzeugflotte Jaipur|KST-FAC-03|SL09|VMEHTA
100|2000|PL09|22.07.2024|22.07.2024|5000013299|1|DIESEL001|Diesel|261|568.453|L|43529.09|INR|V-ESSAR|Entnahme Heizung Jaipur|KST-FAC-07|SL09|DRAO
100|2000|PL09|18.07.2024|18.07.2024|5000013300|1|PETRL001|Motorenbenzin|261|85.193|L|8025.18|INR|V-HPCL1|Auffuellung Heizung Jaipur|KST-FAC-07|SL09|RJOSHI
100|2000|PL09|06.07.2024|06.07.2024|5000013301|1|PETRL001|Motorenbenzin|261|157.086|L|14744.22|INR|V-K001|Auffuellung Notstromaggregat Jaipur|KST-FAC-01|SL09|AKUMAR
100|2000|PL09|03.07.2024|03.07.2024|5000013302|1|PETRL001|Motorenbenzin|261|137.4|L|13740.74|INR|V-K006|Nutzung Generator Jaipur|KST-FAC-01|SL09|AKUMAR
100|2000|PL09|17.07.2024|15.07.2024|5000013303|1|PETRL001|Benzin|261|131.803|L|11828.29|INR|V-BPCL1||KST-MNT-01|SL09|RPANDEY
100|2000|PL09|09.07.2024|09.07.2024|5000013304|1|LPG00001|LPG|261|37.049|KG|3244.37|INR|V-K004|Entnahme Wartung Jaipur|KST-PRD-02|SL09|PSINGH
100|2000|PL09|23.07.2024|22.07.2024|5000013305|1|LPG00001|LPG|261|31.853|KG|2905.26|INR|V-RELI1||KST-FAC-01|SL09|TLAXMAN
100|2000|PL09|05.08.2024|03.08.2024|5000013306|1|DIESEL001|Dieselkraftstoff|261|540.308|L|38127.08|INR|V-K007|Verbrauch Kantine Jaipur|KST-OPS-01|SL09|KVELU
100|2000|PL09|27.08.2024|27.08.2024|5000013307|1|DIESEL001|Dieselkraftstoff|261|390.873|L|27229.12|INR|V-K009|Entnahme Wartung Jaipur|KST-OPS-02|SL09|ASAXEN
100|2000|PL09|19.08.2024|17.08.2024|5000013308|1|DIESEL001|Dieselkraftstoff|261|372.272|L|26492.76|INR|V-IOCL1|Nutzung Kantine Jaipur|KST-PRD-01|SL09|VMEHTA
100|2000|PL09|12.08.2024|09.08.2024|5000013309|1|DIESEL001|Dieselkraftstoff|261|347.264|L|25337.69|INR|V-K007|Tanken Notstromaggregat Jaipur|KST-FAC-01|SL09|BCHATT
100|2000|PL09|20.08.2024|17.08.2024|5000013310|1|DIESEL001|Diesel|261|512.422|L|37920.28|INR|V-K005|Verbrauch Heizung Jaipur|KST-PRD-02|SL09|SNEHA
100|2000|PL09|23.08.2024|22.08.2024|5000013311|1|PETRL001|Benzin|261|152.598|L|15278.78|INR|V-BPCL1|Auffuellung Fahrzeugflotte Jaipur|KST-OPS-03|SL09|NREDDY
100|2000|PL09|01.08.2024|30.07.2024|5000013312|1|PETRL001|Benzin|261|168.47|L|16006.26|INR|V-K008|Verbrauch Wartung Jaipur|KST-PRD-02|SL09|RJOSHI
100|2000|PL09|02.08.2024|01.08.2024|5000013313|1|PETRL001|Motorenbenzin|261|104.027|L|10155.92|INR|V-K009|Entnahme Heizung Jaipur|KST-FAC-03|SL09|RJOSHI
100|2000|PL09|17.08.2024|17.08.2024|5000013314|1|PETRL001|Benzin|261|88.175|L|7846.07|INR|V-HPCL1|Entnahme Notstromaggregat Jaipur|KST-LOG-01|SL09|TLAXMAN
100|2000|PL09|02.08.2024|30.07.2024|5000013315|1|LPG00001|LPG|261|17.978|KG|1591.14|INR|V-IOCL1|Entnahme Heizung Jaipur|KST-PRD-02|SL09|NREDDY
100|2000|PL09|13.08.2024|10.08.2024|5000013316|1|LPG00001|Fluessiggas|261|30.165|KG|2879.63|INR|V-K001|Entnahme Generator Jaipur|KST-FAC-05|SL09|RJOSHI
100|2000|PL09|06.09.2024|03.09.2024|5000013317|1|DIESEL001|Dieselkraftstoff|261|324.631|L|22885.34|INR|V-K006|Tanken Notstromaggregat Jaipur|KST-OPS-01|SL09|MGUPTA
100|2000|PL09|20.09.2024|19.09.2024|5000013318|1|DIESEL001|Dieselkraftstoff|261|452.518|L|33160.7|INR|V-K008|Nutzung Fahrzeugflotte Jaipur|KST-FAC-01|SL09|RJOSHI
100|2000|PL09|17.09.2024|16.09.2024|5000013319|1|DIESEL001|Diesel|261||L||INR|V-ESSAR|Nutzung Notstromaggregat Jaipur|KST-FAC-02|SL09|BCHATT
100|2000|PL09|18.09.2024|18.09.2024|5000013320|1|DIESEL001|Diesel|261|558.952|L|38263.85|INR|V-K009|Verbrauch Wartung Jaipur|KST-PRD-01|SL09|GMISHRA
100|2000|PL09|02.09.2024|01.09.2024|5000013321|1|DIESEL001|Dieselkraftstoff|261|286.621|L|20651.09|INR|V-BPCL1|Auffuellung Notstromaggregat Jaipur|KST-FAC-05|SL09|BCHATT
100|2000|PL09|21.09.2024|19.09.2024|5000013322|1|PETRL001|Benzin|261|149.648|KG|14882.93|INR|V-K008|Auffuellung Heizung Jaipur|KST-OPS-03|SL09|MGUPTA
100|2000|PL09|15.09.2024|15.09.2024|5000013323|1|PETRL001|Benzin|261|118.558|L|11428.71|INR|V-ESSAR|Auffuellung Notstromaggregat Jaipur|KST-FAC-03|SL09|AKUMAR
100|2000|PL09|18.09.2024|18.09.2024|5000013324|1|PETRL001|Benzin|261|148.444|L|14739.49|INR|V-K002|Entnahme DG-Set Jaipur|KST-FAC-07|SL09|ASAXEN
100|2000|PL09|09.09.2024|06.09.2024|5000013325|1|PETRL001|Motorenbenzin|261|195.167|L|17825.89|INR|V-K003|Tanken Produktion Jaipur|KST-FAC-01|SL09|SPRIYA
100|2000|PL09|21.09.2024|18.09.2024|5000013326|1|LPG00001|LPG|261|28.041|KG|2446.53|INR|V-K009|Auffuellung Fahrzeugflotte Jaipur|KST-PRD-01|SL09|VMEHTA
100|2000|PL09|25.09.2024|25.09.2024|5000013327|1|LPG00001|LPG|261|28.267|KG|2735.55|INR|V-BPCL1|Entnahme Produktion Jaipur|KST-LOG-01|SL09|SPRIYA
100|2000|PL09|21.10.2024|20.10.2024|5000013328|1|DIESEL001|Diesel|261|561.184|L|39116.8|INR|V-K007|Verbrauch Fahrzeugflotte Jaipur|KST-FAC-07|SL09|GMISHRA
100|2000|PL09|15.10.2024|14.10.2024|5000013329|1|DIESEL001|Dieselkraftstoff|261|593.07|L|43492.83|INR|V-K002|Verbrauch DG-Set Jaipur|KST-PRD-02|SL09|DRAO
100|2000|PL09|15.10.2024|14.10.2024|5000013330|1|DIESEL001|Diesel|261|468.368|L|36361.06|INR|V-RELI1|Nutzung Wartung Jaipur|KST-LOG-03|SL09|MGUPTA
100|2000|PL09|05.10.2024|04.10.2024|5000013331|1|DIESEL001|Diesel|261|458.76|L|33819.14|INR|V-K007|Tanken Heizung Jaipur|KST-FAC-05|SL09|RPANDEY
100|2000|PL09|12.10.2024|09.10.2024|5000013332|1|DIESEL001|Diesel|261|398.895|L|26660.87|INR|V-IOCL1|Nutzung DG-Set Jaipur|KST-OPS-02|SL09|RPANDEY
100|2000|PL09|14.10.2024|13.10.2024|5000013333|1|PETRL001|Motorenbenzin|261|92.454|L|9085.09|INR|V-K003|Auffuellung Wartung Jaipur|KST-FAC-05|SL09|ASAXEN
100|2000|PL09|21.10.2024|21.10.2024|5000013334|1|PETRL001|Motorenbenzin|261|70.566|L|6271.69|INR|V-K001|Auffuellung Produktion Jaipur|KST-OPS-02|SL09|TLAXMAN
100|2000|PL09|10.10.2024|08.10.2024|5000013335|1|PETRL001|Motorenbenzin|261|190.969|L|17026.77|INR|V-K005|Entnahme Kantine Jaipur|KST-FAC-05|SL09|ASAXEN
100|2000|PL09|28.10.2024|27.10.2024|5000013336|1|PETRL001|Benzin|261|187.587|L|18934.25|INR|V-K009|Entnahme Heizung Jaipur|KST-LOG-01|SL09|TLAXMAN
100|2000|PL09|02.10.2024|29.09.2024|5000013337|1|LPG00001|Fluessiggas|261|19.735|KG|1746.83|INR|V-K010||KST-OPS-02|SL09|RPANDEY
100|2000|PL09|15.10.2024|15.10.2024|5000013338|1|LPG00001|LPG|261|37.53|KG|3171.23|INR|V-ESSAR|Auffuellung Fahrzeugflotte Jaipur|KST-OPS-01|SL09|VMEHTA
100|2000|PL09|01.11.2024|29.10.2024|5000013339|1|DIESEL001|Diesel|261|270.457|L|21011.88|INR|V-K005|Entnahme Produktion Jaipur|KST-LOG-02|SL09|ASAXEN
100|2000|PL09|05.11.2024|02.11.2024|5000013340|1|DIESEL001|Diesel|261|224.349|L|15358.3|INR|V-RELI1|Entnahme Fahrzeugflotte Jaipur|KST-OPS-02|SL09|VMEHTA
100|2000|PL09|06.11.2024|04.11.2024|5000013341|1|DIESEL001|Diesel|261|276.898|L|21222.87|INR|V-K006|Nutzung Notstromaggregat Jaipur|KST-LOG-02|SL09|DRAO
100|2000|PL09|11.11.2024|10.11.2024|5000013342|1|DIESEL001|Dieselkraftstoff|261|304.132|L|21351.87|INR|V-K009|Verbrauch Heizung Jaipur|KST-PRD-02|SL09|BCHATT
100|2000|PL09|02.11.2024|02.11.2024|5000013343|1|DIESEL001|Diesel|261|569.453|L|39235.9|INR|V-K003|Auffuellung Kantine Jaipur|KST-FAC-07|SL09|TLAXMAN
100|2000|PL09|21.11.2024|19.11.2024|5000013344|1|PETRL001|Benzin|261|91.906|L|8322.51|INR|V-K008|Entnahme Kantine Jaipur|KST-FAC-05|SL09|MGUPTA
100|2000|PL09|23.11.2024|23.11.2024|5000013345|1|PETRL001|Motorenbenzin|261|199.596|L|20519.64|INR|V-HPCL1|Nutzung Notstromaggregat Jaipur|KST-PRD-01|SL09|GMISHRA
100|2000|PL09|05.11.2024|04.11.2024|5000013346|1|PETRL001|Motorenbenzin|261|74.388|L|7038.5|INR|V-RELI1||KST-OPS-01|SL09|AKUMAR
100|2000|PL09|19.11.2024|16.11.2024|5000013347|1|PETRL001|Motorenbenzin|261|100.819|L|9690.8|INR|V-K007|Verbrauch DG-Set Jaipur|KST-FAC-02|SL09|NREDDY
100|2000|PL09|14.11.2024|12.11.2024|5000013348|1|LPG00001|LPG|261|43.812|KG|4116.46|INR|V-K003|Tanken Produktion Jaipur|KST-LOG-01|SL09|VMEHTA
100|2000|PL09|21.11.2024|19.11.2024|5000013349|1|LPG00001|LPG|261|31.913|KG|2808.6|INR|V-K005|Auffuellung Wartung Jaipur|KST-FAC-02|SL09|PSINGH
100|2000|PL09|12.12.2024|12.12.2024|5000013350|1|DIESEL001|Dieselkraftstoff|261|597.56|L|40990.65|INR|V-RELI1||KST-PRD-01|SL09|SPRIYA
100|2000|PL09|25.12.2024|25.12.2024|5000013351|1|DIESEL001|Diesel|261|541.328|L|41719.43|INR|V-IOCL1|Entnahme Kantine Jaipur|KST-FAC-01|SL09|VMEHTA
100|2000|PL09|28.12.2024|26.12.2024|5000013352|1|DIESEL001|Dieselkraftstoff|261|496.971|L|36875.24|INR|V-K003|Tanken DG-Set Jaipur|KST-LOG-03|SL09|AKUMAR
100|2000|PL09|13.12.2024|11.12.2024|5000013353|1|DIESEL001|Dieselkraftstoff|261|237.864|L|15971.84|INR|V-K009|Entnahme Notstromaggregat Jaipur|KST-LOG-02|SL09|MGUPTA
100|2000|PL09|02.12.2024|29.11.2024|5000013354|1|DIESEL001|Dieselkraftstoff|261||L||INR|V-IOCL1|Verbrauch Wartung Jaipur|KST-OPS-01|SL09|BCHATT
100|2000|PL09|22.12.2024|21.12.2024|5000013355|1|PETRL001|Benzin|261|122.13|L|11265.58|INR|V-K004|Verbrauch Fahrzeugflotte Jaipur|KST-FAC-05|SL09|SNEHA
100|2000|PL09|25.12.2024|22.12.2024|5000013356|1|PETRL001|Benzin|261|95.747|L|9164.16|INR|V-RELI1|Nutzung Notstromaggregat Jaipur|KST-FAC-01|SL09|NREDDY
100|2000|PL09|16.12.2024|14.12.2024|5000013357|1|PETRL001|Benzin|261|158.052|L|15465.08|INR|V-K004|Nutzung Kantine Jaipur|KST-LOG-02|SL09|GMISHRA
100|2000|PL09|12.12.2024|10.12.2024|5000013358|1|PETRL001|Motorenbenzin|261|75.068|L|7305.95|INR|V-ESSAR|Nutzung DG-Set Jaipur|KST-FAC-07|SL09|DRAO
100|2000|PL09|17.12.2024|16.12.2024|5000013359|1|LPG00001|LPG|261|39.257|KG|3260.57|INR|V-K002|Auffuellung DG-Set Jaipur|KST-LOG-02|SL09|DRAO
100|2000|PL09|16.12.2024|14.12.2024|5000013360|1|LPG00001|LPG|261|40.568|KG|3791.9|INR|V-IOCL1|Verbrauch Generator Jaipur|KST-PRD-01|SL09|DRAO
100|1000|PL10|21.01.2023|18.01.2023|5000013361|1|DIESEL001|Dieselkraftstoff|261|792.603|L|58356.19|INR|V-K007|Entnahme Generator Nagpur|KST-OPS-02|SL10|RPANDEY
100|1000|PL10|28.01.2023|25.01.2023|5000013362|1|DIESEL001|Diesel|261|1169.008|L|78950.93|INR|V-K001|Auffuellung Produktion Nagpur|KST-FAC-07|SL10|SNEHA
100|1000|PL10|27.01.2023|24.01.2023|5000013363|1|DIESEL001|Dieselkraftstoff|261|1698.985|L|124998.53|INR|V-ESSAR|Entnahme Heizung Nagpur|KST-OPS-01|SL10|NREDDY
100|1000|PL10|04.01.2023|04.01.2023|5000013364|1|DIESEL001|Diesel|261|1870.441|L|141883.37|INR|V-K003|Nutzung DG-Set Nagpur|KST-LOG-01|SL10|BCHATT
100|1000|PL10|23.01.2023|20.01.2023|5000013365|1|DIESEL001|Diesel|261|1578.18|L|118623.32|INR|V-IOCL1|Tanken Generator Nagpur|KST-FAC-07|SL10|TLAXMAN
100|1000|PL10|24.01.2023|22.01.2023|5000013366|1|DIESEL001|Dieselkraftstoff|261|1568.834|L|107649.93|INR|V-K001|Verbrauch Generator Nagpur|KST-FAC-03|SL10|SPRIYA
100|1000|PL10|10.01.2023|08.01.2023|5000013367|1|DIESEL001|Diesel|261|1550.381|L|116681.9|INR|V-K007|Nutzung Wartung Nagpur|KST-FAC-02|SL10|NREDDY
100|1000|PL10|06.01.2023|04.01.2023|5000013368|1|DIESEL001|Dieselkraftstoff|261||L||INR|V-RELI1|Tanken Produktion Nagpur|KST-PRD-02|SL10|SNEHA
100|1000|PL10|15.01.2023|14.01.2023|5000013369|1|FURNACE1|Schweroelkraftstoff|261||L||INR|V-K002|Tanken Generator Nagpur|KST-LOG-01|SL10|RPANDEY
100|1000|PL10|26.01.2023|26.01.2023|5000013370|1|FURNACE1|Heizoel EL|261|226.894|L|16888.89|INR|V-K010|Auffuellung Wartung Nagpur|KST-FAC-02|SL10|AKUMAR
100|1000|PL10|14.01.2023|14.01.2023|5000013371|1|FURNACE1|Schweroelkraftstoff|261|441.806|L|34123.14|INR|V-BPCL1|Verbrauch Kantine Nagpur|KST-OPS-01|SL10|DRAO
100|1000|PL10|01.01.2023|01.01.2023|5000013372|1|COALFUEL|Steinkohle|261|1188.518|KG|13970.22|INR|V-K008|Entnahme Produktion Nagpur|KST-FAC-05|SL10|DRAO
100|1000|PL10|24.01.2023|21.01.2023|5000013373|1|COALFUEL|Steinkohle|261|952.606|KG|11388.49|INR|V-K001|Auffuellung Fahrzeugflotte Nagpur|KST-OPS-01|SL10|DRAO
100|1000|PL10|26.02.2023|25.02.2023|5000013374|1|DIESEL001|Dieselkraftstoff|261|1016.762|L|70828.69|INR|V-K003|Tanken Wartung Nagpur|KST-FAC-02|SL10|AKUMAR
100|1000|PL10|27.02.2023|27.02.2023|5000013375|1|DIESEL001|Diesel|261|1936.005|L|147193.08|INR|V-RELI1|Auffuellung DG-Set Nagpur|KST-OPS-01|SL10|KVELU
100|1000|PL10|18.02.2023|18.02.2023|5000013376|1|DIESEL001|Diesel|261|1622.144|L|124100.34|INR|V-K001|Entnahme Generator Nagpur|KST-LOG-02|SL10|RPANDEY
100|1000|PL10|12.02.2023|12.02.2023|5000013377|1|DIESEL001|Diesel|261|845.019|L|60177.77|INR|V-K004|Tanken Produktion Nagpur|KST-MNT-01|SL10|GMISHRA
100|1000|PL10|19.02.2023|19.02.2023|5000013378|1|DIESEL001|Diesel|261|853.938|L|64826.8|INR|V-K008|Tanken Kantine Nagpur|KST-FAC-05|SL10|TLAXMAN
100|1000|PL10|14.02.2023|11.02.2023|5000013379|1|DIESEL001|Dieselkraftstoff|261|1438.029|L|106405.67|INR|V-K007|Verbrauch Heizung Nagpur|KST-OPS-02|SL10|ASAXEN
100|1000|PL10|01.02.2023|29.01.2023|5000013380|1|DIESEL001|Diesel|261|1625.795|L|118240.65|INR|V-K005|Nutzung Wartung Nagpur|KST-FAC-01|SL10|KVELU
100|1000|PL10|17.02.2023|14.02.2023|5000013381|1|DIESEL001|Diesel|261|1995.102|L|137985.01|INR|V-K004|Tanken Notstromaggregat Nagpur|KST-MNT-01|SL10|RJOSHI
100|1000|PL10|03.02.2023|01.02.2023|5000013382|1|FURNACE1|Schweroelkraftstoff|261|346.438|KG|28011.55|INR|V-K004|Verbrauch Wartung Nagpur|KST-PRD-02|SL10|ASAXEN
100|1000|PL10|15.02.2023|14.02.2023|5000013383|1|FURNACE1|Heizoel EL|261|219.691|L|16334.67|INR|V-K005|Nutzung DG-Set Nagpur|KST-LOG-01|SL10|RJOSHI
100|1000|PL10|10.02.2023|07.02.2023|5000013384|1|FURNACE1|Schweroelkraftstoff|261|481.46|L|38030.65|INR|V-K004|Auffuellung Fahrzeugflotte Nagpur|KST-OPS-02|SL10|SPRIYA
100|1000|PL10|19.02.2023|17.02.2023|5000013385|1|COALFUEL|Steinkohle|261|897.519|KG|11047.09|INR|V-IOCL1|Tanken Heizung Nagpur|KST-FAC-07|SL10|PSINGH
100|1000|PL10|04.02.2023|04.02.2023|5000013386|1|COALFUEL|Steinkohle|261|395.587|KG|4905.91|INR|V-K001|Nutzung Fahrzeugflotte Nagpur|KST-FAC-02|SL10|RJOSHI
100|1000|PL10|10.03.2023|07.03.2023|5000013387|1|DIESEL001|Diesel|261|1065.849|L|80056.19|INR|V-K006|Nutzung Kantine Nagpur|KST-LOG-02|SL10|AKUMAR
100|1000|PL10|05.03.2023|02.03.2023|5000013388|1|DIESEL001|Dieselkraftstoff|261|1999.555|L|154956.28|INR|V-K007|Tanken Fahrzeugflotte Nagpur|KST-MNT-01|SL10|KVELU
100|1000|PL10|20.03.2023|17.03.2023|5000013389|1|DIESEL001|Dieselkraftstoff|261|1532.64|L|110749.75|INR|V-K005|Entnahme Wartung Nagpur|KST-OPS-02|SL10|ASAXEN
100|1000|PL10|04.03.2023|04.03.2023|5000013390|1|DIESEL001|Diesel|261|1687.012|L|127980.43|INR|V-K007|Nutzung Fahrzeugflotte Nagpur|KST-MNT-01|SL10|RPANDEY
100|1000|PL10|11.03.2023|09.03.2023|5000013391|1|DIESEL001|Dieselkraftstoff|261|1064.17|L|73616.06|INR|V-IOCL1|Entnahme DG-Set Nagpur|KST-PRD-01|SL10|TLAXMAN
100|1000|PL10|10.03.2023|10.03.2023|5000013392|1|DIESEL001|Dieselkraftstoff|261|999.614|L|70423.37|INR|V-K007|Nutzung Wartung Nagpur|KST-FAC-07|SL10|AKUMAR
100|1000|PL10|06.03.2023|05.03.2023|5000013393|1|DIESEL001|Diesel|261|1494.005|L|107021.85|INR|V-K010|Auffuellung Heizung Nagpur|KST-LOG-02|SL10|VMEHTA
100|1000|PL10|06.03.2023|04.03.2023|5000013394|1|DIESEL001|Dieselkraftstoff|261|1478.809|L|98127.05|INR|V-K004|Verbrauch DG-Set Nagpur|KST-FAC-02|SL10|PSINGH
100|1000|PL10|15.03.2023|12.03.2023|5000013395|1|FURNACE1|Schweroelkraftstoff|261|216.46|L|15730.44|INR|V-K003|Auffuellung Produktion Nagpur|KST-LOG-02|SL10|PSINGH
100|1000|PL10|09.03.2023|08.03.2023|5000013395|1|FURNACE1|Schweroelkraftstoff|261|276.82|L|19404.21|INR|V-K002|Entnahme Wartung Nagpur|KST-LOG-03|SL10|DRAO
100|1000|PL10|20.03.2023|18.03.2023|5000013397|1|FURNACE1|Heizoel EL|261|401.66|L|32409.46|INR|V-ESSAR|Verbrauch DG-Set Nagpur|KST-FAC-03|SL10|DRAO
100|1000|PL10|07.03.2023|04.03.2023|5000013398|1|COALFUEL|Steinkohle|261|312.532|KG|3816.27|INR|V-ESSAR|Verbrauch DG-Set Nagpur|KST-MNT-01|SL10|SNEHA
100|1000|PL10|09.03.2023|08.03.2023|5000013399|1|COALFUEL|Steinkohle|261|928.802|KG|10618.69|INR|V-HPCL1|Entnahme DG-Set Nagpur|KST-FAC-05|SL10|TLAXMAN
100|1000|PL10|18.04.2023|18.04.2023|5000013400|1|DIESEL001|Diesel|261|956.462|L|63565.45|INR|V-BPCL1|Nutzung Fahrzeugflotte Nagpur|KST-PRD-02|SL10|DRAO
100|1000|PL10|10.04.2023|09.04.2023|5000013401|1|DIESEL001|Diesel|261|754.167|L|54656.7|INR|V-BPCL1|Verbrauch Heizung Nagpur|KST-LOG-01|SL10|DRAO
100|1000|PL10|28.04.2023|25.04.2023|5000013402|1|DIESEL001|Dieselkraftstoff|261|1695.998|L|115414.79|INR|V-K008|Nutzung Fahrzeugflotte Nagpur|KST-FAC-01|SL10|BCHATT
100|1000|PL10|12.04.2023|10.04.2023|5000013403|1|DIESEL001|Dieselkraftstoff|261|1774.346|L|120468.04|INR|V-K002|Tanken Generator Nagpur|KST-FAC-07|SL10|GMISHRA
100|1000|PL10|03.04.2023|01.04.2023|5000013404|1|DIESEL001|Dieselkraftstoff|261|1805.149|L|128915.09|INR|V-RELI1|Auffuellung Notstromaggregat Nagpur|KST-PRD-02|SL10|VMEHTA
100|1000|PL10|16.04.2023|14.04.2023|5000013405|1|DIESEL001|Diesel|261|1806.539|L|134162.2|INR|V-K002|Nutzung Notstromaggregat Nagpur|KST-FAC-07|SL10|PSINGH
100|1000|PL10|01.04.2023|01.04.2023|5000013406|1|DIESEL001|Diesel|261|1022.625|L|78753.94|INR|V-HPCL1|Verbrauch Wartung Nagpur|KST-PRD-01|SL10|SNEHA
100|1000|PL10|26.04.2023|24.04.2023|5000013407|1|DIESEL001|Diesel|261|1594.313|L|109193.41|INR|V-K007|Tanken DG-Set Nagpur|KST-PRD-02|SL10|VMEHTA
100|1000|PL10|21.04.2023|19.04.2023|5000013408|1|FURNACE1|Schweroelkraftstoff|261|246.406|L|17037.57|INR|V-HPCL1|Auffuellung Kantine Nagpur|KST-PRD-02|SL10|VMEHTA
100|1000|PL10|26.04.2023|25.04.2023|5000013409|1|FURNACE1|Schweroelkraftstoff|261|236.607|L|17596.66|INR|V-K007|Nutzung Heizung Nagpur|KST-PRD-01|SL10|RJOSHI
100|1000|PL10|20.04.2023|18.04.2023|5000013410|1|FURNACE1|Schweroelkraftstoff|261|222.272|L|17091.89|INR|V-K003|Verbrauch Wartung Nagpur|KST-OPS-03|SL10|TLAXMAN
100|1000|PL10|01.04.2023|30.03.2023|5000013411|1|COALFUEL|Steinkohle|261|736.269|KG|8828.68|INR|V-K004|Tanken Produktion Nagpur|KST-LOG-03|SL10|GMISHRA
100|1000|PL10|13.04.2023|11.04.2023|5000013412|1|COALFUEL|Steinkohle|261|1121.624|KG|12457.16|INR|V-K002|Nutzung Fahrzeugflotte Nagpur|KST-FAC-01|SL10|SNEHA
100|1000|PL10|22.05.2023|19.05.2023|5000013413|1|DIESEL001|Dieselkraftstoff|261|1382.87|L|105873.1|INR|V-BPCL1|Tanken Heizung Nagpur|KST-FAC-01|SL10|SNEHA
100|1000|PL10|25.05.2023|22.05.2023|5000013414|1|DIESEL001|Dieselkraftstoff|261|1359.871|L|98824.82|INR|V-HPCL1|Entnahme DG-Set Nagpur|KST-FAC-01|SL10|VMEHTA
100|1000|PL10|25.05.2023|25.05.2023|5000013415|1|DIESEL001|Dieselkraftstoff|261|925.922|L|68948.58|INR|V-K007|Verbrauch Generator Nagpur|KST-MNT-01|SL10|PSINGH
100|1000|PL10|23.05.2023|23.05.2023|5000013416|1|DIESEL001|Dieselkraftstoff|261|1741.341|L|133238.31|INR|V-K010|Auffuellung Wartung Nagpur|KST-LOG-02|SL10|SPRIYA
100|1000|PL10|17.05.2023|15.05.2023|5000013417|1|DIESEL001|Dieselkraftstoff|261|852.418|L|63919.82|INR|V-RELI1|Verbrauch Generator Nagpur|KST-FAC-07|SL10|BCHATT
100|1000|PL10|23.05.2023|22.05.2023|5000013418|1|DIESEL001|Dieselkraftstoff|261|859.955|L|60498.17|INR|V-K001|Verbrauch Generator Nagpur|KST-OPS-01|SL10|PSINGH
100|1000|PL10|05.05.2023|05.05.2023|5000013419|1|DIESEL001|Diesel|261|1386.172|L|103815.65|INR|V-RELI1|Nutzung Generator Nagpur|KST-FAC-07|SL10|SNEHA
100|1000|PL10|28.05.2023|28.05.2023|5000013420|1|DIESEL001|Diesel|261|1494.343|L|106120.91|INR|V-K007|Verbrauch Wartung Nagpur|KST-OPS-03|SL10|DRAO
100|1000|PL10|03.05.2023|03.05.2023|5000013421|1|FURNACE1|Heizoel EL|261|372.438|KG|29873.34|INR|V-K002|Verbrauch Produktion Nagpur|KST-LOG-02|SL10|SPRIYA
100|1000|PL10|03.05.2023|02.05.2023|5000013422|1|FURNACE1|Schweroelkraftstoff|261|460.232|L|32832.78|INR|V-IOCL1|Nutzung Generator Nagpur|KST-OPS-01|SL10|SPRIYA
100|1000|PL10|27.05.2023|25.05.2023|5000013423|1|FURNACE1|Heizoel EL|261|222.425|L|16087.33|INR|V-BPCL1|Entnahme Notstromaggregat Nagpur|KST-MNT-01|SL10|PSINGH
100|1000|PL10|05.05.2023|02.05.2023|5000013424|1|COALFUEL|Steinkohle|261|332.694|KG|3905.75|INR|V-K009|Verbrauch Produktion Nagpur|KST-FAC-05|SL10|RJOSHI
100|1000|PL10|08.05.2023|07.05.2023|5000013425|1|COALFUEL|Steinkohle|261|626.178|KG|7396.61|INR|V-K002|Nutzung Kantine Nagpur|KST-FAC-02|SL10|RJOSHI
100|1000|PL10|13.06.2023|13.06.2023|5000013426|1|DIESEL001|Diesel|261|1017.53|L|71658.43|INR|V-K006|Verbrauch Fahrzeugflotte Nagpur|KST-FAC-01|SL10|AKUMAR
100|1000|PL10|19.06.2023|16.06.2023|5000013427|1|DIESEL001|Diesel|261|963.919|L|74223.98|INR|V-K003|Tanken Heizung Nagpur|KST-OPS-01|SL10|VMEHTA
100|1000|PL10|11.06.2023|08.06.2023|5000013428|1|DIESEL001|Diesel|261|1138.664|L|76079.5|INR|V-K009|Verbrauch Generator Nagpur|KST-FAC-07|SL10|DRAO
100|1000|PL10|19.06.2023|17.06.2023|5000013429|1|DIESEL001|Dieselkraftstoff|261||L||INR|V-K003|Tanken Generator Nagpur|KST-FAC-05|SL10|NREDDY
100|1000|PL10|23.06.2023|21.06.2023|5000013430|1|DIESEL001|Diesel|261|1375.37|L|95350.61|INR|V-HPCL1|Auffuellung Produktion Nagpur|KST-FAC-01|SL10|RJOSHI
100|1000|PL10|17.06.2023|15.06.2023|5000013431|1|DIESEL001|Diesel|261|1818.452|L|123834.03|INR|V-IOCL1||KST-LOG-02|SL10|RPANDEY
100|1000|PL10|07.06.2023|06.06.2023|5000013432|1|DIESEL001|Dieselkraftstoff|261|823.399|L|55539.46|INR|V-K001||KST-PRD-01|SL10|GMISHRA
100|1000|PL10|20.06.2023|20.06.2023|5000013433|1|DIESEL001|Diesel|261|1695.328|L|131223.97|INR|V-K010|Entnahme Notstromaggregat Nagpur|KST-OPS-03|SL10|RPANDEY
100|1000|PL10|21.06.2023|19.06.2023|5000013434|1|FURNACE1|Heizoel EL|261|284.169|L|20942.52|INR|V-IOCL1|Auffuellung Heizung Nagpur|KST-LOG-01|SL10|RPANDEY
100|1000|PL10|24.06.2023|21.06.2023|5000013435|1|FURNACE1|Schweroelkraftstoff|261|327.493|L|26017.59|INR|V-K008||KST-OPS-03|SL10|KVELU
100|1000|PL10|01.06.2023|30.05.2023|5000013436|1|FURNACE1|Schweroelkraftstoff|261||L||INR|V-K006|Auffuellung Generator Nagpur|KST-FAC-02|SL10|PSINGH
100|1000|PL10|09.06.2023|07.06.2023|5000013437|1|COALFUEL|Steinkohle|261|950.324|KG|11853.13|INR|V-ESSAR|Tanken Kantine Nagpur|KST-FAC-02|SL10|SPRIYA
100|1000|PL10|12.06.2023|10.06.2023|5000013438|1|COALFUEL|Steinkohle|261|313.793|KG|3494.96|INR|V-K001|Auffuellung Notstromaggregat Nagpur|KST-PRD-01|SL10|GMISHRA
100|1000|PL10|07.07.2023|05.07.2023|5000013439|1|DIESEL001|Diesel|261|1884.653|L|142456.98|INR|V-K004|Nutzung Fahrzeugflotte Nagpur|KST-LOG-03|SL10|GMISHRA
100|1000|PL10|19.07.2023|18.07.2023|5000013440|1|DIESEL001|Diesel|261|1120.422|L|75719.52|INR|V-K008|Entnahme Fahrzeugflotte Nagpur|KST-OPS-03|SL10|RJOSHI
100|1000|PL10|15.07.2023|13.07.2023|5000013441|1|DIESEL001|Dieselkraftstoff|261|1339.58|L|88930.6|INR|V-K006|Tanken Heizung Nagpur|KST-FAC-01|SL10|RPANDEY
100|1000|PL10|09.07.2023|09.07.2023|5000013442|1|DIESEL001|Diesel|261|1247.64|L|90491.08|INR|V-ESSAR|Tanken Generator Nagpur|KST-FAC-07|SL10|AKUMAR
100|1000|PL10|13.07.2023|12.07.2023|5000013443|1|DIESEL001|Diesel|261|1498.277|L|108727.99|INR|V-K008|Nutzung Wartung Nagpur|KST-LOG-02|SL10|PSINGH
100|1000|PL10|20.07.2023|20.07.2023|5000013444|1|DIESEL001|Dieselkraftstoff|261|1689.093|L|129189.71|INR|V-K007|Entnahme Generator Nagpur|KST-LOG-03|SL10|NREDDY
100|1000|PL10|05.07.2023|05.07.2023|5000013445|1|DIESEL001|Diesel|261|1070.359|L|75941.22|INR|V-K005|Entnahme DG-Set Nagpur|KST-LOG-01|SL10|SPRIYA
100|1000|PL10|11.07.2023|11.07.2023|5000013446|1|DIESEL001|Diesel|261|1898.203|L|140617.67|INR|V-K005|Nutzung DG-Set Nagpur|KST-PRD-02|SL10|PSINGH
100|1000|PL10|12.07.2023|09.07.2023|5000013446|1|FURNACE1|Heizoel EL|261|464.189|L|32979.51|INR|V-K009|Tanken Kantine Nagpur|KST-LOG-03|SL10|DRAO
100|1000|PL10|08.07.2023|07.07.2023|5000013448|1|FURNACE1|Schweroelkraftstoff|261|405.043|L|29144.21|INR|V-BPCL1|Nutzung Generator Nagpur|KST-PRD-02|SL10|MGUPTA
100|1000|PL10|18.07.2023|18.07.2023|5000013449|1|FURNACE1|Heizoel EL|261|433.686|L|34380.46|INR|V-ESSAR|Verbrauch Fahrzeugflotte Nagpur|KST-MNT-01|SL10|RJOSHI
100|1000|PL10|14.07.2023|11.07.2023|5000013450|1|COALFUEL|Steinkohle|261|1100.604|KG|13294.45|INR|V-ESSAR||KST-FAC-02|SL10|MGUPTA
100|1000|PL10|24.07.2023|21.07.2023|5000013451|1|COALFUEL|Steinkohle|261|717.526|KG|8117.55|INR|V-RELI1|Auffuellung Fahrzeugflotte Nagpur|KST-OPS-02|SL10|NREDDY
100|1000|PL10|28.08.2023|25.08.2023|5000013452|1|DIESEL001|Dieselkraftstoff|261|1452.231|L|102118.02|INR|V-HPCL1|Auffuellung Fahrzeugflotte Nagpur|KST-FAC-03|SL10|VMEHTA
100|1000|PL10|28.08.2023|25.08.2023|5000013453|1|DIESEL001|Dieselkraftstoff|261|1856.516|L|132698.13|INR|V-IOCL1|Auffuellung Produktion Nagpur|KST-FAC-01|SL10|VMEHTA
100|1000|PL10|14.08.2023|11.08.2023|5000013454|1|DIESEL001|Diesel|261|1490.768|L|106679.98|INR|V-BPCL1|Entnahme Heizung Nagpur|KST-FAC-01|SL10|GMISHRA
100|1000|PL10|06.08.2023|04.08.2023|5000013455|1|DIESEL001|Dieselkraftstoff|261|1335.736|L|98887.22|INR|V-IOCL1|Auffuellung Generator Nagpur|KST-FAC-03|SL10|RJOSHI
100|1000|PL10|09.08.2023|09.08.2023|5000013456|1|DIESEL001|Dieselkraftstoff|261||L||INR|V-RELI1|Nutzung Notstromaggregat Nagpur|KST-OPS-03|SL10|PSINGH
100|1000|PL10|13.08.2023|13.08.2023|5000013457|1|DIESEL001|Diesel|261|743.411|L|55418.06|INR|V-HPCL1|Verbrauch Heizung Nagpur|KST-OPS-03|SL10|RJOSHI
100|1000|PL10|14.08.2023|13.08.2023|5000013458|1|DIESEL001|Diesel|261|1025.458|L|73389.94|INR|V-K002|Tanken Heizung Nagpur|KST-FAC-02|SL10|MGUPTA
100|1000|PL10|12.08.2023|09.08.2023|5000013459|1|DIESEL001|Dieselkraftstoff|261|1746.231|L|118544.78|INR|V-K005|Verbrauch Fahrzeugflotte Nagpur|KST-FAC-05|SL10|SPRIYA
100|1000|PL10|15.08.2023|14.08.2023|5000013460|1|FURNACE1|Schweroelkraftstoff|261|338.379|L|26560.63|INR|V-K002|Auffuellung Wartung Nagpur|KST-MNT-01|SL10|VMEHTA
100|1000|PL10|28.08.2023|26.08.2023|5000013461|1|FURNACE1|Schweroelkraftstoff|261|470.814|L|32848.94|INR|V-K009|Entnahme Heizung Nagpur|KST-LOG-02|SL10|DRAO
100|1000|PL10|16.08.2023|16.08.2023|5000013462|1|FURNACE1|Heizoel EL|261|363.631|L|28965.44|INR|V-K001|Auffuellung Notstromaggregat Nagpur|KST-FAC-02|SL10|AKUMAR
100|1000|PL10|17.08.2023|17.08.2023|5000013463|1|COALFUEL|Steinkohle|261|636.17|KG|7657.35|INR|V-HPCL1|Nutzung Fahrzeugflotte Nagpur|KST-OPS-02|SL10|VMEHTA
100|1000|PL10|25.08.2023|24.08.2023|5000013464|1|COALFUEL|Steinkohle|261|555.9|KG|6900.92|INR|V-K007|Entnahme Fahrzeugflotte Nagpur|KST-FAC-07|SL10|AKUMAR
100|1000|PL10|26.09.2023|23.09.2023|5000013465|1|DIESEL001|Dieselkraftstoff|261|1693.331|L|116099.22|INR|V-K002|Verbrauch DG-Set Nagpur|KST-OPS-02|SL10|MGUPTA
100|1000|PL10|19.09.2023|18.09.2023|5000013466|1|DIESEL001|Dieselkraftstoff|261||L||INR|V-IOCL1|Auffuellung Generator Nagpur|KST-PRD-02|SL10|MGUPTA
100|1000|PL10|21.09.2023|21.09.2023|5000013467|1|DIESEL001|Diesel|261|1072.097|L|78186.82|INR|V-BPCL1|Verbrauch Heizung Nagpur|KST-LOG-01|SL10|GMISHRA
100|1000|PL10|24.09.2023|21.09.2023|5000013468|1|DIESEL001|Dieselkraftstoff|261|1854.467|L|133252.07|INR|V-K009|Verbrauch DG-Set Nagpur|KST-FAC-03|SL10|AKUMAR
100|1000|PL10|12.09.2023|11.09.2023|5000013469|1|DIESEL001|Dieselkraftstoff|261|1912.281|L|135426.77|INR|V-K004|Entnahme Notstromaggregat Nagpur|KST-LOG-01|SL10|PSINGH
100|1000|PL10|13.09.2023|13.09.2023|5000013470|1|DIESEL001|Dieselkraftstoff|261|1364.17|L|105985.11|INR|V-BPCL1|Tanken Fahrzeugflotte Nagpur|KST-FAC-02|SL10|NREDDY
100|1000|PL10|11.09.2023|11.09.2023|5000013471|1|DIESEL001|Dieselkraftstoff|261|1463.958|L|106029.43|INR|V-K004|Nutzung Produktion Nagpur|KST-LOG-02|SL10|SPRIYA
100|1000|PL10|21.09.2023|20.09.2023|5000013472|1|DIESEL001|Dieselkraftstoff|261|1710.222|L|132307.98|INR|V-IOCL1|Nutzung Produktion Nagpur|KST-OPS-02|SL10|MGUPTA
100|1000|PL10|08.09.2023|06.09.2023|5000013473|1|FURNACE1|Heizoel EL|261|448.261|L|33708.78|INR|V-HPCL1|Auffuellung Wartung Nagpur|KST-OPS-01|SL10|SNEHA
100|1000|PL10|04.09.2023|04.09.2023|5000013474|1|FURNACE1|Schweroelkraftstoff|261|329.545|L|26026.62|INR|V-K001|Nutzung Fahrzeugflotte Nagpur|KST-PRD-01|SL10|ASAXEN
100|1000|PL10|03.09.2023|01.09.2023|5000013475|1|FURNACE1|Schweroelkraftstoff|261|347.364|L|25122.55|INR|V-K009|Entnahme Generator Nagpur|KST-OPS-01|SL10|RPANDEY
100|1000|PL10|28.09.2023|27.09.2023|5000013476|1|COALFUEL|Steinkohle|261|1188.495|KG|14079.0|INR|V-K009|Entnahme Wartung Nagpur|KST-FAC-05|SL10|DRAO
100|1000|PL10|23.09.2023|23.09.2023|5000013477|1|COALFUEL|Steinkohle|261|1134.001|KG|12802.27|INR|V-K001|Verbrauch Produktion Nagpur|KST-FAC-05|SL10|BCHATT
100|1000|PL10|21.10.2023|21.10.2023|5000013478|1|DIESEL001|Dieselkraftstoff|261|1229.931|L|89718.71|INR|V-K005|Nutzung Kantine Nagpur|KST-PRD-01|SL10|AKUMAR
100|1000|PL10|21.10.2023|20.10.2023|5000013479|1|DIESEL001|Diesel|261|1226.066|L|90754.94|INR|V-K006|Nutzung Kantine Nagpur|KST-PRD-02|SL10|GMISHRA
100|1000|PL10|12.10.2023|11.10.2023|5000013480|1|DIESEL001|Diesel|261|1326.408|L|95439.75|INR|V-BPCL1|Nutzung Heizung Nagpur|KST-FAC-02|SL10|TLAXMAN
100|1000|PL10|14.10.2023|14.10.2023|5000013481|1|DIESEL001|Dieselkraftstoff|261|1271.755|L|97077.57|INR|V-K010||KST-FAC-05|SL10|RPANDEY
100|1000|PL10|05.10.2023|03.10.2023|5000013482|1|DIESEL001|Diesel|261|1121.713|L|85061.29|INR|V-K003|Verbrauch Produktion Nagpur|KST-FAC-07|SL10|AKUMAR
100|1000|PL10|26.10.2023|26.10.2023|5000013483|1|DIESEL001|Diesel|261|1686.731|L|130432.2|INR|V-HPCL1|Verbrauch Fahrzeugflotte Nagpur|KST-LOG-02|SL10|SNEHA
100|1000|PL10|10.10.2023|09.10.2023|5000013484|1|DIESEL001|Diesel|261|1032.1|L|73562.66|INR|V-K001|Auffuellung Generator Nagpur|KST-PRD-01|SL10|MGUPTA
100|1000|PL10|01.10.2023|28.09.2023|5000013485|1|DIESEL001|Dieselkraftstoff|261|1499.134|KG|115155.51|INR|V-BPCL1|Verbrauch Generator Nagpur|KST-LOG-01|SL10|BCHATT
100|1000|PL10|08.10.2023|07.10.2023|5000013486|1|FURNACE1|Schweroelkraftstoff|261|209.684|L|16466.92|INR|V-ESSAR|Entnahme Produktion Nagpur|KST-OPS-02|SL10|RJOSHI
100|1000|PL10|15.10.2023|13.10.2023|5000013487|1|FURNACE1|Schweroelkraftstoff|261|295.803|L|21752.26|INR|V-K001|Tanken Produktion Nagpur|KST-LOG-03|SL10|NREDDY
100|1000|PL10|13.10.2023|13.10.2023|5000013488|1|FURNACE1|Schweroelkraftstoff|261|497.22|L|37430.95|INR|V-K005|Tanken Fahrzeugflotte Nagpur|KST-OPS-01|SL10|AKUMAR
100|1000|PL10|24.10.2023|21.10.2023|5000013489|1|COALFUEL|Steinkohle|261|1045.243|KG|13493.74|INR|V-K006|Entnahme Fahrzeugflotte Nagpur|KST-OPS-02|SL10|PSINGH
100|1000|PL10|26.10.2023|25.10.2023|5000013490|1|COALFUEL|Steinkohle|261|562.684|KG|6861.14|INR|V-K002|Entnahme Notstromaggregat Nagpur|KST-FAC-01|SL10|VMEHTA
100|1000|PL10|11.11.2023|08.11.2023|5000013491|1|DIESEL001|Diesel|261|1801.044|KG|127459.25|INR|V-K005|Auffuellung Heizung Nagpur|KST-OPS-03|SL10|KVELU
100|1000|PL10|08.11.2023|07.11.2023|5000013492|1|DIESEL001|Diesel|261|1490.401|L|106196.89|INR|V-K009|Tanken Notstromaggregat Nagpur|KST-PRD-02|SL10|BCHATT
100|1000|PL10|25.11.2023|23.11.2023|5000013493|1|DIESEL001|Dieselkraftstoff|261|1074.982|L|71450.16|INR|V-K005|Tanken DG-Set Nagpur|KST-FAC-07|SL10|MGUPTA
100|1000|PL10|26.11.2023|23.11.2023|5000013494|1|DIESEL001|Dieselkraftstoff|261|1880.172|L|143312.33|INR|V-K003|Verbrauch Fahrzeugflotte Nagpur|KST-PRD-01|SL10|NREDDY
100|1000|PL10|20.11.2023|18.11.2023|5000013495|1|DIESEL001|Diesel|261|980.083|L|72671.75|INR|V-RELI1|Entnahme Fahrzeugflotte Nagpur|KST-FAC-03|SL10|BCHATT
100|1000|PL10|02.11.2023|30.10.2023|5000013496|1|DIESEL001|Dieselkraftstoff|261|1145.43|L|87115.0|INR|V-K004|Entnahme Produktion Nagpur|KST-FAC-05|SL10|RJOSHI
100|1000|PL10|15.11.2023|14.11.2023|5000013497|1|DIESEL001|Diesel|261|1607.129|L|113311.82|INR|V-K002|Entnahme Wartung Nagpur|KST-FAC-05|SL10|PSINGH
100|1000|PL10|16.11.2023|14.11.2023|5000013498|1|DIESEL001|Dieselkraftstoff|261|1666.397|L|112927.65|INR|V-K004|Entnahme Produktion Nagpur|KST-OPS-02|SL10|SPRIYA
100|1000|PL10|11.11.2023|08.11.2023|5000013499|1|FURNACE1|Heizoel EL|261|442.717|L|33760.49|INR|V-ESSAR|Auffuellung Kantine Nagpur|KST-LOG-01|SL10|SNEHA
100|1000|PL10|07.11.2023|06.11.2023|5000013500|1|FURNACE1|Schweroelkraftstoff|261|452.137|L|34297.8|INR|V-K007|Nutzung Wartung Nagpur|KST-FAC-07|SL10|GMISHRA
100|1000|PL10|27.11.2023|24.11.2023|5000013501|1|FURNACE1|Heizoel EL|261|355.809|L|26360.65|INR|V-K005|Auffuellung Fahrzeugflotte Nagpur|KST-LOG-01|SL10|AKUMAR
100|1000|PL10|24.11.2023|22.11.2023|5000013502|1|COALFUEL|Steinkohle|261|918.299|KG|10597.16|INR|V-K008|Auffuellung DG-Set Nagpur|KST-FAC-03|SL10|SNEHA
100|1000|PL10|16.11.2023|13.11.2023|5000013503|1|COALFUEL|Steinkohle|261|354.821|KG|4230.65|INR|V-K005|Tanken Heizung Nagpur|KST-OPS-01|SL10|RPANDEY
100|1000|PL10|20.12.2023|20.12.2023|5000013504|1|DIESEL001|Diesel|261||L||INR|V-K009|Entnahme Generator Nagpur|KST-OPS-01|SL10|RPANDEY
100|1000|PL10|22.12.2023|22.12.2023|5000013505|1|DIESEL001|Diesel|261|1395.423|L|92439.64|INR|V-K002|Nutzung Heizung Nagpur|KST-LOG-02|SL10|PSINGH
100|1000|PL10|27.12.2023|26.12.2023|5000013506|1|DIESEL001|Diesel|261|1211.797|L|91961.18|INR|V-K008|Entnahme Heizung Nagpur|KST-PRD-02|SL10|BCHATT
100|1000|PL10|03.12.2023|30.11.2023|5000013507|1|DIESEL001|Diesel|261|787.163|L|55826.34|INR|V-RELI1|Verbrauch Heizung Nagpur|KST-FAC-05|SL10|MGUPTA
100|1000|PL10|25.12.2023|22.12.2023|5000013508|1|DIESEL001|Dieselkraftstoff|261|1728.457|L|114699.09|INR|V-K007|Nutzung Wartung Nagpur|KST-FAC-02|SL10|SNEHA
100|1000|PL10|10.12.2023|10.12.2023|5000013509|1|DIESEL001|Diesel|261|1223.12|L|92644.81|INR|V-HPCL1|Auffuellung Heizung Nagpur|KST-FAC-01|SL10|DRAO
100|1000|PL10|27.12.2023|25.12.2023|5000013510|1|DIESEL001|Diesel|261|1073.443|L|79176.88|INR|V-K009|Verbrauch Heizung Nagpur|KST-OPS-01|SL10|NREDDY
100|1000|PL10|09.12.2023|08.12.2023|5000013511|1|DIESEL001|Dieselkraftstoff|261|1892.26|L|138187.64|INR|V-RELI1||KST-FAC-03|SL10|GMISHRA
100|1000|PL10|21.12.2023|19.12.2023|5000013512|1|FURNACE1|Schweroelkraftstoff|261|357.391|L|27227.48|INR|V-K003|Auffuellung DG-Set Nagpur|KST-FAC-01|SL10|RPANDEY
100|1000|PL10|26.12.2023|24.12.2023|5000013513|1|FURNACE1|Heizoel EL|261|484.879|L|34171.35|INR|V-K009|Verbrauch Notstromaggregat Nagpur|KST-FAC-02|SL10|BCHATT
100|1000|PL10|14.12.2023|11.12.2023|5000013514|1|FURNACE1|Heizoel EL|261|395.496|L|29420.47|INR|V-K010|Verbrauch Heizung Nagpur|KST-MNT-01|SL10|BCHATT
100|1000|PL10|08.12.2023|06.12.2023|5000013515|1|COALFUEL|Steinkohle|261|1144.782|KG|14626.48|INR|V-K005|Entnahme Generator Nagpur|KST-FAC-03|SL10|KVELU
100|1000|PL10|14.12.2023|13.12.2023|5000013516|1|COALFUEL|Steinkohle|261|347.744|KG|3882.71|INR|V-K002|Entnahme Heizung Nagpur|KST-LOG-03|SL10|NREDDY
100|1000|PL10|22.01.2024|21.01.2024|5000013517|1|DIESEL001|Diesel|261|1179.182|L|81581.56|INR|V-ESSAR|Tanken DG-Set Nagpur|KST-FAC-03|SL10|RPANDEY
100|1000|PL10|27.01.2024|27.01.2024|5000013518|1|DIESEL001|Dieselkraftstoff|261|1689.097|L|126234.94|INR|V-K007|Tanken DG-Set Nagpur|KST-FAC-02|SL10|VMEHTA
100|1000|PL10|23.01.2024|23.01.2024|5000013519|1|DIESEL001|Diesel|261|1583.542|L|122809.33|INR|V-K005|Entnahme DG-Set Nagpur|KST-OPS-03|SL10|ASAXEN
100|1000|PL10|27.01.2024|24.01.2024|5000013520|1|DIESEL001|Dieselkraftstoff|261|1345.458|L|90435.3|INR|V-K009|Auffuellung Generator Nagpur|KST-PRD-01|SL10|VMEHTA
100|1000|PL10|08.01.2024|06.01.2024|5000013521|1|DIESEL001|Dieselkraftstoff|261|1302.158|L|87578.17|INR|V-K006|Verbrauch Kantine Nagpur|KST-LOG-01|SL10|BCHATT
100|1000|PL10|02.01.2024|31.12.2023|5000013522|1|DIESEL001|Diesel|261|1699.495|L|119452.78|INR|V-K001|Tanken Generator Nagpur|KST-LOG-03|SL10|NREDDY
100|1000|PL10|20.01.2024|18.01.2024|5000013523|1|DIESEL001|Diesel|261|984.082|L|68906.23|INR|V-K006|Verbrauch Kantine Nagpur|KST-FAC-02|SL10|MGUPTA
100|1000|PL10|09.01.2024|08.01.2024|5000013524|1|DIESEL001|Dieselkraftstoff|261|1594.342|L|105918.97|INR|V-ESSAR|Nutzung Produktion Nagpur|KST-PRD-02|SL10|BCHATT
100|1000|PL10|02.01.2024|30.12.2023|5000013525|1|FURNACE1|Schweroelkraftstoff|261|272.881|L|19949.58|INR|V-K001|Verbrauch DG-Set Nagpur|KST-PRD-02|SL10|PSINGH
100|1000|PL10|24.01.2024|23.01.2024|5000013526|1|FURNACE1|Schweroelkraftstoff|261|242.656|L|18727.29|INR|V-K006|Verbrauch Kantine Nagpur|KST-PRD-01|SL10|RPANDEY
100|1000|PL10|20.01.2024|17.01.2024|5000013527|1|FURNACE1|Schweroelkraftstoff|261|315.368|L|25257.62|INR|V-HPCL1|Nutzung Kantine Nagpur|KST-LOG-02|SL10|PSINGH
100|1000|PL10|07.01.2024|07.01.2024|5000013528|1|COALFUEL|Steinkohle|261|820.517|KG|10588.36|INR|V-K008|Verbrauch Fahrzeugflotte Nagpur|KST-FAC-07|SL10|MGUPTA
100|1000|PL10|22.01.2024|20.01.2024|5000013529|1|COALFUEL|Steinkohle|261|462.099|KG|5553.83|INR|V-K001|Nutzung Wartung Nagpur|KST-MNT-01|SL10|NREDDY
100|1000|PL10|27.02.2024|25.02.2024|5000013530|1|DIESEL001|Diesel|261|1225.476|KG|90942.37|INR|V-K005|Auffuellung Wartung Nagpur|KST-MNT-01|SL10|DRAO
100|1000|PL10|21.02.2024|18.02.2024|5000013531|1|DIESEL001|Dieselkraftstoff|261|1864.745|L|133134.04|INR|V-K009|Auffuellung Fahrzeugflotte Nagpur|KST-FAC-03|SL10|SPRIYA
100|1000|PL10|26.02.2024|26.02.2024|5000013532|1|DIESEL001|Dieselkraftstoff|261|744.923|L|57766.55|INR|V-K007|Entnahme Kantine Nagpur|KST-LOG-02|SL10|KVELU
100|1000|PL10|07.02.2024|07.02.2024|5000013533|1|DIESEL001|Diesel|261|1773.647|L|122623.0|INR|V-K003|Auffuellung Kantine Nagpur|KST-OPS-03|SL10|RJOSHI
100|1000|PL10|01.02.2024|29.01.2024|5000013534|1|DIESEL001|Dieselkraftstoff|261|1526.086|L|102506.8|INR|V-IOCL1|Tanken Heizung Nagpur|KST-OPS-02|SL10|RJOSHI
100|1000|PL10|25.02.2024|22.02.2024|5000013535|1|DIESEL001|Diesel|261|1882.717|L|145758.03|INR|V-HPCL1|Entnahme Generator Nagpur|KST-FAC-02|SL10|NREDDY
100|1000|PL10|21.02.2024|18.02.2024|5000013536|1|DIESEL001|Diesel|261|1560.973|L|104590.75|INR|V-K004|Entnahme Produktion Nagpur|KST-OPS-03|SL10|DRAO
100|1000|PL10|05.02.2024|05.02.2024|5000013537|1|DIESEL001|Dieselkraftstoff|261|838.316|L|64173.85|INR|V-K001|Nutzung Heizung Nagpur|KST-PRD-01|SL10|AKUMAR
100|1000|PL10|06.02.2024|06.02.2024|5000013538|1|FURNACE1|Schweroelkraftstoff|261|247.501|L|17216.42|INR|V-K002|Entnahme Kantine Nagpur|KST-PRD-01|SL10|KVELU
100|1000|PL10|07.02.2024|07.02.2024|5000013539|1|FURNACE1|Schweroelkraftstoff|261|207.26|L|15684.32|INR|V-K008|Auffuellung Wartung Nagpur|KST-FAC-01|SL10|SNEHA
100|1000|PL10|27.02.2024|25.02.2024|5000013540|1|FURNACE1|Schweroelkraftstoff|261|342.259|L|23814.02|INR|V-IOCL1|Nutzung DG-Set Nagpur|KST-FAC-07|SL10|PSINGH
100|1000|PL10|03.02.2024|01.02.2024|5000013541|1|COALFUEL|Steinkohle|261|789.046|KG|9406.64|INR|V-IOCL1|Nutzung Fahrzeugflotte Nagpur|KST-FAC-07|SL10|VMEHTA
100|1000|PL10|24.02.2024|24.02.2024|5000013542|1|COALFUEL|Steinkohle|261|710.49|KG|8890.65|INR|V-IOCL1|Auffuellung Notstromaggregat Nagpur|KST-PRD-01|SL10|GMISHRA
100|1000|PL10|25.03.2024|23.03.2024|5000013543|1|DIESEL001|Diesel|261|1470.336|L|111039.78|INR|V-RELI1|Auffuellung Notstromaggregat Nagpur|KST-FAC-03|SL10|BCHATT
100|1000|PL10|20.03.2024|20.03.2024|5000013544|1|DIESEL001|Dieselkraftstoff|261|1763.842|L|131388.24|INR|V-BPCL1|Nutzung Wartung Nagpur|KST-FAC-07|SL10|ASAXEN
100|1000|PL10|11.03.2024|10.03.2024|5000013545|1|DIESEL001|Dieselkraftstoff|261|1702.187|L|118420.17|INR|V-ESSAR|Nutzung DG-Set Nagpur|KST-OPS-01|SL10|PSINGH
100|1000|PL10|01.03.2024|27.02.2024|5000013546|1|DIESEL001|Dieselkraftstoff|261|702.788|L|54267.96|INR|V-K008|Nutzung Wartung Nagpur|KST-FAC-01|SL10|DRAO
100|1000|PL10|26.03.2024|24.03.2024|5000013547|1|DIESEL001|Dieselkraftstoff|261|1933.021|L|131149.79|INR|V-RELI1|Verbrauch Fahrzeugflotte Nagpur|KST-MNT-01|SL10|SNEHA
100|1000|PL10|07.03.2024|05.03.2024|5000013548|1|DIESEL001|Dieselkraftstoff|261|816.651|L|55743.95|INR|V-K004|Tanken Kantine Nagpur|KST-OPS-01|SL10|ASAXEN
100|1000|PL10|18.03.2024|18.03.2024|5000013549|1|DIESEL001|Diesel|261|1844.706|L|125726.65|INR|V-K005|Auffuellung Notstromaggregat Nagpur|KST-FAC-01|SL10|BCHATT
100|1000|PL10|16.03.2024|15.03.2024|5000013549|1|DIESEL001|Dieselkraftstoff|261|829.901|L|61687.6|INR|V-K009|Entnahme Wartung Nagpur|KST-OPS-02|SL10|RPANDEY
100|1000|PL10|14.03.2024|13.03.2024|5000013551|1|FURNACE1|Schweroelkraftstoff|261|238.609|L|19132.94|INR|V-K008||KST-OPS-02|SL10|AKUMAR
100|1000|PL10|25.03.2024|25.03.2024|5000013552|1|FURNACE1|Schweroelkraftstoff|261|360.239|L|26728.92|INR|V-K005|Verbrauch Produktion Nagpur|KST-FAC-02|SL10|AKUMAR
100|1000|PL10|28.03.2024|26.03.2024|5000013553|1|FURNACE1|Schweroelkraftstoff|261|364.777|L|27952.7|INR|V-K003|Entnahme Notstromaggregat Nagpur|KST-FAC-07|SL10|DRAO
100|1000|PL10|23.03.2024|20.03.2024|5000013554|1|COALFUEL|Steinkohle|261|912.463|KG|10228.53|INR|V-K004|Verbrauch Notstromaggregat Nagpur|KST-OPS-03|SL10|BCHATT
100|1000|PL10|24.03.2024|24.03.2024|5000013555|1|COALFUEL|Steinkohle|261|538.535|KG|6857.24|INR|V-K001|Tanken Produktion Nagpur|KST-FAC-07|SL10|NREDDY
100|1000|PL10|21.04.2024|21.04.2024|5000013556|1|DIESEL001|Diesel|261|1646.914|L|113312.96|INR|V-K008|Nutzung Wartung Nagpur|KST-FAC-07|SL10|RPANDEY
100|1000|PL10|03.04.2024|03.04.2024|5000013557|1|DIESEL001|Diesel|261|1530.223|L|118578.81|INR|V-RELI1|Nutzung Kantine Nagpur|KST-FAC-01|SL10|PSINGH
100|1000|PL10|03.04.2024|31.03.2024|5000013558|1|DIESEL001|Dieselkraftstoff|261|1901.29|L|143821.17|INR|V-HPCL1|Nutzung Generator Nagpur|KST-FAC-05|SL10|RJOSHI
100|1000|PL10|11.04.2024|08.04.2024|5000013559|1|DIESEL001|Diesel|261|769.64|L|59036.62|INR|V-K009|Nutzung Heizung Nagpur|KST-FAC-03|SL10|RJOSHI
100|1000|PL10|09.04.2024|08.04.2024|5000013560|1|DIESEL001|Diesel|261|1760.377|L|121670.74|INR|V-ESSAR|Verbrauch Kantine Nagpur|KST-FAC-07|SL10|MGUPTA
100|1000|PL10|16.04.2024|15.04.2024|5000013561|1|DIESEL001|Diesel|261|1872.741|L|139234.82|INR|V-HPCL1|Verbrauch Fahrzeugflotte Nagpur|KST-FAC-07|SL10|MGUPTA
100|1000|PL10|20.04.2024|17.04.2024|5000013562|1|DIESEL001|Diesel|261|1349.709|L|99360.22|INR|V-BPCL1|Nutzung DG-Set Nagpur|KST-LOG-01|SL10|VMEHTA
100|1000|PL10|19.04.2024|17.04.2024|5000013563|1|DIESEL001|Dieselkraftstoff|261|1246.812|L|92780.39|INR|V-K005|Verbrauch Notstromaggregat Nagpur|KST-PRD-02|SL10|MGUPTA
100|1000|PL10|16.04.2024|15.04.2024|5000013564|1|FURNACE1|Heizoel EL|261|230.623|L|16847.34|INR|V-RELI1|Entnahme Heizung Nagpur|KST-FAC-07|SL10|MGUPTA
100|1000|PL10|09.04.2024|09.04.2024|5000013565|1|FURNACE1|Schweroelkraftstoff|261|439.238|L|35445.08|INR|V-K008|Verbrauch Kantine Nagpur|KST-FAC-03|SL10|GMISHRA
100|1000|PL10|13.04.2024|10.04.2024|5000013566|1|FURNACE1|Schweroelkraftstoff|261|482.024|L|36688.11|INR|V-K008|Verbrauch Kantine Nagpur|KST-FAC-01|SL10|AKUMAR
100|1000|PL10|11.04.2024|09.04.2024|5000013567|1|COALFUEL|Steinkohle|261|326.249|KG|3806.68|INR|V-ESSAR|Nutzung Fahrzeugflotte Nagpur|KST-FAC-02|SL10|SPRIYA
100|1000|PL10|16.04.2024|13.04.2024|5000013568|1|COALFUEL|Steinkohle|261|581.163|KG|6748.69|INR|V-K002|Entnahme Heizung Nagpur|KST-FAC-07|SL10|SNEHA
100|1000|PL10|07.05.2024|05.05.2024|5000013569|1|DIESEL001|Diesel|261|1402.856|L|107044.8|INR|V-K003|Nutzung Generator Nagpur|KST-MNT-01|SL10|VMEHTA
100|1000|PL10|13.05.2024|13.05.2024|5000013570|1|DIESEL001|Dieselkraftstoff|261|1843.945|L|128711.37|INR|V-K006|Auffuellung Generator Nagpur|KST-FAC-05|SL10|VMEHTA
100|1000|PL10|04.05.2024|04.05.2024|5000013571|1|DIESEL001|Dieselkraftstoff|261|1550.36|L|116553.1|INR|V-IOCL1|Nutzung Heizung Nagpur|KST-OPS-02|SL10|NREDDY
100|1000|PL10|26.05.2024|24.05.2024|5000013572|1|DIESEL001|Diesel|261|1066.25|L|79349.85|INR|V-K008|Entnahme Generator Nagpur|KST-OPS-03|SL10|AKUMAR
100|1000|PL10|11.05.2024|08.05.2024|5000013573|1|DIESEL001|Diesel|261|953.026|L|63177.79|INR|V-K005|Auffuellung Fahrzeugflotte Nagpur|KST-FAC-07|SL10|VMEHTA
100|1000|PL10|17.05.2024|17.05.2024|5000013574|1|DIESEL001|Dieselkraftstoff|261|737.435|L|56306.1|INR|V-K003||KST-LOG-03|SL10|TLAXMAN
100|1000|PL10|13.05.2024|11.05.2024|5000013575|1|DIESEL001|Dieselkraftstoff|261|1486.528|L|104046.75|INR|V-BPCL1|Auffuellung Produktion Nagpur|KST-FAC-01|SL10|TLAXMAN
100|1000|PL10|05.05.2024|02.05.2024|5000013576|1|DIESEL001|Diesel|261|1421.627|L|102761.32|INR|V-ESSAR|Entnahme Fahrzeugflotte Nagpur|KST-FAC-03|SL10|GMISHRA
100|1000|PL10|01.05.2024|01.05.2024|5000013577|1|FURNACE1|Schweroelkraftstoff|261||L||INR|V-HPCL1||KST-LOG-01|SL10|MGUPTA
100|1000|PL10|23.05.2024|22.05.2024|5000013578|1|FURNACE1|Heizoel EL|261|200.139|L|14904.91|INR|V-RELI1|Verbrauch DG-Set Nagpur|KST-PRD-01|SL10|MGUPTA
100|1000|PL10|02.05.2024|01.05.2024|5000013579|1|FURNACE1|Heizoel EL|261|336.291|L|26669.37|INR|V-K010|Verbrauch Notstromaggregat Nagpur|KST-OPS-03|SL10|BCHATT
100|1000|PL10|13.05.2024|10.05.2024|5000013580|1|COALFUEL|Steinkohle|261|401.564|KG|4701.88|INR|V-K010|Verbrauch Notstromaggregat Nagpur|KST-OPS-01|SL10|MGUPTA
100|1000|PL10|24.05.2024|23.05.2024|5000013581|1|COALFUEL|Steinkohle|261|1048.639|KG|12197.61|INR|V-K009|Verbrauch Kantine Nagpur|KST-FAC-01|SL10|GMISHRA
100|1000|PL10|19.06.2024|18.06.2024|5000013582|1|DIESEL001|Diesel|261|960.303|L|73518.81|INR|V-IOCL1|Nutzung Generator Nagpur|KST-LOG-02|SL10|VMEHTA
100|1000|PL10|02.06.2024|01.06.2024|5000013583|1|DIESEL001|Dieselkraftstoff|261|1922.19|L|146129.8|INR|V-K003|Auffuellung Wartung Nagpur|KST-LOG-01|SL10|RPANDEY
100|1000|PL10|21.06.2024|20.06.2024|5000013584|1|DIESEL001|Dieselkraftstoff|261|1853.731|L|135601.36|INR|V-K009|Verbrauch Wartung Nagpur|KST-FAC-03|SL10|SPRIYA
100|1000|PL10|03.06.2024|01.06.2024|5000013585|1|DIESEL001|Dieselkraftstoff|261|1974.919|L|150345.45|INR|V-K007|Verbrauch Fahrzeugflotte Nagpur|KST-LOG-02|SL10|SPRIYA
100|1000|PL10|06.06.2024|03.06.2024|5000013586|1|DIESEL001|Dieselkraftstoff|261|1057.29|L|81266.51|INR|V-K010|Nutzung Kantine Nagpur|KST-FAC-07|SL10|AKUMAR
100|1000|PL10|11.06.2024|09.06.2024|5000013587|1|DIESEL001|Diesel|261|1051.585|L|79853.17|INR|V-K003|Entnahme Produktion Nagpur|KST-PRD-02|SL10|MGUPTA
100|1000|PL10|24.06.2024|24.06.2024|5000013588|1|DIESEL001|Diesel|261|1553.822|L|117750.56|INR|V-K006||KST-PRD-02|SL10|SPRIYA
100|1000|PL10|19.06.2024|16.06.2024|5000013589|1|DIESEL001|Diesel|261|1823.283|L|134586.56|INR|V-IOCL1|Verbrauch Produktion Nagpur|KST-LOG-03|SL10|SNEHA
100|1000|PL10|12.06.2024|10.06.2024|5000013590|1|FURNACE1|Schweroelkraftstoff|261|350.065|L|26453.32|INR|V-K001|Nutzung Generator Nagpur|KST-OPS-02|SL10|RJOSHI
100|1000|PL10|05.06.2024|04.06.2024|5000013591|1|FURNACE1|Schweroelkraftstoff|261|457.157|L|32570.97|INR|V-K005|Tanken DG-Set Nagpur|KST-FAC-07|SL10|KVELU
100|1000|PL10|12.06.2024|12.06.2024|5000013592|1|FURNACE1|Heizoel EL|261|317.944|L|25387.76|INR|V-K007|Entnahme Notstromaggregat Nagpur|KST-LOG-02|SL10|RJOSHI
100|1000|PL10|06.06.2024|04.06.2024|5000013593|1|COALFUEL|Steinkohle|261|735.958|KG|8468.08|INR|V-IOCL1|Verbrauch Fahrzeugflotte Nagpur|KST-FAC-01|SL10|MGUPTA
100|1000|PL10|20.06.2024|20.06.2024|5000013594|1|COALFUEL|Steinkohle|261|333.258|KG|3946.35|INR|V-IOCL1|Tanken Kantine Nagpur|KST-LOG-03|SL10|KVELU
100|1000|PL10|25.07.2024|24.07.2024|5000013595|1|DIESEL001|Dieselkraftstoff|261|1581.344|L|105028.95|INR|V-ESSAR|Entnahme DG-Set Nagpur|KST-FAC-07|SL10|DRAO
100|1000|PL10|17.07.2024|14.07.2024|5000013596|1|DIESEL001|Diesel|261|1147.489|L|85628.77|INR|V-K007|Nutzung Produktion Nagpur|KST-FAC-03|SL10|MGUPTA
100|1000|PL10|01.07.2024|28.06.2024|5000013597|1|DIESEL001|Diesel|261|1047.585|L|75147.99|INR|V-RELI1|Tanken Fahrzeugflotte Nagpur|KST-FAC-07|SL10|MGUPTA
100|1000|PL10|02.07.2024|01.07.2024|5000013598|1|DIESEL001|Diesel|261|1158.056|L|80245.2|INR|V-K008|Nutzung Kantine Nagpur|KST-LOG-01|SL10|TLAXMAN
100|1000|PL10|21.07.2024|19.07.2024|5000013599|1|DIESEL001|Diesel|261|1291.658|L|87319.2|INR|V-K006|Verbrauch Notstromaggregat Nagpur|KST-PRD-01|SL10|NREDDY
100|1000|PL10|02.07.2024|29.06.2024|5000013600|1|DIESEL001|Diesel|261|1543.388|L|111525.32|INR|V-K004|Auffuellung Produktion Nagpur|KST-LOG-03|SL10|MGUPTA
100|1000|PL10|11.07.2024|09.07.2024|5000013601|1|DIESEL001|Dieselkraftstoff|261|931.614|L|62817.59|INR|V-IOCL1|Nutzung Notstromaggregat Nagpur|KST-FAC-02|SL10|SNEHA
100|1000|PL10|28.07.2024|25.07.2024|5000013602|1|DIESEL001|Dieselkraftstoff|261||L||INR|V-K008|Verbrauch Wartung Nagpur|KST-PRD-02|SL10|BCHATT
100|1000|PL10|02.07.2024|30.06.2024|5000013603|1|FURNACE1|Heizoel EL|261|459.821|L|35058.31|INR|V-K004|Auffuellung Notstromaggregat Nagpur|KST-FAC-05|SL10|NREDDY
100|1000|PL10|09.07.2024|08.07.2024|5000013604|1|FURNACE1|Schweroelkraftstoff|261|432.665|L|34778.45|INR|V-K009|Tanken Notstromaggregat Nagpur|KST-OPS-02|SL10|GMISHRA
100|1000|PL10|26.07.2024|23.07.2024|5000013605|1|FURNACE1|Schweroelkraftstoff|261|292.138|L|21992.75|INR|V-K002|Auffuellung DG-Set Nagpur|KST-LOG-02|SL10|KVELU
100|1000|PL10|24.07.2024|24.07.2024|5000013606|1|COALFUEL|Steinkohle|261|1053.505|KG|12925.63|INR|V-IOCL1|Tanken Produktion Nagpur|KST-OPS-03|SL10|AKUMAR
100|1000|PL10|11.07.2024|08.07.2024|5000013607|1|COALFUEL|Steinkohle|261|355.905|KG|4609.1|INR|V-ESSAR|Entnahme Wartung Nagpur|KST-LOG-02|SL10|DRAO
100|1000|PL10|19.08.2024|17.08.2024|5000013608|1|DIESEL001|Diesel|261|1434.863|L|105630.62|INR|V-K001|Verbrauch Generator Nagpur|KST-LOG-01|SL10|SPRIYA
100|1000|PL10|26.08.2024|25.08.2024|5000013609|1|DIESEL001|Diesel|261|1455.978|L|99312.97|INR|V-K005|Verbrauch DG-Set Nagpur|KST-LOG-02|SL10|DRAO
100|1000|PL10|26.08.2024|24.08.2024|5000013610|1|DIESEL001|Dieselkraftstoff|261|1954.007|L|137256.35|INR|V-K002|Entnahme Kantine Nagpur|KST-FAC-05|SL10|KVELU
100|1000|PL10|25.08.2024|24.08.2024|5000013611|1|DIESEL001|Diesel|261|833.489|L|60941.9|INR|V-K003|Verbrauch Generator Nagpur|KST-PRD-01|SL10|SPRIYA
100|1000|PL10|15.08.2024|13.08.2024|5000013612|1|DIESEL001|Dieselkraftstoff|261|868.625|L|57982.73|INR|V-RELI1|Auffuellung Kantine Nagpur|KST-FAC-05|SL10|SPRIYA
100|1000|PL10|07.08.2024|06.08.2024|5000013613|1|DIESEL001|Diesel|261||L||INR|V-BPCL1|Auffuellung Wartung Nagpur|KST-FAC-01|SL10|GMISHRA
100|1000|PL10|09.08.2024|09.08.2024|5000013614|1|DIESEL001|Diesel|261|1529.813|L|110979.82|INR|V-K003|Tanken Kantine Nagpur|KST-OPS-03|SL10|DRAO
100|1000|PL10|22.08.2024|21.08.2024|5000013615|1|DIESEL001|Diesel|261|1810.802|L|122674.12|INR|V-K009|Auffuellung Produktion Nagpur|KST-OPS-01|SL10|DRAO
100|1000|PL10|06.08.2024|03.08.2024|5000013616|1|FURNACE1|Heizoel EL|261|390.05|L|30760.65|INR|V-IOCL1|Auffuellung Fahrzeugflotte Nagpur|KST-OPS-03|SL10|SPRIYA
100|1000|PL10|11.08.2024|09.08.2024|5000013617|1|FURNACE1|Heizoel EL|261|213.638|L|14938.06|INR|V-K001|Nutzung DG-Set Nagpur|KST-FAC-02|SL10|RJOSHI
100|1000|PL10|16.08.2024|14.08.2024|5000013618|1|FURNACE1|Heizoel EL|261|258.896|L|19391.77|INR|V-HPCL1|Auffuellung Produktion Nagpur|KST-LOG-03|SL10|RPANDEY
100|1000|PL10|12.08.2024|09.08.2024|5000013619|1|COALFUEL|Steinkohle|261|758.207|KG|8462.76|INR|V-ESSAR|Entnahme Kantine Nagpur|KST-LOG-02|SL10|PSINGH
100|1000|PL10|17.08.2024|14.08.2024|5000013620|1|COALFUEL|Steinkohle|261|339.416|KG|3981.48|INR|V-RELI1|Tanken Notstromaggregat Nagpur|KST-FAC-01|SL10|ASAXEN
100|1000|PL10|20.09.2024|19.09.2024|5000013621|1|DIESEL001|Diesel|261||L||INR|V-K005||KST-FAC-03|SL10|SPRIYA
100|1000|PL10|15.09.2024|13.09.2024|5000013622|1|DIESEL001|Dieselkraftstoff|261|1133.092|L|80168.68|INR|V-HPCL1|Tanken Wartung Nagpur|KST-LOG-03|SL10|TLAXMAN
100|1000|PL10|11.09.2024|08.09.2024|5000013623|1|DIESEL001|Diesel|261|1824.95|L|135865.42|INR|V-K003|Tanken Wartung Nagpur|KST-FAC-02|SL10|RJOSHI
100|1000|PL10|08.09.2024|08.09.2024|5000013624|1|DIESEL001|Dieselkraftstoff|261|1827.625|L|139012.23|INR|V-BPCL1|Verbrauch Produktion Nagpur|KST-FAC-01|SL10|ASAXEN
100|1000|PL10|19.09.2024|19.09.2024|5000013625|1|DIESEL001|Dieselkraftstoff|261|1798.671|L|122189.6|INR|V-K009|Verbrauch Heizung Nagpur|KST-OPS-02|SL10|GMISHRA
100|1000|PL10|06.09.2024|03.09.2024|5000013626|1|DIESEL001|Dieselkraftstoff|261|1050.44|L|71173.66|INR|V-K003|Verbrauch DG-Set Nagpur|KST-FAC-02|SL10|SNEHA
100|1000|PL10|10.09.2024|09.09.2024|5000013627|1|DIESEL001|Dieselkraftstoff|261|893.263|L|67134.48|INR|V-K004|Nutzung DG-Set Nagpur|KST-FAC-07|SL10|SNEHA
100|1000|PL10|18.09.2024|17.09.2024|5000013628|1|DIESEL001|Diesel|261|1560.981|L|114920.66|INR|V-BPCL1|Verbrauch Produktion Nagpur|KST-FAC-01|SL10|RPANDEY
100|1000|PL10|13.09.2024|13.09.2024|5000013629|1|FURNACE1|Schweroelkraftstoff|261|499.226|L|36128.05|INR|V-K007|Auffuellung Fahrzeugflotte Nagpur|KST-FAC-07|SL10|BCHATT
100|1000|PL10|25.09.2024|22.09.2024|5000013629|1|FURNACE1|Schweroelkraftstoff|261|374.006|L|27493.77|INR|V-K004|Nutzung Fahrzeugflotte Nagpur|KST-LOG-03|SL10|RJOSHI
100|1000|PL10|13.09.2024|12.09.2024|5000013631|1|FURNACE1|Heizoel EL|261|313.015|L|25160.45|INR|V-K006|Verbrauch Wartung Nagpur|KST-FAC-07|SL10|GMISHRA
100|1000|PL10|03.09.2024|31.08.2024|5000013632|1|COALFUEL|Steinkohle|261|686.389|KG|7961.86|INR|V-K010|Entnahme Heizung Nagpur|KST-PRD-01|SL10|SPRIYA
100|1000|PL10|18.09.2024|17.09.2024|5000013633|1|COALFUEL|Steinkohle|261|474.82|KG|5300.38|INR|V-K003|Verbrauch Heizung Nagpur|KST-OPS-03|SL10|SNEHA
100|1000|PL10|17.10.2024|17.10.2024|5000013634|1|DIESEL001|Dieselkraftstoff|261|1350.134|L|92179.66|INR|V-K001|Tanken Kantine Nagpur|KST-OPS-03|SL10|GMISHRA
100|1000|PL10|27.10.2024|27.10.2024|5000013635|1|DIESEL001|Dieselkraftstoff|261|1998.272|L|136319.7|INR|V-K010|Entnahme Notstromaggregat Nagpur|KST-FAC-02|SL10|SNEHA
100|1000|PL10|22.10.2024|22.10.2024|5000013636|1|DIESEL001|Dieselkraftstoff|261|1447.867|L|110492.59|INR|V-K007|Nutzung Heizung Nagpur|KST-OPS-03|SL10|RPANDEY
100|1000|PL10|07.10.2024|04.10.2024|5000013637|1|DIESEL001|Diesel|261|846.818|L|64473.73|INR|V-ESSAR|Nutzung Notstromaggregat Nagpur|KST-MNT-01|SL10|RPANDEY
100|1000|PL10|17.10.2024|15.10.2024|5000013638|1|DIESEL001|Dieselkraftstoff|261|1650.775|L|120936.43|INR|V-K010|Nutzung Notstromaggregat Nagpur|KST-PRD-01|SL10|NREDDY
100|1000|PL10|12.10.2024|10.10.2024|5000013639|1|DIESEL001|Dieselkraftstoff|261|1361.397|L|95595.38|INR|V-K003|Tanken Fahrzeugflotte Nagpur|KST-PRD-01|SL10|BCHATT
100|1000|PL10|16.10.2024|16.10.2024|5000013640|1|DIESEL001|Diesel|261|1836.169|L|130844.72|INR|V-K005|Entnahme Produktion Nagpur|KST-LOG-03|SL10|GMISHRA
100|1000|PL10|06.10.2024|06.10.2024|5000013641|1|DIESEL001|Diesel|261|1412.026|L|109053.15|INR|V-K009|Verbrauch DG-Set Nagpur|KST-PRD-02|SL10|NREDDY
100|1000|PL10|15.10.2024|15.10.2024|5000013642|1|FURNACE1|Heizoel EL|261|299.882|L|23150.31|INR|V-BPCL1|Tanken Fahrzeugflotte Nagpur|KST-LOG-03|SL10|VMEHTA
100|1000|PL10|25.10.2024|23.10.2024|5000013643|1|FURNACE1|Schweroelkraftstoff|261|421.659|L|30629.05|INR|V-K007|Nutzung Fahrzeugflotte Nagpur|KST-FAC-05|SL10|SPRIYA
100|1000|PL10|26.10.2024|24.10.2024|5000013644|1|FURNACE1|Heizoel EL|261|421.691|L|30625.99|INR|V-RELI1|Auffuellung Heizung Nagpur|KST-OPS-03|SL10|VMEHTA
100|1000|PL10|23.10.2024|22.10.2024|5000013645|1|COALFUEL|Steinkohle|261|687.158|KG|8544.69|INR|V-IOCL1|Auffuellung Fahrzeugflotte Nagpur|KST-FAC-02|SL10|AKUMAR
100|1000|PL10|23.10.2024|22.10.2024|5000013646|1|COALFUEL|Steinkohle|261|364.076|KG|4607.89|INR|V-K001|Entnahme Heizung Nagpur|KST-OPS-02|SL10|TLAXMAN
100|1000|PL10|21.11.2024|21.11.2024|5000013647|1|DIESEL001|Diesel|261|1013.001|L|68011.78|INR|V-K006|Entnahme Kantine Nagpur|KST-PRD-01|SL10|SNEHA
100|1000|PL10|19.11.2024|16.11.2024|5000013648|1|DIESEL001|Diesel|261|1269.436|L|90446.88|INR|V-K005|Verbrauch Fahrzeugflotte Nagpur|KST-OPS-03|SL10|VMEHTA
100|1000|PL10|15.11.2024|15.11.2024|5000013649|1|DIESEL001|Diesel|261|1381.461|L|103153.15|INR|V-K005|Tanken Produktion Nagpur|KST-FAC-02|SL10|ASAXEN
100|1000|PL10|13.11.2024|11.11.2024|5000013650|1|DIESEL001|Dieselkraftstoff|261|836.221|L|60038.04|INR|V-K001|Tanken Fahrzeugflotte Nagpur|KST-FAC-02|SL10|VMEHTA
100|1000|PL10|15.11.2024|14.11.2024|5000013651|1|DIESEL001|Dieselkraftstoff|261|1594.028|L|120381.85|INR|V-K001|Tanken Wartung Nagpur|KST-LOG-02|SL10|VMEHTA
100|1000|PL10|10.11.2024|10.11.2024|5000013652|1|DIESEL001|Diesel|261|811.278|L|58023.42|INR|V-K004|Auffuellung Fahrzeugflotte Nagpur|KST-OPS-01|SL10|AKUMAR
100|1000|PL10|07.11.2024|07.11.2024|5000013653|1|DIESEL001|Diesel|261|1646.322|L|119476.53|INR|V-HPCL1|Auffuellung Generator Nagpur|KST-FAC-07|SL10|GMISHRA
100|1000|PL10|09.11.2024|09.11.2024|5000013654|1|DIESEL001|Diesel|261|1379.102|L|92495.18|INR|V-K002|Entnahme Notstromaggregat Nagpur|KST-PRD-01|SL10|VMEHTA
100|1000|PL10|02.11.2024|01.11.2024|5000013655|1|FURNACE1|Heizoel EL|261|302.828|L|22306.12|INR|V-K002|Entnahme Generator Nagpur|KST-PRD-01|SL10|AKUMAR
100|1000|PL10|09.11.2024|08.11.2024|5000013656|1|FURNACE1|Schweroelkraftstoff|261|384.901|L|26723.34|INR|V-K006|Entnahme DG-Set Nagpur|KST-LOG-03|SL10|RJOSHI
100|1000|PL10|11.11.2024|09.11.2024|5000013657|1|FURNACE1|Heizoel EL|261|236.446|L|17724.31|INR|V-K003|Tanken Kantine Nagpur|KST-FAC-07|SL10|RJOSHI
100|1000|PL10|11.11.2024|10.11.2024|5000013658|1|COALFUEL|Steinkohle|261|1133.765|KG|13467.94|INR|V-K007|Verbrauch Heizung Nagpur|KST-LOG-02|SL10|NREDDY
100|1000|PL10|14.11.2024|14.11.2024|5000013659|1|COALFUEL|Steinkohle|261|904.938|KG|11002.29|INR|V-HPCL1|Tanken Kantine Nagpur|KST-MNT-01|SL10|AKUMAR
100|1000|PL10|25.12.2024|25.12.2024|5000013660|1|DIESEL001|Dieselkraftstoff|261|1754.739|L|126443.67|INR|V-K010|Nutzung DG-Set Nagpur|KST-PRD-01|SL10|SPRIYA
100|1000|PL10|22.12.2024|21.12.2024|5000013661|1|DIESEL001|Diesel|261|1814.906|L|121826.63|INR|V-K005|Auffuellung Heizung Nagpur|KST-OPS-03|SL10|TLAXMAN
100|1000|PL10|10.12.2024|08.12.2024|5000013662|1|DIESEL001|Dieselkraftstoff|261|893.244|L|65803.33|INR|V-BPCL1|Entnahme Wartung Nagpur|KST-LOG-03|SL10|GMISHRA
100|1000|PL10|09.12.2024|09.12.2024|5000013663|1|DIESEL001|Dieselkraftstoff|261|748.783|L|56206.35|INR|V-BPCL1|Auffuellung Heizung Nagpur|KST-FAC-07|SL10|RPANDEY
100|1000|PL10|01.12.2024|28.11.2024|5000013664|1|DIESEL001|Diesel|261|1311.97|L|90435.19|INR|V-K002||KST-FAC-07|SL10|RJOSHI
100|1000|PL10|23.12.2024|22.12.2024|5000013665|1|DIESEL001|Diesel|261|1948.83|L|146879.87|INR|V-BPCL1|Tanken Produktion Nagpur|KST-FAC-01|SL10|ASAXEN
100|1000|PL10|15.12.2024|14.12.2024|5000013666|1|DIESEL001|Dieselkraftstoff|261|1430.505|L|107799.34|INR|V-K007||KST-OPS-03|SL10|NREDDY
100|1000|PL10|15.12.2024|14.12.2024|5000013667|1|DIESEL001|Diesel|261|1653.548|L|116795.42|INR|V-ESSAR|Entnahme Wartung Nagpur|KST-LOG-01|SL10|NREDDY
100|1000|PL10|25.12.2024|25.12.2024|5000013668|1|FURNACE1|Heizoel EL|261||L||INR|V-K010|Entnahme Wartung Nagpur|KST-PRD-01|SL10|RJOSHI
100|1000|PL10|16.12.2024|15.12.2024|5000013669|1|FURNACE1|Schweroelkraftstoff|261|206.192|L|14792.69|INR|V-K010|Tanken Wartung Nagpur|KST-LOG-03|SL10|TLAXMAN
100|1000|PL10|13.12.2024|10.12.2024|5000013670|1|FURNACE1|Schweroelkraftstoff|261|328.463|KG|24005.53|INR|V-IOCL1|Tanken Fahrzeugflotte Nagpur|KST-FAC-03|SL10|RJOSHI
100|1000|PL10|18.12.2024|17.12.2024|5000013671|1|COALFUEL|Steinkohle|261|674.481|KG|7913.39|INR|V-K009|Auffuellung Wartung Nagpur|KST-OPS-01|SL10|ASAXEN
100|1000|PL10|10.12.2024|08.12.2024|5000013672|1|COALFUEL|Steinkohle|261|826.535|KG|10354.57|INR|V-K007||KST-FAC-05|SL10|AKUMAR
100|2000|PL11|01.01.2023|31.12.2022|5000013673|1|DIESEL001|Dieselkraftstoff|261|664.131|L|44892.16|INR|V-ESSAR|Nutzung Heizung Kochi|KST-FAC-02|SL11|RPANDEY
100|2000|PL11|14.01.2023|11.01.2023|5000013674|1|DIESEL001|Diesel|261|765.949|L|58127.09|INR|V-K010|Tanken Notstromaggregat Kochi|KST-PRD-01|SL11|ASAXEN
100|2000|PL11|14.01.2023|11.01.2023|5000013675|1|DIESEL001|Diesel|261|622.81|L|48406.94|INR|V-RELI1|Verbrauch Generator Kochi|KST-FAC-03|SL11|SPRIYA
100|2000|PL11|11.01.2023|08.01.2023|5000013676|1|DIESEL001|Diesel|261|786.775|L|53314.85|INR|V-BPCL1|Entnahme Fahrzeugflotte Kochi|KST-FAC-01|SL11|MGUPTA
100|2000|PL11|07.01.2023|07.01.2023|5000013677|1|DIESEL001|Dieselkraftstoff|261|654.7|L|46605.53|INR|V-K008|Auffuellung Generator Kochi|KST-MNT-01|SL11|DRAO
100|2000|PL11|11.01.2023|10.01.2023|5000013678|1|DIESEL001|Diesel|261|796.835|L|57315.23|INR|V-K008|Tanken Notstromaggregat Kochi|KST-LOG-01|SL11|RJOSHI
100|2000|PL11|18.01.2023|18.01.2023|5000013679|1|AVGAS001|Flugkraftstoff ATF|261|811.233|L|94322.02|INR|V-K003||KST-MNT-01|SL11|KVELU
100|2000|PL11|05.01.2023|04.01.2023|5000013680|1|AVGAS001|Flugkraftstoff ATF|261|1859.938|L|201483.84|INR|V-K010|Nutzung Produktion Kochi|KST-FAC-03|SL11|SPRIYA
100|2000|PL11|04.01.2023|01.01.2023|5000013681|1|FURNACE1|Schweroelkraftstoff|261||L||INR|V-K005||KST-LOG-02|SL11|RPANDEY
100|2000|PL11|08.01.2023|06.01.2023|5000013682|1|FURNACE1|Schweroelkraftstoff|261|329.38|L|25283.96|INR|V-K008|Verbrauch Wartung Kochi|KST-MNT-01|SL11|BCHATT
100|2000|PL11|04.01.2023|04.01.2023|5000013683|1|FURNACE1|Schweroelkraftstoff|261|217.142|L|17216.42|INR|V-K001|Auffuellung Wartung Kochi|KST-MNT-01|SL11|BCHATT
100|2000|PL11|12.02.2023|10.02.2023|5000013684|1|DIESEL001|Dieselkraftstoff|261|941.703|L|68754.59|INR|V-K007|Nutzung Heizung Kochi|KST-FAC-02|SL11|RPANDEY
100|2000|PL11|28.02.2023|27.02.2023|5000013685|1|DIESEL001|Diesel|261|987.538|L|75389.65|INR|V-K003|Entnahme Wartung Kochi|KST-LOG-01|SL11|PSINGH
100|2000|PL11|03.02.2023|01.02.2023|5000013686|1|DIESEL001|Diesel|261|553.01|L|42028.78|INR|V-ESSAR|Tanken Fahrzeugflotte Kochi|KST-FAC-05|SL11|PSINGH
100|2000|PL11|17.02.2023|15.02.2023|5000013687|1|DIESEL001|Diesel|261|603.67|L|43240.62|INR|V-K004|Auffuellung DG-Set Kochi|KST-LOG-01|SL11|AKUMAR
100|2000|PL11|23.02.2023|23.02.2023|5000013688|1|DIESEL001|Dieselkraftstoff|261|495.069|L|33739.76|INR|V-K006|Entnahme Generator Kochi|KST-MNT-01|SL11|SNEHA
100|2000|PL11|11.02.2023|11.02.2023|5000013689|1|DIESEL001|Dieselkraftstoff|261|466.817|L|33567.48|INR|V-ESSAR||KST-FAC-05|SL11|TLAXMAN
100|2000|PL11|01.02.2023|29.01.2023|5000013690|1|AVGAS001|Flugkraftstoff ATF|261|1810.556|L|203038.67|INR|V-K005|Entnahme Produktion Kochi|KST-PRD-01|SL11|SNEHA
100|2000|PL11|18.02.2023|17.02.2023|5000013691|1|AVGAS001|Flugkraftstoff ATF|261|1335.188|L|151628.03|INR|V-K005|Tanken Heizung Kochi|KST-FAC-02|SL11|BCHATT
100|2000|PL11|19.02.2023|16.02.2023|5000013692|1|FURNACE1|Heizoel EL|261|281.751|L|21964.76|INR|V-K007||KST-PRD-02|SL11|TLAXMAN
100|2000|PL11|04.02.2023|02.02.2023|5000013693|1|FURNACE1|Schweroelkraftstoff|261|301.79|L|20981.22|INR|V-K006|Verbrauch Generator Kochi|KST-OPS-03|SL11|PSINGH
100|2000|PL11|12.02.2023|11.02.2023|5000013694|1|FURNACE1|Heizoel EL|261|269.843|L|20565.03|INR|V-HPCL1|Entnahme Wartung Kochi|KST-PRD-01|SL11|VMEHTA
100|2000|PL11|01.03.2023|01.03.2023|5000013695|1|DIESEL001|Diesel|261|437.269|L|32174.87|INR|V-ESSAR|Verbrauch DG-Set Kochi|KST-PRD-02|SL11|VMEHTA
100|2000|PL11|20.03.2023|18.03.2023|5000013696|1|DIESEL001|Diesel|261|564.025|L|38717.29|INR|V-K002|Auffuellung DG-Set Kochi|KST-LOG-03|SL11|VMEHTA
100|2000|PL11|12.03.2023|12.03.2023|5000013697|1|DIESEL001|Diesel|261|881.663|L|63747.48|INR|V-K010|Tanken Notstromaggregat Kochi|KST-MNT-01|SL11|DRAO
100|2000|PL11|17.03.2023|14.03.2023|5000013698|1|DIESEL001|Diesel|261|667.876|L|44244.62|INR|V-BPCL1|Entnahme Fahrzeugflotte Kochi|KST-FAC-07|SL11|DRAO
100|2000|PL11|21.03.2023|20.03.2023|5000013699|1|DIESEL001|Diesel|261|915.177|L|71137.11|INR|V-K005|Auffuellung Generator Kochi|KST-FAC-02|SL11|SPRIYA
100|2000|PL11|27.03.2023|24.03.2023|5000013700|1|DIESEL001|Dieselkraftstoff|261|489.899|L|34797.21|INR|V-ESSAR|Verbrauch Kantine Kochi|KST-PRD-02|SL11|KVELU
100|2000|PL11|21.03.2023|20.03.2023|5000013701|1|AVGAS001|Flugkraftstoff ATF|261|952.601|L|103840.77|INR|V-K006|Tanken Wartung Kochi|KST-FAC-07|SL11|BCHATT
100|2000|PL11|03.03.2023|01.03.2023|5000013702|1|AVGAS001|Flugkraftstoff ATF|261|544.224|L|57517.14|INR|V-K001|Nutzung DG-Set Kochi|KST-PRD-01|SL11|RPANDEY
100|2000|PL11|11.03.2023|08.03.2023|5000013703|1|FURNACE1|Heizoel EL|261|376.231|L|30146.11|INR|V-K003|Nutzung Notstromaggregat Kochi|KST-LOG-01|SL11|SPRIYA
100|2000|PL11|16.03.2023|13.03.2023|5000013704|1|FURNACE1|Schweroelkraftstoff|261||L||INR|V-K008|Tanken Heizung Kochi|KST-OPS-02|SL11|KVELU
100|2000|PL11|15.03.2023|13.03.2023|5000013705|1|FURNACE1|Heizoel EL|261|344.889|L|27033.1|INR|V-RELI1|Auffuellung DG-Set Kochi|KST-PRD-02|SL11|NREDDY
100|2000|PL11|19.04.2023|18.04.2023|5000013706|1|DIESEL001|Diesel|261|687.207|L|49116.92|INR|V-RELI1|Auffuellung Heizung Kochi|KST-OPS-01|SL11|VMEHTA
100|2000|PL11|20.04.2023|17.04.2023|5000013707|1|DIESEL001|Diesel|261|772.105|L|54695.96|INR|V-K003|Auffuellung Notstromaggregat Kochi|KST-OPS-01|SL11|NREDDY
100|2000|PL11|02.04.2023|31.03.2023|5000013708|1|DIESEL001|Diesel|261|931.264|L|65953.73|INR|V-K004|Tanken Generator Kochi|KST-LOG-03|SL11|TLAXMAN
100|2000|PL11|18.04.2023|15.04.2023|5000013709|1|DIESEL001|Diesel|261|863.508|L|58833.93|INR|V-K004|Verbrauch Notstromaggregat Kochi|KST-LOG-01|SL11|MGUPTA
100|2000|PL11|03.04.2023|01.04.2023|5000013710|1|DIESEL001|Dieselkraftstoff|261|562.852|L|42329.47|INR|V-K010|Verbrauch Produktion Kochi|KST-PRD-01|SL11|TLAXMAN
100|2000|PL11|10.04.2023|08.04.2023|5000013711|1|DIESEL001|Dieselkraftstoff|261|881.875|L|64666.26|INR|V-ESSAR||KST-PRD-02|SL11|MGUPTA
100|2000|PL11|23.04.2023|20.04.2023|5000013712|1|AVGAS001|Flugkraftstoff ATF|261|1553.911|L|174214.77|INR|V-K001|Verbrauch Kantine Kochi|KST-PRD-01|SL11|MGUPTA
100|2000|PL11|22.04.2023|21.04.2023|5000013713|1|AVGAS001|Flugkraftstoff ATF|261|748.337|L|81860.7|INR|V-K008|Nutzung Generator Kochi|KST-FAC-07|SL11|PSINGH
100|2000|PL11|11.04.2023|08.04.2023|5000013714|1|FURNACE1|Heizoel EL|261|359.724|L|25101.44|INR|V-K008|Nutzung Notstromaggregat Kochi|KST-OPS-02|SL11|ASAXEN
100|2000|PL11|07.04.2023|07.04.2023|5000013715|1|FURNACE1|Schweroelkraftstoff|261|155.013|L|11096.76|INR|V-K002|Tanken Wartung Kochi|KST-FAC-05|SL11|GMISHRA
100|2000|PL11|06.04.2023|04.04.2023|5000013716|1|FURNACE1|Schweroelkraftstoff|261|304.332|L|23639.22|INR|V-ESSAR|Tanken DG-Set Kochi|KST-FAC-05|SL11|RPANDEY
100|2000|PL11|06.05.2023|04.05.2023|5000013717|1|DIESEL001|Diesel|261|741.699|L|50679.65|INR|V-ESSAR|Tanken Notstromaggregat Kochi|KST-LOG-01|SL11|RPANDEY
100|2000|PL11|04.05.2023|01.05.2023|5000013718|1|DIESEL001|Diesel|261|455.201|L|33642.81|INR|V-K006|Verbrauch Heizung Kochi|KST-LOG-01|SL11|SPRIYA
100|2000|PL11|11.05.2023|10.05.2023|5000013719|1|DIESEL001|Dieselkraftstoff|261||L||INR|V-K002|Auffuellung Produktion Kochi|KST-PRD-02|SL11|PSINGH
100|2000|PL11|09.05.2023|08.05.2023|5000013720|1|DIESEL001|Diesel|261|686.999|L|51490.88|INR|V-K006|Tanken Generator Kochi|KST-OPS-03|SL11|MGUPTA
100|2000|PL11|27.05.2023|25.05.2023|5000013721|1|DIESEL001|Dieselkraftstoff|261|666.769|L|51601.77|INR|V-K008|Nutzung Heizung Kochi|KST-LOG-03|SL11|SPRIYA
100|2000|PL11|27.05.2023|27.05.2023|5000013722|1|DIESEL001|Dieselkraftstoff|261|458.315|L|35119.8|INR|V-K004|Verbrauch Produktion Kochi|KST-FAC-05|SL11|PSINGH
100|2000|PL11|11.05.2023|11.05.2023|5000013723|1|AVGAS001|Flugkraftstoff ATF|261|1941.496|L|220206.08|INR|V-K003|Tanken DG-Set Kochi|KST-PRD-01|SL11|ASAXEN
100|2000|PL11|11.05.2023|09.05.2023|5000013724|1|AVGAS001|Flugkraftstoff ATF|261|1176.73|L|131423.61|INR|V-K010|Entnahme Notstromaggregat Kochi|KST-MNT-01|SL11|DRAO
100|2000|PL11|02.05.2023|01.05.2023|5000013725|1|FURNACE1|Heizoel EL|261|325.72|L|23883.26|INR|V-K006|Tanken Kantine Kochi|KST-FAC-01|SL11|MGUPTA
100|2000|PL11|26.05.2023|25.05.2023|5000013726|1|FURNACE1|Schweroelkraftstoff|261|226.654|L|18126.26|INR|V-K008|Verbrauch Wartung Kochi|KST-LOG-01|SL11|TLAXMAN
100|2000|PL11|17.05.2023|14.05.2023|5000013727|1|FURNACE1|Heizoel EL|261|254.839|L|18502.23|INR|V-ESSAR|Tanken Wartung Kochi|KST-LOG-01|SL11|TLAXMAN
100|2000|PL11|07.06.2023|06.06.2023|5000013728|1|DIESEL001|Diesel|261|915.661|L|66608.36|INR|V-BPCL1|Nutzung Kantine Kochi|KST-OPS-01|SL11|KVELU
100|2000|PL11|05.06.2023|04.06.2023|5000013729|1|DIESEL001|Dieselkraftstoff|261|453.748|L|31448.56|INR|V-HPCL1|Entnahme Notstromaggregat Kochi|KST-LOG-03|SL11|KVELU
100|2000|PL11|18.06.2023|17.06.2023|5000013730|1|DIESEL001|Dieselkraftstoff|261|745.511|L|53699.46|INR|V-K003|Verbrauch Heizung Kochi|KST-OPS-01|SL11|RPANDEY
100|2000|PL11|19.06.2023|19.06.2023|5000013731|1|DIESEL001|Dieselkraftstoff|261||L||INR|V-K006|Entnahme Wartung Kochi|KST-FAC-03|SL11|TLAXMAN
100|2000|PL11|03.06.2023|31.05.2023|5000013732|1|DIESEL001|Dieselkraftstoff|261|833.865|L|60161.8|INR|V-BPCL1||KST-OPS-01|SL11|ASAXEN
100|2000|PL11|11.06.2023|09.06.2023|5000013733|1|DIESEL001|Diesel|261|712.486|L|52946.61|INR|V-ESSAR|Entnahme Fahrzeugflotte Kochi|KST-FAC-01|SL11|VMEHTA
100|2000|PL11|12.06.2023|09.06.2023|5000013734|1|AVGAS001|Flugkraftstoff ATF|261|794.045|L|92688.52|INR|V-K005|Nutzung DG-Set Kochi|KST-FAC-03|SL11|TLAXMAN
100|2000|PL11|19.06.2023|19.06.2023|5000013735|1|AVGAS001|Flugkraftstoff ATF|261|1392.852|L|155574.8|INR|V-K010||KST-LOG-03|SL11|KVELU
100|2000|PL11|28.06.2023|28.06.2023|5000013736|1|FURNACE1|Heizoel EL|261|244.819|L|18782.83|INR|V-K003|Nutzung Kantine Kochi|KST-MNT-01|SL11|RJOSHI
100|2000|PL11|18.06.2023|17.06.2023|5000013737|1|FURNACE1|Schweroelkraftstoff|261|156.265|L|10833.47|INR|V-RELI1|Tanken Produktion Kochi|KST-OPS-01|SL11|MGUPTA
100|2000|PL11|27.06.2023|26.06.2023|5000013738|1|FURNACE1|Schweroelkraftstoff|261|154.511|L|11051.02|INR|V-K004|Entnahme Heizung Kochi|KST-FAC-02|SL11|NREDDY
100|2000|PL11|05.07.2023|05.07.2023|5000013739|1|DIESEL001|Dieselkraftstoff|261|910.151|L|70206.32|INR|V-HPCL1||KST-PRD-02|SL11|NREDDY
100|2000|PL11|08.07.2023|07.07.2023|5000013740|1|DIESEL001|Diesel|261|979.139|L|75315.18|INR|V-K009|Nutzung Fahrzeugflotte Kochi|KST-MNT-01|SL11|BCHATT
100|2000|PL11|28.07.2023|26.07.2023|5000013741|1|DIESEL001|Diesel|261|425.927|L|30918.79|INR|V-K002|Verbrauch DG-Set Kochi|KST-FAC-05|SL11|NREDDY
100|2000|PL11|23.07.2023|21.07.2023|5000013742|1|DIESEL001|Dieselkraftstoff|261|906.036|L|66681.49|INR|V-HPCL1|Nutzung Heizung Kochi|KST-OPS-02|SL11|VMEHTA
100|2000|PL11|12.07.2023|11.07.2023|5000013743|1|DIESEL001|Dieselkraftstoff|261|776.06|L|57163.23|INR|V-RELI1|Tanken Produktion Kochi|KST-FAC-05|SL11|KVELU
100|2000|PL11|05.07.2023|05.07.2023|5000013744|1|DIESEL001|Diesel|261|805.871|L|56896.9|INR|V-BPCL1|Nutzung Fahrzeugflotte Kochi|KST-LOG-02|SL11|PSINGH
100|2000|PL11|02.07.2023|01.07.2023|5000013745|1|AVGAS001|Flugkraftstoff ATF|261|1660.495|L|192253.03|INR|V-K004|Nutzung Fahrzeugflotte Kochi|KST-PRD-01|SL11|TLAXMAN
100|2000|PL11|07.07.2023|04.07.2023|5000013746|1|AVGAS001|Flugkraftstoff ATF|261|821.53|L|94005.06|INR|V-K009|Auffuellung Produktion Kochi|KST-LOG-01|SL11|KVELU
100|2000|PL11|07.07.2023|07.07.2023|5000013747|1|FURNACE1|Schweroelkraftstoff|261|213.002|L|16106.06|INR|V-K001|Tanken Kantine Kochi|KST-LOG-02|SL11|BCHATT
100|2000|PL11|01.07.2023|29.06.2023|5000013748|1|FURNACE1|Heizoel EL|261|335.906|L|24156.03|INR|V-K008||KST-OPS-01|SL11|RPANDEY
100|2000|PL11|09.07.2023|07.07.2023|5000013749|1|FURNACE1|Schweroelkraftstoff|261|332.039|L|26298.81|INR|V-K004|Tanken Fahrzeugflotte Kochi|KST-FAC-02|SL11|NREDDY
100|2000|PL11|28.08.2023|26.08.2023|5000013750|1|DIESEL001|Diesel|261|499.248|L|34502.31|INR|V-RELI1|Auffuellung Generator Kochi|KST-FAC-05|SL11|DRAO
100|2000|PL11|05.08.2023|02.08.2023|5000013751|1|DIESEL001|Dieselkraftstoff|261|437.598|L|32072.43|INR|V-K003|Entnahme Generator Kochi|KST-FAC-02|SL11|TLAXMAN
100|2000|PL11|04.08.2023|04.08.2023|5000013752|1|DIESEL001|Diesel|261|709.064|L|49014.55|INR|V-BPCL1|Entnahme Generator Kochi|KST-PRD-02|SL11|DRAO
100|2000|PL11|05.08.2023|05.08.2023|5000013753|1|DIESEL001|Diesel|261|890.683|L|66328.58|INR|V-BPCL1|Tanken Generator Kochi|KST-LOG-03|SL11|ASAXEN
100|2000|PL11|06.08.2023|05.08.2023|5000013754|1|DIESEL001|Dieselkraftstoff|261||L||INR|V-K007|Entnahme Notstromaggregat Kochi|KST-FAC-03|SL11|DRAO
100|2000|PL11|08.08.2023|07.08.2023|5000013755|1|DIESEL001|Dieselkraftstoff|261|729.011|L|56556.4|INR|V-K002|Entnahme DG-Set Kochi|KST-FAC-01|SL11|VMEHTA
100|2000|PL11|06.08.2023|06.08.2023|5000013756|1|AVGAS001|Flugkraftstoff ATF|261|895.759|L|91530.25|INR|V-RELI1|Tanken Produktion Kochi|KST-LOG-02|SL11|BCHATT
100|2000|PL11|24.08.2023|22.08.2023|5000013757|1|AVGAS001|Flugkraftstoff ATF|261|1422.141|L|162177.49|INR|V-K002|Verbrauch Produktion Kochi|KST-LOG-01|SL11|GMISHRA
100|2000|PL11|15.08.2023|12.08.2023|5000013758|1|FURNACE1|Heizoel EL|261|171.446|L|12838.83|INR|V-K002|Nutzung Generator Kochi|KST-MNT-01|SL11|RJOSHI
100|2000|PL11|12.08.2023|09.08.2023|5000013759|1|FURNACE1|Heizoel EL|261|243.282|L|18397.4|INR|V-HPCL1|Auffuellung Heizung Kochi|KST-OPS-03|SL11|DRAO
100|2000|PL11|21.08.2023|19.08.2023|5000013760|1|FURNACE1|Heizoel EL|261|184.432|L|13009.57|INR|V-K009|Nutzung Fahrzeugflotte Kochi|KST-LOG-03|SL11|SPRIYA
100|2000|PL11|22.09.2023|21.09.2023|5000013761|1|DIESEL001|Dieselkraftstoff|261|934.673|L|68842.14|INR|V-K006|Verbrauch Kantine Kochi|KST-OPS-02|SL11|KVELU
100|2000|PL11|05.09.2023|05.09.2023|5000013762|1|DIESEL001|Diesel|261|775.072|L|55945.31|INR|V-K002|Entnahme DG-Set Kochi|KST-FAC-03|SL11|VMEHTA
100|2000|PL11|24.09.2023|22.09.2023|5000013763|1|DIESEL001|Dieselkraftstoff|261|436.334|L|29598.91|INR|V-K001|Auffuellung Wartung Kochi|KST-OPS-02|SL11|AKUMAR
100|2000|PL11|10.09.2023|08.09.2023|5000013764|1|DIESEL001|Dieselkraftstoff|261|450.19|L|33151.12|INR|V-K001|Nutzung DG-Set Kochi|KST-FAC-03|SL11|ASAXEN
100|2000|PL11|24.09.2023|23.09.2023|5000013765|1|DIESEL001|Diesel|261||L||INR|V-BPCL1|Nutzung Notstromaggregat Kochi|KST-LOG-02|SL11|VMEHTA
100|2000|PL11|20.09.2023|17.09.2023|5000013766|1|DIESEL001|Dieselkraftstoff|261|610.922|L|43536.21|INR|V-K004|Entnahme Kantine Kochi|KST-OPS-01|SL11|DRAO
100|2000|PL11|20.09.2023|17.09.2023|5000013767|1|AVGAS001|Flugkraftstoff ATF|261|751.839|L|81417.14|INR|V-K001|Tanken Kantine Kochi|KST-FAC-07|SL11|RJOSHI
100|2000|PL11|16.09.2023|14.09.2023|5000013768|1|AVGAS001|Flugkraftstoff ATF|261|1487.244|L|167130.47|INR|V-K003|Entnahme Fahrzeugflotte Kochi|KST-MNT-01|SL11|RPANDEY
100|2000|PL11|24.09.2023|22.09.2023|5000013769|1|FURNACE1|Heizoel EL|261|182.147|L|14605.13|INR|V-BPCL1|Nutzung Generator Kochi|KST-OPS-03|SL11|RPANDEY
100|2000|PL11|26.09.2023|24.09.2023|5000013770|1|FURNACE1|Heizoel EL|261|203.049|L|16390.69|INR|V-BPCL1|Entnahme Kantine Kochi|KST-LOG-02|SL11|ASAXEN
100|2000|PL11|22.09.2023|20.09.2023|5000013771|1|FURNACE1|Schweroelkraftstoff|261|295.554|L|20799.23|INR|V-BPCL1|Tanken Generator Kochi|KST-FAC-03|SL11|TLAXMAN
100|2000|PL11|12.10.2023|09.10.2023|5000013772|1|DIESEL001|Diesel|261|477.03|L|36618.53|INR|V-K006|Verbrauch Wartung Kochi|KST-LOG-01|SL11|RPANDEY
100|2000|PL11|10.10.2023|09.10.2023|5000013773|1|DIESEL001|Dieselkraftstoff|261|641.924|L|48736.71|INR|V-BPCL1|Nutzung Heizung Kochi|KST-PRD-01|SL11|VMEHTA
100|2000|PL11|15.10.2023|15.10.2023|5000013774|1|DIESEL001|Diesel|261|677.012|L|47546.88|INR|V-K006|Tanken Generator Kochi|KST-PRD-01|SL11|NREDDY
100|2000|PL11|27.10.2023|24.10.2023|5000013775|1|DIESEL001|Diesel|261|779.279|L|52162.09|INR|V-HPCL1|Auffuellung Kantine Kochi|KST-LOG-02|SL11|MGUPTA
100|2000|PL11|08.10.2023|05.10.2023|5000013776|1|DIESEL001|Dieselkraftstoff|261|643.608|L|43019.33|INR|V-HPCL1|Nutzung Generator Kochi|KST-FAC-07|SL11|BCHATT
100|2000|PL11|14.10.2023|14.10.2023|5000013777|1|DIESEL001|Dieselkraftstoff|261|843.896|L|62166.43|INR|V-K005|Nutzung Kantine Kochi|KST-FAC-05|SL11|TLAXMAN
100|2000|PL11|12.10.2023|11.10.2023|5000013778|1|AVGAS001|Flugkraftstoff ATF|261|1843.967|L|194474.77|INR|V-K009|Tanken Produktion Kochi|KST-PRD-02|SL11|ASAXEN
100|2000|PL11|14.10.2023|11.10.2023|5000013779|1|AVGAS001|Flugkraftstoff ATF|261|1782.443|L|187084.79|INR|V-RELI1|Entnahme Notstromaggregat Kochi|KST-FAC-03|SL11|NREDDY
100|2000|PL11|21.10.2023|21.10.2023|5000013780|1|FURNACE1|Schweroelkraftstoff|261|300.282|L|22435.34|INR|V-K005|Verbrauch Fahrzeugflotte Kochi|KST-LOG-03|SL11|NREDDY
100|2000|PL11|01.10.2023|01.10.2023|5000013781|1|FURNACE1|Schweroelkraftstoff|261|198.96|L|14354.22|INR|V-K006|Verbrauch Produktion Kochi|KST-OPS-03|SL11|TLAXMAN
100|2000|PL11|13.10.2023|10.10.2023|5000013782|1|FURNACE1|Heizoel EL|261|214.583|L|15686.69|INR|V-K006|Entnahme Kantine Kochi|KST-MNT-01|SL11|ASAXEN
100|2000|PL11|21.11.2023|19.11.2023|5000013783|1|DIESEL001|Diesel|261|592.43|L|41996.74|INR|V-BPCL1|Verbrauch DG-Set Kochi|KST-FAC-01|SL11|VMEHTA
100|2000|PL11|26.11.2023|25.11.2023|5000013784|1|DIESEL001|Dieselkraftstoff|261|510.902|L|34270.88|INR|V-K007|Auffuellung DG-Set Kochi|KST-FAC-07|SL11|RJOSHI
100|2000|PL11|23.11.2023|23.11.2023|5000013785|1|DIESEL001|Dieselkraftstoff|261|834.508|L|59309.47|INR|V-K004|Tanken Heizung Kochi|KST-OPS-03|SL11|SPRIYA
100|2000|PL11|06.11.2023|06.11.2023|5000013786|1|DIESEL001|Diesel|261|633.834|L|46527.81|INR|V-BPCL1|Tanken Wartung Kochi|KST-FAC-05|SL11|RJOSHI
100|2000|PL11|19.11.2023|16.11.2023|5000013787|1|DIESEL001|Dieselkraftstoff|261|803.816|L|56354.33|INR|V-IOCL1|Auffuellung Kantine Kochi|KST-OPS-03|SL11|DRAO
100|2000|PL11|03.11.2023|03.11.2023|5000013788|1|DIESEL001|Dieselkraftstoff|261|880.229|L|65175.46|INR|V-K008||KST-PRD-01|SL11|GMISHRA
100|2000|PL11|02.11.2023|30.10.2023|5000013789|1|AVGAS001|Flugkraftstoff ATF|261|867.43|L|100554.68|INR|V-K008|Entnahme DG-Set Kochi|KST-OPS-02|SL11|DRAO
100|2000|PL11|19.11.2023|16.11.2023|5000013790|1|AVGAS001|Flugkraftstoff ATF|261|1005.985|L|105955.03|INR|V-K004|Entnahme Fahrzeugflotte Kochi|KST-OPS-03|SL11|VMEHTA
100|2000|PL11|10.11.2023|09.11.2023|5000013791|1|FURNACE1|Heizoel EL|261|347.507|L|25877.17|INR|V-K008|Nutzung Produktion Kochi|KST-LOG-02|SL11|VMEHTA
100|2000|PL11|17.11.2023|16.11.2023|5000013792|1|FURNACE1|Schweroelkraftstoff|261|271.66|L|20507.3|INR|V-HPCL1|Nutzung Notstromaggregat Kochi|KST-PRD-01|SL11|GMISHRA
100|2000|PL11|07.11.2023|07.11.2023|5000013793|1|FURNACE1|Heizoel EL|261|175.958|L|12210.96|INR|V-K010|Auffuellung DG-Set Kochi|KST-FAC-01|SL11|SNEHA
100|2000|PL11|05.12.2023|04.12.2023|5000013794|1|DIESEL001|Diesel|261|696.278|L|48419.69|INR|V-IOCL1|Auffuellung Wartung Kochi|KST-LOG-03|SL11|PSINGH
100|2000|PL11|18.12.2023|16.12.2023|5000013795|1|DIESEL001|Diesel|261|420.786|L|32362.9|INR|V-K007|Auffuellung DG-Set Kochi|KST-PRD-01|SL11|BCHATT
100|2000|PL11|15.12.2023|14.12.2023|5000013796|1|DIESEL001|Dieselkraftstoff|261|795.213|L|53185.09|INR|V-IOCL1|Nutzung Fahrzeugflotte Kochi|KST-OPS-02|SL11|GMISHRA
100|2000|PL11|10.12.2023|07.12.2023|5000013797|1|DIESEL001|Diesel|261|443.716|L|32513.5|INR|V-IOCL1|Nutzung Fahrzeugflotte Kochi|KST-FAC-02|SL11|DRAO
100|2000|PL11|25.12.2023|23.12.2023|5000013798|1|DIESEL001|Dieselkraftstoff|261|693.569|L|47275.98|INR|V-ESSAR||KST-FAC-03|SL11|RJOSHI
100|2000|PL11|11.12.2023|08.12.2023|5000013799|1|DIESEL001|Dieselkraftstoff|261|542.598|L|37109.6|INR|V-K005|Entnahme Fahrzeugflotte Kochi|KST-FAC-03|SL11|KVELU
100|2000|PL11|10.12.2023|08.12.2023|5000013800|1|AVGAS001|Flugkraftstoff ATF|261|627.541|L|73573.45|INR|V-K004|Entnahme Notstromaggregat Kochi|KST-MNT-01|SL11|SNEHA
100|2000|PL11|20.12.2023|20.12.2023|5000013801|1|AVGAS001|Flugkraftstoff ATF|261|615.405|L|65926.75|INR|V-K003|Nutzung Generator Kochi|KST-FAC-07|SL11|NREDDY
100|2000|PL11|13.12.2023|11.12.2023|5000013802|1|FURNACE1|Heizoel EL|261|340.69|L|26974.82|INR|V-K009|Auffuellung Notstromaggregat Kochi|KST-OPS-02|SL11|VMEHTA
100|2000|PL11|13.12.2023|13.12.2023|5000013803|1|FURNACE1|Schweroelkraftstoff|261|251.304|L|17827.9|INR|V-ESSAR|Nutzung Heizung Kochi|KST-MNT-01|SL11|DRAO
100|2000|PL11|14.12.2023|11.12.2023|5000013804|1|FURNACE1|Heizoel EL|261|274.913|L|19743.92|INR|V-K004|Entnahme Heizung Kochi|KST-MNT-01|SL11|BCHATT
100|2000|PL11|13.01.2024|13.01.2024|5000013805|1|DIESEL001|Diesel|261|899.922|L|68442.56|INR|V-IOCL1|Tanken Notstromaggregat Kochi|KST-OPS-01|SL11|MGUPTA
100|2000|PL11|19.01.2024|17.01.2024|5000013806|1|DIESEL001|Diesel|261|601.541|L|40188.83|INR|V-K006|Entnahme Fahrzeugflotte Kochi|KST-LOG-02|SL11|RJOSHI
100|2000|PL11|09.01.2024|06.01.2024|5000013807|1|DIESEL001|Dieselkraftstoff|261|771.275|L|53176.03|INR|V-K005|Entnahme Kantine Kochi|KST-LOG-03|SL11|SNEHA
100|2000|PL11|15.01.2024|14.01.2024|5000013808|1|DIESEL001|Diesel|261|896.7|L|61209.54|INR|V-BPCL1|Nutzung Produktion Kochi|KST-LOG-01|SL11|BCHATT
100|2000|PL11|09.01.2024|08.01.2024|5000013809|1|DIESEL001|Diesel|261|893.936|L|60511.49|INR|V-K004|Nutzung Heizung Kochi|KST-PRD-01|SL11|GMISHRA
100|2000|PL11|05.01.2024|03.01.2024|5000013810|1|DIESEL001|Dieselkraftstoff|261|807.428|L|62009.44|INR|V-RELI1|Entnahme Generator Kochi|KST-LOG-02|SL11|DRAO
100|2000|PL11|22.01.2024|22.01.2024|5000013811|1|AVGAS001|Flugkraftstoff ATF|261|1399.698|KG|143186.61|INR|V-K007|Auffuellung Kantine Kochi|KST-OPS-03|SL11|BCHATT
100|2000|PL11|11.01.2024|10.01.2024|5000013812|1|AVGAS001|Flugkraftstoff ATF|261|1225.856|L|126992.69|INR|V-BPCL1|Verbrauch DG-Set Kochi|KST-PRD-01|SL11|BCHATT
100|2000|PL11|05.01.2024|05.01.2024|5000013813|1|FURNACE1|Schweroelkraftstoff|261|399.167|L|29075.74|INR|V-RELI1|Verbrauch Notstromaggregat Kochi|KST-FAC-01|SL11|TLAXMAN
100|2000|PL11|09.01.2024|07.01.2024|5000013814|1|FURNACE1|Heizoel EL|261|171.336|L|12517.64|INR|V-K002|Verbrauch Kantine Kochi|KST-OPS-01|SL11|GMISHRA
100|2000|PL11|27.01.2024|25.01.2024|5000013815|1|FURNACE1|Heizoel EL|261|206.185|L|15281.02|INR|V-K006|Verbrauch Wartung Kochi|KST-FAC-07|SL11|ASAXEN
100|2000|PL11|13.02.2024|11.02.2024|5000013816|1|DIESEL001|Diesel|261|439.418|L|31699.02|INR|V-IOCL1|Nutzung Generator Kochi|KST-FAC-07|SL11|RJOSHI
100|2000|PL11|19.02.2024|19.02.2024|5000013817|1|DIESEL001|Diesel|261|984.026|L|69318.9|INR|V-K004|Nutzung Produktion Kochi|KST-LOG-02|SL11|GMISHRA
100|2000|PL11|26.02.2024|26.02.2024|5000013818|1|DIESEL001|Diesel|261|674.876|L|47973.14|INR|V-K010|Nutzung Wartung Kochi|KST-LOG-02|SL11|KVELU
100|2000|PL11|27.02.2024|24.02.2024|5000013819|1|DIESEL001|Diesel|261|643.584|L|43653.49|INR|V-K010|Auffuellung Generator Kochi|KST-LOG-02|SL11|BCHATT
100|2000|PL11|28.02.2024|26.02.2024|5000013820|1|DIESEL001|Dieselkraftstoff|261||L||INR|V-K005|Entnahme DG-Set Kochi|KST-FAC-02|SL11|SNEHA
100|2000|PL11|14.02.2024|13.02.2024|5000013821|1|DIESEL001|Dieselkraftstoff|261|698.471|L|48451.93|INR|V-K003|Auffuellung DG-Set Kochi|KST-MNT-01|SL11|AKUMAR
100|2000|PL11|21.02.2024|21.02.2024|5000013822|1|AVGAS001|Flugkraftstoff ATF|261|787.699|L|88978.08|INR|V-K001|Verbrauch Generator Kochi|KST-FAC-01|SL11|RPANDEY
100|2000|PL11|15.02.2024|13.02.2024|5000013823|1|AVGAS001|Flugkraftstoff ATF|261|546.882|L|64277.67|INR|V-K006|Verbrauch DG-Set Kochi|KST-LOG-01|SL11|RJOSHI
100|2000|PL11|16.02.2024|16.02.2024|5000013824|1|FURNACE1|Heizoel EL|261|224.605|L|18074.35|INR|V-IOCL1|Auffuellung Heizung Kochi|KST-PRD-01|SL11|GMISHRA
100|2000|PL11|03.02.2024|31.01.2024|5000013825|1|FURNACE1|Heizoel EL|261|301.361|L|24288.22|INR|V-ESSAR|Auffuellung Notstromaggregat Kochi|KST-FAC-01|SL11|KVELU
100|2000|PL11|21.02.2024|21.02.2024|5000013826|1|FURNACE1|Schweroelkraftstoff|261|367.908|L|26317.98|INR|V-ESSAR|Entnahme Wartung Kochi|KST-FAC-03|SL11|SNEHA
100|2000|PL11|18.03.2024|17.03.2024|5000013827|1|DIESEL001|Dieselkraftstoff|261|419.563|L|28434.46|INR|V-BPCL1|Tanken DG-Set Kochi|KST-FAC-03|SL11|VMEHTA
100|2000|PL11|17.03.2024|15.03.2024|5000013828|1|DIESEL001|Diesel|261|676.517|L|48067.19|INR|V-HPCL1|Tanken Wartung Kochi|KST-LOG-03|SL11|TLAXMAN
100|2000|PL11|24.03.2024|23.03.2024|5000013829|1|DIESEL001|Diesel|261|964.859|L|66084.99|INR|V-BPCL1|Verbrauch Wartung Kochi|KST-FAC-03|SL11|GMISHRA
100|2000|PL11|04.03.2024|03.03.2024|5000013830|1|DIESEL001|Diesel|261|679.567|L|48036.6|INR|V-K001|Entnahme Fahrzeugflotte Kochi|KST-FAC-02|SL11|DRAO
100|2000|PL11|16.03.2024|15.03.2024|5000013831|1|DIESEL001|Diesel|261|681.772|L|50664.63|INR|V-HPCL1|Verbrauch Generator Kochi|KST-MNT-01|SL11|RPANDEY
100|2000|PL11|06.03.2024|06.03.2024|5000013832|1|DIESEL001|Diesel|261|873.661|L|63857.84|INR|V-K007|Nutzung Wartung Kochi|KST-PRD-02|SL11|TLAXMAN
100|2000|PL11|15.03.2024|14.03.2024|5000013833|1|AVGAS001|Flugkraftstoff ATF|261|909.278|L|94734.74|INR|V-K002|Nutzung Notstromaggregat Kochi|KST-FAC-05|SL11|NREDDY
100|2000|PL11|11.03.2024|08.03.2024|5000013834|1|AVGAS001|Flugkraftstoff ATF|261|1237.099|L|144542.95|INR|V-K003|Tanken Notstromaggregat Kochi|KST-FAC-03|SL11|NREDDY
100|2000|PL11|11.03.2024|09.03.2024|5000013835|1|FURNACE1|Heizoel EL|261|215.124|L|15965.1|INR|V-RELI1||KST-FAC-02|SL11|BCHATT
100|2000|PL11|20.03.2024|17.03.2024|5000013836|1|FURNACE1|Heizoel EL|261|361.349|L|26153.03|INR|V-IOCL1|Auffuellung DG-Set Kochi|KST-LOG-02|SL11|RJOSHI
100|2000|PL11|12.03.2024|12.03.2024|5000013837|1|FURNACE1|Schweroelkraftstoff|261|248.079|L|19294.32|INR|V-K006|Verbrauch Heizung Kochi|KST-LOG-01|SL11|SNEHA
100|2000|PL11|04.04.2024|03.04.2024|5000013838|1|DIESEL001|Dieselkraftstoff|261|770.645|L|55363.85|INR|V-K005|Auffuellung Generator Kochi|KST-FAC-03|SL11|PSINGH
100|2000|PL11|28.04.2024|25.04.2024|5000013839|1|DIESEL001|Diesel|261|645.576|L|46569.33|INR|V-K010|Auffuellung Heizung Kochi|KST-OPS-03|SL11|SNEHA
100|2000|PL11|16.04.2024|13.04.2024|5000013840|1|DIESEL001|Dieselkraftstoff|261|652.56|L|46964.2|INR|V-HPCL1|Auffuellung Produktion Kochi|KST-FAC-03|SL11|GMISHRA
100|2000|PL11|12.04.2024|11.04.2024|5000013841|1|DIESEL001|Diesel|261|955.148|L|67945.31|INR|V-K009|Auffuellung Wartung Kochi|KST-LOG-03|SL11|KVELU
100|2000|PL11|08.04.2024|08.04.2024|5000013842|1|DIESEL001|Diesel|261|822.327|L|57552.3|INR|V-K010|Nutzung Kantine Kochi|KST-PRD-01|SL11|PSINGH
100|2000|PL11|08.04.2024|08.04.2024|5000013843|1|DIESEL001|Diesel|261|938.257|L|64996.17|INR|V-K005|Tanken Wartung Kochi|KST-MNT-01|SL11|BCHATT
100|2000|PL11|15.04.2024|12.04.2024|5000013844|1|AVGAS001|Flugkraftstoff ATF|261|966.923|L|114087.13|INR|V-K005|Entnahme Notstromaggregat Kochi|KST-PRD-02|SL11|RJOSHI
100|2000|PL11|26.04.2024|26.04.2024|5000013845|1|AVGAS001|Flugkraftstoff ATF|261|1052.271|L|114472.04|INR|V-K004|Entnahme Notstromaggregat Kochi|KST-FAC-07|SL11|RJOSHI
100|2000|PL11|11.04.2024|11.04.2024|5000013846|1|FURNACE1|Heizoel EL|261|295.695|L|22729.21|INR|V-K002|Entnahme DG-Set Kochi|KST-MNT-01|SL11|TLAXMAN
100|2000|PL11|27.04.2024|26.04.2024|5000013847|1|FURNACE1|Schweroelkraftstoff|261|387.653|L|28434.59|INR|V-BPCL1||KST-FAC-07|SL11|AKUMAR
100|2000|PL11|05.04.2024|04.04.2024|5000013848|1|FURNACE1|Heizoel EL|261|163.162|L|11880.24|INR|V-K001|Auffuellung Fahrzeugflotte Kochi|KST-OPS-03|SL11|RJOSHI
100|2000|PL11|03.05.2024|03.05.2024|5000013849|1|DIESEL001|Diesel|261|664.723|L|50379.17|INR|V-K001|Auffuellung DG-Set Kochi|KST-FAC-03|SL11|BCHATT
100|2000|PL11|08.05.2024|05.05.2024|5000013850|1|DIESEL001|Dieselkraftstoff|261||L||INR|V-K006|Auffuellung Wartung Kochi|KST-PRD-01|SL11|SPRIYA
100|2000|PL11|18.05.2024|16.05.2024|5000013851|1|DIESEL001|Diesel|261|481.842|L|33002.84|INR|V-ESSAR|Auffuellung Wartung Kochi|KST-LOG-03|SL11|ASAXEN
100|2000|PL11|11.05.2024|11.05.2024|5000013852|1|DIESEL001|Dieselkraftstoff|261|524.306|L|35937.01|INR|V-K002|Tanken Wartung Kochi|KST-OPS-01|SL11|PSINGH
100|2000|PL11|22.05.2024|20.05.2024|5000013853|1|DIESEL001|Diesel|261|882.726|L|62195.05|INR|V-K005|Entnahme Heizung Kochi|KST-OPS-02|SL11|RPANDEY
100|2000|PL11|07.05.2024|05.05.2024|5000013854|1|DIESEL001|Dieselkraftstoff|261|961.174|L|64138.45|INR|V-ESSAR|Verbrauch Generator Kochi|KST-OPS-02|SL11|SPRIYA
100|2000|PL11|21.05.2024|20.05.2024|5000013855|1|AVGAS001|Flugkraftstoff ATF|261|1701.261|L|198653.56|INR|V-K004|Entnahme Generator Kochi|KST-LOG-01|SL11|AKUMAR
100|2000|PL11|22.05.2024|22.05.2024|5000013856|1|AVGAS001|Flugkraftstoff ATF|261|1316.041|L|134590.37|INR|V-K009|Nutzung Notstromaggregat Kochi|KST-FAC-01|SL11|MGUPTA
100|2000|PL11|01.05.2024|30.04.2024|5000013857|1|FURNACE1|Schweroelkraftstoff|261|262.433|L|18862.96|INR|V-IOCL1|Verbrauch Produktion Kochi|KST-OPS-02|SL11|AKUMAR
100|2000|PL11|10.05.2024|07.05.2024|5000013858|1|FURNACE1|Heizoel EL|261|280.843|L|22680.02|INR|V-HPCL1|Nutzung Kantine Kochi|KST-LOG-03|SL11|RJOSHI
100|2000|PL11|20.05.2024|19.05.2024|5000013859|1|FURNACE1|Heizoel EL|261|206.37|L|15093.91|INR|V-K010|Verbrauch Produktion Kochi|KST-LOG-02|SL11|RJOSHI
100|2000|PL11|25.06.2024|22.06.2024|5000013860|1|DIESEL001|Dieselkraftstoff|261|712.716|L|49193.38|INR|V-IOCL1|Entnahme Notstromaggregat Kochi|KST-MNT-01|SL11|KVELU
100|2000|PL11|08.06.2024|07.06.2024|5000013861|1|DIESEL001|Dieselkraftstoff|261|951.806|L|67258.1|INR|V-HPCL1|Verbrauch Kantine Kochi|KST-LOG-01|SL11|VMEHTA
100|2000|PL11|19.06.2024|16.06.2024|5000013862|1|DIESEL001|Diesel|261|712.681|L|48614.13|INR|V-K006|Tanken Generator Kochi|KST-FAC-03|SL11|BCHATT
100|2000|PL11|01.06.2024|01.06.2024|5000013863|1|DIESEL001|Diesel|261|807.132|L|56329.88|INR|V-K003|Auffuellung Generator Kochi|KST-FAC-07|SL11|RJOSHI
100|2000|PL11|26.06.2024|23.06.2024|5000013864|1|DIESEL001|Dieselkraftstoff|261|984.106|L|67115.15|INR|V-K006|Auffuellung Kantine Kochi|KST-LOG-02|SL11|TLAXMAN
100|2000|PL11|24.06.2024|23.06.2024|5000013865|1|DIESEL001|Dieselkraftstoff|261|415.632|L|28373.91|INR|V-K001|Nutzung Generator Kochi|KST-LOG-03|SL11|PSINGH
100|2000|PL11|02.06.2024|01.06.2024|5000013866|1|AVGAS001|Flugkraftstoff ATF|261|758.484|L|87873.35|INR|V-K002|Tanken Fahrzeugflotte Kochi|KST-FAC-05|SL11|SNEHA
100|2000|PL11|16.06.2024|13.06.2024|5000013867|1|AVGAS001|Flugkraftstoff ATF|261||L||INR|V-K008|Nutzung DG-Set Kochi|KST-FAC-05|SL11|GMISHRA
100|2000|PL11|04.06.2024|03.06.2024|5000013868|1|FURNACE1|Schweroelkraftstoff|261|221.418|L|17545.02|INR|V-ESSAR|Nutzung Produktion Kochi|KST-FAC-03|SL11|BCHATT
100|2000|PL11|13.06.2024|11.06.2024|5000013869|1|FURNACE1|Schweroelkraftstoff|261|189.905|L|13493.35|INR|V-K010|Nutzung Kantine Kochi|KST-LOG-02|SL11|RJOSHI
100|2000|PL11|28.06.2024|26.06.2024|5000013870|1|FURNACE1|Heizoel EL|261|337.676|L|27021.74|INR|V-K004|Verbrauch Produktion Kochi|KST-FAC-07|SL11|KVELU
100|2000|PL11|14.07.2024|12.07.2024|5000013871|1|DIESEL001|Diesel|261|726.039|L|56416.17|INR|V-ESSAR|Entnahme Fahrzeugflotte Kochi|KST-FAC-03|SL11|NREDDY
100|2000|PL11|11.07.2024|11.07.2024|5000013872|1|DIESEL001|Diesel|261|916.942|L|61290.24|INR|V-K010|Tanken Generator Kochi|KST-FAC-02|SL11|GMISHRA
100|2000|PL11|12.07.2024|12.07.2024|5000013873|1|DIESEL001|Diesel|261|769.747|L|58465.99|INR|V-K005|Entnahme Notstromaggregat Kochi|KST-OPS-03|SL11|ASAXEN
100|2000|PL11|20.07.2024|18.07.2024|5000013874|1|DIESEL001|Dieselkraftstoff|261|908.847|L|68422.56|INR|V-RELI1|Entnahme Heizung Kochi|KST-PRD-01|SL11|RJOSHI
100|2000|PL11|17.07.2024|16.07.2024|5000013875|1|DIESEL001|Diesel|261|418.998|L|29769.78|INR|V-RELI1|Tanken DG-Set Kochi|KST-LOG-03|SL11|KVELU
100|2000|PL11|06.07.2024|04.07.2024|5000013876|1|DIESEL001|Dieselkraftstoff|261|465.942|L|35230.36|INR|V-RELI1|Entnahme DG-Set Kochi|KST-PRD-01|SL11|NREDDY
100|2000|PL11|16.07.2024|13.07.2024|5000013877|1|AVGAS001|Flugkraftstoff ATF|261|986.273|L|115205.34|INR|V-K010|Auffuellung Generator Kochi|KST-FAC-07|SL11|ASAXEN
100|2000|PL11|05.07.2024|03.07.2024|5000013878|1|AVGAS001|Flugkraftstoff ATF|261|1054.554|L|117825.29|INR|V-K004|Verbrauch Produktion Kochi|KST-LOG-03|SL11|RPANDEY
100|2000|PL11|17.07.2024|15.07.2024|5000013879|1|FURNACE1|Heizoel EL|261|258.314|L|20749.81|INR|V-K010|Nutzung Notstromaggregat Kochi|KST-FAC-03|SL11|BCHATT
100|2000|PL11|21.07.2024|19.07.2024|5000013880|1|FURNACE1|Heizoel EL|261||L||INR|V-K002|Nutzung Notstromaggregat Kochi|KST-LOG-03|SL11|SPRIYA
100|2000|PL11|08.07.2024|08.07.2024|5000013881|1|FURNACE1|Heizoel EL|261|169.89|L|12585.33|INR|V-K010|Tanken Produktion Kochi|KST-LOG-02|SL11|MGUPTA
100|2000|PL11|22.08.2024|22.08.2024|5000013882|1|DIESEL001|Diesel|261|803.534|L|58827.93|INR|V-K010|Auffuellung Fahrzeugflotte Kochi|KST-FAC-07|SL11|NREDDY
100|2000|PL11|01.08.2024|30.07.2024|5000013883|1|DIESEL001|Diesel|261|620.215|L|42953.04|INR|V-K010|Tanken Kantine Kochi|KST-FAC-02|SL11|BCHATT
100|2000|PL11|06.08.2024|06.08.2024|5000013884|1|DIESEL001|Diesel|261|888.186|L|60746.47|INR|V-K006||KST-LOG-02|SL11|VMEHTA
100|2000|PL11|15.08.2024|12.08.2024|5000013885|1|DIESEL001|Dieselkraftstoff|261|594.659|L|41947.25|INR|V-K002|Entnahme Produktion Kochi|KST-OPS-01|SL11|TLAXMAN
100|2000|PL11|27.08.2024|24.08.2024|5000013886|1|DIESEL001|Diesel|261|988.83|L|75238.08|INR|V-K007|Entnahme Generator Kochi|KST-OPS-01|SL11|NREDDY
100|2000|PL11|22.08.2024|19.08.2024|5000013887|1|DIESEL001|Diesel|261|467.647|L|35374.45|INR|V-HPCL1|Nutzung Produktion Kochi|KST-LOG-01|SL11|ASAXEN
100|2000|PL11|25.08.2024|23.08.2024|5000013888|1|AVGAS001|Flugkraftstoff ATF|261|1307.143|L|142935.03|INR|V-K010|Entnahme Generator Kochi|KST-OPS-03|SL11|ASAXEN
100|2000|PL11|27.08.2024|25.08.2024|5000013889|1|AVGAS001|Flugkraftstoff ATF|261|1345.031|L|142078.53|INR|V-RELI1|Entnahme Generator Kochi|KST-LOG-03|SL11|MGUPTA
100|2000|PL11|01.08.2024|01.08.2024|5000013890|1|FURNACE1|Heizoel EL|261|327.91|L|22928.61|INR|V-HPCL1|Nutzung Wartung Kochi|KST-FAC-02|SL11|ASAXEN
100|2000|PL11|19.08.2024|19.08.2024|5000013891|1|FURNACE1|Schweroelkraftstoff|261|387.87|L|30039.29|INR|V-K009|Verbrauch Heizung Kochi|KST-LOG-03|SL11|DRAO
100|2000|PL11|16.08.2024|14.08.2024|5000013892|1|FURNACE1|Schweroelkraftstoff|261|298.064|L|23185.99|INR|V-K009||KST-MNT-01|SL11|SPRIYA
100|2000|PL11|18.09.2024|18.09.2024|5000013893|1|DIESEL001|Dieselkraftstoff|261|471.992|L|35594.9|INR|V-ESSAR|Auffuellung Heizung Kochi|KST-FAC-01|SL11|SNEHA
100|2000|PL11|06.09.2024|04.09.2024|5000013894|1|DIESEL001|Dieselkraftstoff|261|777.699|L|57509.89|INR|V-K003|Nutzung Wartung Kochi|KST-LOG-01|SL11|SPRIYA
100|2000|PL11|08.09.2024|07.09.2024|5000013895|1|DIESEL001|Diesel|261|855.678|L|57083.63|INR|V-IOCL1|Nutzung DG-Set Kochi|KST-OPS-03|SL11|SNEHA
100|2000|PL11|06.09.2024|06.09.2024|5000013896|1|DIESEL001|Diesel|261|569.155|L|43038.74|INR|V-K010|Nutzung Generator Kochi|KST-LOG-01|SL11|SPRIYA
100|2000|PL11|14.09.2024|12.09.2024|5000013897|1|DIESEL001|Diesel|261|685.487|L|45678.22|INR|V-RELI1|Tanken DG-Set Kochi|KST-LOG-02|SL11|DRAO
100|2000|PL11|17.09.2024|15.09.2024|5000013898|1|DIESEL001|Dieselkraftstoff|261|479.867|L|34542.48|INR|V-HPCL1|Verbrauch Generator Kochi|KST-MNT-01|SL11|NREDDY
100|2000|PL11|08.09.2024|05.09.2024|5000013899|1|AVGAS001|Flugkraftstoff ATF|261|1513.947|L|154141.79|INR|V-RELI1|Nutzung DG-Set Kochi|KST-PRD-01|SL11|DRAO
100|2000|PL11|11.09.2024|11.09.2024|5000013900|1|AVGAS001|Flugkraftstoff ATF|261|834.847|L|89591.32|INR|V-K003||KST-OPS-03|SL11|KVELU
100|2000|PL11|21.09.2024|19.09.2024|5000013901|1|FURNACE1|Heizoel EL|261|303.3|L|22698.4|INR|V-K005|Entnahme Notstromaggregat Kochi|KST-OPS-03|SL11|GMISHRA
100|2000|PL11|01.09.2024|01.09.2024|5000013902|1|FURNACE1|Schweroelkraftstoff|261|191.032|L|15347.53|INR|V-K008|Entnahme Kantine Kochi|KST-PRD-02|SL11|ASAXEN
100|2000|PL11|24.09.2024|22.09.2024|5000013903|1|FURNACE1|Heizoel EL|261|247.218|L|17437.38|INR|V-BPCL1|Tanken Generator Kochi|KST-OPS-01|SL11|DRAO
100|2000|PL11|08.10.2024|06.10.2024|5000013904|1|DIESEL001|Diesel|261|954.409|L|73325.02|INR|V-K010|Nutzung Generator Kochi|KST-OPS-01|SL11|DRAO
100|2000|PL11|27.10.2024|25.10.2024|5000013905|1|DIESEL001|Diesel|261|613.583|L|45743.46|INR|V-K003|Verbrauch Fahrzeugflotte Kochi|KST-FAC-02|SL11|DRAO
100|2000|PL11|10.10.2024|07.10.2024|5000013906|1|DIESEL001|Diesel|261|872.13|L|59031.28|INR|V-K007|Tanken Kantine Kochi|KST-LOG-02|SL11|PSINGH
100|2000|PL11|27.10.2024|24.10.2024|5000013907|1|DIESEL001|Diesel|261|460.535|L|31877.78|INR|V-K008|Auffuellung Produktion Kochi|KST-LOG-01|SL11|VMEHTA
100|2000|PL11|06.10.2024|04.10.2024|5000013908|1|DIESEL001|Dieselkraftstoff|261|821.987|L|59285.4|INR|V-K007||KST-MNT-01|SL11|DRAO
100|2000|PL11|18.10.2024|17.10.2024|5000013909|1|DIESEL001|Dieselkraftstoff|261|550.001|L|39445.85|INR|V-K004|Entnahme Notstromaggregat Kochi|KST-OPS-02|SL11|TLAXMAN
100|2000|PL11|11.10.2024|09.10.2024|5000013910|1|AVGAS001|Flugkraftstoff ATF|261|1422.87|L|156107.83|INR|V-K008|Auffuellung DG-Set Kochi|KST-OPS-02|SL11|BCHATT
100|2000|PL11|06.10.2024|04.10.2024|5000013911|1|AVGAS001|Flugkraftstoff ATF|261|746.252|L|85536.11|INR|V-RELI1|Tanken DG-Set Kochi|KST-LOG-03|SL11|MGUPTA
100|2000|PL11|10.10.2024|07.10.2024|5000013912|1|FURNACE1|Heizoel EL|261|195.107|L|15465.3|INR|V-K005|Auffuellung Heizung Kochi|KST-OPS-02|SL11|RPANDEY
100|2000|PL11|27.10.2024|24.10.2024|5000013913|1|FURNACE1|Heizoel EL|261|385.741|L|28604.69|INR|V-ESSAR|Nutzung Notstromaggregat Kochi|KST-LOG-01|SL11|TLAXMAN
100|2000|PL11|15.10.2024|14.10.2024|5000013914|1|FURNACE1|Heizoel EL|261|389.011|L|31473.63|INR|V-K004|Nutzung DG-Set Kochi|KST-FAC-07|SL11|NREDDY
100|2000|PL11|14.11.2024|13.11.2024|5000013915|1|DIESEL001|Dieselkraftstoff|261|968.498|L|67290.09|INR|V-ESSAR|Nutzung Produktion Kochi|KST-PRD-01|SL11|AKUMAR
100|2000|PL11|25.11.2024|25.11.2024|5000013916|1|DIESEL001|Dieselkraftstoff|261|947.155|L|69304.18|INR|V-K008|Auffuellung DG-Set Kochi|KST-PRD-01|SL11|ASAXEN
100|2000|PL11|25.11.2024|25.11.2024|5000013917|1|DIESEL001|Diesel|261|553.124|L|42489.92|INR|V-K006|Verbrauch Heizung Kochi|KST-FAC-01|SL11|DRAO
100|2000|PL11|10.11.2024|07.11.2024|5000013918|1|DIESEL001|Dieselkraftstoff|261|861.192|L|63250.36|INR|V-RELI1|Verbrauch Kantine Kochi|KST-LOG-03|SL11|TLAXMAN
100|2000|PL11|05.11.2024|03.11.2024|5000013919|1|DIESEL001|Dieselkraftstoff|261|896.773|L|68042.55|INR|V-IOCL1|Entnahme Heizung Kochi|KST-LOG-03|SL11|AKUMAR
100|2000|PL11|04.11.2024|01.11.2024|5000013920|1|DIESEL001|Dieselkraftstoff|261|532.93|L|36697.46|INR|V-IOCL1|Auffuellung Kantine Kochi|KST-PRD-02|SL11|SPRIYA
100|2000|PL11|16.11.2024|15.11.2024|5000013921|1|AVGAS001|Flugkraftstoff ATF|261|1884.187|L|195168.64|INR|V-K008|Nutzung Wartung Kochi|KST-PRD-02|SL11|TLAXMAN
100|2000|PL11|20.11.2024|20.11.2024|5000013922|1|AVGAS001|Flugkraftstoff ATF|261|719.734|L|80043.54|INR|V-K003|Auffuellung Kantine Kochi|KST-PRD-02|SL11|SPRIYA
100|2000|PL11|21.11.2024|19.11.2024|5000013923|1|FURNACE1|Heizoel EL|261|399.894|L|30330.55|INR|V-K003|Tanken Notstromaggregat Kochi|KST-LOG-01|SL11|ASAXEN
100|2000|PL11|16.11.2024|14.11.2024|5000013924|1|FURNACE1|Heizoel EL|261|256.557|L|20516.77|INR|V-K001|Tanken DG-Set Kochi|KST-FAC-03|SL11|RJOSHI
100|2000|PL11|15.11.2024|12.11.2024|5000013925|1|FURNACE1|Schweroelkraftstoff|261|164.774|L|11619.45|INR|V-RELI1|Tanken Fahrzeugflotte Kochi|KST-FAC-03|SL11|SPRIYA
100|2000|PL11|07.12.2024|04.12.2024|5000013926|1|DIESEL001|Diesel|261|850.241|L|64752.69|INR|V-K008|Entnahme Generator Kochi|KST-FAC-01|SL11|NREDDY
100|2000|PL11|24.12.2024|22.12.2024|5000013927|1|DIESEL001|Diesel|261|701.752|L|48318.12|INR|V-K003|Verbrauch Heizung Kochi|KST-PRD-02|SL11|TLAXMAN
100|2000|PL11|14.12.2024|13.12.2024|5000013928|1|DIESEL001|Diesel|261|983.276|L|66414.59|INR|V-ESSAR|Tanken Fahrzeugflotte Kochi|KST-PRD-01|SL11|RJOSHI
100|2000|PL11|05.12.2024|02.12.2024|5000013929|1|DIESEL001|Dieselkraftstoff|261||L||INR|V-IOCL1|Verbrauch Produktion Kochi|KST-LOG-01|SL11|VMEHTA
100|2000|PL11|06.12.2024|05.12.2024|5000013930|1|DIESEL001|Dieselkraftstoff|261|595.605|L|44952.39|INR|V-BPCL1|Verbrauch Generator Kochi|KST-FAC-02|SL11|NREDDY
100|2000|PL11|14.12.2024|14.12.2024|5000013931|1|DIESEL001|Diesel|261|622.35|L|48051.01|INR|V-K004|Auffuellung DG-Set Kochi|KST-PRD-01|SL11|DRAO
100|2000|PL11|27.12.2024|26.12.2024|5000013932|1|AVGAS001|Flugkraftstoff ATF|261|738.811|L|80449.87|INR|V-RELI1|Entnahme Wartung Kochi|KST-OPS-03|SL11|SNEHA
100|2000|PL11|03.12.2024|30.11.2024|5000013933|1|AVGAS001|Flugkraftstoff ATF|261|1466.024|L|155521.55|INR|V-K003|Verbrauch Fahrzeugflotte Kochi|KST-OPS-03|SL11|KVELU
100|2000|PL11|12.12.2024|09.12.2024|5000013934|1|FURNACE1|Schweroelkraftstoff|261|392.522|L|28445.16|INR|V-K005|Entnahme Fahrzeugflotte Kochi|KST-FAC-07|SL11|PSINGH
100|2000|PL11|23.12.2024|22.12.2024|5000013935|1|FURNACE1|Schweroelkraftstoff|261|362.618|L|27728.82|INR|V-K002|Entnahme Produktion Kochi|KST-OPS-01|SL11|GMISHRA
100|2000|PL11|08.12.2024|06.12.2024|5000013936|1|FURNACE1|Heizoel EL|261|381.745|L|29740.18|INR|V-K005|Tanken Produktion Kochi|KST-OPS-03|SL11|KVELU
100|1000|PL12|01.01.2023|30.12.2022|5000013937|1|DIESEL001|Dieselkraftstoff|261|1256.557|L|97358.54|INR|V-RELI1|Nutzung Heizung Bhopal|KST-OPS-01|SL12|MGUPTA
100|1000|PL12|11.01.2023|09.01.2023|5000013938|1|DIESEL001|Diesel|261|1387.433|L|107081.02|INR|V-IOCL1|Nutzung Notstromaggregat Bhopal|KST-FAC-07|SL12|MGUPTA
100|1000|PL12|19.01.2023|16.01.2023|5000013939|1|DIESEL001|Diesel|261|619.687|L|47629.86|INR|V-K001|Verbrauch Wartung Bhopal|KST-PRD-02|SL12|BCHATT
100|1000|PL12|17.01.2023|16.01.2023|5000013940|1|DIESEL001|Diesel|261|793.955|L|57943.96|INR|V-K006|Entnahme Wartung Bhopal|KST-PRD-02|SL12|RJOSHI
100|1000|PL12|26.01.2023|23.01.2023|5000013941|1|DIESEL001|Dieselkraftstoff|261|1186.666|L|88985.67|INR|V-K009|Nutzung Kantine Bhopal|KST-FAC-05|SL12|ASAXEN
100|1000|PL12|12.01.2023|12.01.2023|5000013942|1|DIESEL001|Dieselkraftstoff|261|1261.504|L|96684.79|INR|V-HPCL1|Nutzung DG-Set Bhopal|KST-FAC-05|SL12|VMEHTA
100|1000|PL12|15.01.2023|13.01.2023|5000013943|1|DIESEL001|Dieselkraftstoff|261|694.726|KG|46180.89|INR|V-HPCL1|Nutzung Wartung Bhopal|KST-PRD-02|SL12|TLAXMAN
100|1000|PL12|07.01.2023|05.01.2023|5000013944|1|COALFUEL|Steinkohle|261|1281.768|KG|15346.39|INR|V-RELI1|Verbrauch Wartung Bhopal|KST-OPS-01|SL12|SNEHA
100|1000|PL12|03.01.2023|02.01.2023|5000013945|1|COALFUEL|Steinkohle|261|471.612|KG|5575.45|INR|V-K008|Auffuellung Generator Bhopal|KST-PRD-01|SL12|SNEHA
100|1000|PL12|22.01.2023|22.01.2023|5000013946|1|COALFUEL|Steinkohle|261|870.106|KG|11197.99|INR|V-K004|Nutzung Kantine Bhopal|KST-PRD-01|SL12|SNEHA
100|1000|PL12|02.01.2023|02.01.2023|5000013947|1|LPG00001|Fluessiggas|261|57.364|KG|5480.5|INR|V-K008|Nutzung Kantine Bhopal|KST-LOG-02|SL12|RJOSHI
100|1000|PL12|14.01.2023|11.01.2023|5000013948|1|LPG00001|Fluessiggas|261|63.113|KG|5860.15|INR|V-K002|Verbrauch Notstromaggregat Bhopal|KST-PRD-02|SL12|GMISHRA
100|1000|PL12|12.01.2023|11.01.2023|5000013949|1|LPG00001|LPG|261|48.572|KG|4080.75|INR|V-K010|Entnahme Kantine Bhopal|KST-LOG-03|SL12|RPANDEY
100|1000|PL12|02.02.2023|02.02.2023|5000013950|1|DIESEL001|Diesel|261|549.542|L|37239.0|INR|V-K007|Nutzung Fahrzeugflotte Bhopal|KST-PRD-01|SL12|GMISHRA
100|1000|PL12|13.02.2023|13.02.2023|5000013950|1|DIESEL001|Dieselkraftstoff|261|973.983|L|67250.73|INR|V-K001|Verbrauch DG-Set Bhopal|KST-OPS-01|SL12|ASAXEN
100|1000|PL12|05.02.2023|05.02.2023|5000013952|1|DIESEL001|Dieselkraftstoff|261|1132.012|L|77829.68|INR|V-K006|Tanken Generator Bhopal|KST-MNT-01|SL12|AKUMAR
100|1000|PL12|25.02.2023|25.02.2023|5000013953|1|DIESEL001|Diesel|261|1009.663|L|75327.68|INR|V-ESSAR|Entnahme Generator Bhopal|KST-FAC-05|SL12|SPRIYA
100|1000|PL12|02.02.2023|02.02.2023|5000013954|1|DIESEL001|Diesel|261|1052.488|L|79313.26|INR|V-K004|Verbrauch Produktion Bhopal|KST-OPS-03|SL12|ASAXEN
100|1000|PL12|04.02.2023|01.02.2023|5000013955|1|DIESEL001|Diesel|261|1195.709|L|91836.23|INR|V-K007|Tanken Generator Bhopal|KST-FAC-05|SL12|AKUMAR
100|1000|PL12|28.02.2023|25.02.2023|5000013956|1|DIESEL001|Dieselkraftstoff|261|1280.868|L|89666.24|INR|V-K010|Verbrauch Kantine Bhopal|KST-FAC-03|SL12|GMISHRA
100|1000|PL12|24.02.2023|23.02.2023|5000013957|1|COALFUEL|Steinkohle|261|1328.937|KG|16694.26|INR|V-K005|Entnahme Produktion Bhopal|KST-LOG-01|SL12|NREDDY
100|1000|PL12|20.02.2023|18.02.2023|5000013958|1|COALFUEL|Steinkohle|261|1481.165|KG|16754.89|INR|V-K007|Verbrauch Heizung Bhopal|KST-FAC-01|SL12|PSINGH
100|1000|PL12|04.02.2023|01.02.2023|5000013959|1|COALFUEL|Steinkohle|261|716.231|KG|9204.0|INR|V-K003||KST-OPS-03|SL12|RJOSHI
100|1000|PL12|03.02.2023|02.02.2023|5000013960|1|LPG00001|Fluessiggas|261|30.861|KG|2788.16|INR|V-HPCL1|Nutzung DG-Set Bhopal|KST-FAC-07|SL12|ASAXEN
100|1000|PL12|06.02.2023|03.02.2023|5000013961|1|LPG00001|Fluessiggas|261|59.94|KG|5016.36|INR|V-K010||KST-FAC-01|SL12|GMISHRA
100|1000|PL12|19.02.2023|16.02.2023|5000013962|1|LPG00001|LPG|261|53.484|KG|5072.9|INR|V-IOCL1|Entnahme Kantine Bhopal|KST-PRD-02|SL12|SNEHA
100|1000|PL12|28.03.2023|28.03.2023|5000013963|1|DIESEL001|Dieselkraftstoff|261|731.317|L|49478.76|INR|V-K010|Auffuellung Kantine Bhopal|KST-MNT-01|SL12|DRAO
100|1000|PL12|24.03.2023|22.03.2023|5000013964|1|DIESEL001|Diesel|261|809.755|L|62468.29|INR|V-IOCL1|Auffuellung DG-Set Bhopal|KST-OPS-02|SL12|SPRIYA
100|1000|PL12|15.03.2023|14.03.2023|5000013965|1|DIESEL001|Dieselkraftstoff|261|969.012|L|72780.12|INR|V-K003|Entnahme Produktion Bhopal|KST-FAC-07|SL12|KVELU
100|1000|PL12|09.03.2023|07.03.2023|5000013966|1|DIESEL001|Dieselkraftstoff|261|949.657|L|69404.13|INR|V-BPCL1|Tanken Heizung Bhopal|KST-FAC-03|SL12|VMEHTA
100|1000|PL12|24.03.2023|24.03.2023|5000013967|1|DIESEL001|Dieselkraftstoff|261|639.791|L|44592.73|INR|V-RELI1|Verbrauch DG-Set Bhopal|KST-LOG-02|SL12|RPANDEY
100|1000|PL12|07.03.2023|06.03.2023|5000013968|1|DIESEL001|Dieselkraftstoff|261|775.092|L|57799.98|INR|V-K009|Nutzung Wartung Bhopal|KST-OPS-03|SL12|KVELU
100|1000|PL12|27.03.2023|25.03.2023|5000013968|1|DIESEL001|Diesel|261|1103.76|L|84577.58|INR|V-HPCL1|Nutzung Fahrzeugflotte Bhopal|KST-MNT-01|SL12|PSINGH
100|1000|PL12|04.03.2023|03.03.2023|5000013970|1|COALFUEL|Steinkohle|261|1290.423|KG|15229.19|INR|V-K006|Tanken Generator Bhopal|KST-FAC-07|SL12|NREDDY
100|1000|PL12|10.03.2023|10.03.2023|5000013971|1|COALFUEL|Steinkohle|261|1417.896|KG|17755.33|INR|V-K003|Nutzung Kantine Bhopal|KST-OPS-02|SL12|PSINGH
100|1000|PL12|06.03.2023|06.03.2023|5000013972|1|COALFUEL|Steinkohle|261|794.008|KG|9867.18|INR|V-HPCL1|Nutzung Notstromaggregat Bhopal|KST-FAC-05|SL12|AKUMAR
100|1000|PL12|21.03.2023|19.03.2023|5000013973|1|LPG00001|Fluessiggas|261|52.147|KG|4875.22|INR|V-K002|Tanken Generator Bhopal|KST-PRD-02|SL12|ASAXEN
100|1000|PL12|02.03.2023|02.03.2023|5000013974|1|LPG00001|LPG|261||KG||INR|V-K003|Auffuellung Wartung Bhopal|KST-OPS-01|SL12|KVELU
100|1000|PL12|19.03.2023|17.03.2023|5000013975|1|LPG00001|Fluessiggas|261|56.788|KG|4856.35|INR|V-K003|Verbrauch Wartung Bhopal|KST-MNT-01|SL12|GMISHRA
100|1000|PL12|26.04.2023|23.04.2023|5000013976|1|DIESEL001|Diesel|261|1162.93|L|78378.31|INR|V-K001|Nutzung Notstromaggregat Bhopal|KST-FAC-03|SL12|SPRIYA
100|1000|PL12|03.04.2023|01.04.2023|5000013977|1|DIESEL001|Dieselkraftstoff|261|739.521|L|50570.03|INR|V-K010|Auffuellung Wartung Bhopal|KST-OPS-01|SL12|PSINGH
100|1000|PL12|04.04.2023|02.04.2023|5000013978|1|DIESEL001|Dieselkraftstoff|261|955.591|L|73262.69|INR|V-K007|Verbrauch Produktion Bhopal|KST-FAC-02|SL12|SPRIYA
100|1000|PL12|10.04.2023|10.04.2023|5000013979|1|DIESEL001|Diesel|261|979.072|L|67781.34|INR|V-K008|Nutzung Notstromaggregat Bhopal|KST-FAC-03|SL12|RPANDEY
100|1000|PL12|26.04.2023|25.04.2023|5000013980|1|DIESEL001|Diesel|261|800.357|L|61428.94|INR|V-K003|Auffuellung Kantine Bhopal|KST-PRD-02|SL12|SNEHA
100|1000|PL12|01.04.2023|30.03.2023|5000013981|1|DIESEL001|Dieselkraftstoff|261||L||INR|V-K007|Entnahme Notstromaggregat Bhopal|KST-OPS-02|SL12|AKUMAR
100|1000|PL12|17.04.2023|15.04.2023|5000013982|1|DIESEL001|Diesel|261|834.588|L|63322.88|INR|V-BPCL1|Verbrauch Wartung Bhopal|KST-LOG-01|SL12|TLAXMAN
100|1000|PL12|20.04.2023|19.04.2023|5000013983|1|COALFUEL|Steinkohle|261|660.606|KG|7599.07|INR|V-K001|Verbrauch Produktion Bhopal|KST-LOG-03|SL12|BCHATT
100|1000|PL12|24.04.2023|22.04.2023|5000013984|1|COALFUEL|Steinkohle|261|1054.331|KG|12010.88|INR|V-K004|Verbrauch Generator Bhopal|KST-MNT-01|SL12|SPRIYA
100|1000|PL12|06.04.2023|04.04.2023|5000013985|1|COALFUEL|Steinkohle|261|742.601|KG|9396.37|INR|V-K002|Entnahme Produktion Bhopal|KST-MNT-01|SL12|BCHATT
100|1000|PL12|04.04.2023|01.04.2023|5000013986|1|LPG00001|Fluessiggas|261|70.022|KG|5995.57|INR|V-K010|Tanken Produktion Bhopal|KST-OPS-03|SL12|NREDDY
100|1000|PL12|14.04.2023|12.04.2023|5000013987|1|LPG00001|LPG|261|43.217|KG|3919.18|INR|V-K004|Verbrauch Produktion Bhopal|KST-LOG-03|SL12|DRAO
100|1000|PL12|23.04.2023|23.04.2023|5000013988|1|LPG00001|Fluessiggas|261|84.839|KG|7365.04|INR|V-K003|Entnahme Heizung Bhopal|KST-FAC-05|SL12|DRAO
100|1000|PL12|20.05.2023|17.05.2023|5000013989|1|DIESEL001|Diesel|261|679.196|L|51684.7|INR|V-K001|Nutzung Wartung Bhopal|KST-LOG-02|SL12|NREDDY
100|1000|PL12|22.05.2023|19.05.2023|5000013990|1|DIESEL001|Diesel|261|637.853|L|45788.83|INR|V-IOCL1|Nutzung Notstromaggregat Bhopal|KST-PRD-02|SL12|SPRIYA
100|1000|PL12|28.05.2023|26.05.2023|5000013991|1|DIESEL001|Dieselkraftstoff|261|1244.198|L|90912.14|INR|V-BPCL1|Entnahme Produktion Bhopal|KST-FAC-03|SL12|MGUPTA
100|1000|PL12|19.05.2023|17.05.2023|5000013992|1|DIESEL001|Diesel|261|570.849|L|41573.68|INR|V-K002|Nutzung Produktion Bhopal|KST-FAC-03|SL12|AKUMAR
100|1000|PL12|10.05.2023|10.05.2023|5000013993|1|DIESEL001|Dieselkraftstoff|261|848.156|L|57152.91|INR|V-IOCL1|Entnahme Heizung Bhopal|KST-OPS-01|SL12|KVELU
100|1000|PL12|06.05.2023|05.05.2023|5000013994|1|DIESEL001|Diesel|261|1165.733|L|88860.89|INR|V-K007|Verbrauch Fahrzeugflotte Bhopal|KST-FAC-03|SL12|ASAXEN
100|1000|PL12|27.05.2023|24.05.2023|5000013995|1|DIESEL001|Dieselkraftstoff|261|1219.554|L|86933.79|INR|V-K005|Auffuellung Heizung Bhopal|KST-FAC-03|SL12|NREDDY
100|1000|PL12|01.05.2023|01.05.2023|5000013996|1|COALFUEL|Steinkohle|261|1110.305|KG|13994.9|INR|V-BPCL1|Tanken Kantine Bhopal|KST-FAC-07|SL12|SPRIYA
100|1000|PL12|14.05.2023|12.05.2023|5000013997|1|COALFUEL|Steinkohle|261|951.569|KG|10952.0|INR|V-K004|Verbrauch Wartung Bhopal|KST-PRD-02|SL12|ASAXEN
100|1000|PL12|07.05.2023|07.05.2023|5000013998|1|COALFUEL|Steinkohle|261|902.435|KG|11154.1|INR|V-K001|Auffuellung Fahrzeugflotte Bhopal|KST-OPS-01|SL12|SPRIYA
100|1000|PL12|15.05.2023|12.05.2023|5000013999|1|LPG00001|LPG|261|55.605|KG|5064.97|INR|V-ESSAR|Tanken Fahrzeugflotte Bhopal|KST-PRD-01|SL12|DRAO
100|1000|PL12|14.05.2023|11.05.2023|5000014000|1|LPG00001|LPG|261|50.768|KG|4356.52|INR|V-K008|Auffuellung Generator Bhopal|KST-MNT-01|SL12|VMEHTA
100|1000|PL12|06.05.2023|04.05.2023|5000014001|1|LPG00001|Fluessiggas|261|70.462|KG|6032.61|INR|V-RELI1|Entnahme Fahrzeugflotte Bhopal|KST-FAC-03|SL12|PSINGH
100|1000|PL12|01.06.2023|01.06.2023|5000014002|1|DIESEL001|Dieselkraftstoff|261|996.956|L|66127.14|INR|V-IOCL1|Tanken Heizung Bhopal|KST-LOG-01|SL12|PSINGH
100|1000|PL12|23.06.2023|22.06.2023|5000014003|1|DIESEL001|Diesel|261|573.101|L|41873.4|INR|V-RELI1|Nutzung DG-Set Bhopal|KST-LOG-02|SL12|AKUMAR
100|1000|PL12|04.06.2023|01.06.2023|5000014004|1|DIESEL001|Diesel|261|502.455|L|38811.0|INR|V-K007|Tanken Wartung Bhopal|KST-OPS-01|SL12|BCHATT
100|1000|PL12|23.06.2023|20.06.2023|5000014005|1|DIESEL001|Diesel|261|1174.46|L|79570.9|INR|V-K003|Verbrauch Generator Bhopal|KST-LOG-01|SL12|NREDDY
100|1000|PL12|26.06.2023|23.06.2023|5000014006|1|DIESEL001|Diesel|261|803.296|L|57721.57|INR|V-K002|Entnahme Kantine Bhopal|KST-LOG-02|SL12|ASAXEN
100|1000|PL12|19.06.2023|18.06.2023|5000014007|1|DIESEL001|Dieselkraftstoff|261|715.36|L|55390.78|INR|V-K007|Auffuellung Produktion Bhopal|KST-OPS-03|SL12|KVELU
100|1000|PL12|20.06.2023|19.06.2023|5000014008|1|DIESEL001|Diesel|261|880.766|L|59283.81|INR|V-K007|Auffuellung Generator Bhopal|KST-FAC-05|SL12|KVELU
100|1000|PL12|13.06.2023|12.06.2023|5000014009|1|COALFUEL|Steinkohle|261|901.337|KG|11278.57|INR|V-K007|Verbrauch Kantine Bhopal|KST-LOG-01|SL12|SNEHA
100|1000|PL12|04.06.2023|03.06.2023|5000014010|1|COALFUEL|Steinkohle|261|425.842|KG|5030.18|INR|V-K010|Nutzung Notstromaggregat Bhopal|KST-MNT-01|SL12|GMISHRA
100|1000|PL12|11.06.2023|08.06.2023|5000014011|1|COALFUEL|Steinkohle|261|1110.294|KG|13749.55|INR|V-K003|Entnahme Heizung Bhopal|KST-LOG-01|SL12|AKUMAR
100|1000|PL12|20.06.2023|19.06.2023|5000014012|1|LPG00001|Fluessiggas|261|75.489|KG|7234.8|INR|V-K008||KST-MNT-01|SL12|VMEHTA
100|1000|PL12|25.06.2023|23.06.2023|5000014013|1|LPG00001|Fluessiggas|261|43.076|KG|3607.81|INR|V-K006|Entnahme Produktion Bhopal|KST-LOG-01|SL12|RJOSHI
100|1000|PL12|23.06.2023|20.06.2023|5000014014|1|LPG00001|LPG|261|71.384|KG|6414.68|INR|V-K008|Verbrauch Produktion Bhopal|KST-FAC-01|SL12|AKUMAR
100|1000|PL12|24.07.2023|23.07.2023|5000014015|1|DIESEL001|Dieselkraftstoff|261|737.259|L|49052.71|INR|V-ESSAR|Nutzung Notstromaggregat Bhopal|KST-LOG-02|SL12|SNEHA
100|1000|PL12|14.07.2023|11.07.2023|5000014016|1|DIESEL001|Diesel|261|879.626|L|65492.16|INR|V-K008|Nutzung Heizung Bhopal|KST-OPS-01|SL12|NREDDY
100|1000|PL12|07.07.2023|04.07.2023|5000014017|1|DIESEL001|Diesel|261|1269.463|L|87831.9|INR|V-BPCL1|Verbrauch Notstromaggregat Bhopal|KST-LOG-03|SL12|RPANDEY
100|1000|PL12|04.07.2023|04.07.2023|5000014018|1|DIESEL001|Dieselkraftstoff|261|1387.626|L|92112.05|INR|V-K001|Nutzung DG-Set Bhopal|KST-PRD-01|SL12|TLAXMAN
100|1000|PL12|16.07.2023|16.07.2023|5000014019|1|DIESEL001|Diesel|261|678.288|L|45986.31|INR|V-K002|Entnahme Kantine Bhopal|KST-OPS-01|SL12|NREDDY
100|1000|PL12|14.07.2023|12.07.2023|5000014020|1|DIESEL001|Dieselkraftstoff|261|1258.292|L|87216.37|INR|V-BPCL1|Nutzung Kantine Bhopal|KST-LOG-03|SL12|RPANDEY
100|1000|PL12|12.07.2023|09.07.2023|5000014021|1|DIESEL001|Diesel|261|918.719|L|61758.75|INR|V-K008|Entnahme Generator Bhopal|KST-LOG-02|SL12|RPANDEY
100|1000|PL12|21.07.2023|21.07.2023|5000014022|1|COALFUEL|Steinkohle|261|1047.797|KG|11923.6|INR|V-HPCL1||KST-OPS-02|SL12|DRAO
100|1000|PL12|28.07.2023|27.07.2023|5000014023|1|COALFUEL|Steinkohle|261|1238.117|KG|15956.04|INR|V-K009|Auffuellung DG-Set Bhopal|KST-LOG-02|SL12|NREDDY
100|1000|PL12|01.07.2023|01.07.2023|5000014024|1|COALFUEL|Steinkohle|261|606.013|KG|7633.15|INR|V-K001|Auffuellung Generator Bhopal|KST-FAC-03|SL12|RPANDEY
100|1000|PL12|04.07.2023|02.07.2023|5000014025|1|LPG00001|Fluessiggas|261|32.36|KG|2869.07|INR|V-K004|Nutzung Kantine Bhopal|KST-FAC-03|SL12|PSINGH
100|1000|PL12|20.07.2023|18.07.2023|5000014026|1|LPG00001|LPG|261|56.235|KG|5457.54|INR|V-BPCL1|Nutzung DG-Set Bhopal|KST-OPS-01|SL12|AKUMAR
100|1000|PL12|25.07.2023|22.07.2023|5000014027|1|LPG00001|Fluessiggas|261|48.061|KG|4340.38|INR|V-K002|Entnahme Wartung Bhopal|KST-PRD-01|SL12|SNEHA
100|1000|PL12|16.08.2023|13.08.2023|5000014028|1|DIESEL001|Dieselkraftstoff|261|602.181|L|45836.3|INR|V-K007|Verbrauch Generator Bhopal|KST-OPS-02|SL12|KVELU
100|1000|PL12|12.08.2023|11.08.2023|5000014029|1|DIESEL001|Dieselkraftstoff|261|1115.56|L|84472.65|INR|V-BPCL1|Tanken DG-Set Bhopal|KST-FAC-03|SL12|ASAXEN
100|1000|PL12|28.08.2023|28.08.2023|5000014030|1|DIESEL001|Dieselkraftstoff|261|967.823|L|74395.22|INR|V-K001|Entnahme Fahrzeugflotte Bhopal|KST-OPS-03|SL12|ASAXEN
100|1000|PL12|07.08.2023|04.08.2023|5000014031|1|DIESEL001|Diesel|261|664.992|L|47809.87|INR|V-K005|Tanken Kantine Bhopal|KST-LOG-03|SL12|ASAXEN
100|1000|PL12|21.08.2023|18.08.2023|5000014032|1|DIESEL001|Dieselkraftstoff|261|1221.69|L|87713.24|INR|V-K002|Entnahme Kantine Bhopal|KST-FAC-07|SL12|KVELU
100|1000|PL12|24.08.2023|23.08.2023|5000014033|1|DIESEL001|Dieselkraftstoff|261|588.692|L|42351.99|INR|V-HPCL1|Tanken Notstromaggregat Bhopal|KST-OPS-02|SL12|SNEHA
100|1000|PL12|25.08.2023|23.08.2023|5000014034|1|DIESEL001|Dieselkraftstoff|261|1158.836|L|84336.39|INR|V-K005|Auffuellung Wartung Bhopal|KST-OPS-01|SL12|NREDDY
100|1000|PL12|27.08.2023|27.08.2023|5000014035|1|COALFUEL|Steinkohle|261|1169.005|KG|13621.78|INR|V-K008|Tanken Wartung Bhopal|KST-FAC-02|SL12|AKUMAR
100|1000|PL12|11.08.2023|08.08.2023|5000014036|1|COALFUEL|Steinkohle|261|579.2|KG|7337.01|INR|V-HPCL1|Entnahme Generator Bhopal|KST-FAC-07|SL12|SPRIYA
100|1000|PL12|06.08.2023|06.08.2023|5000014037|1|COALFUEL|Steinkohle|261|1339.697|KG|16346.58|INR|V-BPCL1|Entnahme Fahrzeugflotte Bhopal|KST-OPS-01|SL12|SPRIYA
100|1000|PL12|01.08.2023|31.07.2023|5000014038|1|LPG00001|Fluessiggas|261|68.801|KG|6116.69|INR|V-K006|Auffuellung Heizung Bhopal|KST-FAC-07|SL12|SNEHA
100|1000|PL12|01.08.2023|01.08.2023|5000014039|1|LPG00001|Fluessiggas|261|66.386|KG|6105.83|INR|V-K005|Auffuellung Generator Bhopal|KST-FAC-03|SL12|GMISHRA
100|1000|PL12|22.08.2023|19.08.2023|5000014040|1|LPG00001|LPG|261|66.063|KG|6133.03|INR|V-K003|Verbrauch DG-Set Bhopal|KST-FAC-01|SL12|RJOSHI
100|1000|PL12|13.09.2023|10.09.2023|5000014041|1|DIESEL001|Diesel|261|523.07|L|37482.9|INR|V-HPCL1|Auffuellung Produktion Bhopal|KST-LOG-01|SL12|SPRIYA
100|1000|PL12|16.09.2023|13.09.2023|5000014042|1|DIESEL001|Diesel|261|692.927|L|47980.22|INR|V-K001|Verbrauch DG-Set Bhopal|KST-LOG-01|SL12|RPANDEY
100|1000|PL12|06.09.2023|04.09.2023|5000014043|1|DIESEL001|Diesel|261|833.578|L|56542.58|INR|V-K004|Tanken Kantine Bhopal|KST-PRD-02|SL12|BCHATT
100|1000|PL12|27.09.2023|25.09.2023|5000014044|1|DIESEL001|Diesel|261|1370.93|L|97815.1|INR|V-K003|Verbrauch Kantine Bhopal|KST-FAC-05|SL12|NREDDY
100|1000|PL12|16.09.2023|13.09.2023|5000014045|1|DIESEL001|Diesel|261|502.197|L|34146.17|INR|V-K008||KST-OPS-01|SL12|AKUMAR
100|1000|PL12|09.09.2023|07.09.2023|5000014046|1|DIESEL001|Diesel|261|745.552|L|55013.09|INR|V-K007|Verbrauch Heizung Bhopal|KST-FAC-07|SL12|TLAXMAN
100|1000|PL12|08.09.2023|07.09.2023|5000014047|1|DIESEL001|Dieselkraftstoff|261|974.284|L|70753.58|INR|V-K007|Verbrauch Produktion Bhopal|KST-LOG-02|SL12|MGUPTA
100|1000|PL12|17.09.2023|17.09.2023|5000014048|1|COALFUEL|Steinkohle|261|631.433|KG|7496.8|INR|V-K007|Verbrauch Produktion Bhopal|KST-OPS-03|SL12|DRAO
100|1000|PL12|02.09.2023|30.08.2023|5000014049|1|COALFUEL|Steinkohle|261|927.915|KG|10659.02|INR|V-K010||KST-LOG-01|SL12|TLAXMAN
100|1000|PL12|17.09.2023|15.09.2023|5000014050|1|COALFUEL|Steinkohle|261|433.529|KG|4959.8|INR|V-RELI1|Tanken Wartung Bhopal|KST-LOG-02|SL12|KVELU
100|1000|PL12|15.09.2023|14.09.2023|5000014051|1|LPG00001|Fluessiggas|261|54.5|KG|4657.87|INR|V-K007|Entnahme Wartung Bhopal|KST-FAC-07|SL12|SPRIYA
100|1000|PL12|15.09.2023|14.09.2023|5000014052|1|LPG00001|LPG|261|34.514|KG|3346.46|INR|V-K008|Nutzung Heizung Bhopal|KST-FAC-05|SL12|VMEHTA
100|1000|PL12|07.09.2023|07.09.2023|5000014053|1|LPG00001|LPG|261|42.932|KG|3581.29|INR|V-K003|Verbrauch Heizung Bhopal|KST-OPS-02|SL12|GMISHRA
100|1000|PL12|05.10.2023|03.10.2023|5000014054|1|DIESEL001|Diesel|261|948.288|L|64001.81|INR|V-K002|Entnahme Generator Bhopal|KST-LOG-01|SL12|TLAXMAN
100|1000|PL12|07.10.2023|06.10.2023|5000014055|1|DIESEL001|Diesel|261|519.294|L|36577.55|INR|V-K007|Auffuellung Notstromaggregat Bhopal|KST-FAC-01|SL12|ASAXEN
100|1000|PL12|25.10.2023|24.10.2023|5000014056|1|DIESEL001|Diesel|261|1094.468|L|72932.8|INR|V-IOCL1|Nutzung Produktion Bhopal|KST-FAC-02|SL12|BCHATT
100|1000|PL12|17.10.2023|17.10.2023|5000014057|1|DIESEL001|Dieselkraftstoff|261|1021.048|L|78372.98|INR|V-ESSAR|Auffuellung Produktion Bhopal|KST-LOG-02|SL12|BCHATT
100|1000|PL12|23.10.2023|23.10.2023|5000014058|1|DIESEL001|Diesel|261|558.316|L|37167.47|INR|V-K004|Auffuellung Kantine Bhopal|KST-PRD-01|SL12|DRAO
100|1000|PL12|08.10.2023|06.10.2023|5000014059|1|DIESEL001|Diesel|261|711.365|L|49527.49|INR|V-K001|Nutzung Notstromaggregat Bhopal|KST-FAC-07|SL12|SPRIYA
100|1000|PL12|15.10.2023|14.10.2023|5000014060|1|DIESEL001|Dieselkraftstoff|261|644.633|L|44983.86|INR|V-K002|Verbrauch Fahrzeugflotte Bhopal|KST-FAC-03|SL12|KVELU
100|1000|PL12|01.10.2023|30.09.2023|5000014061|1|COALFUEL|Steinkohle|261|412.219|KG|4838.45|INR|V-RELI1|Nutzung Notstromaggregat Bhopal|KST-PRD-02|SL12|GMISHRA
100|1000|PL12|25.10.2023|22.10.2023|5000014062|1|COALFUEL|Steinkohle|261|1342.024|KG|17127.54|INR|V-RELI1|Tanken Generator Bhopal|KST-FAC-05|SL12|MGUPTA
100|1000|PL12|14.10.2023|14.10.2023|5000014063|1|COALFUEL|Steinkohle|261|1237.841|KG|14849.24|INR|V-K007|Nutzung Generator Bhopal|KST-MNT-01|SL12|TLAXMAN
100|1000|PL12|12.10.2023|10.10.2023|5000014064|1|LPG00001|LPG|261|85.677|KG|7816.32|INR|V-RELI1|Entnahme Produktion Bhopal|KST-FAC-02|SL12|VMEHTA
100|1000|PL12|06.10.2023|05.10.2023|5000014065|1|LPG00001|Fluessiggas|261|37.63|KG|3642.78|INR|V-HPCL1|Nutzung Produktion Bhopal|KST-FAC-01|SL12|AKUMAR
100|1000|PL12|21.10.2023|21.10.2023|5000014066|1|LPG00001|LPG|261|54.122|KG|4643.88|INR|V-K006|Tanken Notstromaggregat Bhopal|KST-LOG-02|SL12|GMISHRA
100|1000|PL12|01.11.2023|30.10.2023|5000014067|1|DIESEL001|Diesel|261|1037.964|L|68910.41|INR|V-K007|Tanken DG-Set Bhopal|KST-OPS-02|SL12|RPANDEY
100|1000|PL12|17.11.2023|14.11.2023|5000014068|1|DIESEL001|Diesel|261|536.933|L|39575.41|INR|V-K001|Nutzung Heizung Bhopal|KST-FAC-05|SL12|NREDDY
100|1000|PL12|27.11.2023|26.11.2023|5000014069|1|DIESEL001|Dieselkraftstoff|261|747.856|L|53335.65|INR|V-K010|Entnahme DG-Set Bhopal|KST-LOG-02|SL12|KVELU
100|1000|PL12|17.11.2023|16.11.2023|5000014070|1|DIESEL001|Dieselkraftstoff|261|1202.732|L|83644.07|INR|V-K006|Tanken Heizung Bhopal|KST-FAC-03|SL12|RJOSHI
100|1000|PL12|24.11.2023|24.11.2023|5000014071|1|DIESEL001|Dieselkraftstoff|261|634.793|L|43969.57|INR|V-K009|Nutzung Generator Bhopal|KST-FAC-05|SL12|TLAXMAN
100|1000|PL12|18.11.2023|16.11.2023|5000014072|1|DIESEL001|Diesel|261|1365.198|L|94233.72|INR|V-K006|Verbrauch Notstromaggregat Bhopal|KST-FAC-07|SL12|VMEHTA
100|1000|PL12|21.11.2023|21.11.2023|5000014073|1|DIESEL001|Diesel|261|728.139|L|52673.36|INR|V-K003|Tanken Produktion Bhopal|KST-OPS-01|SL12|PSINGH
100|1000|PL12|13.11.2023|13.11.2023|5000014074|1|COALFUEL|Steinkohle|261|699.437|KG|7866.91|INR|V-RELI1|Verbrauch Produktion Bhopal|KST-PRD-02|SL12|RPANDEY
100|1000|PL12|02.11.2023|30.10.2023|5000014075|1|COALFUEL|Steinkohle|261|1091.213|KG|12953.69|INR|V-K006|Nutzung Produktion Bhopal|KST-FAC-03|SL12|RJOSHI
100|1000|PL12|21.11.2023|19.11.2023|5000014076|1|COALFUEL|Steinkohle|261|871.019|KG|11106.64|INR|V-K010|Nutzung Kantine Bhopal|KST-FAC-01|SL12|BCHATT
100|1000|PL12|16.11.2023|14.11.2023|5000014077|1|LPG00001|Fluessiggas|261|57.7|KG|5478.27|INR|V-RELI1|Nutzung Wartung Bhopal|KST-OPS-02|SL12|SNEHA
100|1000|PL12|26.11.2023|26.11.2023|5000014078|1|LPG00001|Fluessiggas|261|31.614|KG|3030.32|INR|V-HPCL1|Auffuellung Heizung Bhopal|KST-MNT-01|SL12|KVELU
100|1000|PL12|06.11.2023|06.11.2023|5000014079|1|LPG00001|Fluessiggas|261|34.456|KG|2877.36|INR|V-IOCL1|Verbrauch Generator Bhopal|KST-FAC-01|SL12|SNEHA
100|1000|PL12|26.12.2023|25.12.2023|5000014080|1|DIESEL001|Dieselkraftstoff|261|506.692|L|36699.21|INR|V-K003|Tanken Heizung Bhopal|KST-FAC-07|SL12|PSINGH
100|1000|PL12|10.12.2023|07.12.2023|5000014081|1|DIESEL001|Dieselkraftstoff|261|1220.183|L|83364.54|INR|V-HPCL1|Nutzung Wartung Bhopal|KST-FAC-05|SL12|DRAO
100|1000|PL12|14.12.2023|14.12.2023|5000014082|1|DIESEL001|Diesel|261|1328.147|L|88735.67|INR|V-IOCL1|Nutzung Generator Bhopal|KST-PRD-01|SL12|DRAO
100|1000|PL12|11.12.2023|08.12.2023|5000014083|1|DIESEL001|Diesel|261|1278.643|L|86060.27|INR|V-K009|Auffuellung Notstromaggregat Bhopal|KST-PRD-01|SL12|BCHATT
100|1000|PL12|18.12.2023|18.12.2023|5000014084|1|DIESEL001|Dieselkraftstoff|261|1365.241|L|105636.32|INR|V-ESSAR|Nutzung Generator Bhopal|KST-OPS-02|SL12|BCHATT
100|1000|PL12|12.12.2023|12.12.2023|5000014085|1|DIESEL001|Diesel|261|743.99|L|56897.92|INR|V-K002||KST-OPS-02|SL12|SPRIYA
100|1000|PL12|28.12.2023|25.12.2023|5000014086|1|DIESEL001|Diesel|261|873.523|L|61842.47|INR|V-K005|Auffuellung Heizung Bhopal|KST-PRD-02|SL12|ASAXEN
100|1000|PL12|25.12.2023|22.12.2023|5000014087|1|COALFUEL|Steinkohle|261|947.388|KG|11233.25|INR|V-K006||KST-LOG-02|SL12|TLAXMAN
100|1000|PL12|22.12.2023|21.12.2023|5000014088|1|COALFUEL|Steinkohle|261|709.73|KG|8016.35|INR|V-RELI1|Entnahme Kantine Bhopal|KST-OPS-03|SL12|GMISHRA
100|1000|PL12|17.12.2023|15.12.2023|5000014089|1|COALFUEL|Steinkohle|261|979.142|KG|11396.37|INR|V-K004|Nutzung Fahrzeugflotte Bhopal|KST-FAC-01|SL12|GMISHRA
100|1000|PL12|22.12.2023|20.12.2023|5000014090|1|LPG00001|Fluessiggas|261|42.046|KG|3531.1|INR|V-K004|Tanken Notstromaggregat Bhopal|KST-FAC-05|SL12|DRAO
100|1000|PL12|01.12.2023|30.11.2023|5000014091|1|LPG00001|LPG|261|60.405|KG|5259.96|INR|V-HPCL1|Verbrauch Heizung Bhopal|KST-FAC-07|SL12|PSINGH
100|1000|PL12|25.12.2023|25.12.2023|5000014092|1|LPG00001|LPG|261|75.819|KG|7040.9|INR|V-ESSAR|Auffuellung Kantine Bhopal|KST-FAC-03|SL12|SNEHA
100|1000|PL12|22.01.2024|21.01.2024|5000014093|1|DIESEL001|Dieselkraftstoff|261|693.92|L|48476.08|INR|V-K001|Auffuellung Fahrzeugflotte Bhopal|KST-FAC-07|SL12|MGUPTA
100|1000|PL12|28.01.2024|25.01.2024|5000014094|1|DIESEL001|Dieselkraftstoff|261|1049.072|L|77085.67|INR|V-K007|Nutzung Fahrzeugflotte Bhopal|KST-FAC-07|SL12|DRAO
100|1000|PL12|13.01.2024|13.01.2024|5000014095|1|DIESEL001|Dieselkraftstoff|261|1166.697|L|81701.23|INR|V-K006|Nutzung DG-Set Bhopal|KST-FAC-03|SL12|VMEHTA
100|1000|PL12|10.01.2024|10.01.2024|5000014096|1|DIESEL001|Diesel|261|1329.7|L|94696.62|INR|V-K002|Entnahme Fahrzeugflotte Bhopal|KST-MNT-01|SL12|GMISHRA
100|1000|PL12|27.01.2024|24.01.2024|5000014097|1|DIESEL001|Diesel|261|1046.155|L|72984.37|INR|V-BPCL1|Tanken Produktion Bhopal|KST-MNT-01|SL12|DRAO
100|1000|PL12|13.01.2024|13.01.2024|5000014098|1|DIESEL001|Diesel|261|891.842|L|62975.63|INR|V-K006|Entnahme Wartung Bhopal|KST-FAC-07|SL12|RPANDEY
100|1000|PL12|17.01.2024|15.01.2024|5000014099|1|DIESEL001|Dieselkraftstoff|261|1151.45|L|79815.44|INR|V-K001|Nutzung Produktion Bhopal|KST-OPS-01|SL12|TLAXMAN
100|1000|PL12|16.01.2024|16.01.2024|5000014100|1|COALFUEL|Steinkohle|261|1393.976|KG|16949.52|INR|V-BPCL1|Verbrauch Notstromaggregat Bhopal|KST-FAC-03|SL12|NREDDY
100|1000|PL12|28.01.2024|27.01.2024|5000014101|1|COALFUEL|Steinkohle|261|1003.949|KG|11983.78|INR|V-K002|Nutzung Kantine Bhopal|KST-MNT-01|SL12|ASAXEN
100|1000|PL12|08.01.2024|08.01.2024|5000014102|1|COALFUEL|Steinkohle|261|1310.554|KG|14820.59|INR|V-K004|Nutzung Fahrzeugflotte Bhopal|KST-OPS-01|SL12|NREDDY
100|1000|PL12|15.01.2024|15.01.2024|5000014103|1|LPG00001|LPG|261|73.408|KG|6343.23|INR|V-K001||KST-LOG-03|SL12|GMISHRA
100|1000|PL12|12.01.2024|12.01.2024|5000014104|1|LPG00001|Fluessiggas|261|60.698|KG|5444.82|INR|V-K008|Verbrauch Notstromaggregat Bhopal|KST-MNT-01|SL12|NREDDY
100|1000|PL12|06.01.2024|05.01.2024|5000014105|1|LPG00001|Fluessiggas|261|76.93|KG|6842.52|INR|V-RELI1|Entnahme Fahrzeugflotte Bhopal|KST-OPS-03|SL12|PSINGH
100|1000|PL12|11.02.2024|11.02.2024|5000014106|1|DIESEL001|Diesel|261|917.894|L|64262.97|INR|V-RELI1|Verbrauch Fahrzeugflotte Bhopal|KST-FAC-03|SL12|NREDDY
100|1000|PL12|26.02.2024|24.02.2024|5000014107|1|DIESEL001|Dieselkraftstoff|261|1365.245|L|104409.8|INR|V-K002|Nutzung Wartung Bhopal|KST-LOG-03|SL12|PSINGH
100|1000|PL12|10.02.2024|09.02.2024|5000014108|1|DIESEL001|Diesel|261|553.313|L|37046.23|INR|V-BPCL1|Tanken Produktion Bhopal|KST-OPS-03|SL12|SPRIYA
100|1000|PL12|03.02.2024|01.02.2024|5000014109|1|DIESEL001|Dieselkraftstoff|261|603.009|L|41964.52|INR|V-RELI1|Auffuellung Wartung Bhopal|KST-PRD-01|SL12|AKUMAR
100|1000|PL12|10.02.2024|10.02.2024|5000014110|1|DIESEL001|Dieselkraftstoff|261|1128.322|L|86246.37|INR|V-K007|Nutzung DG-Set Bhopal|KST-LOG-01|SL12|SNEHA
100|1000|PL12|06.02.2024|05.02.2024|5000014111|1|DIESEL001|Diesel|261|683.281|L|50055.92|INR|V-K010|Nutzung DG-Set Bhopal|KST-LOG-02|SL12|DRAO
100|1000|PL12|05.02.2024|03.02.2024|5000014112|1|DIESEL001|Dieselkraftstoff|261|1076.871|L|77362.77|INR|V-K008|Auffuellung Generator Bhopal|KST-FAC-03|SL12|SPRIYA
100|1000|PL12|06.02.2024|04.02.2024|5000014113|1|COALFUEL|Steinkohle|261|622.033|KG|7452.99|INR|V-K001|Tanken DG-Set Bhopal|KST-OPS-02|SL12|PSINGH
100|1000|PL12|05.02.2024|05.02.2024|5000014114|1|COALFUEL|Steinkohle|261|646.949|KG|8011.6|INR|V-K004|Auffuellung DG-Set Bhopal|KST-PRD-02|SL12|NREDDY
100|1000|PL12|03.02.2024|01.02.2024|5000014115|1|COALFUEL|Steinkohle|261|1210.803|KG|15210.23|INR|V-K006|Nutzung Heizung Bhopal|KST-PRD-02|SL12|KVELU
100|1000|PL12|20.02.2024|17.02.2024|5000014116|1|LPG00001|Fluessiggas|261|63.716|KG|5413.95|INR|V-K010|Verbrauch Produktion Bhopal|KST-FAC-01|SL12|ASAXEN
100|1000|PL12|06.02.2024|06.02.2024|5000014117|1|LPG00001|LPG|261|33.79|KG|3277.09|INR|V-RELI1|Nutzung DG-Set Bhopal|KST-PRD-02|SL12|RJOSHI
100|1000|PL12|24.02.2024|22.02.2024|5000014118|1|LPG00001|LPG|261|36.12|KG|3396.18|INR|V-K009|Tanken Heizung Bhopal|KST-LOG-03|SL12|RJOSHI
100|1000|PL12|27.03.2024|27.03.2024|5000014119|1|DIESEL001|Dieselkraftstoff|261|661.56|L|44887.79|INR|V-K002|Entnahme Heizung Bhopal|KST-OPS-02|SL12|SNEHA
100|1000|PL12|05.03.2024|04.03.2024|5000014120|1|DIESEL001|Dieselkraftstoff|261|999.938|L|67373.1|INR|V-K007|Entnahme DG-Set Bhopal|KST-FAC-01|SL12|ASAXEN
100|1000|PL12|04.03.2024|02.03.2024|5000014121|1|DIESEL001|Diesel|261|787.486|L|53128.34|INR|V-K002|Nutzung Notstromaggregat Bhopal|KST-LOG-02|SL12|ASAXEN
100|1000|PL12|16.03.2024|16.03.2024|5000014122|1|DIESEL001|Dieselkraftstoff|261|1111.095|L|83346.7|INR|V-K009|Verbrauch Wartung Bhopal|KST-OPS-03|SL12|VMEHTA
100|1000|PL12|07.03.2024|05.03.2024|5000014123|1|DIESEL001|Diesel|261|1213.787|L|89916.24|INR|V-RELI1|Tanken Fahrzeugflotte Bhopal|KST-LOG-02|SL12|BCHATT
100|1000|PL12|28.03.2024|26.03.2024|5000014124|1|DIESEL001|Diesel|261|574.578|L|39224.94|INR|V-K005|Nutzung Notstromaggregat Bhopal|KST-FAC-03|SL12|DRAO
100|1000|PL12|14.03.2024|13.03.2024|5000014125|1|DIESEL001|Diesel|261|505.937|L|34767.93|INR|V-IOCL1||KST-FAC-01|SL12|TLAXMAN
100|1000|PL12|20.03.2024|17.03.2024|5000014126|1|COALFUEL|Steinkohle|261|1059.678|KG|12678.91|INR|V-K010|Nutzung Heizung Bhopal|KST-LOG-02|SL12|GMISHRA
100|1000|PL12|22.03.2024|22.03.2024|5000014127|1|COALFUEL|Steinkohle|261|1375.608|KG|15953.69|INR|V-K008|Verbrauch Generator Bhopal|KST-FAC-05|SL12|VMEHTA
100|1000|PL12|20.03.2024|20.03.2024|5000014128|1|COALFUEL|Steinkohle|261|556.222|KG|6500.43|INR|V-K009|Entnahme Heizung Bhopal|KST-FAC-05|SL12|KVELU
100|1000|PL12|11.03.2024|10.03.2024|5000014129|1|LPG00001|Fluessiggas|261|39.949|KG|3382.89|INR|V-K007|Nutzung Produktion Bhopal|KST-FAC-05|SL12|GMISHRA
100|1000|PL12|27.03.2024|25.03.2024|5000014130|1|LPG00001|Fluessiggas|261|34.176|KG|3279.48|INR|V-K007|Tanken Kantine Bhopal|KST-MNT-01|SL12|DRAO
100|1000|PL12|23.03.2024|21.03.2024|5000014131|1|LPG00001|LPG|261|42.405|KG|3756.96|INR|V-BPCL1||KST-OPS-02|SL12|PSINGH
100|1000|PL12|12.04.2024|09.04.2024|5000014132|1|DIESEL001|Diesel|261|559.755|L|38399.49|INR|V-K003|Tanken Produktion Bhopal|KST-FAC-03|SL12|SPRIYA
100|1000|PL12|18.04.2024|15.04.2024|5000014133|1|DIESEL001|Diesel|261|1047.113|L|79827.0|INR|V-K003|Auffuellung Produktion Bhopal|KST-OPS-02|SL12|PSINGH
100|1000|PL12|06.04.2024|06.04.2024|5000014134|1|DIESEL001|Dieselkraftstoff|261|811.055|L|62442.81|INR|V-IOCL1|Nutzung Generator Bhopal|KST-OPS-01|SL12|KVELU
100|1000|PL12|18.04.2024|18.04.2024|5000014135|1|DIESEL001|Diesel|261|542.976|L|41400.95|INR|V-K010|Auffuellung Generator Bhopal|KST-FAC-03|SL12|AKUMAR
100|1000|PL12|10.04.2024|10.04.2024|5000014136|1|DIESEL001|Diesel|261|1208.802|L|80269.66|INR|V-K005|Verbrauch Wartung Bhopal|KST-LOG-03|SL12|SPRIYA
100|1000|PL12|08.04.2024|05.04.2024|5000014137|1|DIESEL001|Diesel|261|564.947|L|42653.02|INR|V-BPCL1|Nutzung DG-Set Bhopal|KST-PRD-01|SL12|VMEHTA
100|1000|PL12|10.04.2024|08.04.2024|5000014138|1|DIESEL001|Dieselkraftstoff|261|1039.732|L|69028.89|INR|V-K009|Auffuellung DG-Set Bhopal|KST-FAC-07|SL12|AKUMAR
100|1000|PL12|12.04.2024|11.04.2024|5000014139|1|COALFUEL|Steinkohle|261|980.715|KG|12005.35|INR|V-K007|Nutzung Generator Bhopal|KST-MNT-01|SL12|MGUPTA
100|1000|PL12|18.04.2024|18.04.2024|5000014140|1|COALFUEL|Steinkohle|261|567.654|KG|7105.27|INR|V-ESSAR|Tanken Notstromaggregat Bhopal|KST-PRD-02|SL12|SNEHA
100|1000|PL12|01.04.2024|31.03.2024|5000014141|1|COALFUEL|Steinkohle|261|1068.779|KG|13003.71|INR|V-K004|Auffuellung Generator Bhopal|KST-MNT-01|SL12|DRAO
100|1000|PL12|03.04.2024|31.03.2024|5000014142|1|LPG00001|LPG|261|68.964|KG|6147.04|INR|V-ESSAR|Entnahme Fahrzeugflotte Bhopal|KST-FAC-01|SL12|PSINGH
100|1000|PL12|18.04.2024|15.04.2024|5000014143|1|LPG00001|Fluessiggas|261|48.503|KG|4342.72|INR|V-K008|Entnahme Generator Bhopal|KST-PRD-02|SL12|SNEHA
100|1000|PL12|16.04.2024|15.04.2024|5000014144|1|LPG00001|Fluessiggas|261|71.079|KG|6131.12|INR|V-RELI1|Nutzung Wartung Bhopal|KST-FAC-03|SL12|SNEHA
100|1000|PL12|09.05.2024|06.05.2024|5000014145|1|DIESEL001|Diesel|261|1324.581|L|101839.11|INR|V-K006|Verbrauch Kantine Bhopal|KST-LOG-02|SL12|AKUMAR
100|1000|PL12|18.05.2024|16.05.2024|5000014146|1|DIESEL001|Dieselkraftstoff|261|626.914|L|42953.12|INR|V-K001|Verbrauch Kantine Bhopal|KST-MNT-01|SL12|TLAXMAN
100|1000|PL12|23.05.2024|23.05.2024|5000014147|1|DIESEL001|Dieselkraftstoff|261|568.467|L|41850.33|INR|V-K007|Entnahme Kantine Bhopal|KST-FAC-07|SL12|GMISHRA
100|1000|PL12|14.05.2024|13.05.2024|5000014148|1|DIESEL001|Diesel|261|575.122|L|40248.15|INR|V-K003|Verbrauch Kantine Bhopal|KST-OPS-03|SL12|PSINGH
100|1000|PL12|17.05.2024|15.05.2024|5000014149|1|DIESEL001|Dieselkraftstoff|261|1241.482|L|93137.34|INR|V-K010|Entnahme Notstromaggregat Bhopal|KST-FAC-05|SL12|ASAXEN
100|1000|PL12|11.05.2024|10.05.2024|5000014150|1|DIESEL001|Dieselkraftstoff|261|811.873|KG|59459.57|INR|V-K005|Verbrauch Heizung Bhopal|KST-FAC-05|SL12|RJOSHI
100|1000|PL12|23.05.2024|23.05.2024|5000014151|1|DIESEL001|Diesel|261|752.801|L|52131.51|INR|V-ESSAR||KST-FAC-03|SL12|SPRIYA
100|1000|PL12|13.05.2024|12.05.2024|5000014152|1|COALFUEL|Steinkohle|261||KG||INR|V-K002|Auffuellung DG-Set Bhopal|KST-OPS-02|SL12|VMEHTA
100|1000|PL12|13.05.2024|10.05.2024|5000014153|1|COALFUEL|Steinkohle|261|1303.246|KG|15132.48|INR|V-K002|Auffuellung Produktion Bhopal|KST-MNT-01|SL12|SNEHA
100|1000|PL12|10.05.2024|09.05.2024|5000014154|1|COALFUEL|Steinkohle|261|935.093|KG|12018.96|INR|V-K008|Verbrauch Wartung Bhopal|KST-FAC-02|SL12|NREDDY
100|1000|PL12|20.05.2024|17.05.2024|5000014155|1|LPG00001|Fluessiggas|261|30.286|KG|2809.0|INR|V-K010|Nutzung DG-Set Bhopal|KST-LOG-01|SL12|KVELU
100|1000|PL12|26.05.2024|26.05.2024|5000014156|1|LPG00001|LPG|261|30.07|KG|2670.37|INR|V-K010|Nutzung Kantine Bhopal|KST-OPS-02|SL12|GMISHRA
100|1000|PL12|20.05.2024|20.05.2024|5000014157|1|LPG00001|LPG|261|37.178|KG|3268.22|INR|V-BPCL1|Auffuellung Produktion Bhopal|KST-PRD-02|SL12|RJOSHI
100|1000|PL12|23.06.2024|22.06.2024|5000014158|1|DIESEL001|Diesel|261|526.324|L|40203.45|INR|V-K008|Tanken Kantine Bhopal|KST-FAC-03|SL12|TLAXMAN
100|1000|PL12|25.06.2024|25.06.2024|5000014159|1|DIESEL001|Dieselkraftstoff|261|1009.049|L|67652.35|INR|V-K010|Auffuellung Notstromaggregat Bhopal|KST-FAC-01|SL12|RPANDEY
100|1000|PL12|17.06.2024|17.06.2024|5000014160|1|DIESEL001|Diesel|261|1217.17|L|88596.09|INR|V-ESSAR|Entnahme Generator Bhopal|KST-FAC-01|SL12|KVELU
100|1000|PL12|03.06.2024|02.06.2024|5000014161|1|DIESEL001|Dieselkraftstoff|261|623.587|L|47279.08|INR|V-RELI1|Auffuellung Produktion Bhopal|KST-LOG-03|SL12|MGUPTA
100|1000|PL12|23.06.2024|23.06.2024|5000014162|1|DIESEL001|Dieselkraftstoff|261|1033.286|L|79782.17|INR|V-K001|Nutzung DG-Set Bhopal|KST-FAC-01|SL12|KVELU
100|1000|PL12|08.06.2024|07.06.2024|5000014163|1|DIESEL001|Diesel|261|560.857|L|43336.4|INR|V-K010|Verbrauch Notstromaggregat Bhopal|KST-PRD-02|SL12|SPRIYA
100|1000|PL12|20.06.2024|19.06.2024|5000014164|1|DIESEL001|Diesel|261|996.165|L|77235.44|INR|V-K004|Auffuellung DG-Set Bhopal|KST-OPS-01|SL12|GMISHRA
100|1000|PL12|05.06.2024|02.06.2024|5000014165|1|COALFUEL|Steinkohle|261|761.938|KG|9415.8|INR|V-K008||KST-FAC-01|SL12|VMEHTA
100|1000|PL12|13.06.2024|12.06.2024|5000014166|1|COALFUEL|Steinkohle|261|820.337|KG|10121.15|INR|V-K005|Tanken Notstromaggregat Bhopal|KST-LOG-02|SL12|KVELU
100|1000|PL12|05.06.2024|05.06.2024|5000014166|1|COALFUEL|Steinkohle|261|1327.261|KG|14813.38|INR|V-K005|Tanken Kantine Bhopal|KST-LOG-03|SL12|PSINGH
100|1000|PL12|03.06.2024|03.06.2024|5000014168|1|LPG00001|Fluessiggas|261|72.045|KG|6578.33|INR|V-IOCL1|Auffuellung Produktion Bhopal|KST-OPS-01|SL12|DRAO
100|1000|PL12|02.06.2024|31.05.2024|5000014169|1|LPG00001|LPG|261|44.343|KG|3953.21|INR|V-K010|Verbrauch Kantine Bhopal|KST-LOG-03|SL12|MGUPTA
100|1000|PL12|21.06.2024|19.06.2024|5000014170|1|LPG00001|Fluessiggas|261|77.771|KG|7194.45|INR|V-K007|Tanken Produktion Bhopal|KST-OPS-03|SL12|KVELU
100|1000|PL12|28.07.2024|28.07.2024|5000014171|1|DIESEL001|Diesel|261|709.379|L|47837.25|INR|V-BPCL1|Auffuellung Generator Bhopal|KST-FAC-07|SL12|DRAO
100|1000|PL12|02.07.2024|01.07.2024|5000014172|1|DIESEL001|Diesel|261|869.831|L|61770.04|INR|V-K002|Nutzung Heizung Bhopal|KST-FAC-03|SL12|BCHATT
100|1000|PL12|17.07.2024|15.07.2024|5000014173|1|DIESEL001|Dieselkraftstoff|261|1222.227|L|87902.75|INR|V-K007|Entnahme Wartung Bhopal|KST-PRD-02|SL12|VMEHTA
100|1000|PL12|27.07.2024|25.07.2024|5000014174|1|DIESEL001|Diesel|261|595.751|L|44161.18|INR|V-K002|Nutzung Generator Bhopal|KST-OPS-01|SL12|KVELU
100|1000|PL12|11.07.2024|09.07.2024|5000014175|1|DIESEL001|Dieselkraftstoff|261|1255.152|L|90741.85|INR|V-K001|Verbrauch Heizung Bhopal|KST-FAC-02|SL12|AKUMAR
100|1000|PL12|25.07.2024|23.07.2024|5000014176|1|DIESEL001|Dieselkraftstoff|261|1300.997|L|95051.34|INR|V-K010|Tanken Generator Bhopal|KST-OPS-02|SL12|RJOSHI
100|1000|PL12|28.07.2024|27.07.2024|5000014177|1|DIESEL001|Dieselkraftstoff|261|802.937|L|53941.15|INR|V-K001|Nutzung DG-Set Bhopal|KST-FAC-07|SL12|SNEHA
100|1000|PL12|15.07.2024|13.07.2024|5000014178|1|COALFUEL|Steinkohle|261|963.843|KG|11491.87|INR|V-K010|Verbrauch Kantine Bhopal|KST-MNT-01|SL12|PSINGH
100|1000|PL12|16.07.2024|13.07.2024|5000014179|1|COALFUEL|Steinkohle|261|782.894|KG|9617.8|INR|V-K008|Nutzung Fahrzeugflotte Bhopal|KST-OPS-01|SL12|PSINGH
100|1000|PL12|06.07.2024|05.07.2024|5000014180|1|COALFUEL|Steinkohle|261|637.128|KG|7886.82|INR|V-IOCL1|Auffuellung Heizung Bhopal|KST-MNT-01|SL12|RPANDEY
100|1000|PL12|01.07.2024|29.06.2024|5000014181|1|LPG00001|LPG|261|48.548|KG|4392.06|INR|V-K006|Nutzung Fahrzeugflotte Bhopal|KST-FAC-05|SL12|TLAXMAN
100|1000|PL12|25.07.2024|25.07.2024|5000014182|1|LPG00001|Fluessiggas|261|65.445|KG|6097.47|INR|V-K006|Nutzung Produktion Bhopal|KST-OPS-01|SL12|RJOSHI
100|1000|PL12|03.07.2024|03.07.2024|5000014183|1|LPG00001|Fluessiggas|261|67.777|KG|6044.59|INR|V-K008|Tanken Wartung Bhopal|KST-FAC-05|SL12|RJOSHI
100|1000|PL12|22.08.2024|19.08.2024|5000014184|1|DIESEL001|Diesel|261|1269.324|L|94171.39|INR|V-IOCL1|Verbrauch Kantine Bhopal|KST-LOG-02|SL12|RJOSHI
100|1000|PL12|25.08.2024|25.08.2024|5000014185|1|DIESEL001|Dieselkraftstoff|261|981.098|L|71818.64|INR|V-ESSAR|Entnahme DG-Set Bhopal|KST-OPS-01|SL12|VMEHTA
100|1000|PL12|28.08.2024|26.08.2024|5000014186|1|DIESEL001|Diesel|261|1180.432|L|88946.67|INR|V-K004|Nutzung Generator Bhopal|KST-FAC-05|SL12|NREDDY
100|1000|PL12|14.08.2024|14.08.2024|5000014187|1|DIESEL001|Diesel|261|1025.792|L|79199.93|INR|V-RELI1|Tanken Generator Bhopal|KST-OPS-02|SL12|PSINGH
100|1000|PL12|15.08.2024|15.08.2024|5000014188|1|DIESEL001|Diesel|261|881.13|L|67721.59|INR|V-K002|Nutzung Heizung Bhopal|KST-LOG-01|SL12|BCHATT
100|1000|PL12|27.08.2024|25.08.2024|5000014189|1|DIESEL001|Diesel|261|1153.981|L|85150.01|INR|V-K001|Entnahme Generator Bhopal|KST-MNT-01|SL12|KVELU
100|1000|PL12|27.08.2024|26.08.2024|5000014190|1|DIESEL001|Diesel|261|785.867|L|55533.15|INR|V-IOCL1|Entnahme Notstromaggregat Bhopal|KST-FAC-03|SL12|GMISHRA
100|1000|PL12|04.08.2024|02.08.2024|5000014191|1|COALFUEL|Steinkohle|261|1250.365|KG|16135.44|INR|V-ESSAR|Tanken Produktion Bhopal|KST-OPS-01|SL12|SPRIYA
100|1000|PL12|21.08.2024|20.08.2024|5000014192|1|COALFUEL|Steinkohle|261|1026.646|KG|12496.53|INR|V-K007|Auffuellung DG-Set Bhopal|KST-FAC-03|SL12|SNEHA
100|1000|PL12|12.08.2024|09.08.2024|5000014193|1|COALFUEL|Steinkohle|261||KG||INR|V-ESSAR|Nutzung Kantine Bhopal|KST-FAC-01|SL12|PSINGH
100|1000|PL12|18.08.2024|18.08.2024|5000014194|1|LPG00001|LPG|261|33.935|KG|3181.2|INR|V-K004|Verbrauch Kantine Bhopal|KST-OPS-01|SL12|KVELU
100|1000|PL12|05.08.2024|04.08.2024|5000014195|1|LPG00001|LPG|261|62.411|KG|5910.14|INR|V-K002|Nutzung Heizung Bhopal|KST-FAC-01|SL12|BCHATT
100|1000|PL12|01.08.2024|01.08.2024|5000014196|1|LPG00001|LPG|261|30.441|KG|2929.19|INR|V-K005|Nutzung Fahrzeugflotte Bhopal|KST-PRD-01|SL12|ASAXEN
100|1000|PL12|04.09.2024|02.09.2024|5000014197|1|DIESEL001|Dieselkraftstoff|261|1288.074|L|96240.01|INR|V-K009|Nutzung Fahrzeugflotte Bhopal|KST-OPS-01|SL12|SPRIYA
100|1000|PL12|20.09.2024|18.09.2024|5000014198|1|DIESEL001|Dieselkraftstoff|261|628.718|L|46973.03|INR|V-K004|Nutzung Generator Bhopal|KST-LOG-02|SL12|GMISHRA
100|1000|PL12|17.09.2024|16.09.2024|5000014199|1|DIESEL001|Diesel|261|1292.803|L|93689.2|INR|V-ESSAR|Verbrauch Wartung Bhopal|KST-OPS-02|SL12|GMISHRA
100|1000|PL12|15.09.2024|12.09.2024|5000014200|1|DIESEL001|Dieselkraftstoff|261|909.875|L|63606.26|INR|V-IOCL1|Verbrauch Wartung Bhopal|KST-PRD-01|SL12|TLAXMAN
100|1000|PL12|20.09.2024|20.09.2024|5000014201|1|DIESEL001|Diesel|261|1269.148|L|93316.13|INR|V-BPCL1|Tanken DG-Set Bhopal|KST-LOG-03|SL12|AKUMAR
100|1000|PL12|09.09.2024|07.09.2024|5000014202|1|DIESEL001|Dieselkraftstoff|261|1215.432|L|87123.44|INR|V-HPCL1|Tanken Produktion Bhopal|KST-FAC-03|SL12|SPRIYA
100|1000|PL12|14.09.2024|13.09.2024|5000014203|1|DIESEL001|Diesel|261|765.763|L|51432.93|INR|V-BPCL1|Nutzung Wartung Bhopal|KST-PRD-01|SL12|ASAXEN
100|1000|PL12|15.09.2024|13.09.2024|5000014204|1|COALFUEL|Steinkohle|261|511.565|KG|5758.57|INR|V-K001|Tanken Kantine Bhopal|KST-FAC-02|SL12|SPRIYA
100|1000|PL12|06.09.2024|06.09.2024|5000014205|1|COALFUEL|Steinkohle|261|664.836|KG|8380.83|INR|V-K004|Tanken Kantine Bhopal|KST-PRD-01|SL12|MGUPTA
100|1000|PL12|01.09.2024|30.08.2024|5000014206|1|COALFUEL|Steinkohle|261|594.589|KG|7063.68|INR|V-RELI1|Entnahme DG-Set Bhopal|KST-PRD-02|SL12|SPRIYA
100|1000|PL12|16.09.2024|15.09.2024|5000014207|1|LPG00001|Fluessiggas|261|32.845|KG|2725.01|INR|V-K005|Verbrauch DG-Set Bhopal|KST-LOG-03|SL12|GMISHRA
100|1000|PL12|27.09.2024|27.09.2024|5000014208|1|LPG00001|Fluessiggas|261|81.917|KG|7131.79|INR|V-K002|Verbrauch Fahrzeugflotte Bhopal|KST-FAC-07|SL12|SPRIYA
100|1000|PL12|26.09.2024|23.09.2024|5000014209|1|LPG00001|Fluessiggas|261|64.374|KG|6136.99|INR|V-IOCL1|Nutzung Kantine Bhopal|KST-PRD-02|SL12|NREDDY
100|1000|PL12|13.10.2024|10.10.2024|5000014210|1|DIESEL001|Diesel|261||L||INR|V-HPCL1|Auffuellung Wartung Bhopal|KST-FAC-01|SL12|RJOSHI
100|1000|PL12|24.10.2024|23.10.2024|5000014211|1|DIESEL001|Diesel|261|934.194|L|62623.16|INR|V-K010|Auffuellung Notstromaggregat Bhopal|KST-OPS-03|SL12|RJOSHI
100|1000|PL12|25.10.2024|23.10.2024|5000014212|1|DIESEL001|Diesel|261|520.975|L|39101.59|INR|V-K007|Entnahme Heizung Bhopal|KST-MNT-01|SL12|ASAXEN
100|1000|PL12|02.10.2024|30.09.2024|5000014213|1|DIESEL001|Diesel|261|1306.38|L|93063.15|INR|V-K003|Auffuellung DG-Set Bhopal|KST-OPS-03|SL12|RJOSHI
100|1000|PL12|27.10.2024|26.10.2024|5000014214|1|DIESEL001|Dieselkraftstoff|261|788.38|L|53289.7|INR|V-K007||KST-PRD-01|SL12|BCHATT
100|1000|PL12|22.10.2024|19.10.2024|5000014215|1|DIESEL001|Dieselkraftstoff|261|504.329|L|34293.67|INR|V-K010|Verbrauch Notstromaggregat Bhopal|KST-MNT-01|SL12|PSINGH
100|1000|PL12|16.10.2024|14.10.2024|5000014216|1|DIESEL001|Diesel|261|942.38|L|65365.03|INR|V-K006|Tanken Kantine Bhopal|KST-MNT-01|SL12|PSINGH
100|1000|PL12|17.10.2024|15.10.2024|5000014217|1|COALFUEL|Steinkohle|261|860.427|KG|10497.47|INR|V-ESSAR|Auffuellung Wartung Bhopal|KST-FAC-07|SL12|SPRIYA
100|1000|PL12|26.10.2024|24.10.2024|5000014218|1|COALFUEL|Steinkohle|261|1144.421|KG|13451.18|INR|V-HPCL1|Verbrauch Notstromaggregat Bhopal|KST-LOG-02|SL12|BCHATT
100|1000|PL12|19.10.2024|18.10.2024|5000014219|1|COALFUEL|Steinkohle|261|824.511|KG|10444.18|INR|V-K006|Verbrauch Notstromaggregat Bhopal|KST-FAC-05|SL12|AKUMAR
100|1000|PL12|07.10.2024|05.10.2024|5000014220|1|LPG00001|Fluessiggas|261|35.189|KG|3182.36|INR|V-K002|Entnahme Notstromaggregat Bhopal|KST-FAC-02|SL12|VMEHTA
100|1000|PL12|15.10.2024|13.10.2024|5000014221|1|LPG00001|LPG|261|86.446|KG|7884.94|INR|V-K001|Entnahme DG-Set Bhopal|KST-OPS-02|SL12|PSINGH
100|1000|PL12|16.10.2024|13.10.2024|5000014222|1|LPG00001|LPG|261|88.118|KG|8142.99|INR|V-K007|Auffuellung DG-Set Bhopal|KST-LOG-03|SL12|SPRIYA
100|1000|PL12|01.11.2024|30.10.2024|5000014223|1|DIESEL001|Dieselkraftstoff|261|1098.211|L|78700.07|INR|V-K003|Auffuellung Wartung Bhopal|KST-OPS-02|SL12|ASAXEN
100|1000|PL12|11.11.2024|11.11.2024|5000014224|1|DIESEL001|Diesel|261|1271.801|L|89315.43|INR|V-ESSAR|Nutzung DG-Set Bhopal|KST-LOG-03|SL12|AKUMAR
100|1000|PL12|21.11.2024|18.11.2024|5000014225|1|DIESEL001|Dieselkraftstoff|261|978.482|L|69663.56|INR|V-K002|Entnahme Fahrzeugflotte Bhopal|KST-LOG-03|SL12|RPANDEY
100|1000|PL12|26.11.2024|26.11.2024|5000014226|1|DIESEL001|Diesel|261|512.669|L|36025.9|INR|V-K001|Auffuellung DG-Set Bhopal|KST-MNT-01|SL12|AKUMAR
100|1000|PL12|06.11.2024|03.11.2024|5000014227|1|DIESEL001|Diesel|261|570.062|L|44294.47|INR|V-K003|Nutzung Produktion Bhopal|KST-LOG-03|SL12|BCHATT
100|1000|PL12|23.11.2024|20.11.2024|5000014228|1|DIESEL001|Diesel|261|1369.398|L|93795.49|INR|V-K004|Verbrauch DG-Set Bhopal|KST-OPS-01|SL12|SNEHA
100|1000|PL12|26.11.2024|23.11.2024|5000014229|1|DIESEL001|Dieselkraftstoff|261|574.288|L|41351.95|INR|V-K005|Nutzung Kantine Bhopal|KST-LOG-01|SL12|TLAXMAN
100|1000|PL12|15.11.2024|13.11.2024|5000014230|1|COALFUEL|Steinkohle|261|795.9|KG|9163.57|INR|V-K009|Tanken Heizung Bhopal|KST-FAC-01|SL12|SNEHA
100|1000|PL12|05.11.2024|05.11.2024|5000014231|1|COALFUEL|Steinkohle|261|857.482|KG|10662.52|INR|V-K006|Nutzung Kantine Bhopal|KST-LOG-01|SL12|TLAXMAN
100|1000|PL12|13.11.2024|10.11.2024|5000014232|1|COALFUEL|Steinkohle|261|552.03|KG|6574.71|INR|V-K006|Verbrauch Notstromaggregat Bhopal|KST-OPS-03|SL12|GMISHRA
100|1000|PL12|02.11.2024|01.11.2024|5000014233|1|LPG00001|LPG|261|84.886|KG|7774.39|INR|V-K010|Entnahme Wartung Bhopal|KST-OPS-01|SL12|BCHATT
100|1000|PL12|27.11.2024|27.11.2024|5000014234|1|LPG00001|LPG|261|58.042|KG|4851.56|INR|V-K007|Auffuellung Notstromaggregat Bhopal|KST-FAC-05|SL12|VMEHTA
100|1000|PL12|06.11.2024|04.11.2024|5000014235|1|LPG00001|LPG|261|75.549|KG|7298.59|INR|V-K009|Tanken DG-Set Bhopal|KST-FAC-02|SL12|NREDDY
100|1000|PL12|15.12.2024|13.12.2024|5000014236|1|DIESEL001|Dieselkraftstoff|261|1116.929|L|81562.65|INR|V-K003|Tanken Produktion Bhopal|KST-OPS-03|SL12|RJOSHI
100|1000|PL12|21.12.2024|21.12.2024|5000014237|1|DIESEL001|Dieselkraftstoff|261|1080.886|L|72572.44|INR|V-K006|Entnahme Produktion Bhopal|KST-MNT-01|SL12|VMEHTA
100|1000|PL12|06.12.2024|05.12.2024|5000014238|1|DIESEL001|Diesel|261|507.066|L|38609.39|INR|V-K002|Verbrauch DG-Set Bhopal|KST-OPS-01|SL12|TLAXMAN
100|1000|PL12|06.12.2024|03.12.2024|5000014239|1|DIESEL001|Dieselkraftstoff|261|928.229|L|70814.29|INR|V-K003|Nutzung Kantine Bhopal|KST-FAC-07|SL12|GMISHRA
100|1000|PL12|14.12.2024|12.12.2024|5000014240|1|DIESEL001|Dieselkraftstoff|261|569.865|L|43035.8|INR|V-K004|Auffuellung Heizung Bhopal|KST-LOG-03|SL12|MGUPTA
100|1000|PL12|15.12.2024|12.12.2024|5000014241|1|DIESEL001|Diesel|261|712.508|L|51694.41|INR|V-K007|Auffuellung Wartung Bhopal|KST-PRD-01|SL12|RPANDEY
100|1000|PL12|18.12.2024|17.12.2024|5000014242|1|DIESEL001|Dieselkraftstoff|261|744.292|L|50469.64|INR|V-K006|Nutzung Heizung Bhopal|KST-LOG-01|SL12|DRAO
100|1000|PL12|24.12.2024|23.12.2024|5000014243|1|COALFUEL|Steinkohle|261|423.056|KG|4887.6|INR|V-K006|Entnahme Fahrzeugflotte Bhopal|KST-OPS-01|SL12|SPRIYA
100|1000|PL12|15.12.2024|12.12.2024|5000014244|1|COALFUEL|Steinkohle|261|1325.814|KG|16922.0|INR|V-RELI1|Entnahme Generator Bhopal|KST-FAC-03|SL12|SPRIYA
100|1000|PL12|04.12.2024|03.12.2024|5000014245|1|COALFUEL|Steinkohle|261|811.25|KG|10505.97|INR|V-K004||KST-LOG-03|SL12|AKUMAR
100|1000|PL12|10.12.2024|09.12.2024|5000014246|1|LPG00001|LPG|261|78.26|KG|7297.2|INR|V-K005|Nutzung Heizung Bhopal|KST-LOG-01|SL12|GMISHRA
100|1000|PL12|23.12.2024|23.12.2024|5000014247|1|LPG00001|Fluessiggas|261||KG||INR|V-K006|Entnahme Heizung Bhopal|KST-PRD-01|SL12|MGUPTA
100|1000|PL12|22.12.2024|21.12.2024|5000014248|1|LPG00001|LPG|261|50.998|KG|4583.12|INR|V-K005|Verbrauch Heizung Bhopal|KST-OPS-02|SL12|SNEHA
