account_number,meter_id,consumer_name,site_name,city,state,discom,tariff_category,tariff_code,billing_period_start,billing_period_end,billing_days,opening_reading_kwh,closing_reading_kwh,consumption_kwh,maximum_demand_kw,power_factor,supply_voltage_kv,sanctioned_load_kva,tod_peak_kwh,tod_offpeak_kwh,fixed_charges_inr,energy_charges_inr,demand_charges_inr,tod_charges_inr,fuel_adjustment_inr,electricity_duty_inr,total_amount_inr,due_date,payment_status
ACC-MH-001,MTR-MH-44210,Acme Technologies Pvt Ltd,Mumbai HQ Floor 1-5,Mumbai,Maharashtra,MSEDCL,High Tension,HT-2A,2023-01-01,2023-01-31,31,261800,298518,36718,151.2,0.9,11,500,14295,22423,22000,257811.84,52920.0,4288.5,9179.5,27965.87,374165.71,2023-02-15,PAID
ACC-MH-001,MTR-MH-44210,Acme Technologies Pvt Ltd,Mumbai HQ Floor 1-5,Mumbai,Maharashtra,MSEDCL,High Tension,HT-2A,2023-02-01,2023-02-28,28,298518,332597,34079,152.1,0.9,11,500,14673,19406,22000,246670.34,53235.0,4401.9,8519.75,26991.48,361818.47,2023-03-15,PAID
ACC-MH-001,MTR-MH-44210,Acme Technologies Pvt Ltd,Mumbai HQ Floor 1-5,Mumbai,Maharashtra,MSEDCL,High Tension,HT-2A,2023-03-01,2023-03-31,31,332597,387370,54773,182.1,0.93,11,500,21500,33273,22000,395948.94,63735.0,6450.0,13693.25,41371.55,543198.74,2023-04-15,PAID
ACC-MH-001,MTR-MH-44210,Acme Technologies Pvt Ltd,Mumbai HQ Floor 1-5,Mumbai,Maharashtra,MSEDCL,High Tension,HT-2A,2023-04-01,2023-04-30,30,387370,432784,45414,187.3,0.88,11,500,19031,26383,22000,325513.43,65555.0,5709.3,11353.5,35196.16,465327.39,2023-05-15,PAID
ACC-MH-001,MTR-MH-44210,Acme Technologies Pvt Ltd,Mumbai HQ Floor 1-5,Mumbai,Maharashtra,MSEDCL,High Tension,HT-2A,2023-05-01,2023-05-31,31,432784,483410,50626,181.3,0.93,11,500,19420,31206,22000,356396.33,63455.0,5826.0,12656.5,37786.62,498120.45,2023-06-15,PAID
ACC-MH-001,MTR-MH-44210,Acme Technologies Pvt Ltd,Mumbai HQ Floor 1-5,Mumbai,Maharashtra,MSEDCL,High Tension,HT-2A,2023-06-01,2023-06-30,30,483410,533105,49695,218.0,0.9,11,500,20635,29060,22000,350848.78,76300.0,6190.5,12423.75,38443.39,506206.42,2023-07-15,PAID
ACC-MH-001,MTR-MH-44210,Acme Technologies Pvt Ltd,Mumbai HQ Floor 1-5,Mumbai,Maharashtra,MSEDCL,High Tension,HT-2A,2023-07-01,2023-07-31,31,533105,572230,39125,173.0,0.94,11,500,15259,23866,22000,283684.14,60550.0,4577.7,9781.25,30981.07,411574.16,2023-08-15,PAID
ACC-MH-001,MTR-MH-44210,Acme Technologies Pvt Ltd,Mumbai HQ Floor 1-5,Mumbai,Maharashtra,MSEDCL,High Tension,HT-2A,2023-08-01,2023-08-31,31,572230,615960,43730,174.5,0.94,11,500,17973,25757,22000,315715.01,61075.0,5391.9,10932.5,33911.1,449025.51,2023-09-15,PAID
ACC-MH-001,MTR-MH-44210,Acme Technologies Pvt Ltd,Mumbai HQ Floor 1-5,Mumbai,Maharashtra,MSEDCL,High Tension,HT-2A,2023-09-01,2023-09-30,30,615960,655632,39672,137.9,0.95,11,500,17070,22602,22000,290418.99,48265.0,5121.0,9918.0,30481.56,406204.55,2023-10-15,PAID
ACC-MH-001,MTR-MH-44210,Acme Technologies Pvt Ltd,Mumbai HQ Floor 1-5,Mumbai,Maharashtra,MSEDCL,High Tension,HT-2A,2023-10-01,2023-10-31,31,655632,693789,38157,155.2,0.98,11,500,15594,22563,22000,281721.75,54320.0,4678.2,9539.25,30243.76,402502.96,2023-11-15,PAID
ACC-MH-001,MTR-MH-44210,Acme Technologies Pvt Ltd,Mumbai HQ Floor 1-5,Mumbai,Maharashtra,MSEDCL,High Tension,HT-2A,2023-11-01,2023-11-30,30,693789,729175,35386,138.3,,11,500,14343,21043,22000,257505.2,48405.0,4302.9,8846.5,27531.92,368591.52,2023-12-15,PAID
ACC-MH-001,MTR-MH-44210,Acme Technologies Pvt Ltd,Mumbai HQ Floor 1-5,Mumbai,Maharashtra,MSEDCL,High Tension,HT-2A,2023-12-01,2023-12-31,31,729175,765500,36325,142.8,0.91,11,500,15869,20456,22000,259750.12,49980.0,4760.7,9081.25,27875.71,373447.78,2024-01-15,PAID
ACC-MH-001,MTR-MH-44210,Acme Technologies Pvt Ltd,Mumbai HQ Floor 1-5,Mumbai,Maharashtra,MSEDCL,High Tension,HT-2A,2024-01-01,2024-01-31,31,765500,799105,33605,142.6,0.97,11,500,14583,19022,22000,238039.36,49910.0,4374.9,8401.25,25915.44,348640.95,2024-02-15,PAID
ACC-MH-001,MTR-MH-44210,Acme Technologies Pvt Ltd,Mumbai HQ Floor 1-5,Mumbai,Maharashtra,MSEDCL,High Tension,HT-2A,2024-02-01,2024-02-29,29,799105,833328,34223,154.5,0.91,11,500,14835,19388,22000,249533.17,54075.0,4450.5,8555.75,27324.74,365939.16,2024-03-15,PAID
ACC-MH-001,MTR-MH-44210,Acme Technologies Pvt Ltd,Mumbai HQ Floor 1-5,Mumbai,Maharashtra,MSEDCL,High Tension,HT-2A,2024-03-01,2024-03-31,31,833328,889281,55953,215.8,0.92,11,500,24817,31136,22000,392459.95,75530.0,7445.1,13988.25,42119.1,553542.4,2024-04-15,PAID
ACC-MH-001,MTR-MH-44210,Acme Technologies Pvt Ltd,Mumbai HQ Floor 1-5,Mumbai,Maharashtra,MSEDCL,High Tension,HT-2A,2024-04-01,2024-04-30,30,889281,939404,50123,177.8,0.97,11,500,20559,29564,22000,356357.55,62230.0,6167.7,12530.75,37672.88,496958.88,2024-05-15,PAID
ACC-MH-001,MTR-MH-44210,Acme Technologies Pvt Ltd,Mumbai HQ Floor 1-5,Mumbai,Maharashtra,MSEDCL,High Tension,HT-2A,2024-05-01,2024-05-31,31,939404,988340,48936,205.5,0.97,11,500,20715,28221,22000,356880.69,71925.0,6214.5,12234.0,38592.51,507846.7,2024-06-15,PAID
ACC-MH-001,MTR-MH-44210,Acme Technologies Pvt Ltd,Mumbai HQ Floor 1-5,Mumbai,Maharashtra,MSEDCL,High Tension,HT-2A,2024-06-01,2024-06-30,30,988340,1032744,44404,189.3,0.91,11,500,19517,24887,22000,327215.48,66255.0,5855.1,11101.0,35412.34,467838.92,2024-07-15,PAID
ACC-MH-001,MTR-MH-44210,Acme Technologies Pvt Ltd,Mumbai HQ Floor 1-5,Mumbai,Maharashtra,MSEDCL,High Tension,HT-2A,2024-07-01,2024-07-31,31,1032744,1071846,39102,165.7,,11,500,15976,23126,22000,287645.14,57995.0,4792.8,9775.5,31107.61,413316.05,2024-08-15,PAID
ACC-MH-001,MTR-MH-44210,Acme Technologies Pvt Ltd,Mumbai HQ Floor 1-5,Mumbai,Maharashtra,MSEDCL,High Tension,HT-2A,2024-08-01,2024-08-31,31,1071846,1108897,37051,156.5,0.97,11,500,16617,20434,22000,274617.43,54775.0,4985.1,9262.75,29645.32,395285.6,2024-09-15,PAID
ACC-MH-001,MTR-MH-44210,Acme Technologies Pvt Ltd,Mumbai HQ Floor 1-5,Mumbai,Maharashtra,MSEDCL,High Tension,HT-2A,2024-09-01,2024-09-30,30,1108897,1146536,37639,169.6,0.92,11,500,15779,21860,22000,273049.19,59360.0,4733.7,9409.75,29916.83,398469.47,2024-10-15,PAID
ACC-MH-001,MTR-MH-44210,Acme Technologies Pvt Ltd,Mumbai HQ Floor 1-5,Mumbai,Maharashtra,MSEDCL,High Tension,HT-2A,2024-10-01,2024-10-31,31,1146536,1186394,39858,,0.98,11,500,17396,22462,22000,279669.51,,5218.8,9964.5,30644.96,408327.77,2024-11-15,PAID
ACC-MH-001,MTR-MH-44210,Acme Technologies Pvt Ltd,Mumbai HQ Floor 1-5,Mumbai,Maharashtra,MSEDCL,High Tension,HT-2A,2024-11-01,2024-11-30,30,1186394,1228465,42071,152.2,0.95,11,500,17680,24391,22000,297349.82,53270.0,5304.0,10517.75,31555.78,419997.35,2024-12-15,OVERDUE
ACC-MH-001,MTR-MH-44210,Acme Technologies Pvt Ltd,Mumbai HQ Floor 1-5,Mumbai,Maharashtra,MSEDCL,High Tension,HT-2A,2024-12-01,2024-12-31,31,1228465,1263292,34827,145.9,0.89,11,500,13553,21274,22000,249950.21,51065.0,4065.9,8706.75,27091.37,362879.23,2025-01-15,PENDING
ACC-MH-001,MTR-MH-44211,Acme Technologies Pvt Ltd,Mumbai HQ Floor 6-10,Mumbai,Maharashtra,MSEDCL,High Tension,HT-2A,2023-01-01,2023-01-31,31,424888,448146,23258,92.0,0.91,11,300,9770,13488,22000,171373.73,32200.0,2931.0,5814.5,18321.64,252640.87,2023-02-15,PAID
ACC-MH-001,MTR-MH-44211,Acme Technologies Pvt Ltd,Mumbai HQ Floor 6-10,Mumbai,Maharashtra,MSEDCL,High Tension,HT-2A,2023-02-01,2023-02-28,28,448146,473220,25074,108.2,0.97,11,300,10364,14710,22000,176952.64,37870.0,3109.2,6268.5,19334.04,265534.38,2023-03-15,PAID
ACC-MH-001,MTR-MH-44211,Acme Technologies Pvt Ltd,Mumbai HQ Floor 6-10,Mumbai,Maharashtra,MSEDCL,High Tension,HT-2A,2023-03-01,2023-03-31,31,473220,502912,29692,125.3,0.93,11,300,11981,17711,22000,216780.41,43855.0,3594.3,7423.0,23457.19,317109.9,2023-04-15,PAID
ACC-MH-001,MTR-MH-44211,Acme Technologies Pvt Ltd,Mumbai HQ Floor 6-10,Mumbai,Maharashtra,MSEDCL,High Tension,HT-2A,2023-04-01,2023-04-30,30,502912,537181,34269,,0.9,11,300,14433,19836,22000,240037.72,,4329.9,8567.25,25638.54,345408.41,2023-05-15,PAID
ACC-MH-001,MTR-MH-44211,Acme Technologies Pvt Ltd,Mumbai HQ Floor 6-10,Mumbai,Maharashtra,MSEDCL,High Tension,HT-2A,2023-05-01,2023-05-31,31,537181,572842,35661,119.6,0.92,11,300,15287,20374,22000,255491.59,41860.0,4586.1,8915.25,26761.64,359614.58,2023-06-15,PAID
ACC-MH-001,MTR-MH-44211,Acme Technologies Pvt Ltd,Mumbai HQ Floor 6-10,Mumbai,Maharashtra,MSEDCL,High Tension,HT-2A,2023-06-01,2023-06-30,30,572842,604632,31790,126.5,0.94,11,300,12521,19269,22000,229698.27,44275.0,3756.3,7947.5,24657.59,332334.66,2023-07-15,PAID
ACC-MH-001,MTR-MH-44211,Acme Technologies Pvt Ltd,Mumbai HQ Floor 6-10,Mumbai,Maharashtra,MSEDCL,High Tension,HT-2A,2023-07-01,2023-07-31,31,604632,628560,23928,108.5,0.95,11,300,10475,13453,22000,168665.73,37975.0,3142.5,5982.0,18597.67,256362.9,2023-08-15,PAID
ACC-MH-001,MTR-MH-44211,Acme Technologies Pvt Ltd,Mumbai HQ Floor 6-10,Mumbai,Maharashtra,MSEDCL,High Tension,HT-2A,2023-08-01,2023-08-31,31,628560,653031,24471,113.6,0.95,11,300,10352,14119,22000,178945.64,39760.0,3105.6,6117.75,19683.51,269612.5,2023-09-15,PAID
ACC-MH-001,MTR-MH-44211,Acme Technologies Pvt Ltd,Mumbai HQ Floor 6-10,Mumbai,Maharashtra,MSEDCL,High Tension,HT-2A,2023-09-01,2023-09-30,30,653031,678625,25594,107.1,0.9,11,300,10047,15547,22000,179977.28,37485.0,3014.1,6398.5,19571.61,268446.49,2023-10-15,PAID
ACC-MH-001,MTR-MH-44211,Acme Technologies Pvt Ltd,Mumbai HQ Floor 6-10,Mumbai,Maharashtra,MSEDCL,High Tension,HT-2A,2023-10-01,2023-10-31,31,678625,703349,24724,105.8,0.95,11,300,9563,15161,22000,181162.09,37030.0,2868.9,6181.0,19637.29,268879.28,2023-11-15,PAID
ACC-MH-001,MTR-MH-44211,Acme Technologies Pvt Ltd,Mumbai HQ Floor 6-10,Mumbai,Maharashtra,MSEDCL,High Tension,HT-2A,2023-11-01,2023-11-30,30,703349,730812,27463,87.7,0.96,11,300,12119,15344,22000,201750.48,30695.0,3635.7,6865.75,20920.09,285867.02,2023-12-15,PAID
ACC-MH-001,MTR-MH-44211,Acme Technologies Pvt Ltd,Mumbai HQ Floor 6-10,Mumbai,Maharashtra,MSEDCL,High Tension,HT-2A,2023-12-01,2023-12-31,31,730812,753264,22452,95.7,0.91,11,300,8781,13671,22000,165957.42,33495.0,2634.3,5613.0,17950.72,247650.44,2024-01-15,PAID
ACC-MH-001,MTR-MH-44211,Acme Technologies Pvt Ltd,Mumbai HQ Floor 6-10,Mumbai,Maharashtra,MSEDCL,High Tension,HT-2A,2024-01-01,2024-01-31,31,753264,776188,22924,96.5,0.89,11,300,9279,13645,22000,166107.29,33775.0,2783.7,5731.0,17989.41,248386.4,2024-02-15,PAID
ACC-MH-001,MTR-MH-44211,Acme Technologies Pvt Ltd,Mumbai HQ Floor 6-10,Mumbai,Maharashtra,MSEDCL,High Tension,HT-2A,2024-02-01,2024-02-29,29,776188,803378,27190,86.6,,11,300,11494,15696,22000,196331.53,30310.0,3448.2,6797.5,20397.74,279284.97,2024-03-15,PAID
ACC-MH-001,MTR-MH-44211,Acme Technologies Pvt Ltd,Mumbai HQ Floor 6-10,Mumbai,Maharashtra,MSEDCL,High Tension,HT-2A,2024-03-01,2024-03-31,31,803378,835275,31897,127.7,0.93,11,300,14133,17764,22000,225908.02,44695.0,4239.9,7974.25,24354.27,329171.44,2024-04-15,PAID
ACC-MH-001,MTR-MH-44211,Acme Technologies Pvt Ltd,Mumbai HQ Floor 6-10,Mumbai,Maharashtra,MSEDCL,High Tension,HT-2A,2024-04-01,2024-04-30,30,835275,870067,34792,,0.94,11,300,14280,20512,22000,251487.8,,4284.0,8698.0,26404.45,354769.25,2024-05-15,PAID
ACC-MH-001,MTR-MH-44211,Acme Technologies Pvt Ltd,Mumbai HQ Floor 6-10,Mumbai,Maharashtra,MSEDCL,High Tension,HT-2A,2024-05-01,2024-05-31,31,870067,901084,31017,124.3,,11,300,12339,18678,22000,224391.05,43505.0,3701.7,7754.25,24110.64,325462.64,2024-06-15,PAID
ACC-MH-001,MTR-MH-44211,Acme Technologies Pvt Ltd,Mumbai HQ Floor 6-10,Mumbai,Maharashtra,MSEDCL,High Tension,HT-2A,2024-06-01,2024-06-30,30,901084,934708,33624,145.7,0.98,11,300,12951,20673,22000,243374.36,50995.0,3885.3,8406.0,26493.24,355153.9,2024-07-15,PAID
ACC-MH-001,MTR-MH-44211,Acme Technologies Pvt Ltd,Mumbai HQ Floor 6-10,Mumbai,Maharashtra,MSEDCL,High Tension,HT-2A,2024-07-01,2024-07-31,31,934708,958697,23989,103.8,0.9,11,300,10078,13911,22000,169698.86,36330.0,3023.4,5997.25,18542.6,255592.11,2024-08-15,PAID
ACC-MH-001,MTR-MH-44211,Acme Technologies Pvt Ltd,Mumbai HQ Floor 6-10,Mumbai,Maharashtra,MSEDCL,High Tension,HT-2A,2024-08-01,2024-08-31,31,958697,987216,28519,94.0,0.95,11,300,11333,17186,22000,209536.77,32900.0,3399.9,7129.75,21819.31,296785.73,2024-09-15,PAID
ACC-MH-001,MTR-MH-44211,Acme Technologies Pvt Ltd,Mumbai HQ Floor 6-10,Mumbai,Maharashtra,MSEDCL,High Tension,HT-2A,2024-09-01,2024-09-30,30,987216,1013845,26629,113.6,0.93,11,300,10557,16072,22000,192010.53,39760.0,3167.1,6657.25,20859.35,284454.23,2024-10-15,PAID
ACC-MH-001,MTR-MH-44211,Acme Technologies Pvt Ltd,Mumbai HQ Floor 6-10,Mumbai,Maharashtra,MSEDCL,High Tension,HT-2A,2024-10-01,2024-10-31,31,1013845,1038972,25127,102.2,,11,300,10136,14991,22000,177539.5,35770.0,3040.8,6281.75,19197.85,263829.9,2024-11-15,PAID
ACC-MH-001,MTR-MH-44211,Acme Technologies Pvt Ltd,Mumbai HQ Floor 6-10,Mumbai,Maharashtra,MSEDCL,High Tension,HT-2A,2024-11-01,2024-11-30,30,1038972,1061524,22552,90.5,0.88,11,300,9032,13520,22000,160116.36,31675.0,2709.6,5638.0,17261.22,239400.18,2024-12-15,PAID
ACC-MH-001,MTR-MH-44211,Acme Technologies Pvt Ltd,Mumbai HQ Floor 6-10,Mumbai,Maharashtra,MSEDCL,High Tension,HT-2A,2024-12-01,2024-12-31,31,1061524,1085905,24381,89.7,0.92,11,300,10454,13927,22000,175868.2,31395.0,3136.2,6095.25,18653.69,257148.34,2025-01-15,PENDING
ACC-MH-002,MTR-MH-55610,Acme Technologies Pvt Ltd,Pune Manufacturing Plant A,Pune,Maharashtra,MSEDCL,High Tension,HT-3A,2023-01-01,2023-01-31,31,236095,316087,79992,342.7,0.96,33,1000,32522,47470,35000,571064.29,119945.0,9756.6,19998.0,62190.84,817954.73,2023-02-15,PAID
ACC-MH-002,MTR-MH-55610,Acme Technologies Pvt Ltd,Pune Manufacturing Plant A,Pune,Maharashtra,MSEDCL,High Tension,HT-3A,2023-02-01,2023-02-28,28,316087,407328,91241,292.5,0.9,33,1000,36090,55151,35000,661693.93,102375.0,10827.0,22810.25,68766.2,901472.38,2023-03-15,PAID
ACC-MH-002,MTR-MH-55610,Acme Technologies Pvt Ltd,Pune Manufacturing Plant A,Pune,Maharashtra,MSEDCL,High Tension,HT-3A,2023-02-01,2023-02-28,28,316087,407328,91241,292.5,0.9,33,1000,36090,55151,35000,661693.93,102375.0,10827.0,22810.25,68766.2,901472.38,2023-03-15,PAID
ACC-MH-002,MTR-MH-55610,Acme Technologies Pvt Ltd,Pune Manufacturing Plant A,Pune,Maharashtra,MSEDCL,High Tension,HT-3A,2023-03-01,2023-03-31,31,407328,510766,103438,437.3,0.95,33,1000,46349,57089,35000,738934.04,153055.0,13904.7,25859.5,80279.01,1047032.25,2023-04-15,PAID
ACC-MH-002,MTR-MH-55610,Acme Technologies Pvt Ltd,Pune Manufacturing Plant A,Pune,Maharashtra,MSEDCL,High Tension,HT-3A,2023-04-01,2023-04-30,30,510766,635828,125062,417.6,0.95,33,1000,54601,70461,35000,888196.97,146160.0,16380.3,31265.5,93092.13,1210094.9,2023-05-15,PAID
ACC-MH-002,MTR-MH-55610,Acme Technologies Pvt Ltd,Pune Manufacturing Plant A,Pune,Maharashtra,MSEDCL,High Tension,HT-3A,2023-05-01,2023-05-31,31,635828,745069,109241,399.3,0.97,33,1000,46263,62978,35000,774411.74,139755.0,13878.9,27310.25,82275.01,1072630.9,2023-06-15,PAID
ACC-MH-002,MTR-MH-55610,Acme Technologies Pvt Ltd,Pune Manufacturing Plant A,Pune,Maharashtra,MSEDCL,High Tension,HT-3A,2023-06-01,2023-06-30,30,745069,865737,120668,396.5,0.92,33,1000,52085,68583,35000,857461.13,138775.0,15625.5,30167.0,89661.25,1166689.88,2023-07-15,PAID
ACC-MH-002,MTR-MH-55610,Acme Technologies Pvt Ltd,Pune Manufacturing Plant A,Pune,Maharashtra,MSEDCL,High Tension,HT-3A,2023-07-01,2023-07-31,31,865737,954380,88643,390.7,0.91,33,1000,39867,48776,35000,642249.4,136745.0,11960.1,22160.75,70109.5,918224.75,2023-08-15,PAID
ACC-MH-002,MTR-MH-55610,Acme Technologies Pvt Ltd,Pune Manufacturing Plant A,Pune,Maharashtra,MSEDCL,High Tension,HT-3A,2023-08-01,2023-08-31,31,954380,1040006,85626,376.8,0.89,33,1000,38084,47542,35000,614797.17,131880.0,11425.2,21406.5,67200.95,881709.82,2023-09-15,PAID
ACC-MH-002,MTR-MH-55610,Acme Technologies Pvt Ltd,Pune Manufacturing Plant A,Pune,Maharashtra,MSEDCL,High Tension,HT-3A,2023-09-01,2023-09-30,30,1040006,1119856,79850,357.7,0.94,33,1000,35164,44686,35000,564308.33,125195.0,10549.2,19962.5,62055.3,817070.33,2023-10-15,PAID
ACC-MH-002,MTR-MH-55610,Acme Technologies Pvt Ltd,Pune Manufacturing Plant A,Pune,Maharashtra,MSEDCL,High Tension,HT-3A,2023-10-01,2023-10-31,31,1119856,1203903,84047,,0.9,33,1000,35867,48180,35000,623049.49,,10760.1,21011.75,68639.8,898076.14,2023-11-15,PAID
ACC-MH-002,MTR-MH-55610,Acme Technologies Pvt Ltd,Pune Manufacturing Plant A,Pune,Maharashtra,MSEDCL,High Tension,HT-3A,2023-11-01,2023-11-30,30,1203903,1285030,81127,362.3,0.96,33,1000,34751,46376,35000,601578.79,126805.0,10425.3,20281.75,65554.54,859645.38,2023-12-15,PAID
ACC-MH-002,MTR-MH-55610,Acme Technologies Pvt Ltd,Pune Manufacturing Plant A,Pune,Maharashtra,MSEDCL,High Tension,HT-3A,2023-12-01,2023-12-31,31,1285030,1375696,90666,323.7,0.89,33,1000,36160,54506,35000,653828.71,113295.0,10848.0,22666.5,69041.13,904679.34,2024-01-15,PAID
ACC-MH-002,MTR-MH-55610,Acme Technologies Pvt Ltd,Pune Manufacturing Plant A,Pune,Maharashtra,MSEDCL,High Tension,HT-3A,2024-01-01,2024-01-31,31,1375696,1456561,80865,301.3,0.95,33,1000,35418,45447,35000,573522.97,105455.0,10625.4,20216.25,61108.02,805927.64,2024-02-15,PAID
ACC-MH-002,MTR-MH-55610,Acme Technologies Pvt Ltd,Pune Manufacturing Plant A,Pune,Maharashtra,MSEDCL,High Tension,HT-3A,2024-02-01,2024-02-29,29,1456561,1536264,79703,375.9,0.96,33,1000,31998,47705,35000,572066.91,131565.0,9599.4,19925.75,63326.87,831483.93,2024-03-15,PAID
ACC-MH-002,MTR-MH-55610,Acme Technologies Pvt Ltd,Pune Manufacturing Plant A,Pune,Maharashtra,MSEDCL,High Tension,HT-3A,2024-03-01,2024-03-31,31,1536264,1640661,104397,425.1,0.89,33,1000,43343,61054,35000,756784.09,148785.0,13002.9,26099.25,81501.22,1061172.46,2024-04-15,PAID
ACC-MH-002,MTR-MH-55610,Acme Technologies Pvt Ltd,Pune Manufacturing Plant A,Pune,Maharashtra,MSEDCL,High Tension,HT-3A,2024-04-01,2024-04-30,30,1640661,1762359,121698,452.9,,33,1000,52936,68762,35000,870944.58,158515.0,15880.8,30424.5,92651.36,1203416.24,2024-05-15,PAID
ACC-MH-002,MTR-MH-55610,Acme Technologies Pvt Ltd,Pune Manufacturing Plant A,Pune,Maharashtra,MSEDCL,High Tension,HT-3A,2024-05-01,2024-05-31,31,1762359,1875207,112848,397.1,0.9,33,1000,50254,62594,35000,825994.04,138985.0,15076.2,28212.0,86848.11,1130115.35,2024-06-15,PAID
ACC-MH-002,MTR-MH-55610,Acme Technologies Pvt Ltd,Pune Manufacturing Plant A,Pune,Maharashtra,MSEDCL,High Tension,HT-3A,2024-06-01,2024-06-30,30,1875207,1994900,119693,407.3,,33,1000,50855,68838,35000,840537.74,142555.0,15256.5,29923.25,88478.35,1151750.84,2024-07-15,PAID
ACC-MH-002,MTR-MH-55610,Acme Technologies Pvt Ltd,Pune Manufacturing Plant A,Pune,Maharashtra,MSEDCL,High Tension,HT-3A,2024-07-01,2024-07-31,31,1994900,2080770,85870,337.1,0.88,33,1000,36530,49340,35000,608994.08,117985.0,10959.0,21467.5,65428.12,859833.7,2024-08-15,PAID
ACC-MH-002,MTR-MH-55610,Acme Technologies Pvt Ltd,Pune Manufacturing Plant A,Pune,Maharashtra,MSEDCL,High Tension,HT-3A,2024-08-01,2024-08-31,31,2080770,2161122,80352,336.2,0.97,33,1000,35839,44513,35000,592902.86,117670.0,10751.7,20088.0,63951.56,840364.12,2024-09-15,PAID
ACC-MH-002,MTR-MH-55610,Acme Technologies Pvt Ltd,Pune Manufacturing Plant A,Pune,Maharashtra,MSEDCL,High Tension,HT-3A,2024-09-01,2024-09-30,30,2161122,2253643,92521,371.7,0.98,33,1000,39068,53453,35000,668444.75,130095.0,11720.4,23130.25,71868.58,940258.98,2024-10-15,PAID
ACC-MH-002,MTR-MH-55610,Acme Technologies Pvt Ltd,Pune Manufacturing Plant A,Pune,Maharashtra,MSEDCL,High Tension,HT-3A,2024-10-01,2024-10-31,31,2253643,2337711,84068,380.6,0.91,33,1000,32701,51367,35000,588793.96,133210.0,9810.3,21017.0,64980.36,852811.62,2024-11-15,PAID
ACC-MH-002,MTR-MH-55610,Acme Technologies Pvt Ltd,Pune Manufacturing Plant A,Pune,Maharashtra,MSEDCL,High Tension,HT-3A,2024-11-01,2024-11-30,30,2337711,2430065,92354,305.5,0.91,33,1000,41270,51084,35000,672478.81,106925.0,12381.0,23088.5,70146.34,920019.65,2024-12-15,PAID
ACC-MH-002,MTR-MH-55610,Acme Technologies Pvt Ltd,Pune Manufacturing Plant A,Pune,Maharashtra,MSEDCL,High Tension,HT-3A,2024-12-01,2024-12-31,31,2430065,2518350,88285,294.1,0.94,33,1000,36483,51802,35000,632934.0,102935.0,10944.9,22071.25,66228.21,870113.36,2025-01-15,PENDING
ACC-MH-002,MTR-MH-55611,Acme Technologies Pvt Ltd,Pune Manufacturing Plant B,Pune,Maharashtra,MSEDCL,High Tension,HT-3A,2023-01-01,2023-01-31,31,486597,553998,67401,223.9,0.97,33,750,30244,37157,35000,480970.3,78365.0,9073.2,16850.25,50340.18,670598.93,2023-02-15,PAID
ACC-MH-002,MTR-MH-55611,Acme Technologies Pvt Ltd,Pune Manufacturing Plant B,Pune,Maharashtra,MSEDCL,High Tension,HT-3A,2023-02-01,2023-02-28,28,553998,613255,59257,227.3,0.9,33,750,23033,36224,35000,430851.66,79555.0,6909.9,14814.25,45936.6,613067.41,2023-03-15,PAID
ACC-MH-002,MTR-MH-55611,Acme Technologies Pvt Ltd,Pune Manufacturing Plant B,Pune,Maharashtra,MSEDCL,High Tension,HT-3A,2023-03-01,2023-03-31,31,613255,687588,74333,331.9,0.98,33,750,28921,45412,35000,550292.58,116165.0,8676.3,18583.25,59981.18,788698.31,2023-04-15,PAID
ACC-MH-002,MTR-MH-55611,Acme Technologies Pvt Ltd,Pune Manufacturing Plant B,Pune,Maharashtra,MSEDCL,High Tension,HT-3A,2023-04-01,2023-04-30,30,687588,770130,82542,321.1,0.89,33,750,33742,48800,35000,596171.14,112385.0,10122.6,20635.5,63770.05,838084.29,2023-05-15,PAID
ACC-MH-002,MTR-MH-55611,Acme Technologies Pvt Ltd,Pune Manufacturing Plant B,Pune,Maharashtra,MSEDCL,High Tension,HT-3A,2023-05-01,2023-05-31,31,770130,858342,88212,305.6,0.97,33,750,34931,53281,35000,640889.4,106960.0,10479.3,22053.0,67306.45,882688.15,2023-06-15,PAID
ACC-MH-002,MTR-MH-55611,Acme Technologies Pvt Ltd,Pune Manufacturing Plant B,Pune,Maharashtra,MSEDCL,High Tension,HT-3A,2023-06-01,2023-06-30,30,858342,949515,91173,287.8,0.96,33,750,35092,56081,35000,650736.51,100730.0,10527.6,22793.25,67631.99,887419.35,2023-07-15,PAID
ACC-MH-002,MTR-MH-55611,Acme Technologies Pvt Ltd,Pune Manufacturing Plant B,Pune,Maharashtra,MSEDCL,High Tension,HT-3A,2023-07-01,2023-07-31,31,949515,1011871,62356,267.5,0.98,33,750,23977,38379,35000,457804.47,93625.0,7193.1,15589.0,49628.65,658840.22,2023-08-15,PAID
ACC-MH-002,MTR-MH-55611,Acme Technologies Pvt Ltd,Pune Manufacturing Plant B,Pune,Maharashtra,MSEDCL,High Tension,HT-3A,2023-08-01,2023-08-31,31,1011871,1078692,66821,268.9,0.93,33,750,28751,38070,35000,472931.14,94115.0,8625.3,16705.25,51034.15,678410.84,2023-09-15,PAID
ACC-MH-002,MTR-MH-55611,Acme Technologies Pvt Ltd,Pune Manufacturing Plant B,Pune,Maharashtra,MSEDCL,High Tension,HT-3A,2023-09-01,2023-09-30,30,1078692,1142229,63537,277.0,0.98,33,750,28221,35316,35000,458819.99,96950.0,8466.3,15884.25,50019.3,665139.84,2023-10-15,PAID
ACC-MH-002,MTR-MH-55611,Acme Technologies Pvt Ltd,Pune Manufacturing Plant B,Pune,Maharashtra,MSEDCL,High Tension,HT-3A,2023-10-01,2023-10-31,31,1142229,1213857,71628,233.4,0.89,33,750,27382,44246,35000,507959.99,81690.0,8214.6,17907.0,53068.5,703840.09,2023-11-15,PAID
ACC-MH-002,MTR-MH-55611,Acme Technologies Pvt Ltd,Pune Manufacturing Plant B,Pune,Maharashtra,MSEDCL,High Tension,HT-3A,2023-11-01,2023-11-30,30,1213857,1278939,65082,,0.91,33,750,28790,36292,35000,473971.26,,8637.0,16270.5,49760.66,662564.42,2023-12-15,PAID
ACC-MH-002,MTR-MH-55611,Acme Technologies Pvt Ltd,Pune Manufacturing Plant B,Pune,Maharashtra,MSEDCL,High Tension,HT-3A,2023-12-01,2023-12-31,31,1278939,1340672,61733,220.4,0.92,33,750,26383,35350,35000,435878.4,77140.0,7914.9,15433.25,46171.66,617538.21,2024-01-15,PAID
ACC-MH-002,MTR-MH-55611,Acme Technologies Pvt Ltd,Pune Manufacturing Plant B,Pune,Maharashtra,MSEDCL,High Tension,HT-3A,2024-01-01,2024-01-31,31,1340672,1400586,59914,268.6,0.98,33,750,24039,35875,35000,418442.25,94010.0,7211.7,14978.5,46120.7,615763.15,2024-02-15,PAID
ACC-MH-002,MTR-MH-55611,Acme Technologies Pvt Ltd,Pune Manufacturing Plant B,Pune,Maharashtra,MSEDCL,High Tension,HT-3A,2024-02-01,2024-02-29,29,1400586,1457847,57261,263.4,0.97,33,750,24614,32647,35000,400350.83,92190.0,7384.2,14315.25,44328.67,593568.95,2024-03-15,PAID
ACC-MH-002,MTR-MH-55611,Acme Technologies Pvt Ltd,Pune Manufacturing Plant B,Pune,Maharashtra,MSEDCL,High Tension,HT-3A,2024-03-01,2024-03-31,31,1457847,1537360,79513,310.2,0.97,33,750,32300,47213,35000,561017.96,108570.0,9690.0,19878.25,60262.92,794419.13,2024-04-15,PAID
ACC-MH-002,MTR-MH-55611,Acme Technologies Pvt Ltd,Pune Manufacturing Plant B,Pune,Maharashtra,MSEDCL,High Tension,HT-3A,2024-04-01,2024-04-30,30,1537360,1625606,88246,328.8,0.95,33,750,34629,53617,35000,637917.38,115080.0,10388.7,22061.5,67769.76,888217.34,2024-05-15,PAID
ACC-MH-002,MTR-MH-55611,Acme Technologies Pvt Ltd,Pune Manufacturing Plant B,Pune,Maharashtra,MSEDCL,High Tension,HT-3A,2024-05-01,2024-05-31,31,1625606,1710498,84892,290.0,0.98,33,750,33519,51373,35000,597202.74,101500.0,10055.7,21223.0,62883.25,827864.69,2024-06-15,PAID
ACC-MH-002,MTR-MH-55611,Acme Technologies Pvt Ltd,Pune Manufacturing Plant B,Pune,Maharashtra,MSEDCL,High Tension,HT-3A,2024-06-01,2024-06-30,30,1710498,1792724,82226,304.2,0.9,33,750,31616,50610,35000,582217.6,106470.0,9484.8,20556.5,61981.88,815710.78,2024-07-15,PAID
ACC-MH-002,MTR-MH-55611,Acme Technologies Pvt Ltd,Pune Manufacturing Plant B,Pune,Maharashtra,MSEDCL,High Tension,HT-3A,2024-07-01,2024-07-31,31,1792724,1852002,59278,235.4,0.92,33,750,26484,32794,35000,422733.19,82390.0,7945.2,14819.5,45461.09,608348.98,2024-08-15,PAID
ACC-MH-002,MTR-MH-55611,Acme Technologies Pvt Ltd,Pune Manufacturing Plant B,Pune,Maharashtra,MSEDCL,High Tension,HT-3A,2024-08-01,2024-08-31,31,1852002,1916148,64146,233.5,0.98,33,750,26341,37805,35000,462007.66,81725.0,7902.3,16036.5,48935.94,651607.4,2024-09-15,PAID
ACC-MH-002,MTR-MH-55611,Acme Technologies Pvt Ltd,Pune Manufacturing Plant B,Pune,Maharashtra,MSEDCL,High Tension,HT-3A,2024-09-01,2024-09-30,30,1916148,1979642,63494,276.0,0.92,33,750,25359,38135,35000,469796.51,96600.0,7607.7,15873.5,50975.69,675853.4,2024-10-15,PAID
ACC-MH-002,MTR-MH-55611,Acme Technologies Pvt Ltd,Pune Manufacturing Plant B,Pune,Maharashtra,MSEDCL,High Tension,HT-3A,2024-10-01,2024-10-31,31,1979642,2050761,71119,240.4,0.93,33,750,29236,41883,35000,502326.34,84140.0,8770.8,17779.75,52781.97,700798.86,2024-11-15,PAID
ACC-MH-002,MTR-MH-55611,Acme Technologies Pvt Ltd,Pune Manufacturing Plant B,Pune,Maharashtra,MSEDCL,High Tension,HT-3A,2024-11-01,2024-11-30,30,2050761,2112486,61725,245.7,0.96,33,750,25546,36179,35000,456818.44,85995.0,7663.8,15431.25,48853.21,649761.7,2024-12-15,PAID
ACC-MH-002,MTR-MH-55611,Acme Technologies Pvt Ltd,Pune Manufacturing Plant B,Pune,Maharashtra,MSEDCL,High Tension,HT-3A,2024-12-01,2024-12-31,31,2112486,2166512,54026,234.8,0.97,33,750,23663,30363,35000,394334.3,82180.0,7098.9,13506.5,42886.29,575005.99,2025-01-15,PENDING
ACC-KA-003,MTR-KA-88320,Acme Technologies Pvt Ltd,Bangalore Tech Park Tower 1,Bengaluru,Karnataka,BESCOM,High Tension,HT-2,2023-01-01,2023-01-31,31,337205,365519,28314,113.5,0.96,11,400,12479,15835,18000,207423.86,43130.0,3743.7,7078.5,22549.85,301925.91,2023-02-15,PAID
ACC-KA-003,MTR-KA-88320,Acme Technologies Pvt Ltd,Bangalore Tech Park Tower 1,Bengaluru,Karnataka,BESCOM,High Tension,HT-2,2023-02-01,2023-02-28,28,365519,396195,30676,105.2,0.91,11,400,13752,16924,18000,236394.76,39976.0,4125.6,7669.0,24873.37,331038.73,2023-03-15,PAID
ACC-KA-003,MTR-KA-88320,Acme Technologies Pvt Ltd,Bangalore Tech Park Tower 1,Bengaluru,Karnataka,BESCOM,High Tension,HT-2,2023-03-01,2023-03-31,31,396195,435547,39352,138.5,0.93,11,400,14972,24380,18000,294454.33,52630.0,4491.6,9838.0,31237.59,410651.52,2023-04-15,PAID
ACC-KA-003,MTR-KA-88320,Acme Technologies Pvt Ltd,Bangalore Tech Park Tower 1,Bengaluru,Karnataka,BESCOM,High Tension,HT-2,2023-04-01,2023-04-30,30,435547,477635,42088,139.9,0.88,11,400,17325,24763,18000,309361.16,53162.0,5197.5,10522.0,32627.08,428869.74,2023-05-15,PAID
ACC-KA-003,MTR-KA-88320,Acme Technologies Pvt Ltd,Bangalore Tech Park Tower 1,Bengaluru,Karnataka,BESCOM,High Tension,HT-2,2023-05-01,2023-05-31,31,477635,513395,35760,164.2,0.97,11,400,14296,21464,18000,273268.12,62396.0,4288.8,8940.0,30209.77,397102.69,2023-06-15,PAID
ACC-KA-003,MTR-KA-88320,Acme Technologies Pvt Ltd,Bangalore Tech Park Tower 1,Bengaluru,Karnataka,BESCOM,High Tension,HT-2,2023-06-01,2023-06-30,30,513395,550268,36873,,0.94,11,400,15685,21188,18000,268492.76,,4705.5,9218.25,29024.17,383438.68,2023-07-15,PAID
ACC-KA-003,MTR-KA-88320,Acme Technologies Pvt Ltd,Bangalore Tech Park Tower 1,Bengaluru,Karnataka,BESCOM,High Tension,HT-2,2023-07-01,2023-07-31,31,550268,577809,27541,131.8,0.98,11,400,11838,15703,18000,211808.05,50084.0,3551.4,6885.25,23570.28,313898.98,2023-08-15,PAID
ACC-KA-003,MTR-KA-88320,Acme Technologies Pvt Ltd,Bangalore Tech Park Tower 1,Bengaluru,Karnataka,BESCOM,High Tension,HT-2,2023-07-01,2023-07-31,31,550268,577809,27541,131.8,0.98,11,400,11838,15703,18000,211808.05,50084.0,3551.4,6885.25,23570.28,313898.98,2023-08-15,PAID
ACC-KA-003,MTR-KA-88320,Acme Technologies Pvt Ltd,Bangalore Tech Park Tower 1,Bengaluru,Karnataka,BESCOM,High Tension,HT-2,2023-08-01,2023-08-31,31,577809,607280,29471,114.5,0.91,11,400,11755,17716,18000,218644.1,43510.0,3526.5,7367.75,23593.87,314642.22,2023-09-15,PAID
ACC-KA-003,MTR-KA-88320,Acme Technologies Pvt Ltd,Bangalore Tech Park Tower 1,Bengaluru,Karnataka,BESCOM,High Tension,HT-2,2023-09-01,2023-09-30,30,607280,636878,29598,121.7,0.9,11,400,11887,17711,18000,227466.0,46246.0,3566.1,7399.5,24634.08,327311.68,2023-10-15,PAID
ACC-KA-003,MTR-KA-88320,Acme Technologies Pvt Ltd,Bangalore Tech Park Tower 1,Bengaluru,Karnataka,BESCOM,High Tension,HT-2,2023-10-01,2023-10-31,31,636878,671098,34220,130.6,0.89,11,400,13935,20285,18000,253891.41,49628.0,4180.5,8555.0,27316.75,361571.66,2023-11-15,PAID
ACC-KA-003,MTR-KA-88320,Acme Technologies Pvt Ltd,Bangalore Tech Park Tower 1,Bengaluru,Karnataka,BESCOM,High Tension,HT-2,2023-11-01,2023-11-30,30,671098,700266,29168,121.0,0.92,11,400,12803,16365,18000,212292.19,45980.0,3840.9,7292.0,23244.5,310649.59,2023-12-15,PAID
ACC-KA-003,MTR-KA-88320,Acme Technologies Pvt Ltd,Bangalore Tech Park Tower 1,Bengaluru,Karnataka,BESCOM,High Tension,HT-2,2023-12-01,2023-12-31,31,700266,730692,30426,,0.97,11,400,12796,17630,18000,233338.51,,3838.8,7606.5,24526.49,326488.3,2024-01-15,PAID
ACC-KA-003,MTR-KA-88320,Acme Technologies Pvt Ltd,Bangalore Tech Park Tower 1,Bengaluru,Karnataka,BESCOM,High Tension,HT-2,2024-01-01,2024-01-31,31,730692,762859,32167,111.4,0.89,11,400,12871,19296,18000,239138.24,42332.0,3861.3,8041.75,25332.32,336705.61,2024-02-15,PAID
ACC-KA-003,MTR-KA-88320,Acme Technologies Pvt Ltd,Bangalore Tech Park Tower 1,Bengaluru,Karnataka,BESCOM,High Tension,HT-2,2024-02-01,2024-02-29,29,762859,789920,27061,110.3,0.89,11,400,11416,15645,18000,206698.62,41914.0,3424.8,6765.25,22375.14,299177.81,2024-03-15,PAID
ACC-KA-003,MTR-KA-88320,Acme Technologies Pvt Ltd,Bangalore Tech Park Tower 1,Bengaluru,Karnataka,BESCOM,High Tension,HT-2,2024-03-01,2024-03-31,31,789920,826631,36711,145.3,0.89,11,400,15533,21178,18000,283232.84,55214.0,4659.9,9177.75,30460.22,400744.71,2024-04-15,PAID
ACC-KA-003,MTR-KA-88320,Acme Technologies Pvt Ltd,Bangalore Tech Park Tower 1,Bengaluru,Karnataka,BESCOM,High Tension,HT-2,2024-04-01,2024-04-30,30,826631,865119,38488,141.3,0.98,11,400,16991,21497,18000,287730.21,53694.0,5097.3,9622.0,30728.18,404871.69,2024-05-15,PAID
ACC-KA-003,MTR-KA-88320,Acme Technologies Pvt Ltd,Bangalore Tech Park Tower 1,Bengaluru,Karnataka,BESCOM,High Tension,HT-2,2024-05-01,2024-05-31,31,865119,905499,40380,164.1,0.98,11,400,17563,22817,18000,297493.65,62358.0,5268.9,10095.0,32386.65,425602.2,2024-06-15,PAID
ACC-KA-003,MTR-KA-88320,Acme Technologies Pvt Ltd,Bangalore Tech Park Tower 1,Bengaluru,Karnataka,BESCOM,High Tension,HT-2,2024-06-01,2024-06-30,30,905499,948407,42908,,0.96,11,400,16349,26559,18000,313837.06,,4904.7,10727.0,33067.54,434116.3,2024-07-15,PAID
ACC-KA-003,MTR-KA-88320,Acme Technologies Pvt Ltd,Bangalore Tech Park Tower 1,Bengaluru,Karnataka,BESCOM,High Tension,HT-2,2024-07-01,2024-07-31,31,948407,975735,27328,125.3,0.97,11,400,11910,15418,18000,208874.16,47614.0,3573.0,6832.0,23083.93,307977.09,2024-08-15,PAID
ACC-KA-003,MTR-KA-88320,Acme Technologies Pvt Ltd,Bangalore Tech Park Tower 1,Bengaluru,Karnataka,BESCOM,High Tension,HT-2,2024-08-01,2024-08-31,31,975735,1002829,27094,108.8,0.9,11,400,11174,15920,18000,208366.62,41344.0,3352.2,6773.5,22473.96,300310.28,2024-09-15,PAID
ACC-KA-003,MTR-KA-88320,Acme Technologies Pvt Ltd,Bangalore Tech Park Tower 1,Bengaluru,Karnataka,BESCOM,High Tension,HT-2,2024-09-01,2024-09-30,30,1002829,1031823,28994,104.7,0.9,11,400,11425,17569,18000,217653.66,39786.0,3427.5,7248.5,23169.57,309285.23,2024-10-15,PAID
ACC-KA-003,MTR-KA-88320,Acme Technologies Pvt Ltd,Bangalore Tech Park Tower 1,Bengaluru,Karnataka,BESCOM,High Tension,HT-2,2024-10-01,2024-10-31,31,1031823,1060833,29010,136.3,0.92,11,400,11453,17557,18000,211487.64,51794.0,3435.9,7252.5,23695.35,315665.39,2024-11-15,PAID
ACC-KA-003,MTR-KA-88320,Acme Technologies Pvt Ltd,Bangalore Tech Park Tower 1,Bengaluru,Karnataka,BESCOM,High Tension,HT-2,2024-11-01,2024-11-30,30,1060833,1087572,26739,102.9,0.92,11,400,10306,16433,18000,205473.41,39102.0,3091.8,6684.75,22011.79,294363.75,2024-12-15,PAID
ACC-KA-003,MTR-KA-88320,Acme Technologies Pvt Ltd,Bangalore Tech Park Tower 1,Bengaluru,Karnataka,BESCOM,High Tension,HT-2,2024-12-01,2024-12-31,31,1087572,1116493,28921,124.7,0.88,11,400,12239,16682,18000,219228.41,47386.0,3671.7,7230.25,23995.3,319511.66,2025-01-15,PENDING
ACC-KA-003,MTR-KA-88321,Acme Technologies Pvt Ltd,Bangalore Tech Park Tower 2,Bengaluru,Karnataka,BESCOM,High Tension,HT-2,2023-01-01,2023-01-31,31,183069,200247,17178,60.4,0.96,11,250,7699,9479,18000,129123.14,22952.0,2309.7,4294.5,13686.76,190366.1,2023-02-15,PAID
ACC-KA-003,MTR-KA-88321,Acme Technologies Pvt Ltd,Bangalore Tech Park Tower 2,Bengaluru,Karnataka,BESCOM,High Tension,HT-2,2023-02-01,2023-02-28,28,200247,218549,18302,68.5,0.89,11,250,7128,11174,18000,140298.56,26030.0,2138.4,4575.5,14969.57,206012.03,2023-03-15,PAID
ACC-KA-003,MTR-KA-88321,Acme Technologies Pvt Ltd,Bangalore Tech Park Tower 2,Bengaluru,Karnataka,BESCOM,High Tension,HT-2,2023-03-01,2023-03-31,31,218549,243399,24850,,0.94,11,250,10766,14084,18000,184038.82,,3229.8,6212.5,19313.17,261346.29,2023-04-15,PAID
ACC-KA-003,MTR-KA-88321,Acme Technologies Pvt Ltd,Bangalore Tech Park Tower 2,Bengaluru,Karnataka,BESCOM,High Tension,HT-2,2023-04-01,2023-04-30,30,243399,268269,24870,91.2,0.89,11,250,9795,15075,18000,186627.09,34656.0,2938.5,6217.5,19915.48,268354.57,2023-05-15,PAID
ACC-KA-003,MTR-KA-88321,Acme Technologies Pvt Ltd,Bangalore Tech Park Tower 2,Bengaluru,Karnataka,BESCOM,High Tension,HT-2,2023-05-01,2023-05-31,31,268269,292604,24335,85.5,0.97,11,250,10877,13458,18000,180797.3,32490.0,3263.1,6083.75,19195.86,259830.01,2023-06-15,PAID
ACC-KA-003,MTR-KA-88321,Acme Technologies Pvt Ltd,Bangalore Tech Park Tower 2,Bengaluru,Karnataka,BESCOM,High Tension,HT-2,2023-06-01,2023-06-30,30,292604,313883,21279,89.1,0.89,11,250,9287,11992,18000,161490.69,33858.0,2786.1,5319.75,17581.38,239035.92,2023-07-15,PAID
ACC-KA-003,MTR-KA-88321,Acme Technologies Pvt Ltd,Bangalore Tech Park Tower 2,Bengaluru,Karnataka,BESCOM,High Tension,HT-2,2023-07-01,2023-07-31,31,313883,333857,19974,77.6,0.9,11,250,8460,11514,18000,152065.19,29488.0,2538.0,4993.5,16339.79,223424.48,2023-08-15,PAID
ACC-KA-003,MTR-KA-88321,Acme Technologies Pvt Ltd,Bangalore Tech Park Tower 2,Bengaluru,Karnataka,BESCOM,High Tension,HT-2,2023-08-01,2023-08-31,31,333857,349803,15946,78.3,0.96,11,250,6754,9192,18000,117960.15,29754.0,2026.2,3986.5,13294.27,185021.12,2023-09-15,PAID
ACC-KA-003,MTR-KA-88321,Acme Technologies Pvt Ltd,Bangalore Tech Park Tower 2,Bengaluru,Karnataka,BESCOM,High Tension,HT-2,2023-09-01,2023-09-30,30,349803,368169,18366,64.6,0.92,11,250,7180,11186,18000,133813.22,24548.0,2154.0,4591.5,14252.51,197359.23,2023-10-15,PAID
ACC-KA-003,MTR-KA-88321,Acme Technologies Pvt Ltd,Bangalore Tech Park Tower 2,Bengaluru,Karnataka,BESCOM,High Tension,HT-2,2023-10-01,2023-10-31,31,368169,386867,18698,77.2,0.97,11,250,7627,11071,18000,140943.54,29336.0,2288.1,4674.5,15325.16,210567.3,2023-11-15,PAID
ACC-KA-003,MTR-KA-88321,Acme Technologies Pvt Ltd,Bangalore Tech Park Tower 2,Bengaluru,Karnataka,BESCOM,High Tension,HT-2,2023-10-01,2023-10-31,31,368169,386867,18698,77.2,0.97,11,250,7627,11071,18000,140943.54,29336.0,2288.1,4674.5,15325.16,210567.3,2023-11-15,PAID
ACC-KA-003,MTR-KA-88321,Acme Technologies Pvt Ltd,Bangalore Tech Park Tower 2,Bengaluru,Karnataka,BESCOM,High Tension,HT-2,2023-11-01,2023-11-30,30,386867,402259,15392,68.0,0.94,11,250,6246,9146,18000,114364.69,25840.0,1873.8,3848.0,12618.42,176544.91,2023-12-15,PAID
ACC-KA-003,MTR-KA-88321,Acme Technologies Pvt Ltd,Bangalore Tech Park Tower 2,Bengaluru,Karnataka,BESCOM,High Tension,HT-2,2023-12-01,2023-12-31,31,402259,417797,15538,60.9,0.9,11,250,6214,9324,18000,116973.85,23142.0,1864.2,3884.5,12610.43,176474.98,2024-01-15,PAID
ACC-KA-003,MTR-KA-88321,Acme Technologies Pvt Ltd,Bangalore Tech Park Tower 2,Bengaluru,Karnataka,BESCOM,High Tension,HT-2,2024-01-01,2024-01-31,31,417797,434113,16316,64.7,0.95,11,250,7158,9158,18000,125411.94,24586.0,2147.4,4079.0,13499.81,187724.15,2024-02-15,PAID
ACC-KA-003,MTR-KA-88321,Acme Technologies Pvt Ltd,Bangalore Tech Park Tower 2,Bengaluru,Karnataka,BESCOM,High Tension,HT-2,2024-02-01,2024-02-29,29,434113,449504,15391,61.3,0.92,11,250,6520,8871,18000,113419.07,23294.0,1956.0,3847.75,12304.18,172821.0,2024-03-15,PAID
ACC-KA-003,MTR-KA-88321,Acme Technologies Pvt Ltd,Bangalore Tech Park Tower 2,Bengaluru,Karnataka,BESCOM,High Tension,HT-2,2024-03-01,2024-03-31,31,449504,474439,24935,96.4,0.96,11,250,9727,15208,18000,190684.28,36632.0,2918.1,6233.75,20458.47,274926.6,2024-04-15,PAID
ACC-KA-003,MTR-KA-88321,Acme Technologies Pvt Ltd,Bangalore Tech Park Tower 2,Bengaluru,Karnataka,BESCOM,High Tension,HT-2,2024-04-01,2024-04-30,30,474439,496103,21664,82.1,0.94,11,250,9342,12322,18000,163324.9,31198.0,2802.6,5416.0,17507.06,238248.56,2024-05-15,PAID
ACC-KA-003,MTR-KA-88321,Acme Technologies Pvt Ltd,Bangalore Tech Park Tower 2,Bengaluru,Karnataka,BESCOM,High Tension,HT-2,2024-05-01,2024-05-31,31,496103,518622,22519,94.5,0.89,11,250,9289,13230,18000,166385.8,35910.0,2786.7,5629.75,18206.62,246918.87,2024-06-15,PAID
ACC-KA-003,MTR-KA-88321,Acme Technologies Pvt Ltd,Bangalore Tech Park Tower 2,Bengaluru,Karnataka,BESCOM,High Tension,HT-2,2024-06-01,2024-06-30,30,518622,541503,22881,82.4,0.93,11,250,9550,13331,18000,171012.91,31312.0,2865.0,5720.25,18209.24,247119.4,2024-07-15,PAID
ACC-KA-003,MTR-KA-88321,Acme Technologies Pvt Ltd,Bangalore Tech Park Tower 2,Bengaluru,Karnataka,BESCOM,High Tension,HT-2,2024-07-01,2024-07-31,31,541503,561442,19939,69.3,0.97,11,250,8150,11789,18000,145221.98,26334.0,2445.0,4984.75,15440.04,212425.77,2024-08-15,PAID
ACC-KA-003,MTR-KA-88321,Acme Technologies Pvt Ltd,Bangalore Tech Park Tower 2,Bengaluru,Karnataka,BESCOM,High Tension,HT-2,2024-08-01,2024-08-31,31,561442,578069,16627,73.1,0.91,11,250,7075,9552,18000,127747.56,27778.0,2122.5,4156.75,13997.3,193802.11,2024-09-15,PAID
ACC-KA-003,MTR-KA-88321,Acme Technologies Pvt Ltd,Bangalore Tech Park Tower 2,Bengaluru,Karnataka,BESCOM,High Tension,HT-2,2024-09-01,2024-09-30,30,578069,596433,18364,70.0,0.96,11,250,7509,10855,18000,136935.44,26600.0,2252.7,4591.0,14718.19,203097.33,2024-10-15,PAID
ACC-KA-003,MTR-KA-88321,Acme Technologies Pvt Ltd,Bangalore Tech Park Tower 2,Bengaluru,Karnataka,BESCOM,High Tension,HT-2,2024-10-01,2024-10-31,31,596433,614591,18158,70.7,0.91,11,250,7055,11103,18000,135960.9,26866.0,2116.5,4539.5,14654.42,202137.32,2024-11-15,PAID
ACC-KA-003,MTR-KA-88321,Acme Technologies Pvt Ltd,Bangalore Tech Park Tower 2,Bengaluru,Karnataka,BESCOM,High Tension,HT-2,2024-11-01,2024-11-30,30,614591,632867,18276,70.8,0.97,11,250,6981,11295,18000,139732.75,26904.0,2094.3,4569.0,14997.31,206297.36,2024-12-15,PAID
ACC-KA-003,MTR-KA-88321,Acme Technologies Pvt Ltd,Bangalore Tech Park Tower 2,Bengaluru,Karnataka,BESCOM,High Tension,HT-2,2024-12-01,2024-12-31,31,632867,649105,16238,58.8,0.96,11,250,6222,10016,18000,119491.53,22344.0,1866.6,4059.5,12765.2,178526.83,2025-01-15,PENDING
ACC-DL-004,MTR-DL-21045,Acme Technologies Pvt Ltd,Delhi NCR Office Noida,Noida,Uttar Pradesh,BSES Rajdhani,High Tension,HT-1,2023-01-01,2023-01-31,31,69127,92471,23344,,0.93,11,350,9818,13526,12000,184599.54,,2945.4,5836.0,19943.96,262324.9,2023-02-15,PAID
ACC-DL-004,MTR-DL-21045,Acme Technologies Pvt Ltd,Delhi NCR Office Noida,Noida,Uttar Pradesh,BSES Rajdhani,High Tension,HT-1,2023-02-01,2023-02-28,28,92471,117853,25382,91.1,0.95,11,350,10489,14893,12000,193433.32,36440.0,3146.7,6345.5,20688.6,272054.12,2023-03-15,PAID
ACC-DL-004,MTR-DL-21045,Acme Technologies Pvt Ltd,Delhi NCR Office Noida,Noida,Uttar Pradesh,BSES Rajdhani,High Tension,HT-1,2023-03-01,2023-03-31,31,117853,154674,36821,147.8,0.98,11,350,14143,22678,12000,287692.26,59120.0,4242.9,9205.25,31213.1,403473.51,2023-04-15,PAID
ACC-DL-004,MTR-DL-21045,Acme Technologies Pvt Ltd,Delhi NCR Office Noida,Noida,Uttar Pradesh,BSES Rajdhani,High Tension,HT-1,2023-04-01,2023-04-30,30,154674,191638,36964,118.8,0.89,11,350,14712,22252,12000,285677.33,47520.0,4413.6,9241.0,29987.76,388839.69,2023-05-15,PAID
ACC-DL-004,MTR-DL-21045,Acme Technologies Pvt Ltd,Delhi NCR Office Noida,Noida,Uttar Pradesh,BSES Rajdhani,High Tension,HT-1,2023-05-01,2023-05-31,31,191638,228102,36464,117.5,0.93,11,350,15483,20981,12000,288197.0,47000.0,4644.9,9116.0,30167.73,391125.63,2023-06-15,PAID
ACC-DL-004,MTR-DL-21045,Acme Technologies Pvt Ltd,Delhi NCR Office Noida,Noida,Uttar Pradesh,BSES Rajdhani,High Tension,HT-1,2023-06-01,2023-06-30,30,228102,258702,30600,114.6,0.96,11,350,11912,18688,12000,238863.6,45840.0,3573.6,7650.0,25623.32,333550.52,2023-07-15,PAID
ACC-DL-004,MTR-DL-21045,Acme Technologies Pvt Ltd,Delhi NCR Office Noida,Noida,Uttar Pradesh,BSES Rajdhani,High Tension,HT-1,2023-07-01,2023-07-31,31,258702,287096,28394,109.6,0.96,11,350,12519,15875,12000,225030.63,43840.0,3755.7,7098.5,24198.36,315923.19,2023-08-15,PAID
ACC-DL-004,MTR-DL-21045,Acme Technologies Pvt Ltd,Delhi NCR Office Noida,Noida,Uttar Pradesh,BSES Rajdhani,High Tension,HT-1,2023-08-01,2023-08-31,31,287096,316259,29163,110.7,0.96,11,350,12196,16967,12000,226119.46,44280.0,3658.8,7290.75,24335.95,317684.96,2023-09-15,PAID
ACC-DL-004,MTR-DL-21045,Acme Technologies Pvt Ltd,Delhi NCR Office Noida,Noida,Uttar Pradesh,BSES Rajdhani,High Tension,HT-1,2023-09-01,2023-09-30,30,316259,340613,24354,92.5,0.95,11,350,9743,14611,12000,190325.48,37000.0,2922.9,6088.5,20459.29,268796.17,2023-10-15,PAID
ACC-DL-004,MTR-DL-21045,Acme Technologies Pvt Ltd,Delhi NCR Office Noida,Noida,Uttar Pradesh,BSES Rajdhani,High Tension,HT-1,2023-10-01,2023-10-31,31,340613,368645,28032,120.5,0.93,11,350,10956,17076,12000,213873.81,48200.0,3286.8,7008.0,23586.64,307955.25,2023-11-15,PAID
ACC-DL-004,MTR-DL-21045,Acme Technologies Pvt Ltd,Delhi NCR Office Noida,Noida,Uttar Pradesh,BSES Rajdhani,High Tension,HT-1,2023-11-01,2023-11-30,30,368645,393902,25257,108.0,0.92,11,350,9975,15282,12000,200940.36,43200.0,2992.5,6314.25,21972.63,287419.74,2023-12-15,PAID
ACC-DL-004,MTR-DL-21045,Acme Technologies Pvt Ltd,Delhi NCR Office Noida,Noida,Uttar Pradesh,BSES Rajdhani,High Tension,HT-1,2023-12-01,2023-12-31,31,393902,419963,26061,99.3,0.91,11,350,11726,14335,12000,203093.98,39720.0,3517.8,6515.25,21853.26,286700.29,2024-01-15,PAID
ACC-DL-004,MTR-DL-21045,Acme Technologies Pvt Ltd,Delhi NCR Office Noida,Noida,Uttar Pradesh,BSES Rajdhani,High Tension,HT-1,2024-01-01,2024-01-31,31,419963,442380,22417,107.8,0.91,11,350,9221,13196,12000,171883.29,43120.0,2766.3,5604.25,19350.3,254724.14,2024-02-15,PAID
ACC-DL-004,MTR-DL-21045,Acme Technologies Pvt Ltd,Delhi NCR Office Noida,Noida,Uttar Pradesh,BSES Rajdhani,High Tension,HT-1,2024-02-01,2024-02-29,29,442380,467251,24871,90.7,,11,350,9988,14883,12000,197349.8,36280.0,2996.4,6217.75,21026.68,275870.63,2024-03-15,PAID
ACC-DL-004,MTR-DL-21045,Acme Technologies Pvt Ltd,Delhi NCR Office Noida,Noida,Uttar Pradesh,BSES Rajdhani,High Tension,HT-1,2024-03-01,2024-03-31,31,467251,499555,32304,122.8,0.9,11,350,12964,19340,12000,245782.05,49120.0,3889.2,8076.0,26541.18,345408.43,2024-04-15,PAID
ACC-DL-004,MTR-DL-21045,Acme Technologies Pvt Ltd,Delhi NCR Office Noida,Noida,Uttar Pradesh,BSES Rajdhani,High Tension,HT-1,2024-04-01,2024-04-30,30,499555,536586,37031,125.6,0.96,11,350,14543,22488,12000,292528.27,50240.0,4362.9,9257.75,30849.14,399238.06,2024-05-15,PAID
ACC-DL-004,MTR-DL-21045,Acme Technologies Pvt Ltd,Delhi NCR Office Noida,Noida,Uttar Pradesh,BSES Rajdhani,High Tension,HT-1,2024-05-01,2024-05-31,31,536586,572008,35422,114.3,0.88,11,350,14529,20893,12000,272292.45,45720.0,4358.7,8855.5,28621.12,371847.77,2024-06-15,PAID
ACC-DL-004,MTR-DL-21045,Acme Technologies Pvt Ltd,Delhi NCR Office Noida,Noida,Uttar Pradesh,BSES Rajdhani,High Tension,HT-1,2024-06-01,2024-06-30,30,572008,603575,31567,142.5,0.91,11,350,13470,18097,12000,251974.8,57000.0,4041.0,7891.75,27807.73,360715.28,2024-07-15,PAID
ACC-DL-004,MTR-DL-21045,Acme Technologies Pvt Ltd,Delhi NCR Office Noida,Noida,Uttar Pradesh,BSES Rajdhani,High Tension,HT-1,2024-06-01,2024-06-30,30,572008,603575,31567,142.5,0.91,11,350,13470,18097,12000,251974.8,57000.0,4041.0,7891.75,27807.73,360715.28,2024-07-15,PAID
ACC-DL-004,MTR-DL-21045,Acme Technologies Pvt Ltd,Delhi NCR Office Noida,Noida,Uttar Pradesh,BSES Rajdhani,High Tension,HT-1,2024-07-01,2024-07-31,31,603575,627507,23932,106.6,0.94,11,350,10631,13301,12000,188492.82,42640.0,3189.3,5983.0,20801.95,273107.07,2024-08-15,PAID
ACC-DL-004,MTR-DL-21045,Acme Technologies Pvt Ltd,Delhi NCR Office Noida,Noida,Uttar Pradesh,BSES Rajdhani,High Tension,HT-1,2024-08-01,2024-08-31,31,627507,656160,28653,109.5,0.9,11,350,11774,16879,12000,224579.81,43800.0,3532.2,7163.25,24154.18,315229.44,2024-09-15,PAID
ACC-DL-004,MTR-DL-21045,Acme Technologies Pvt Ltd,Delhi NCR Office Noida,Noida,Uttar Pradesh,BSES Rajdhani,High Tension,HT-1,2024-09-01,2024-09-30,30,656160,682013,25853,111.0,0.91,11,350,10712,15141,12000,207045.25,44400.0,3213.6,6463.25,22630.07,295752.17,2024-10-15,PAID
ACC-DL-004,MTR-DL-21045,Acme Technologies Pvt Ltd,Delhi NCR Office Noida,Noida,Uttar Pradesh,BSES Rajdhani,High Tension,HT-1,2024-10-01,2024-10-31,31,682013,711347,29334,110.6,0.92,11,350,12336,16998,12000,234640.66,44240.0,3700.8,7333.5,25099.26,327014.22,2024-11-15,PAID
ACC-DL-004,MTR-DL-21045,Acme Technologies Pvt Ltd,Delhi NCR Office Noida,Noida,Uttar Pradesh,BSES Rajdhani,High Tension,HT-1,2024-11-01,2024-11-30,30,711347,736679,25332,93.3,0.91,11,350,9986,15346,12000,193727.5,37320.0,2995.8,6333.0,20794.27,273170.57,2024-12-15,OVERDUE
ACC-DL-004,MTR-DL-21045,Acme Technologies Pvt Ltd,Delhi NCR Office Noida,Noida,Uttar Pradesh,BSES Rajdhani,High Tension,HT-1,2024-12-01,2024-12-31,31,736679,760026,23347,97.0,0.96,11,350,9072,14275,12000,178567.73,38800.0,2721.6,5836.75,19563.1,257489.18,2025-01-15,PENDING
ACC-DL-004,MTR-DL-21046,Acme Technologies Pvt Ltd,Delhi NCR Warehouse,Noida,Uttar Pradesh,BSES Rajdhani,High Tension,HT-1,2023-01-01,2023-01-31,31,78070,89241,11171,49.1,0.93,11,200,4900,6271,12000,85657.07,19640.0,1470.0,2792.75,9476.74,131036.56,2023-02-15,PAID
ACC-DL-004,MTR-DL-21046,Acme Technologies Pvt Ltd,Delhi NCR Warehouse,Noida,Uttar Pradesh,BSES Rajdhani,High Tension,HT-1,2023-02-01,2023-02-28,28,89241,102123,12882,45.9,0.91,11,200,5789,7093,12000,100971.25,18360.0,1736.7,3220.5,10739.81,147028.26,2023-03-15,PAID
ACC-DL-004,MTR-DL-21046,Acme Technologies Pvt Ltd,Delhi NCR Warehouse,Noida,Uttar Pradesh,BSES Rajdhani,High Tension,HT-1,2023-03-01,2023-03-31,31,102123,120472,18349,60.5,0.9,11,200,7780,10569,12000,140079.09,24200.0,2334.0,4587.25,14785.12,197985.46,2023-04-15,PAID
ACC-DL-004,MTR-DL-21046,Acme Technologies Pvt Ltd,Delhi NCR Warehouse,Noida,Uttar Pradesh,BSES Rajdhani,High Tension,HT-1,2023-04-01,2023-04-30,30,120472,139280,18808,59.6,0.9,11,200,8146,10662,12000,150770.21,23840.0,2443.8,4702.0,15714.92,209470.93,2023-05-15,PAID
ACC-DL-004,MTR-DL-21046,Acme Technologies Pvt Ltd,Delhi NCR Warehouse,Noida,Uttar Pradesh,BSES Rajdhani,High Tension,HT-1,2023-05-01,2023-05-31,31,139280,156205,16925,67.8,0.92,11,200,7472,9453,12000,134987.75,27120.0,2241.6,4231.25,14589.7,195170.3,2023-06-15,PAID
ACC-DL-004,MTR-DL-21046,Acme Technologies Pvt Ltd,Delhi NCR Warehouse,Noida,Uttar Pradesh,BSES Rajdhani,High Tension,HT-1,2023-06-01,2023-06-30,30,156205,173135,16930,66.7,0.94,11,200,6831,10099,12000,128105.06,26680.0,2049.3,4232.5,13930.66,186997.52,2023-07-15,PAID
ACC-DL-004,MTR-DL-21046,Acme Technologies Pvt Ltd,Delhi NCR Warehouse,Noida,Uttar Pradesh,BSES Rajdhani,High Tension,HT-1,2023-07-01,2023-07-31,31,173135,185282,12147,56.3,0.92,11,200,4912,7235,12000,94173.33,22520.0,1473.6,3036.75,10502.4,143706.08,2023-08-15,PAID
ACC-DL-004,MTR-DL-21046,Acme Technologies Pvt Ltd,Delhi NCR Warehouse,Noida,Uttar Pradesh,BSES Rajdhani,High Tension,HT-1,2023-08-01,2023-08-31,31,185282,199408,14126,57.2,0.9,11,200,5845,8281,12000,107656.43,22880.0,1753.5,3531.5,11748.28,159569.71,2023-09-15,PAID
ACC-DL-004,MTR-DL-21046,Acme Technologies Pvt Ltd,Delhi NCR Warehouse,Noida,Uttar Pradesh,BSES Rajdhani,High Tension,HT-1,2023-09-01,2023-09-30,30,199408,213841,14433,,0.96,11,200,5933,8500,12000,111813.07,,1779.9,3608.25,11830.78,160672.0,2023-10-15,PAID
ACC-DL-004,MTR-DL-21046,Acme Technologies Pvt Ltd,Delhi NCR Warehouse,Noida,Uttar Pradesh,BSES Rajdhani,High Tension,HT-1,2023-10-01,2023-10-31,31,213841,229462,15621,55.7,0.89,11,200,6348,9273,12000,120451.36,22280.0,1904.4,3905.25,12845.82,173386.83,2023-11-15,PAID
ACC-DL-004,MTR-DL-21046,Acme Technologies Pvt Ltd,Delhi NCR Warehouse,Noida,Uttar Pradesh,BSES Rajdhani,High Tension,HT-1,2023-11-01,2023-11-30,30,229462,240989,11527,52.8,0.92,11,200,4552,6975,12000,87922.48,21120.0,1365.6,2881.75,9813.82,135103.65,2023-12-15,PAID
ACC-DL-004,MTR-DL-21046,Acme Technologies Pvt Ltd,Delhi NCR Warehouse,Noida,Uttar Pradesh,BSES Rajdhani,High Tension,HT-1,2023-12-01,2023-12-31,31,240989,252192,11203,43.8,0.92,11,200,4282,6921,12000,87771.44,17520.0,1284.6,2800.75,9476.23,130853.02,2024-01-15,PAID
ACC-DL-004,MTR-DL-21046,Acme Technologies Pvt Ltd,Delhi NCR Warehouse,Noida,Uttar Pradesh,BSES Rajdhani,High Tension,HT-1,2024-01-01,2024-01-31,31,252192,264356,12164,49.3,0.91,11,200,5122,7042,12000,94968.48,19720.0,1536.6,3041.0,10321.96,141588.04,2024-02-15,PAID
ACC-DL-004,MTR-DL-21046,Acme Technologies Pvt Ltd,Delhi NCR Warehouse,Noida,Uttar Pradesh,BSES Rajdhani,High Tension,HT-1,2024-02-01,2024-02-29,29,264356,275862,11506,50.9,0.95,11,200,4378,7128,12000,89610.75,20360.0,1313.4,2876.5,9897.37,136058.02,2024-03-15,PAID
ACC-DL-004,MTR-DL-21046,Acme Technologies Pvt Ltd,Delhi NCR Warehouse,Noida,Uttar Pradesh,BSES Rajdhani,High Tension,HT-1,2024-03-01,2024-03-31,31,275862,290863,15001,61.6,0.9,11,200,5781,9220,12000,118942.39,24640.0,1734.3,3750.25,12922.42,173989.36,2024-04-15,PAID
ACC-DL-004,MTR-DL-21046,Acme Technologies Pvt Ltd,Delhi NCR Warehouse,Noida,Uttar Pradesh,BSES Rajdhani,High Tension,HT-1,2024-04-01,2024-04-30,30,290863,308665,17802,71.4,0.88,11,200,7141,10661,12000,139440.74,28560.0,2142.3,4450.5,15120.07,201713.61,2024-05-15,PAID
ACC-DL-004,MTR-DL-21046,Acme Technologies Pvt Ltd,Delhi NCR Warehouse,Noida,Uttar Pradesh,BSES Rajdhani,High Tension,HT-1,2024-05-01,2024-05-31,31,308665,325894,17229,70.9,0.95,11,200,7564,9665,12000,135369.34,28360.0,2269.2,4307.25,14735.64,197041.43,2024-06-15,PAID
ACC-DL-004,MTR-DL-21046,Acme Technologies Pvt Ltd,Delhi NCR Warehouse,Noida,Uttar Pradesh,BSES Rajdhani,High Tension,HT-1,2024-06-01,2024-06-30,30,325894,341296,15402,62.2,0.9,11,200,6256,9146,12000,117259.86,24880.0,1876.8,3850.5,12792.59,172659.75,2024-07-15,PAID
ACC-DL-004,MTR-DL-21046,Acme Technologies Pvt Ltd,Delhi NCR Warehouse,Noida,Uttar Pradesh,BSES Rajdhani,High Tension,HT-1,2024-07-01,2024-07-31,31,341296,353636,12340,52.5,0.97,11,200,5108,7232,12000,97539.7,21000.0,1532.4,3085.0,10668.57,145825.67,2024-08-15,PAID
ACC-DL-004,MTR-DL-21046,Acme Technologies Pvt Ltd,Delhi NCR Warehouse,Noida,Uttar Pradesh,BSES Rajdhani,High Tension,HT-1,2024-08-01,2024-08-31,31,353636,366307,12671,49.5,0.92,11,200,5416,7255,12000,96889.93,19800.0,1624.8,3167.75,10502.09,143984.57,2024-09-15,PAID
ACC-DL-004,MTR-DL-21046,Acme Technologies Pvt Ltd,Delhi NCR Warehouse,Noida,Uttar Pradesh,BSES Rajdhani,High Tension,HT-1,2024-09-01,2024-09-30,30,366307,378947,12640,52.2,,11,200,5411,7229,12000,97075.96,20880.0,1623.3,3160.0,10616.04,145355.3,2024-10-15,PAID
ACC-DL-004,MTR-DL-21046,Acme Technologies Pvt Ltd,Delhi NCR Warehouse,Noida,Uttar Pradesh,BSES Rajdhani,High Tension,HT-1,2024-10-01,2024-10-31,31,378947,393771,14824,57.1,0.94,11,200,6261,8563,12000,115483.02,22840.0,1878.3,3706.0,12449.07,168356.39,2024-11-15,PAID
ACC-DL-004,MTR-DL-21046,Acme Technologies Pvt Ltd,Delhi NCR Warehouse,Noida,Uttar Pradesh,BSES Rajdhani,High Tension,HT-1,2024-11-01,2024-11-30,30,393771,407273,13502,52.8,0.9,11,200,5919,7583,12000,102877.01,21120.0,1775.7,3375.5,11159.73,152307.94,2024-12-15,PAID
ACC-DL-004,MTR-DL-21046,Acme Technologies Pvt Ltd,Delhi NCR Warehouse,Noida,Uttar Pradesh,BSES Rajdhani,High Tension,HT-1,2024-12-01,2024-12-31,31,407273,420683,13410,45.4,0.92,11,200,5524,7886,12000,101805.63,18160.0,1657.2,3352.5,10796.91,147772.24,2025-01-15,PENDING
ACC-TN-005,MTR-TN-33401,Acme Technologies Pvt Ltd,Chennai Office Guindy,Chennai,Tamil Nadu,TANGEDCO,High Tension,HT-2,2023-01-01,2023-01-31,31,422502,444331,21829,76.9,0.9,11,300,8955,12874,18000,150634.68,24608.0,2686.5,5457.25,15771.84,217158.27,2023-02-15,PAID
ACC-TN-005,MTR-TN-33401,Acme Technologies Pvt Ltd,Chennai Office Guindy,Chennai,Tamil Nadu,TANGEDCO,High Tension,HT-2,2023-02-01,2023-02-28,28,444331,466060,21729,84.6,0.96,11,300,9305,12424,18000,149836.17,27072.0,2791.5,5432.25,15921.74,219053.66,2023-03-15,PAID
ACC-TN-005,MTR-TN-33401,Acme Technologies Pvt Ltd,Chennai Office Guindy,Chennai,Tamil Nadu,TANGEDCO,High Tension,HT-2,2023-03-01,2023-03-31,31,466060,489906,23846,96.1,0.91,11,300,10137,13709,18000,159815.02,30752.0,3041.1,5961.5,17151.03,234720.65,2023-04-15,PAID
ACC-TN-005,MTR-TN-33401,Acme Technologies Pvt Ltd,Chennai Office Guindy,Chennai,Tamil Nadu,TANGEDCO,High Tension,HT-2,2023-04-01,2023-04-30,30,489906,514697,24791,111.3,0.93,11,300,9767,15024,18000,170696.65,35616.0,2930.1,6197.75,18568.14,252008.64,2023-05-15,PAID
ACC-TN-005,MTR-TN-33401,Acme Technologies Pvt Ltd,Chennai Office Guindy,Chennai,Tamil Nadu,TANGEDCO,High Tension,HT-2,2023-05-01,2023-05-31,31,514697,540718,26021,114.2,0.96,11,300,10263,15758,18000,178165.94,36544.0,3078.9,6505.25,19323.89,261617.98,2023-06-15,PAID
ACC-TN-005,MTR-TN-33401,Acme Technologies Pvt Ltd,Chennai Office Guindy,Chennai,Tamil Nadu,TANGEDCO,High Tension,HT-2,2023-06-01,2023-06-30,30,540718,566000,25282,109.4,0.92,11,300,10018,15264,18000,176386.11,35008.0,3005.4,6320.5,19025.47,257745.48,2023-07-15,PAID
ACC-TN-005,MTR-TN-33401,Acme Technologies Pvt Ltd,Chennai Office Guindy,Chennai,Tamil Nadu,TANGEDCO,High Tension,HT-2,2023-07-01,2023-07-31,31,566000,585773,19773,82.2,0.89,11,300,7605,12168,18000,137823.35,26304.0,2281.5,4943.25,14771.46,204123.56,2023-08-15,PAID
ACC-TN-005,MTR-TN-33401,Acme Technologies Pvt Ltd,Chennai Office Guindy,Chennai,Tamil Nadu,TANGEDCO,High Tension,HT-2,2023-08-01,2023-08-31,31,585773,607967,22194,78.3,0.97,11,300,8528,13666,18000,149245.58,25056.0,2558.4,5548.5,15687.14,216095.62,2023-09-15,PAID
ACC-TN-005,MTR-TN-33401,Acme Technologies Pvt Ltd,Chennai Office Guindy,Chennai,Tamil Nadu,TANGEDCO,High Tension,HT-2,2023-09-01,2023-09-30,30,607967,628769,20802,89.7,0.92,11,300,8521,12281,18000,146195.12,28704.0,2556.3,5200.5,15740.92,216396.84,2023-10-15,PAID
ACC-TN-005,MTR-TN-33401,Acme Technologies Pvt Ltd,Chennai Office Guindy,Chennai,Tamil Nadu,TANGEDCO,High Tension,HT-2,2023-10-01,2023-10-31,31,628769,651620,22851,81.2,0.89,11,300,9978,12873,18000,154957.19,25984.0,2993.4,5712.75,16284.71,223932.05,2023-11-15,PAID
ACC-TN-005,MTR-TN-33401,Acme Technologies Pvt Ltd,Chennai Office Guindy,Chennai,Tamil Nadu,TANGEDCO,High Tension,HT-2,2023-11-01,2023-11-30,30,651620,671775,20155,81.8,0.98,11,300,8578,11577,18000,135036.48,26176.0,2573.4,5038.75,14509.12,201333.75,2023-12-15,PAID
ACC-TN-005,MTR-TN-33401,Acme Technologies Pvt Ltd,Chennai Office Guindy,Chennai,Tamil Nadu,TANGEDCO,High Tension,HT-2,2023-12-01,2023-12-31,31,671775,690636,18861,84.2,0.92,11,300,7223,11638,18000,129589.26,26944.0,2166.9,4715.25,14087.99,195503.4,2024-01-15,PAID
ACC-TN-005,MTR-TN-33401,Acme Technologies Pvt Ltd,Chennai Office Guindy,Chennai,Tamil Nadu,TANGEDCO,High Tension,HT-2,2024-01-01,2024-01-31,31,690636,711874,21238,85.2,0.94,11,300,8665,12573,18000,143335.68,27264.0,2599.5,5309.5,15353.97,211862.65,2024-02-15,PAID
ACC-TN-005,MTR-TN-33401,Acme Technologies Pvt Ltd,Chennai Office Guindy,Chennai,Tamil Nadu,TANGEDCO,High Tension,HT-2,2024-02-01,2024-02-29,29,711874,731366,19492,85.0,0.98,11,300,8543,10949,18000,134804.21,27200.0,2562.9,4873.0,14580.38,202020.49,2024-03-15,PAID
ACC-TN-005,MTR-TN-33401,Acme Technologies Pvt Ltd,Chennai Office Guindy,Chennai,Tamil Nadu,TANGEDCO,High Tension,HT-2,2024-03-01,2024-03-31,31,731366,755539,24173,114.1,0.95,11,300,9734,14439,18000,170385.59,36512.0,2920.2,6043.25,18620.78,252481.82,2024-04-15,PAID
ACC-TN-005,MTR-TN-33401,Acme Technologies Pvt Ltd,Chennai Office Guindy,Chennai,Tamil Nadu,TANGEDCO,High Tension,HT-2,2024-04-01,2024-04-30,30,755539,780999,25460,91.5,0.96,11,300,11269,14191,18000,180934.64,29280.0,3380.7,6365.0,18919.32,256879.66,2024-05-15,PAID
ACC-TN-005,MTR-TN-33401,Acme Technologies Pvt Ltd,Chennai Office Guindy,Chennai,Tamil Nadu,TANGEDCO,High Tension,HT-2,2024-05-01,2024-05-31,31,780999,807070,26071,105.9,0.96,11,300,10295,15776,18000,180348.95,33888.0,3088.5,6517.75,19281.33,261124.53,2024-06-15,PAID
ACC-TN-005,MTR-TN-33401,Acme Technologies Pvt Ltd,Chennai Office Guindy,Chennai,Tamil Nadu,TANGEDCO,High Tension,HT-2,2024-06-01,2024-06-30,30,807070,830616,23546,98.9,0.9,11,300,9359,14187,18000,162281.73,31648.0,2807.7,5886.5,17453.68,238077.61,2024-07-15,PAID
ACC-TN-005,MTR-TN-33401,Acme Technologies Pvt Ltd,Chennai Office Guindy,Chennai,Tamil Nadu,TANGEDCO,High Tension,HT-2,2024-07-01,2024-07-31,31,830616,852230,21614,82.5,0.89,11,300,9546,12068,18000,147481.33,26400.0,2863.8,5403.5,15649.32,215797.95,2024-08-15,PAID
ACC-TN-005,MTR-TN-33401,Acme Technologies Pvt Ltd,Chennai Office Guindy,Chennai,Tamil Nadu,TANGEDCO,High Tension,HT-2,2024-08-01,2024-08-31,31,852230,871712,19482,85.5,0.96,11,300,8209,11273,18000,132510.22,27360.0,2462.7,4870.5,14388.32,199591.74,2024-09-15,PAID
ACC-TN-005,MTR-TN-33401,Acme Technologies Pvt Ltd,Chennai Office Guindy,Chennai,Tamil Nadu,TANGEDCO,High Tension,HT-2,2024-09-01,2024-09-30,30,871712,894142,22430,87.4,0.96,11,300,9350,13080,18000,151489.0,27968.0,2805.0,5607.5,16151.13,222020.63,2024-10-15,PAID
ACC-TN-005,MTR-TN-33401,Acme Technologies Pvt Ltd,Chennai Office Guindy,Chennai,Tamil Nadu,TANGEDCO,High Tension,HT-2,2024-10-01,2024-10-31,31,894142,913993,19851,75.4,0.89,11,300,8632,11219,18000,133070.55,24128.0,2589.6,4962.75,14147.87,196898.77,2024-11-15,PAID
ACC-TN-005,MTR-TN-33401,Acme Technologies Pvt Ltd,Chennai Office Guindy,Chennai,Tamil Nadu,TANGEDCO,High Tension,HT-2,2024-11-01,2024-11-30,30,913993,931909,17916,83.2,0.98,11,300,7830,10086,18000,121549.97,26624.0,2349.0,4479.0,13335.66,186337.63,2024-12-15,PAID
ACC-TN-005,MTR-TN-33401,Acme Technologies Pvt Ltd,Chennai Office Guindy,Chennai,Tamil Nadu,TANGEDCO,High Tension,HT-2,2024-12-01,2024-12-31,31,931909,950405,18496,70.8,0.95,11,300,7851,10645,18000,131199.0,22656.0,2355.3,4624.0,13846.95,192681.25,2025-01-15,PENDING
ACC-TN-005,MTR-TN-33402,Acme Technologies Pvt Ltd,Chennai Factory Ambattur,Chennai,Tamil Nadu,TANGEDCO,High Tension,HT-3,2023-01-01,2023-01-31,31,63833,111360,47527,185.5,0.94,33,600,19220,28307,28000,322126.63,59360.0,5766.0,11881.75,34333.8,461468.18,2023-02-15,PAID
ACC-TN-005,MTR-TN-33402,Acme Technologies Pvt Ltd,Chennai Factory Ambattur,Chennai,Tamil Nadu,TANGEDCO,High Tension,HT-3,2023-02-01,2023-02-28,28,111360,161266,49906,190.2,0.89,33,600,20765,29141,28000,341676.2,60864.0,6229.5,12476.5,36228.62,485474.82,2023-03-15,PAID
ACC-TN-005,MTR-TN-33402,Acme Technologies Pvt Ltd,Chennai Factory Ambattur,Chennai,Tamil Nadu,TANGEDCO,High Tension,HT-3,2023-03-01,2023-03-31,31,161266,220624,59358,240.9,0.96,33,600,25278,34080,28000,411880.44,77088.0,7583.4,14839.5,44007.16,583398.5,2023-04-15,PAID
ACC-TN-005,MTR-TN-33402,Acme Technologies Pvt Ltd,Chennai Factory Ambattur,Chennai,Tamil Nadu,TANGEDCO,High Tension,HT-3,2023-04-01,2023-04-30,30,220624,277338,56714,249.5,0.91,33,600,23779,32935,28000,394815.33,79840.0,7133.7,14178.5,42718.98,566686.51,2023-05-15,PAID
ACC-TN-005,MTR-TN-33402,Acme Technologies Pvt Ltd,Chennai Factory Ambattur,Chennai,Tamil Nadu,TANGEDCO,High Tension,HT-3,2023-05-01,2023-05-31,31,277338,343257,65919,225.7,0.96,33,600,26366,39553,28000,464316.22,72224.0,7909.8,16479.75,48288.62,637218.39,2023-06-15,PAID
ACC-TN-005,MTR-TN-33402,Acme Technologies Pvt Ltd,Chennai Factory Ambattur,Chennai,Tamil Nadu,TANGEDCO,High Tension,HT-3,2023-06-01,2023-06-30,30,343257,409614,66357,244.4,0.97,33,600,26256,40101,28000,466177.13,78208.0,7876.8,16589.25,48994.66,645845.84,2023-07-15,PAID
ACC-TN-005,MTR-TN-33402,Acme Technologies Pvt Ltd,Chennai Factory Ambattur,Chennai,Tamil Nadu,TANGEDCO,High Tension,HT-3,2023-07-01,2023-07-31,31,409614,462072,52458,186.1,0.96,33,600,21658,30800,28000,360126.91,59552.0,6497.4,13114.5,37771.1,505061.91,2023-08-15,PAID
ACC-TN-005,MTR-TN-33402,Acme Technologies Pvt Ltd,Chennai Factory Ambattur,Chennai,Tamil Nadu,TANGEDCO,High Tension,HT-3,2023-08-01,2023-08-31,31,462072,508977,46905,184.4,0.92,33,600,21030,25875,28000,318919.81,59008.0,6309.0,11726.25,34013.5,457976.56,2023-09-15,PAID
ACC-TN-005,MTR-TN-33402,Acme Technologies Pvt Ltd,Chennai Factory Ambattur,Chennai,Tamil Nadu,TANGEDCO,High Tension,HT-3,2023-09-01,2023-09-30,30,508977,561814,52837,211.1,0.96,33,600,23226,29611,28000,361941.49,67552.0,6967.8,13209.25,38654.41,516324.95,2023-10-15,PAID
ACC-TN-005,MTR-TN-33402,Acme Technologies Pvt Ltd,Chennai Factory Ambattur,Chennai,Tamil Nadu,TANGEDCO,High Tension,HT-3,2023-10-01,2023-10-31,31,561814,617332,55518,214.4,0.94,33,600,22251,33267,28000,385446.83,68608.0,6675.3,13879.5,40864.93,543474.56,2023-11-15,PAID
ACC-TN-005,MTR-TN-33402,Acme Technologies Pvt Ltd,Chennai Factory Ambattur,Chennai,Tamil Nadu,TANGEDCO,High Tension,HT-3,2023-11-01,2023-11-30,30,617332,664866,47534,190.3,0.95,33,600,19808,27726,28000,330509.28,60896.0,5942.4,11883.5,35226.48,472457.66,2023-12-15,PAID
ACC-TN-005,MTR-TN-33402,Acme Technologies Pvt Ltd,Chennai Factory Ambattur,Chennai,Tamil Nadu,TANGEDCO,High Tension,HT-3,2023-12-01,2023-12-31,31,664866,706028,41162,181.5,0.89,33,600,18304,22858,28000,291410.95,58080.0,5491.2,10290.5,31454.19,424726.84,2024-01-15,PAID
ACC-TN-005,MTR-TN-33402,Acme Technologies Pvt Ltd,Chennai Factory Ambattur,Chennai,Tamil Nadu,TANGEDCO,High Tension,HT-3,2024-01-01,2024-01-31,31,706028,754322,48294,175.0,0.98,33,600,21292,27002,28000,341941.88,56000.0,6387.6,12073.5,35814.77,480217.75,2024-02-15,PAID
ACC-TN-005,MTR-TN-33402,Acme Technologies Pvt Ltd,Chennai Factory Ambattur,Chennai,Tamil Nadu,TANGEDCO,High Tension,HT-3,2024-02-01,2024-02-29,29,754322,801008,46686,179.9,0.94,33,600,17982,28704,28000,327614.07,57568.0,5394.6,11671.5,34666.39,464914.56,2024-03-15,PAID
ACC-TN-005,MTR-TN-33402,Acme Technologies Pvt Ltd,Chennai Factory Ambattur,Chennai,Tamil Nadu,TANGEDCO,High Tension,HT-3,2024-03-01,2024-03-31,31,801008,861107,60099,221.9,0.91,33,600,23672,36427,28000,409579.29,71008.0,7101.6,15024.75,43252.86,573966.5,2024-04-15,PAID
ACC-TN-005,MTR-TN-33402,Acme Technologies Pvt Ltd,Chennai Factory Ambattur,Chennai,Tamil Nadu,TANGEDCO,High Tension,HT-3,2024-04-01,2024-04-30,30,861107,916703,55596,257.2,0.94,33,600,21569,34027,28000,381370.42,82304.0,6470.7,13899.0,41730.7,553774.82,2024-05-15,PAID
ACC-TN-005,MTR-TN-33402,Acme Technologies Pvt Ltd,Chennai Factory Ambattur,Chennai,Tamil Nadu,TANGEDCO,High Tension,HT-3,2024-05-01,2024-05-31,31,916703,971689,54986,236.6,0.96,33,600,22922,32064,28000,387649.94,75712.0,6876.6,13746.5,41702.57,553687.61,2024-06-15,PAID
ACC-TN-005,MTR-TN-33402,Acme Technologies Pvt Ltd,Chennai Factory Ambattur,Chennai,Tamil Nadu,TANGEDCO,High Tension,HT-3,2024-06-01,2024-06-30,30,971689,1034150,62461,233.6,0.92,33,600,25595,36866,28000,420682.52,74752.0,7678.5,15615.25,44589.11,591317.38,2024-07-15,PAID
ACC-TN-005,MTR-TN-33402,Acme Technologies Pvt Ltd,Chennai Factory Ambattur,Chennai,Tamil Nadu,TANGEDCO,High Tension,HT-3,2024-07-01,2024-07-31,31,1034150,1079335,45185,194.0,0.92,33,600,19883,25302,28000,311283.68,62080.0,5964.9,11296.25,33602.73,452227.56,2024-08-15,PAID
ACC-TN-005,MTR-TN-33402,Acme Technologies Pvt Ltd,Chennai Factory Ambattur,Chennai,Tamil Nadu,TANGEDCO,High Tension,HT-3,2024-08-01,2024-08-31,31,1079335,1132295,52960,202.1,0.93,33,600,23498,29462,28000,355238.31,64672.0,7049.4,13240.0,37791.93,505991.64,2024-09-15,PAID
ACC-TN-005,MTR-TN-33402,Acme Technologies Pvt Ltd,Chennai Factory Ambattur,Chennai,Tamil Nadu,TANGEDCO,High Tension,HT-3,2024-09-01,2024-09-30,30,1132295,1185567,53272,195.1,0.95,33,600,21686,31586,28000,358826.96,62432.0,6505.8,13318.0,37913.31,506996.07,2024-10-15,PAID
ACC-TN-005,MTR-TN-33402,Acme Technologies Pvt Ltd,Chennai Factory Ambattur,Chennai,Tamil Nadu,TANGEDCO,High Tension,HT-3,2024-10-01,2024-10-31,31,1185567,1241708,56141,186.6,0.94,33,600,23536,32605,28000,386698.73,59712.0,7060.8,14035.25,40176.97,535683.75,2024-11-15,PAID
ACC-TN-005,MTR-TN-33402,Acme Technologies Pvt Ltd,Chennai Factory Ambattur,Chennai,Tamil Nadu,TANGEDCO,High Tension,HT-3,2024-11-01,2024-11-30,30,1241708,1284425,42717,168.2,0.94,33,600,18383,24334,28000,291684.2,53824.0,5514.9,10679.25,31095.74,420798.09,2024-12-15,OVERDUE
ACC-TN-005,MTR-TN-33402,Acme Technologies Pvt Ltd,Chennai Factory Ambattur,Chennai,Tamil Nadu,TANGEDCO,High Tension,HT-3,2024-12-01,2024-12-31,31,1284425,1332006,47581,186.0,0.89,33,600,18679,28902,28000,334045.54,59520.0,5603.7,11895.25,35420.9,474485.39,2025-01-15,PENDING
ACC-TS-006,MTR-TS-66210,Acme Technologies Pvt Ltd,Hyderabad HITEC City,Hyderabad,Telangana,TSSPDCL,High Tension,HT-2,2023-01-01,2023-01-31,31,399265,415418,16153,63.7,0.89,11,250,6308,9845,18000,114629.28,22932.0,1892.4,4038.25,12380.52,173872.45,2023-02-15,PAID
ACC-TS-006,MTR-TS-66210,Acme Technologies Pvt Ltd,Hyderabad HITEC City,Hyderabad,Telangana,TSSPDCL,High Tension,HT-2,2023-02-01,2023-02-28,28,415418,433468,18050,65.1,0.92,11,250,7483,10567,18000,125832.33,23436.0,2244.9,4512.5,13434.15,187459.88,2023-03-15,PAID
ACC-TS-006,MTR-TS-66210,Acme Technologies Pvt Ltd,Hyderabad HITEC City,Hyderabad,Telangana,TSSPDCL,High Tension,HT-2,2023-03-01,2023-03-31,31,433468,452517,19049,73.9,0.89,11,250,8365,10684,18000,134528.12,26604.0,2509.5,4762.25,14501.89,200905.76,2023-04-15,PAID
ACC-TS-006,MTR-TS-66210,Acme Technologies Pvt Ltd,Hyderabad HITEC City,Hyderabad,Telangana,TSSPDCL,High Tension,HT-2,2023-04-01,2023-04-30,30,452517,471979,19462,74.8,0.94,11,250,8233,11229,18000,136363.31,26928.0,2469.9,4865.5,14696.22,203322.93,2023-05-15,PAID
ACC-TS-006,MTR-TS-66210,Acme Technologies Pvt Ltd,Hyderabad HITEC City,Hyderabad,Telangana,TSSPDCL,High Tension,HT-2,2023-05-01,2023-05-31,31,471979,492715,20736,85.3,0.95,11,250,8485,12251,18000,145567.38,30708.0,2545.5,5184.0,15864.78,217869.66,2023-06-15,PAID
ACC-TS-006,MTR-TS-66210,Acme Technologies Pvt Ltd,Hyderabad HITEC City,Hyderabad,Telangana,TSSPDCL,High Tension,HT-2,2023-06-01,2023-06-30,30,492715,515279,22564,85.8,0.97,11,250,9689,12875,18000,161415.21,30888.0,2906.7,5641.0,17307.29,236158.2,2023-07-15,PAID
ACC-TS-006,MTR-TS-66210,Acme Technologies Pvt Ltd,Hyderabad HITEC City,Hyderabad,Telangana,TSSPDCL,High Tension,HT-2,2023-07-01,2023-07-31,31,515279,530366,15087,70.4,0.94,11,250,6767,8320,18000,105338.01,25344.0,2030.1,3771.75,11761.38,166245.24,2023-08-15,PAID
ACC-TS-006,MTR-TS-66210,Acme Technologies Pvt Ltd,Hyderabad HITEC City,Hyderabad,Telangana,TSSPDCL,High Tension,HT-2,2023-08-01,2023-08-31,31,530366,549226,18860,64.1,0.89,11,250,8036,10824,18000,135979.47,23076.0,2410.8,4715.0,14314.99,198496.26,2023-09-15,PAID
ACC-TS-006,MTR-TS-66210,Acme Technologies Pvt Ltd,Hyderabad HITEC City,Hyderabad,Telangana,TSSPDCL,High Tension,HT-2,2023-09-01,2023-09-30,30,549226,567575,18349,68.1,0.94,11,250,7874,10475,18000,132257.14,24516.0,2362.2,4587.25,14109.58,195832.17,2023-10-15,PAID
ACC-TS-006,MTR-TS-66210,Acme Technologies Pvt Ltd,Hyderabad HITEC City,Hyderabad,Telangana,TSSPDCL,High Tension,HT-2,2023-10-01,2023-10-31,31,567575,586015,18440,69.3,0.96,11,250,8177,10263,18000,129330.66,24948.0,2453.1,4610.0,13885.08,193226.84,2023-11-15,PAID
ACC-TS-006,MTR-TS-66210,Acme Technologies Pvt Ltd,Hyderabad HITEC City,Hyderabad,Telangana,TSSPDCL,High Tension,HT-2,2023-11-01,2023-11-30,30,586015,602938,16923,69.0,0.88,11,250,6496,10427,18000,120488.63,24840.0,1948.8,4230.75,13079.58,182587.76,2023-12-15,PAID
ACC-TS-006,MTR-TS-66210,Acme Technologies Pvt Ltd,Hyderabad HITEC City,Hyderabad,Telangana,TSSPDCL,High Tension,HT-2,2023-12-01,2023-12-31,31,602938,619781,16843,65.7,0.97,11,250,6513,10330,18000,116489.21,23652.0,1953.9,4210.75,12612.71,176918.57,2024-01-15,PAID
ACC-TS-006,MTR-TS-66210,Acme Technologies Pvt Ltd,Hyderabad HITEC City,Hyderabad,Telangana,TSSPDCL,High Tension,HT-2,2024-01-01,2024-01-31,31,619781,634766,14985,68.5,0.89,11,250,6693,8292,18000,107510.56,24660.0,2007.9,3746.25,11895.35,167820.06,2024-02-15,PAID
ACC-TS-006,MTR-TS-66210,Acme Technologies Pvt Ltd,Hyderabad HITEC City,Hyderabad,Telangana,TSSPDCL,High Tension,HT-2,2024-02-01,2024-02-29,29,634766,651787,17021,67.9,0.92,11,250,7140,9881,18000,122710.53,24444.0,2142.0,4255.25,13243.91,184795.69,2024-03-15,PAID
ACC-TS-006,MTR-TS-66210,Acme Technologies Pvt Ltd,Hyderabad HITEC City,Hyderabad,Telangana,TSSPDCL,High Tension,HT-2,2024-03-01,2024-03-31,31,651787,675634,23847,74.5,0.95,11,250,10504,13343,18000,166306.63,26820.0,3151.2,5961.75,17381.4,237620.98,2024-04-15,PAID
ACC-TS-006,MTR-TS-66210,Acme Technologies Pvt Ltd,Hyderabad HITEC City,Hyderabad,Telangana,TSSPDCL,High Tension,HT-2,2024-04-01,2024-04-30,30,675634,696256,20622,91.3,0.97,11,250,8153,12469,18000,147758.21,32868.0,2445.9,5155.5,16256.36,222483.97,2024-05-15,PAID
ACC-TS-006,MTR-TS-66210,Acme Technologies Pvt Ltd,Hyderabad HITEC City,Hyderabad,Telangana,TSSPDCL,High Tension,HT-2,2024-05-01,2024-05-31,31,696256,715758,19502,77.4,0.94,11,250,7434,12068,18000,142002.74,27864.0,2230.2,4875.5,15288.01,210260.45,2024-06-15,PAID
ACC-TS-006,MTR-TS-66210,Acme Technologies Pvt Ltd,Hyderabad HITEC City,Hyderabad,Telangana,TSSPDCL,High Tension,HT-2,2024-06-01,2024-06-30,30,715758,737741,21983,94.7,,11,250,9296,12687,18000,155171.78,34092.0,2788.8,5495.75,17033.74,232582.07,2024-07-15,PAID
ACC-TS-006,MTR-TS-66210,Acme Technologies Pvt Ltd,Hyderabad HITEC City,Hyderabad,Telangana,TSSPDCL,High Tension,HT-2,2024-07-01,2024-07-31,31,737741,756487,18746,69.0,0.94,11,250,7212,11534,18000,132779.46,24840.0,2163.6,4686.5,14185.75,196655.31,2024-08-15,PAID
ACC-TS-006,MTR-TS-66210,Acme Technologies Pvt Ltd,Hyderabad HITEC City,Hyderabad,Telangana,TSSPDCL,High Tension,HT-2,2024-08-01,2024-08-31,31,756487,774861,18374,72.3,0.97,11,250,7859,10515,18000,130089.67,26028.0,2357.7,4593.5,14050.59,195119.46,2024-09-15,PAID
ACC-TS-006,MTR-TS-66210,Acme Technologies Pvt Ltd,Hyderabad HITEC City,Hyderabad,Telangana,TSSPDCL,High Tension,HT-2,2024-09-01,2024-09-30,30,774861,792725,17864,69.8,0.96,11,250,7820,10044,18000,127749.96,25128.0,2346.0,4466.0,13759.02,191448.98,2024-10-15,PAID
ACC-TS-006,MTR-TS-66210,Acme Technologies Pvt Ltd,Hyderabad HITEC City,Hyderabad,Telangana,TSSPDCL,High Tension,HT-2,2024-10-01,2024-10-31,31,792725,810832,18107,72.2,0.9,11,250,7341,10766,18000,131407.4,25992.0,2202.3,4526.75,14165.95,196294.4,2024-11-15,PAID
ACC-TS-006,MTR-TS-66210,Acme Technologies Pvt Ltd,Hyderabad HITEC City,Hyderabad,Telangana,TSSPDCL,High Tension,HT-2,2024-11-01,2024-11-30,30,810832,826888,16056,,0.96,11,250,6986,9070,18000,110627.28,,2095.8,4014.0,12033.3,169846.38,2024-12-15,PAID
ACC-TS-006,MTR-TS-66210,Acme Technologies Pvt Ltd,Hyderabad HITEC City,Hyderabad,Telangana,TSSPDCL,High Tension,HT-2,2024-12-01,2024-12-31,31,826888,842899,16011,67.5,,11,250,7121,8890,18000,112206.4,24300.0,2136.3,4002.75,12285.58,172931.03,2025-01-15,PENDING
ACC-GJ-007,MTR-GJ-77140,Acme Technologies Pvt Ltd,Ahmedabad Office SG Highway,Ahmedabad,Gujarat,DGVCL,High Tension,HT-2,2023-01-01,2023-01-31,31,324050,337846,13796,51.9,0.94,11,200,5980,7816,18000,88061.52,16089.0,1794.0,3449.0,9373.55,136767.07,2023-02-15,PAID
ACC-GJ-007,MTR-GJ-77140,Acme Technologies Pvt Ltd,Ahmedabad Office SG Highway,Ahmedabad,Gujarat,DGVCL,High Tension,HT-2,2023-02-01,2023-02-28,28,337846,352366,14520,54.8,0.97,11,200,5786,8734,18000,95390.04,16988.0,1735.8,3630.0,10114.02,145857.86,2023-03-15,PAID
ACC-GJ-007,MTR-GJ-77140,Acme Technologies Pvt Ltd,Ahmedabad Office SG Highway,Ahmedabad,Gujarat,DGVCL,High Tension,HT-2,2023-03-01,2023-03-31,31,352366,369612,17246,64.1,0.92,11,200,6637,10609,18000,109626.83,19871.0,1991.1,4311.5,11654.8,165455.23,2023-04-15,PAID
ACC-GJ-007,MTR-GJ-77140,Acme Technologies Pvt Ltd,Ahmedabad Office SG Highway,Ahmedabad,Gujarat,DGVCL,High Tension,HT-2,2023-04-01,2023-04-30,30,369612,388958,19346,69.7,0.88,11,200,8474,10872,18000,127700.48,21607.0,2542.2,4836.5,13437.67,188123.85,2023-05-15,PAID
ACC-GJ-007,MTR-GJ-77140,Acme Technologies Pvt Ltd,Ahmedabad Office SG Highway,Ahmedabad,Gujarat,DGVCL,High Tension,HT-2,2023-05-01,2023-05-31,31,388958,405566,16608,65.7,0.93,11,200,6537,10071,18000,110925.14,20367.0,1961.1,4152.0,11816.29,167221.53,2023-06-15,PAID
ACC-GJ-007,MTR-GJ-77140,Acme Technologies Pvt Ltd,Ahmedabad Office SG Highway,Ahmedabad,Gujarat,DGVCL,High Tension,HT-2,2023-06-01,2023-06-30,30,405566,421897,16331,77.2,,11,200,6935,9396,18000,105384.64,23932.0,2080.5,4082.75,11638.5,165118.39,2023-07-15,PAID
ACC-GJ-007,MTR-GJ-77140,Acme Technologies Pvt Ltd,Ahmedabad Office SG Highway,Ahmedabad,Gujarat,DGVCL,High Tension,HT-2,2023-07-01,2023-07-31,31,421897,434805,12908,55.7,0.91,11,200,5385,7523,18000,83975.84,17267.0,1615.5,3227.0,9111.86,133197.2,2023-08-15,PAID
ACC-GJ-007,MTR-GJ-77140,Acme Technologies Pvt Ltd,Ahmedabad Office SG Highway,Ahmedabad,Gujarat,DGVCL,High Tension,HT-2,2023-08-01,2023-08-31,31,434805,449647,14842,55.6,0.97,11,200,5664,9178,18000,97247.12,17236.0,1699.2,3710.5,10303.48,148196.3,2023-09-15,PAID
ACC-GJ-007,MTR-GJ-77140,Acme Technologies Pvt Ltd,Ahmedabad Office SG Highway,Ahmedabad,Gujarat,DGVCL,High Tension,HT-2,2023-09-01,2023-09-30,30,449647,464638,14991,,0.96,11,200,5994,8997,18000,99483.28,,1798.2,3747.75,10683.3,152932.53,2023-10-15,PAID
ACC-GJ-007,MTR-GJ-77140,Acme Technologies Pvt Ltd,Ahmedabad Office SG Highway,Ahmedabad,Gujarat,DGVCL,High Tension,HT-2,2023-10-01,2023-10-31,31,464638,481029,16391,62.0,0.94,11,200,7110,9281,18000,105735.52,19220.0,2133.0,4097.75,11246.0,160432.27,2023-11-15,PAID
ACC-GJ-007,MTR-GJ-77140,Acme Technologies Pvt Ltd,Ahmedabad Office SG Highway,Ahmedabad,Gujarat,DGVCL,High Tension,HT-2,2023-11-01,2023-11-30,30,481029,492934,11905,,0.93,11,200,5321,6584,18000,75802.38,,1596.3,2976.25,8398.56,124288.49,2023-12-15,PAID
ACC-GJ-007,MTR-GJ-77140,Acme Technologies Pvt Ltd,Ahmedabad Office SG Highway,Ahmedabad,Gujarat,DGVCL,High Tension,HT-2,2023-12-01,2023-12-31,31,492934,507886,14952,52.6,0.97,11,200,6121,8831,18000,94342.32,16306.0,1836.3,3738.0,9958.35,144180.97,2024-01-15,PAID
ACC-GJ-007,MTR-GJ-77140,Acme Technologies Pvt Ltd,Ahmedabad Office SG Highway,Ahmedabad,Gujarat,DGVCL,High Tension,HT-2,2024-01-01,2024-01-31,31,507886,522261,14375,56.7,0.91,11,200,5786,8589,18000,91300.44,17577.0,1735.8,3593.75,9798.97,142005.96,2024-02-15,PAID
ACC-GJ-007,MTR-GJ-77140,Acme Technologies Pvt Ltd,Ahmedabad Office SG Highway,Ahmedabad,Gujarat,DGVCL,High Tension,HT-2,2024-02-01,2024-02-29,29,522261,536238,13977,55.3,0.93,11,200,5508,8469,18000,89154.43,17143.0,1652.4,3494.25,9566.77,139010.85,2024-03-15,PAID
ACC-GJ-007,MTR-GJ-77140,Acme Technologies Pvt Ltd,Ahmedabad Office SG Highway,Ahmedabad,Gujarat,DGVCL,High Tension,HT-2,2024-03-01,2024-03-31,31,536238,554321,18083,64.5,0.9,11,200,7600,10483,18000,118346.21,19995.0,2280.0,4520.75,12450.71,175592.67,2024-04-15,PAID
ACC-GJ-007,MTR-GJ-77140,Acme Technologies Pvt Ltd,Ahmedabad Office SG Highway,Ahmedabad,Gujarat,DGVCL,High Tension,HT-2,2024-04-01,2024-04-30,30,554321,573575,19254,77.0,0.88,11,200,7962,11292,18000,122879.68,23870.0,2388.6,4813.5,13207.47,185159.25,2024-05-15,PAID
ACC-GJ-007,MTR-GJ-77140,Acme Technologies Pvt Ltd,Ahmedabad Office SG Highway,Ahmedabad,Gujarat,DGVCL,High Tension,HT-2,2024-05-01,2024-05-31,31,573575,589675,16100,74.0,0.95,11,200,6381,9719,18000,106171.66,22940.0,1914.3,4025.0,11620.05,164671.01,2024-06-15,PAID
ACC-GJ-007,MTR-GJ-77140,Acme Technologies Pvt Ltd,Ahmedabad Office SG Highway,Ahmedabad,Gujarat,DGVCL,High Tension,HT-2,2024-06-01,2024-06-30,30,589675,609261,19586,65.3,0.96,11,200,7660,11926,18000,124695.75,20243.0,2298.0,4896.5,13044.49,183177.74,2024-07-15,PAID
ACC-GJ-007,MTR-GJ-77140,Acme Technologies Pvt Ltd,Ahmedabad Office SG Highway,Ahmedabad,Gujarat,DGVCL,High Tension,HT-2,2024-07-01,2024-07-31,31,609261,622804,13543,60.6,0.92,11,200,5602,7941,18000,90612.71,18786.0,1680.6,3385.75,9845.88,142310.94,2024-08-15,PAID
ACC-GJ-007,MTR-GJ-77140,Acme Technologies Pvt Ltd,Ahmedabad Office SG Highway,Ahmedabad,Gujarat,DGVCL,High Tension,HT-2,2024-08-01,2024-08-31,31,622804,638672,15868,55.5,0.92,11,200,6800,9068,18000,104065.46,17205.0,2040.0,3967.0,10914.34,156191.8,2024-09-15,PAID
ACC-GJ-007,MTR-GJ-77140,Acme Technologies Pvt Ltd,Ahmedabad Office SG Highway,Ahmedabad,Gujarat,DGVCL,High Tension,HT-2,2024-09-01,2024-09-30,30,638672,652165,13493,53.4,0.95,11,200,5691,7802,18000,86739.1,16554.0,1707.3,3373.25,9296.38,135670.03,2024-10-15,PAID
ACC-GJ-007,MTR-GJ-77140,Acme Technologies Pvt Ltd,Ahmedabad Office SG Highway,Ahmedabad,Gujarat,DGVCL,High Tension,HT-2,2024-10-01,2024-10-31,31,652165,666995,14830,54.4,0.92,11,200,5655,9175,18000,98502.83,16864.0,1696.5,3707.5,10383.01,149153.84,2024-11-15,PAID
ACC-GJ-007,MTR-GJ-77140,Acme Technologies Pvt Ltd,Ahmedabad Office SG Highway,Ahmedabad,Gujarat,DGVCL,High Tension,HT-2,2024-11-01,2024-11-30,30,666995,681816,14821,52.5,0.92,11,200,5921,8900,18000,94178.76,16275.0,1776.3,3705.25,9940.84,143876.15,2024-12-15,PAID
ACC-GJ-007,MTR-GJ-77140,Acme Technologies Pvt Ltd,Ahmedabad Office SG Highway,Ahmedabad,Gujarat,DGVCL,High Tension,HT-2,2024-12-01,2024-12-31,31,681816,696654,14838,45.9,0.98,11,200,6505,8333,18000,99179.22,14229.0,1951.5,3709.5,10206.74,147275.96,2025-01-15,PENDING
ACC-GJ-007,MTR-GJ-77141,Acme Technologies Pvt Ltd,Ahmedabad Warehouse Sanand,Ahmedabad,Gujarat,DGVCL,High Tension,HT-3A,2023-01-01,2023-01-31,31,368637,400389,31752,144.9,0.96,11,400,13337,18415,35000,208427.88,44919.0,4001.1,7938.0,22801.22,323087.2,2023-02-15,PAID
ACC-GJ-007,MTR-GJ-77141,Acme Technologies Pvt Ltd,Ahmedabad Warehouse Sanand,Ahmedabad,Gujarat,DGVCL,High Tension,HT-3A,2023-02-01,2023-02-28,28,400389,437938,37549,139.2,0.94,11,400,16682,20867,35000,239707.43,43152.0,5004.6,9387.25,25457.35,357708.63,2023-03-15,PAID
ACC-GJ-007,MTR-GJ-77141,Acme Technologies Pvt Ltd,Ahmedabad Warehouse Sanand,Ahmedabad,Gujarat,DGVCL,High Tension,HT-3A,2023-03-01,2023-03-31,31,437938,480306,42368,166.0,0.92,11,400,16372,25996,35000,283048.09,51460.0,4911.6,10592.0,30105.73,415117.42,2023-04-15,PAID
ACC-GJ-007,MTR-GJ-77141,Acme Technologies Pvt Ltd,Ahmedabad Warehouse Sanand,Ahmedabad,Gujarat,DGVCL,High Tension,HT-3A,2023-04-01,2023-04-30,30,480306,525118,44812,199.6,0.97,11,400,18906,25906,35000,289142.14,61876.0,5671.8,11203.0,31591.63,434484.57,2023-05-15,PAID
ACC-GJ-007,MTR-GJ-77141,Acme Technologies Pvt Ltd,Ahmedabad Warehouse Sanand,Ahmedabad,Gujarat,DGVCL,High Tension,HT-3A,2023-05-01,2023-05-31,31,525118,574581,49463,187.6,0.91,11,400,21295,28168,35000,322407.85,58156.0,6388.5,12365.75,34250.75,468568.85,2023-06-15,PAID
ACC-GJ-007,MTR-GJ-77141,Acme Technologies Pvt Ltd,Ahmedabad Warehouse Sanand,Ahmedabad,Gujarat,DGVCL,High Tension,HT-3A,2023-06-01,2023-06-30,30,574581,619180,44599,189.2,0.94,11,400,19837,24762,35000,291018.25,58652.0,5951.1,11149.75,31470.32,433241.42,2023-07-15,PAID
ACC-GJ-007,MTR-GJ-77141,Acme Technologies Pvt Ltd,Ahmedabad Warehouse Sanand,Ahmedabad,Gujarat,DGVCL,High Tension,HT-3A,2023-07-01,2023-07-31,31,619180,652674,33494,156.9,0.94,11,400,13947,19547,35000,214275.85,48639.0,4184.1,8373.5,23662.34,334134.79,2023-08-15,PAID
ACC-GJ-007,MTR-GJ-77141,Acme Technologies Pvt Ltd,Ahmedabad Warehouse Sanand,Ahmedabad,Gujarat,DGVCL,High Tension,HT-3A,2023-08-01,2023-08-31,31,652674,688497,35823,138.6,0.98,11,400,14532,21291,35000,239669.1,42966.0,4359.6,8955.75,25437.16,356387.61,2023-09-15,PAID
ACC-GJ-007,MTR-GJ-77141,Acme Technologies Pvt Ltd,Ahmedabad Warehouse Sanand,Ahmedabad,Gujarat,DGVCL,High Tension,HT-3A,2023-09-01,2023-09-30,30,688497,722342,33845,134.7,0.95,11,400,14500,19345,35000,221544.51,41757.0,4350.0,8461.25,23697.14,334809.9,2023-10-15,PAID
ACC-GJ-007,MTR-GJ-77141,Acme Technologies Pvt Ltd,Ahmedabad Warehouse Sanand,Ahmedabad,Gujarat,DGVCL,High Tension,HT-3A,2023-10-01,2023-10-31,31,722342,756768,34426,165.6,0.91,11,400,14028,20398,35000,219081.81,51336.0,4208.4,8606.5,24337.6,342570.31,2023-11-15,PAID
ACC-GJ-007,MTR-GJ-77141,Acme Technologies Pvt Ltd,Ahmedabad Warehouse Sanand,Ahmedabad,Gujarat,DGVCL,High Tension,HT-3A,2023-11-01,2023-11-30,30,756768,787961,31193,142.5,0.98,11,400,13241,17952,35000,198324.67,44175.0,3972.3,7798.25,21824.97,311095.19,2023-12-15,PAID
ACC-GJ-007,MTR-GJ-77141,Acme Technologies Pvt Ltd,Ahmedabad Warehouse Sanand,Ahmedabad,Gujarat,DGVCL,High Tension,HT-3A,2023-12-01,2023-12-31,31,787961,818834,30873,138.3,0.91,11,400,13763,17110,35000,202741.15,42873.0,4128.9,7718.25,22105.27,314566.57,2024-01-15,PAID
ACC-GJ-007,MTR-GJ-77141,Acme Technologies Pvt Ltd,Ahmedabad Warehouse Sanand,Ahmedabad,Gujarat,DGVCL,High Tension,HT-3A,2024-01-01,2024-01-31,31,818834,851396,32562,126.0,0.93,11,400,14482,18080,35000,216742.17,39060.0,4344.6,8140.5,23022.2,326309.47,2024-02-15,PAID
ACC-GJ-007,MTR-GJ-77141,Acme Technologies Pvt Ltd,Ahmedabad Warehouse Sanand,Ahmedabad,Gujarat,DGVCL,High Tension,HT-3A,2024-02-01,2024-02-29,29,851396,884300,32904,134.5,0.88,11,400,14399,18505,35000,217373.41,41695.0,4319.7,8226.0,23316.16,329930.27,2024-03-15,PAID
ACC-GJ-007,MTR-GJ-77141,Acme Technologies Pvt Ltd,Ahmedabad Warehouse Sanand,Ahmedabad,Gujarat,DGVCL,High Tension,HT-3A,2024-03-01,2024-03-31,31,884300,930644,46344,199.1,0.96,11,400,18554,27790,35000,298181.22,61721.0,5566.2,11586.0,32391.2,444445.62,2024-04-15,PAID
ACC-GJ-007,MTR-GJ-77141,Acme Technologies Pvt Ltd,Ahmedabad Warehouse Sanand,Ahmedabad,Gujarat,DGVCL,High Tension,HT-3A,2024-04-01,2024-04-30,30,930644,972220,41576,183.4,0.94,11,400,17274,24302,35000,267687.55,56854.0,5182.2,10394.0,29208.74,404326.49,2024-05-15,PAID
ACC-GJ-007,MTR-GJ-77141,Acme Technologies Pvt Ltd,Ahmedabad Warehouse Sanand,Ahmedabad,Gujarat,DGVCL,High Tension,HT-3A,2024-05-01,2024-05-31,31,972220,1018797,46577,174.5,0.89,11,400,19411,27166,35000,304461.1,54095.0,5823.3,11644.25,32270.05,443293.7,2024-06-15,PAID
ACC-GJ-007,MTR-GJ-77141,Acme Technologies Pvt Ltd,Ahmedabad Warehouse Sanand,Ahmedabad,Gujarat,DGVCL,High Tension,HT-3A,2024-06-01,2024-06-30,30,1018797,1063044,44247,181.0,0.95,11,400,18025,26222,35000,293256.74,56110.0,5407.5,11061.75,31443.01,432279.0,2024-07-15,PAID
ACC-GJ-007,MTR-GJ-77141,Acme Technologies Pvt Ltd,Ahmedabad Warehouse Sanand,Ahmedabad,Gujarat,DGVCL,High Tension,HT-3A,2024-07-01,2024-07-31,31,1063044,1100381,37337,136.0,0.94,11,400,14307,23030,35000,241498.76,42160.0,4292.1,9334.25,25529.29,357814.4,2024-08-15,PAID
ACC-GJ-007,MTR-GJ-77141,Acme Technologies Pvt Ltd,Ahmedabad Warehouse Sanand,Ahmedabad,Gujarat,DGVCL,High Tension,HT-3A,2024-08-01,2024-08-31,31,1100381,1132414,32033,123.9,0.95,11,400,14025,18008,35000,212116.79,38409.0,4207.5,8008.25,22547.32,320288.86,2024-09-15,PAID
ACC-GJ-007,MTR-GJ-77141,Acme Technologies Pvt Ltd,Ahmedabad Warehouse Sanand,Ahmedabad,Gujarat,DGVCL,High Tension,HT-3A,2024-09-01,2024-09-30,30,1132414,1167758,35344,146.8,0.94,11,400,15665,19679,35000,235134.78,45508.0,4699.5,8836.0,25257.85,354436.13,2024-10-15,PAID
ACC-GJ-007,MTR-GJ-77141,Acme Technologies Pvt Ltd,Ahmedabad Warehouse Sanand,Ahmedabad,Gujarat,DGVCL,High Tension,HT-3A,2024-10-01,2024-10-31,31,1167758,1204996,37238,,0.96,11,400,14443,22795,35000,243574.41,,4332.9,9309.5,25688.2,359755.01,2024-11-15,PAID
ACC-GJ-007,MTR-GJ-77141,Acme Technologies Pvt Ltd,Ahmedabad Warehouse Sanand,Ahmedabad,Gujarat,DGVCL,High Tension,HT-3A,2024-11-01,2024-11-30,30,1204996,1237600,32604,140.5,0.92,11,400,12500,20104,35000,208481.43,43555.0,3750.0,8151.0,22683.28,321620.71,2024-12-15,PAID
ACC-GJ-007,MTR-GJ-77141,Acme Technologies Pvt Ltd,Ahmedabad Warehouse Sanand,Ahmedabad,Gujarat,DGVCL,High Tension,HT-3A,2024-12-01,2024-12-31,31,1237600,1271324,33724,123.6,0.96,11,400,13785,19939,35000,216062.75,38316.0,4135.5,8431.0,22894.09,324839.34,2025-01-15,PENDING
ACC-WB-008,MTR-WB-99010,Acme Technologies Pvt Ltd,Kolkata Office Salt Lake,Kolkata,West Bengal,CESC,High Tension,HT-2,2023-01-01,2023-01-31,31,379311,389862,10551,42.4,0.96,11,180,4080,6471,18000,87331.32,17808.0,1224.0,2637.75,9462.54,136463.61,2023-02-15,PAID
ACC-WB-008,MTR-WB-99010,Acme Technologies Pvt Ltd,Kolkata Office Salt Lake,Kolkata,West Bengal,CESC,High Tension,HT-2,2023-02-01,2023-02-28,28,389862,399906,10044,43.8,0.95,11,180,3979,6065,18000,83372.44,18396.0,1193.7,2511.0,9159.16,132632.3,2023-03-15,PAID
ACC-WB-008,MTR-WB-99010,Acme Technologies Pvt Ltd,Kolkata Office Salt Lake,Kolkata,West Bengal,CESC,High Tension,HT-2,2023-03-01,2023-03-31,31,399906,412708,12802,51.8,0.9,11,180,5207,7595,18000,106572.67,21756.0,1562.1,3200.5,11549.58,162640.85,2023-04-15,PAID
ACC-WB-008,MTR-WB-99010,Acme Technologies Pvt Ltd,Kolkata Office Salt Lake,Kolkata,West Bengal,CESC,High Tension,HT-2,2023-04-01,2023-04-30,30,412708,428411,15703,60.7,0.93,11,180,6403,9300,18000,131045.39,25494.0,1920.9,3925.75,14088.55,194474.59,2023-05-15,PAID
ACC-WB-008,MTR-WB-99010,Acme Technologies Pvt Ltd,Kolkata Office Salt Lake,Kolkata,West Bengal,CESC,High Tension,HT-2,2023-05-01,2023-05-31,31,428411,441186,12775,50.9,0.98,11,180,5365,7410,18000,106536.15,21378.0,1609.5,3193.75,11512.27,162229.67,2023-06-15,PAID
ACC-WB-008,MTR-WB-99010,Acme Technologies Pvt Ltd,Kolkata Office Salt Lake,Kolkata,West Bengal,CESC,High Tension,HT-2,2023-06-01,2023-06-30,30,441186,455195,14009,52.0,0.97,11,180,5881,8128,18000,117243.1,21840.0,1764.3,3502.25,12517.48,174867.13,2023-07-15,PAID
ACC-WB-008,MTR-WB-99010,Acme Technologies Pvt Ltd,Kolkata Office Salt Lake,Kolkata,West Bengal,CESC,High Tension,HT-2,2023-07-01,2023-07-31,31,455195,465507,10312,40.3,0.92,11,180,4102,6210,18000,84565.26,16926.0,1230.6,2578.0,9134.21,132434.07,2023-08-15,PAID
ACC-WB-008,MTR-WB-99010,Acme Technologies Pvt Ltd,Kolkata Office Salt Lake,Kolkata,West Bengal,CESC,High Tension,HT-2,2023-08-01,2023-08-31,31,465507,476938,11431,50.1,0.89,11,180,4944,6487,18000,91023.13,21042.0,1483.2,2857.75,10085.86,144491.94,2023-09-15,PAID
ACC-WB-008,MTR-WB-99010,Acme Technologies Pvt Ltd,Kolkata Office Salt Lake,Kolkata,West Bengal,CESC,High Tension,HT-2,2023-09-01,2023-09-30,30,476938,487311,10373,39.6,0.93,11,180,4407,5966,18000,82902.08,16632.0,1322.1,2593.25,8958.07,130407.5,2023-10-15,PAID
ACC-WB-008,MTR-WB-99010,Acme Technologies Pvt Ltd,Kolkata Office Salt Lake,Kolkata,West Bengal,CESC,High Tension,HT-2,2023-10-01,2023-10-31,31,487311,498625,11314,47.8,,11,180,4758,6556,18000,93121.33,20076.0,1427.4,2828.5,10187.76,145640.99,2023-11-15,PAID
ACC-WB-008,MTR-WB-99010,Acme Technologies Pvt Ltd,Kolkata Office Salt Lake,Kolkata,West Bengal,CESC,High Tension,HT-2,2023-11-01,2023-11-30,30,498625,508258,9633,37.2,0.93,11,180,4090,5543,18000,78261.23,15624.0,1227.0,2408.25,8449.67,123970.15,2023-12-15,PAID
ACC-WB-008,MTR-WB-99010,Acme Technologies Pvt Ltd,Kolkata Office Salt Lake,Kolkata,West Bengal,CESC,High Tension,HT-2,2023-12-01,2023-12-31,31,508258,519380,11122,42.9,0.93,11,180,4445,6677,18000,91197.8,18018.0,1333.5,2780.5,9829.42,141159.22,2024-01-15,PAID
ACC-WB-008,MTR-WB-99010,Acme Technologies Pvt Ltd,Kolkata Office Salt Lake,Kolkata,West Bengal,CESC,High Tension,HT-2,2024-01-01,2024-01-31,31,519380,529357,9977,38.4,0.95,11,180,4269,5708,18000,82031.96,16128.0,1280.7,2494.25,8834.4,128769.31,2024-02-15,PAID
ACC-WB-008,MTR-WB-99010,Acme Technologies Pvt Ltd,Kolkata Office Salt Lake,Kolkata,West Bengal,CESC,High Tension,HT-2,2024-02-01,2024-02-29,29,529357,539485,10128,37.9,0.92,11,180,4144,5984,18000,83431.44,15918.0,1243.2,2532.0,8941.45,130066.09,2024-03-15,PAID
ACC-WB-008,MTR-WB-99010,Acme Technologies Pvt Ltd,Kolkata Office Salt Lake,Kolkata,West Bengal,CESC,High Tension,HT-2,2024-03-01,2024-03-31,31,539485,554610,15125,59.3,0.98,11,180,6776,8349,18000,123373.47,24906.0,2032.8,3781.25,13345.15,185438.67,2024-04-15,PAID
ACC-WB-008,MTR-WB-99010,Acme Technologies Pvt Ltd,Kolkata Office Salt Lake,Kolkata,West Bengal,CESC,High Tension,HT-2,2024-04-01,2024-04-30,30,554610,567765,13155,56.1,0.94,11,180,5240,7915,18000,105860.79,23562.0,1572.0,3288.75,11648.05,163931.59,2024-05-15,PAID
ACC-WB-008,MTR-WB-99010,Acme Technologies Pvt Ltd,Kolkata Office Salt Lake,Kolkata,West Bengal,CESC,High Tension,HT-2,2024-05-01,2024-05-31,31,567765,580694,12929,54.7,0.94,11,180,5538,7391,18000,106411.79,22974.0,1661.4,3232.25,11644.72,163924.16,2024-06-15,PAID
ACC-WB-008,MTR-WB-99010,Acme Technologies Pvt Ltd,Kolkata Office Salt Lake,Kolkata,West Bengal,CESC,High Tension,HT-2,2024-06-01,2024-06-30,30,580694,594745,14051,62.8,0.95,11,180,5505,8546,18000,112151.67,26376.0,1651.5,3512.75,12467.49,174159.41,2024-07-15,PAID
ACC-WB-008,MTR-WB-99010,Acme Technologies Pvt Ltd,Kolkata Office Salt Lake,Kolkata,West Bengal,CESC,High Tension,HT-2,2024-07-01,2024-07-31,31,594745,605519,10774,48.5,0.94,11,180,4846,5928,18000,87145.66,20370.0,1453.8,2693.5,9676.41,139339.37,2024-08-15,PAID
ACC-WB-008,MTR-WB-99010,Acme Technologies Pvt Ltd,Kolkata Office Salt Lake,Kolkata,West Bengal,CESC,High Tension,HT-2,2024-08-01,2024-08-31,31,605519,616642,11123,50.2,0.89,11,180,4986,6137,18000,89501.75,21084.0,1495.8,2780.75,9952.72,142815.02,2024-09-15,PAID
ACC-WB-008,MTR-WB-99010,Acme Technologies Pvt Ltd,Kolkata Office Salt Lake,Kolkata,West Bengal,CESC,High Tension,HT-2,2024-09-01,2024-09-30,30,616642,628092,11450,47.1,0.97,11,180,4554,6896,18000,96309.85,19782.0,1366.2,2862.5,10448.27,148768.82,2024-10-15,PAID
ACC-WB-008,MTR-WB-99010,Acme Technologies Pvt Ltd,Kolkata Office Salt Lake,Kolkata,West Bengal,CESC,High Tension,HT-2,2024-10-01,2024-10-31,31,628092,639390,11298,48.2,0.92,11,180,4741,6557,18000,91147.18,20244.0,1422.3,2824.5,10025.21,143663.19,2024-11-15,PAID
ACC-WB-008,MTR-WB-99010,Acme Technologies Pvt Ltd,Kolkata Office Salt Lake,Kolkata,West Bengal,CESC,High Tension,HT-2,2024-11-01,2024-11-30,30,639390,651235,11845,40.4,0.97,11,180,4906,6939,18000,95512.75,16968.0,1471.8,2961.25,10123.27,145037.07,2024-12-15,PAID
ACC-WB-008,MTR-WB-99010,Acme Technologies Pvt Ltd,Kolkata Office Salt Lake,Kolkata,West Bengal,CESC,High Tension,HT-2,2024-12-01,2024-12-31,31,651235,661412,10177,39.1,0.88,11,180,4493,5684,18000,83767.86,16422.0,1347.9,2544.25,9017.09,131099.1,2025-01-15,PENDING
ACC-KL-009,MTR-KL-22340,Acme Technologies Pvt Ltd,Kochi Port Office,Kochi,Kerala,KSEB,High Tension,HT-2,2023-01-01,2023-01-31,31,67981,77151,9170,32.3,0.93,11,150,4019,5151,18000,64244.13,10982.0,1205.7,2292.5,6770.35,103494.68,2023-02-15,PAID
ACC-KL-009,MTR-KL-22340,Acme Technologies Pvt Ltd,Kochi Port Office,Kochi,Kerala,KSEB,High Tension,HT-2,2023-02-01,2023-02-28,28,77151,86406,9255,33.9,0.98,11,150,4103,5152,18000,63392.08,11526.0,1230.9,2313.75,6742.63,103205.36,2023-03-15,PAID
ACC-KL-009,MTR-KL-22340,Acme Technologies Pvt Ltd,Kochi Port Office,Kochi,Kerala,KSEB,High Tension,HT-2,2023-03-01,2023-03-31,31,86406,99671,13265,46.6,0.95,11,150,5145,8120,18000,94483.04,15844.0,1543.5,3316.25,9929.43,143116.22,2023-04-15,PAID
ACC-KL-009,MTR-KL-22340,Acme Technologies Pvt Ltd,Kochi Port Office,Kochi,Kerala,KSEB,High Tension,HT-2,2023-04-01,2023-04-30,30,99671,111519,11848,44.2,0.97,11,150,5299,6549,18000,83599.28,15028.0,1589.7,2962.0,8876.46,130055.44,2023-05-15,PAID
ACC-KL-009,MTR-KL-22340,Acme Technologies Pvt Ltd,Kochi Port Office,Kochi,Kerala,KSEB,High Tension,HT-2,2023-05-01,2023-05-31,31,111519,124096,12577,49.1,0.92,11,150,5009,7568,18000,88198.63,16694.0,1502.7,3144.25,9440.34,136979.92,2023-06-15,PAID
ACC-KL-009,MTR-KL-22340,Acme Technologies Pvt Ltd,Kochi Port Office,Kochi,Kerala,KSEB,High Tension,HT-2,2023-06-01,2023-06-30,30,124096,137273,13177,45.4,0.88,11,150,5013,8164,18000,91490.6,15436.0,1503.9,3294.25,9623.39,139348.14,2023-07-15,PAID
ACC-KL-009,MTR-KL-22340,Acme Technologies Pvt Ltd,Kochi Port Office,Kochi,Kerala,KSEB,High Tension,HT-2,2023-07-01,2023-07-31,31,137273,146605,9332,40.8,0.94,11,150,4166,5166,18000,65242.53,13872.0,1249.8,2333.0,7120.31,107817.64,2023-08-15,PAID
ACC-KL-009,MTR-KL-22340,Acme Technologies Pvt Ltd,Kochi Port Office,Kochi,Kerala,KSEB,High Tension,HT-2,2023-08-01,2023-08-31,31,146605,156168,9563,34.2,0.96,11,150,4062,5501,18000,66106.16,11628.0,1218.6,2390.75,6996.07,106339.58,2023-09-15,PAID
ACC-KL-009,MTR-KL-22340,Acme Technologies Pvt Ltd,Kochi Port Office,Kochi,Kerala,KSEB,High Tension,HT-2,2023-09-01,2023-09-30,30,156168,166641,10473,39.9,,11,150,4583,5890,18000,71770.1,13566.0,1374.9,2618.25,7680.25,115009.5,2023-10-15,PAID
ACC-KL-009,MTR-KL-22340,Acme Technologies Pvt Ltd,Kochi Port Office,Kochi,Kerala,KSEB,High Tension,HT-2,2023-10-01,2023-10-31,31,166641,176750,10109,37.3,0.96,11,150,4357,5752,18000,69927.85,12682.0,1307.1,2527.25,7434.89,111879.09,2023-11-15,PAID
ACC-KL-009,MTR-KL-22340,Acme Technologies Pvt Ltd,Kochi Port Office,Kochi,Kerala,KSEB,High Tension,HT-2,2023-11-01,2023-11-30,30,176750,185007,8257,34.1,0.98,11,150,3691,4566,18000,56217.58,11594.0,1107.3,2064.25,6103.04,95086.17,2023-12-15,PAID
ACC-KL-009,MTR-KL-22340,Acme Technologies Pvt Ltd,Kochi Port Office,Kochi,Kerala,KSEB,High Tension,HT-2,2023-12-01,2023-12-31,31,185007,195000,9993,39.4,0.93,11,150,4262,5731,18000,71415.81,13396.0,1278.6,2498.25,7633.06,114221.72,2024-01-15,PAID
ACC-KL-009,MTR-KL-22340,Acme Technologies Pvt Ltd,Kochi Port Office,Kochi,Kerala,KSEB,High Tension,HT-2,2024-01-01,2024-01-31,31,195000,202922,7922,33.8,0.91,11,150,3105,4817,18000,55188.9,11492.0,931.5,1980.5,6001.28,93594.18,2024-02-15,PAID
ACC-KL-009,MTR-KL-22340,Acme Technologies Pvt Ltd,Kochi Port Office,Kochi,Kerala,KSEB,High Tension,HT-2,2024-02-01,2024-02-29,29,202922,212782,9860,32.5,0.95,11,150,4256,5604,18000,68318.63,11050.0,1276.8,2465.0,7143.18,108253.61,2024-03-15,PAID
ACC-KL-009,MTR-KL-22340,Acme Technologies Pvt Ltd,Kochi Port Office,Kochi,Kerala,KSEB,High Tension,HT-2,2024-03-01,2024-03-31,31,212782,225347,12565,51.7,0.93,11,150,5184,7381,18000,86963.86,17578.0,1555.2,3141.25,9408.77,136647.08,2024-04-15,PAID
ACC-KL-009,MTR-KL-22340,Acme Technologies Pvt Ltd,Kochi Port Office,Kochi,Kerala,KSEB,High Tension,HT-2,2024-04-01,2024-04-30,30,225347,238479,13132,50.9,0.97,11,150,5512,7620,18000,93339.66,17306.0,1653.6,3283.0,9958.11,143540.37,2024-05-15,PAID
ACC-KL-009,MTR-KL-22340,Acme Technologies Pvt Ltd,Kochi Port Office,Kochi,Kerala,KSEB,High Tension,HT-2,2024-05-01,2024-05-31,31,238479,251835,13356,42.6,0.92,11,150,5783,7573,18000,96109.59,14484.0,1734.9,3339.0,9953.42,143620.91,2024-06-15,PAID
ACC-KL-009,MTR-KL-22340,Acme Technologies Pvt Ltd,Kochi Port Office,Kochi,Kerala,KSEB,High Tension,HT-2,2024-06-01,2024-06-30,30,251835,262566,10731,41.1,0.9,11,150,4546,6185,18000,74579.26,13974.0,1363.8,2682.75,7969.79,118569.6,2024-07-15,PAID
ACC-KL-009,MTR-KL-22340,Acme Technologies Pvt Ltd,Kochi Port Office,Kochi,Kerala,KSEB,High Tension,HT-2,2024-07-01,2024-07-31,31,262566,272029,9463,,0.95,11,150,4072,5391,18000,68100.99,,1221.6,2365.75,7353.09,110641.43,2024-08-15,PAID
ACC-KL-009,MTR-KL-22340,Acme Technologies Pvt Ltd,Kochi Port Office,Kochi,Kerala,KSEB,High Tension,HT-2,2024-08-01,2024-08-31,31,272029,282044,10015,33.6,0.95,11,150,4213,5802,18000,69401.76,11424.0,1263.9,2503.75,7274.32,109867.73,2024-09-15,PAID
ACC-KL-009,MTR-KL-22340,Acme Technologies Pvt Ltd,Kochi Port Office,Kochi,Kerala,KSEB,High Tension,HT-2,2024-09-01,2024-09-30,30,282044,291800,9756,33.7,0.93,11,150,3883,5873,18000,69499.98,11458.0,1164.9,2439.0,7286.22,109848.1,2024-10-15,PAID
ACC-KL-009,MTR-KL-22340,Acme Technologies Pvt Ltd,Kochi Port Office,Kochi,Kerala,KSEB,High Tension,HT-2,2024-10-01,2024-10-31,31,291800,300907,9107,39.5,0.95,11,150,4011,5096,18000,61885.74,13430.0,1203.3,2276.75,6778.42,103574.21,2024-11-15,PAID
ACC-KL-009,MTR-KL-22340,Acme Technologies Pvt Ltd,Kochi Port Office,Kochi,Kerala,KSEB,High Tension,HT-2,2024-11-01,2024-11-30,30,300907,310358,9451,30.8,0.91,11,150,4070,5381,18000,67936.73,10472.0,1221.0,2362.75,7056.79,107049.27,2024-12-15,OVERDUE
ACC-KL-009,MTR-KL-22340,Acme Technologies Pvt Ltd,Kochi Port Office,Kochi,Kerala,KSEB,High Tension,HT-2,2024-12-01,2024-12-31,31,310358,318501,8143,34.3,0.91,11,150,3317,4826,18000,57771.17,11662.0,995.1,2035.75,6248.99,96713.01,2025-01-15,PENDING
ACC-MH-010,MTR-MH-44310,Acme Technologies Pvt Ltd,Nagpur Branch Office,Nagpur,Maharashtra,MSEDCL,High Tension,HT-1,2023-01-01,2023-01-31,31,57326,64718,7392,30.2,0.97,11,120,3018,4374,12000,52404.41,10570.0,905.4,1848.0,5667.7,83395.51,2023-02-15,PAID
ACC-MH-010,MTR-MH-44310,Acme Technologies Pvt Ltd,Nagpur Branch Office,Nagpur,Maharashtra,MSEDCL,High Tension,HT-1,2023-02-01,2023-02-28,28,64718,72370,7652,25.0,0.93,11,120,2947,4705,12000,54834.7,8750.0,884.1,1913.0,5722.62,84104.42,2023-03-15,PAID
ACC-MH-010,MTR-MH-44310,Acme Technologies Pvt Ltd,Nagpur Branch Office,Nagpur,Maharashtra,MSEDCL,High Tension,HT-1,2023-03-01,2023-03-31,31,72370,82846,10476,36.1,0.91,11,120,4386,6090,12000,75740.94,12635.0,1315.8,2619.0,7953.83,112264.57,2023-04-15,PAID
ACC-MH-010,MTR-MH-44310,Acme Technologies Pvt Ltd,Nagpur Branch Office,Nagpur,Maharashtra,MSEDCL,High Tension,HT-1,2023-04-01,2023-04-30,30,82846,91380,8534,41.1,0.95,11,120,3621,4913,12000,60068.32,14385.0,1086.3,2133.5,6700.8,96373.92,2023-05-15,PAID
ACC-MH-010,MTR-MH-44310,Acme Technologies Pvt Ltd,Nagpur Branch Office,Nagpur,Maharashtra,MSEDCL,High Tension,HT-1,2023-05-01,2023-05-31,31,91380,101073,9693,40.9,0.93,11,120,3814,5879,12000,70725.26,14315.0,1144.2,2423.25,7653.62,108261.33,2023-06-15,PAID
ACC-MH-010,MTR-MH-44310,Acme Technologies Pvt Ltd,Nagpur Branch Office,Nagpur,Maharashtra,MSEDCL,High Tension,HT-1,2023-06-01,2023-06-30,30,101073,109868,8795,33.0,0.91,11,120,3775,5020,12000,63875.05,11550.0,1132.5,2198.75,6788.25,97544.55,2023-07-15,PAID
ACC-MH-010,MTR-MH-44310,Acme Technologies Pvt Ltd,Nagpur Branch Office,Nagpur,Maharashtra,MSEDCL,High Tension,HT-1,2023-07-01,2023-07-31,31,109868,117288,7420,31.6,0.94,11,120,3211,4209,12000,53550.85,11060.0,963.3,1855.0,5814.98,85244.13,2023-08-15,PAID
ACC-MH-010,MTR-MH-44310,Acme Technologies Pvt Ltd,Nagpur Branch Office,Nagpur,Maharashtra,MSEDCL,High Tension,HT-1,2023-08-01,2023-08-31,31,117288,124643,7355,26.0,0.89,11,120,3154,4201,12000,53914.08,9100.0,946.2,1838.75,5671.27,83470.3,2023-09-15,PAID
ACC-MH-010,MTR-MH-44310,Acme Technologies Pvt Ltd,Nagpur Branch Office,Nagpur,Maharashtra,MSEDCL,High Tension,HT-1,2023-09-01,2023-09-30,30,124643,131719,7076,33.1,0.96,11,120,3011,4065,12000,49919.36,11585.0,903.3,1769.0,5535.39,81712.05,2023-10-15,PAID
ACC-MH-010,MTR-MH-44310,Acme Technologies Pvt Ltd,Nagpur Branch Office,Nagpur,Maharashtra,MSEDCL,High Tension,HT-1,2023-10-01,2023-10-31,31,131719,139335,7616,28.2,0.94,11,120,3300,4316,12000,55095.34,9870.0,990.0,1904.0,5846.88,85706.22,2023-11-15,PAID
ACC-MH-010,MTR-MH-44310,Acme Technologies Pvt Ltd,Nagpur Branch Office,Nagpur,Maharashtra,MSEDCL,High Tension,HT-1,2023-11-01,2023-11-30,30,139335,146591,7256,30.0,0.9,11,120,2761,4495,12000,51504.42,10500.0,828.3,1814.0,5580.4,82227.12,2023-12-15,PAID
ACC-MH-010,MTR-MH-44310,Acme Technologies Pvt Ltd,Nagpur Branch Office,Nagpur,Maharashtra,MSEDCL,High Tension,HT-1,2023-12-01,2023-12-31,31,146591,153174,6583,27.2,0.96,11,120,2925,3658,12000,47020.06,9520.0,877.5,1645.75,5088.61,76151.92,2024-01-15,PAID
ACC-MH-010,MTR-MH-44310,Acme Technologies Pvt Ltd,Nagpur Branch Office,Nagpur,Maharashtra,MSEDCL,High Tension,HT-1,2024-01-01,2024-01-31,31,153174,159683,6509,,0.9,11,120,2482,4027,12000,46671.66,,744.6,1627.25,5032.05,75315.56,2024-02-15,PAID
ACC-MH-010,MTR-MH-44310,Acme Technologies Pvt Ltd,Nagpur Branch Office,Nagpur,Maharashtra,MSEDCL,High Tension,HT-1,2024-02-01,2024-02-29,29,159683,166657,6974,26.2,0.9,11,120,2864,4110,12000,49255.87,9170.0,859.2,1743.5,5258.33,78286.9,2024-03-15,PAID
ACC-MH-010,MTR-MH-44310,Acme Technologies Pvt Ltd,Nagpur Branch Office,Nagpur,Maharashtra,MSEDCL,High Tension,HT-1,2024-03-01,2024-03-31,31,166657,176483,9826,41.0,0.89,11,120,3881,5945,12000,71681.99,14350.0,1164.3,2456.5,7742.88,109395.67,2024-04-15,PAID
ACC-MH-010,MTR-MH-44310,Acme Technologies Pvt Ltd,Nagpur Branch Office,Nagpur,Maharashtra,MSEDCL,High Tension,HT-1,2024-04-01,2024-04-30,30,176483,185404,8921,37.5,0.93,11,120,3612,5309,12000,64346.81,13125.0,1083.6,2230.25,6972.46,99758.12,2024-05-15,PAID
ACC-MH-010,MTR-MH-44310,Acme Technologies Pvt Ltd,Nagpur Branch Office,Nagpur,Maharashtra,MSEDCL,High Tension,HT-1,2024-05-01,2024-05-31,31,185404,195214,9810,37.6,0.91,11,120,4343,5467,12000,72289.36,13160.0,1302.9,2452.5,7690.44,108895.2,2024-06-15,PAID
ACC-MH-010,MTR-MH-44310,Acme Technologies Pvt Ltd,Nagpur Branch Office,Nagpur,Maharashtra,MSEDCL,High Tension,HT-1,2024-06-01,2024-06-30,30,195214,204459,9245,39.1,0.97,11,120,3870,5375,12000,65753.6,13685.0,1161.0,2311.25,7149.47,102060.32,2024-07-15,PAID
ACC-MH-010,MTR-MH-44310,Acme Technologies Pvt Ltd,Nagpur Branch Office,Nagpur,Maharashtra,MSEDCL,High Tension,HT-1,2024-07-01,2024-07-31,31,204459,211864,7405,31.1,0.92,11,120,3227,4178,12000,53215.89,10885.0,968.1,1851.25,5769.08,84689.32,2024-08-15,PAID
ACC-MH-010,MTR-MH-44310,Acme Technologies Pvt Ltd,Nagpur Branch Office,Nagpur,Maharashtra,MSEDCL,High Tension,HT-1,2024-08-01,2024-08-31,31,211864,219792,7928,31.2,0.92,11,120,3090,4838,12000,56326.9,10920.0,927.0,1982.0,6052.22,88208.12,2024-09-15,PAID
ACC-MH-010,MTR-MH-44310,Acme Technologies Pvt Ltd,Nagpur Branch Office,Nagpur,Maharashtra,MSEDCL,High Tension,HT-1,2024-09-01,2024-09-30,30,219792,228198,8406,27.9,0.91,11,120,3484,4922,12000,60985.35,9765.0,1045.2,2101.5,6367.53,92264.58,2024-10-15,PAID
ACC-MH-010,MTR-MH-44310,Acme Technologies Pvt Ltd,Nagpur Branch Office,Nagpur,Maharashtra,MSEDCL,High Tension,HT-1,2024-10-01,2024-10-31,31,228198,237113,8915,35.0,0.89,11,120,3707,5208,12000,63085.52,12250.0,1112.1,2228.75,6780.2,97456.57,2024-11-15,PAID
ACC-MH-010,MTR-MH-44310,Acme Technologies Pvt Ltd,Nagpur Branch Office,Nagpur,Maharashtra,MSEDCL,High Tension,HT-1,2024-11-01,2024-11-30,30,237113,244278,7165,31.1,0.94,11,120,2971,4194,12000,52060.28,10885.0,891.3,1791.25,5665.08,83292.91,2024-12-15,PAID
ACC-MH-010,MTR-MH-44310,Acme Technologies Pvt Ltd,Nagpur Branch Office,Nagpur,Maharashtra,MSEDCL,High Tension,HT-1,2024-12-01,2024-12-31,31,244278,251328,7050,25.5,0.98,11,120,2937,4113,12000,52043.95,8925.0,881.1,1762.5,5487.21,81099.76,2025-01-15,PENDING
ACC-RJ-011,MTR-RJ-55180,Acme Technologies Pvt Ltd,Jaipur Distribution Center,Jaipur,Rajasthan,JVVNL,High Tension,HT-2,2023-01-01,2023-01-31,31,114707,125251,10544,,0.93,11,200,4693,5851,18000,71312.63,,1407.9,2636.0,7932.84,118119.37,2023-02-15,PAID
ACC-RJ-011,MTR-RJ-55180,Acme Technologies Pvt Ltd,Jaipur Distribution Center,Jaipur,Rajasthan,JVVNL,High Tension,HT-2,2023-02-01,2023-02-28,28,125251,136896,11645,46.9,0.97,11,200,4719,6926,18000,78808.05,15477.0,1415.7,2911.25,8485.65,125097.65,2023-03-15,PAID
ACC-RJ-011,MTR-RJ-55180,Acme Technologies Pvt Ltd,Jaipur Distribution Center,Jaipur,Rajasthan,JVVNL,High Tension,HT-2,2023-03-01,2023-03-31,31,136896,153159,16263,53.4,0.93,11,200,7030,9233,18000,112110.53,17622.0,2109.0,4065.75,11675.93,165583.21,2023-04-15,PAID
ACC-RJ-011,MTR-RJ-55180,Acme Technologies Pvt Ltd,Jaipur Distribution Center,Jaipur,Rajasthan,JVVNL,High Tension,HT-2,2023-04-01,2023-04-30,30,153159,168020,14861,58.3,0.92,11,200,6221,8640,18000,99839.92,19239.0,1866.3,3715.25,10717.1,153377.57,2023-05-15,PAID
ACC-RJ-011,MTR-RJ-55180,Acme Technologies Pvt Ltd,Jaipur Distribution Center,Jaipur,Rajasthan,JVVNL,High Tension,HT-2,2023-05-01,2023-05-31,31,168020,184635,16615,66.5,0.95,11,200,7117,9498,18000,111805.09,21945.0,2135.1,4153.75,12037.51,170076.45,2023-06-15,PAID
ACC-RJ-011,MTR-RJ-55180,Acme Technologies Pvt Ltd,Jaipur Distribution Center,Jaipur,Rajasthan,JVVNL,High Tension,HT-2,2023-06-01,2023-06-30,30,184635,200045,15410,60.8,0.91,11,200,6800,8610,18000,104446.52,20064.0,2040.0,3852.5,11205.95,159608.97,2023-07-15,PAID
ACC-RJ-011,MTR-RJ-55180,Acme Technologies Pvt Ltd,Jaipur Distribution Center,Jaipur,Rajasthan,JVVNL,High Tension,HT-2,2023-07-01,2023-07-31,31,200045,213720,13675,50.1,0.95,11,200,6002,7673,18000,91520.94,16533.0,1800.6,3418.75,9724.85,140998.14,2023-08-15,PAID
ACC-RJ-011,MTR-RJ-55180,Acme Technologies Pvt Ltd,Jaipur Distribution Center,Jaipur,Rajasthan,JVVNL,High Tension,HT-2,2023-08-01,2023-08-31,31,213720,225307,11587,,0.94,11,200,4632,6955,18000,77747.47,,1389.6,2896.75,8589.19,126311.01,2023-09-15,PAID
ACC-RJ-011,MTR-RJ-55180,Acme Technologies Pvt Ltd,Jaipur Distribution Center,Jaipur,Rajasthan,JVVNL,High Tension,HT-2,2023-09-01,2023-09-30,30,225307,236985,11678,44.5,0.94,11,200,4807,6871,18000,81787.81,14685.0,1442.1,2919.5,8682.55,127516.96,2023-10-15,PAID
ACC-RJ-011,MTR-RJ-55180,Acme Technologies Pvt Ltd,Jaipur Distribution Center,Jaipur,Rajasthan,JVVNL,High Tension,HT-2,2023-10-01,2023-10-31,31,236985,251396,14411,47.2,0.89,11,200,5860,8551,18000,99349.75,15576.0,1758.0,3602.75,10343.32,148629.82,2023-11-15,PAID
ACC-RJ-011,MTR-RJ-55180,Acme Technologies Pvt Ltd,Jaipur Distribution Center,Jaipur,Rajasthan,JVVNL,High Tension,HT-2,2023-11-01,2023-11-30,30,251396,263813,12417,50.6,0.9,11,200,5055,7362,18000,83772.71,16698.0,1516.5,3104.25,9042.36,132133.82,2023-12-15,PAID
ACC-RJ-011,MTR-RJ-55180,Acme Technologies Pvt Ltd,Jaipur Distribution Center,Jaipur,Rajasthan,JVVNL,High Tension,HT-2,2023-12-01,2023-12-31,31,263813,275335,11522,51.1,0.94,11,200,4777,6745,18000,78051.7,16863.0,1433.1,2880.5,8542.32,125770.62,2024-01-15,PAID
ACC-RJ-011,MTR-RJ-55180,Acme Technologies Pvt Ltd,Jaipur Distribution Center,Jaipur,Rajasthan,JVVNL,High Tension,HT-2,2024-01-01,2024-01-31,31,275335,287496,12161,44.9,0.96,11,200,4807,7354,18000,81969.51,14817.0,1442.1,3040.25,8710.79,127979.65,2024-02-15,PAID
ACC-RJ-011,MTR-RJ-55180,Acme Technologies Pvt Ltd,Jaipur Distribution Center,Jaipur,Rajasthan,JVVNL,High Tension,HT-2,2024-02-01,2024-02-29,29,287496,298450,10954,46.7,0.96,11,200,4756,6198,18000,74003.37,15411.0,1426.8,2738.5,8047.29,119626.96,2024-03-15,PAID
ACC-RJ-011,MTR-RJ-55180,Acme Technologies Pvt Ltd,Jaipur Distribution Center,Jaipur,Rajasthan,JVVNL,High Tension,HT-2,2024-03-01,2024-03-31,31,298450,312240,13790,57.2,0.91,11,200,5481,8309,18000,95110.52,18876.0,1644.3,3447.5,10258.79,147337.11,2024-04-15,PAID
ACC-RJ-011,MTR-RJ-55180,Acme Technologies Pvt Ltd,Jaipur Distribution Center,Jaipur,Rajasthan,JVVNL,High Tension,HT-2,2024-04-01,2024-04-30,30,312240,327155,14915,55.0,0.95,11,200,6465,8450,18000,100987.28,18150.0,1939.5,3728.75,10722.36,153527.89,2024-05-15,PAID
ACC-RJ-011,MTR-RJ-55180,Acme Technologies Pvt Ltd,Jaipur Distribution Center,Jaipur,Rajasthan,JVVNL,High Tension,HT-2,2024-05-01,2024-05-31,31,327155,340925,13770,56.1,0.92,11,200,5398,8372,18000,94641.71,18513.0,1619.4,3442.5,10183.92,146400.53,2024-06-15,PAID
ACC-RJ-011,MTR-RJ-55180,Acme Technologies Pvt Ltd,Jaipur Distribution Center,Jaipur,Rajasthan,JVVNL,High Tension,HT-2,2024-06-01,2024-06-30,30,340925,355705,14780,66.4,0.93,11,200,5994,8786,18000,101464.21,21912.0,1798.2,3695.0,11103.86,157973.27,2024-07-15,PAID
ACC-RJ-011,MTR-RJ-55180,Acme Technologies Pvt Ltd,Jaipur Distribution Center,Jaipur,Rajasthan,JVVNL,High Tension,HT-2,2024-07-01,2024-07-31,31,355705,367522,11817,47.1,0.92,11,200,5099,6718,18000,78295.2,15543.0,1529.7,2954.25,8445.44,124767.59,2024-08-15,PAID
ACC-RJ-011,MTR-RJ-55180,Acme Technologies Pvt Ltd,Jaipur Distribution Center,Jaipur,Rajasthan,JVVNL,High Tension,HT-2,2024-08-01,2024-08-31,31,367522,380977,13455,52.1,0.95,11,200,5720,7735,18000,89658.34,17193.0,1716.0,3363.75,9616.62,139547.71,2024-09-15,PAID
ACC-RJ-011,MTR-RJ-55180,Acme Technologies Pvt Ltd,Jaipur Distribution Center,Jaipur,Rajasthan,JVVNL,High Tension,HT-2,2024-09-01,2024-09-30,30,380977,392851,11874,43.1,0.92,11,200,4727,7147,18000,79343.2,14223.0,1418.1,2968.5,8420.96,124373.76,2024-10-15,PAID
ACC-RJ-011,MTR-RJ-55180,Acme Technologies Pvt Ltd,Jaipur Distribution Center,Jaipur,Rajasthan,JVVNL,High Tension,HT-2,2024-10-01,2024-10-31,31,392851,406954,14103,46.0,0.97,11,200,5502,8601,18000,98538.16,15180.0,1650.6,3525.75,10234.63,147129.14,2024-11-15,PAID
ACC-RJ-011,MTR-RJ-55180,Acme Technologies Pvt Ltd,Jaipur Distribution Center,Jaipur,Rajasthan,JVVNL,High Tension,HT-2,2024-11-01,2024-11-30,30,406954,418044,11090,47.1,0.9,11,200,4689,6401,18000,74101.53,15543.0,1406.7,2772.5,8068.01,119891.74,2024-12-15,PAID
ACC-RJ-011,MTR-RJ-55180,Acme Technologies Pvt Ltd,Jaipur Distribution Center,Jaipur,Rajasthan,JVVNL,High Tension,HT-2,2024-12-01,2024-12-31,31,418044,429917,11873,43.0,0.95,11,200,5323,6550,18000,80497.87,14190.0,1596.9,2968.25,8521.91,125774.93,2025-01-15,PENDING
ACC-MP-012,MTR-MP-33290,Acme Technologies Pvt Ltd,Bhopal Factory,Bhopal,Madhya Pradesh,MPEZ,High Tension,HT-3,2023-01-01,2023-01-31,31,412334,453801,41467,138.4,0.93,11,450,16508,24959,28000,268696.64,41520.0,4952.4,10366.75,27919.5,381455.29,2023-02-15,PAID
ACC-MP-012,MTR-MP-33290,Acme Technologies Pvt Ltd,Bhopal Factory,Bhopal,Madhya Pradesh,MPEZ,High Tension,HT-3,2023-02-01,2023-02-28,28,453801,487100,33299,135.7,0.98,11,450,14624,18675,28000,217270.11,40710.0,4387.2,8324.75,23218.21,321910.27,2023-03-15,PAID
ACC-MP-012,MTR-MP-33290,Acme Technologies Pvt Ltd,Bhopal Factory,Bhopal,Madhya Pradesh,MPEZ,High Tension,HT-3,2023-03-01,2023-03-31,31,487100,543381,56281,206.3,0.97,11,450,22640,33641,28000,372295.15,61890.0,6792.0,14070.25,39076.66,522124.06,2023-04-15,PAID
ACC-MP-012,MTR-MP-33290,Acme Technologies Pvt Ltd,Bhopal Factory,Bhopal,Madhya Pradesh,MPEZ,High Tension,HT-3,2023-04-01,2023-04-30,30,543381,597030,53649,180.3,0.89,11,450,23339,30310,28000,357242.57,54090.0,7001.7,13412.25,37019.93,496766.45,2023-05-15,PAID
ACC-MP-012,MTR-MP-33290,Acme Technologies Pvt Ltd,Bhopal Factory,Bhopal,Madhya Pradesh,MPEZ,High Tension,HT-3,2023-05-01,2023-05-31,31,597030,645426,48396,189.5,0.92,11,450,19030,29366,28000,323680.6,56850.0,5709.0,12099.0,34247.75,460586.35,2023-06-15,PAID
ACC-MP-012,MTR-MP-33290,Acme Technologies Pvt Ltd,Bhopal Factory,Bhopal,Madhya Pradesh,MPEZ,High Tension,HT-3,2023-06-01,2023-06-30,30,645426,692152,46726,184.6,0.88,11,450,18202,28524,28000,308497.81,55380.0,5460.6,11681.5,32749.0,441768.91,2023-07-15,PAID
ACC-MP-012,MTR-MP-33290,Acme Technologies Pvt Ltd,Bhopal Factory,Bhopal,Madhya Pradesh,MPEZ,High Tension,HT-3,2023-07-01,2023-07-31,31,692152,729125,36973,160.7,0.89,11,450,14476,22497,28000,250113.13,48210.0,4342.8,9243.25,26849.08,366758.26,2023-08-15,PAID
ACC-MP-012,MTR-MP-33290,Acme Technologies Pvt Ltd,Bhopal Factory,Bhopal,Madhya Pradesh,MPEZ,High Tension,HT-3,2023-08-01,2023-08-31,31,729125,768935,39810,157.9,0.9,11,450,15572,24238,28000,259978.24,47370.0,4671.6,9952.5,27661.34,377633.68,2023-09-15,PAID
ACC-MP-012,MTR-MP-33290,Acme Technologies Pvt Ltd,Bhopal Factory,Bhopal,Madhya Pradesh,MPEZ,High Tension,HT-3,2023-09-01,2023-09-30,30,768935,812138,43203,152.2,0.96,11,450,17404,25799,28000,289545.68,45660.0,5221.2,10800.75,30168.51,409396.14,2023-10-15,PAID
ACC-MP-012,MTR-MP-33290,Acme Technologies Pvt Ltd,Bhopal Factory,Bhopal,Madhya Pradesh,MPEZ,High Tension,HT-3,2023-10-01,2023-10-31,31,812138,856116,43978,154.7,0.95,11,450,17602,26376,28000,286580.04,46410.0,5280.6,10994.5,29969.1,407234.24,2023-11-15,PAID
ACC-MP-012,MTR-MP-33290,Acme Technologies Pvt Ltd,Bhopal Factory,Bhopal,Madhya Pradesh,MPEZ,High Tension,HT-3,2023-11-01,2023-11-30,30,856116,892649,36533,161.4,0.9,11,450,14743,21790,28000,244190.93,48420.0,4422.9,9133.25,26334.98,360502.06,2023-12-15,PAID
ACC-MP-012,MTR-MP-33290,Acme Technologies Pvt Ltd,Bhopal Factory,Bhopal,Madhya Pradesh,MPEZ,High Tension,HT-3,2023-12-01,2023-12-31,31,892649,926147,33498,156.0,0.9,11,450,14319,19179,28000,219756.08,46800.0,4295.7,8374.5,23990.05,331216.33,2024-01-15,PAID
ACC-MP-012,MTR-MP-33290,Acme Technologies Pvt Ltd,Bhopal Factory,Bhopal,Madhya Pradesh,MPEZ,High Tension,HT-3,2024-01-01,2024-01-31,31,926147,965634,39487,150.8,0.97,11,450,15473,24014,28000,262281.86,45240.0,4641.9,9871.75,27676.97,377712.48,2024-02-15,PAID
ACC-MP-012,MTR-MP-33290,Acme Technologies Pvt Ltd,Bhopal Factory,Bhopal,Madhya Pradesh,MPEZ,High Tension,HT-3,2024-02-01,2024-02-29,29,965634,1000757,35123,153.9,0.93,11,450,14598,20525,28000,236286.2,46170.0,4379.4,8780.75,25421.06,349037.41,2024-03-15,PAID
ACC-MP-012,MTR-MP-33290,Acme Technologies Pvt Ltd,Bhopal Factory,Bhopal,Madhya Pradesh,MPEZ,High Tension,HT-3,2024-03-01,2024-03-31,31,1000757,1048880,48123,193.5,0.97,11,450,19787,28336,28000,319234.14,58050.0,5936.1,12030.75,33955.57,457206.56,2024-04-15,PAID
ACC-MP-012,MTR-MP-33290,Acme Technologies Pvt Ltd,Bhopal Factory,Bhopal,Madhya Pradesh,MPEZ,High Tension,HT-3,2024-04-01,2024-04-30,30,1048880,1100624,51744,219.1,0.95,11,450,23142,28602,28000,351321.29,65730.0,6942.6,12936.0,37534.62,502464.51,2024-05-15,PAID
ACC-MP-012,MTR-MP-33290,Acme Technologies Pvt Ltd,Bhopal Factory,Bhopal,Madhya Pradesh,MPEZ,High Tension,HT-3,2024-05-01,2024-05-31,31,1100624,1156111,55487,187.6,0.98,11,450,23168,32319,28000,369941.71,56280.0,6950.4,13871.75,38359.95,513403.81,2024-06-15,PAID
ACC-MP-012,MTR-MP-33290,Acme Technologies Pvt Ltd,Bhopal Factory,Bhopal,Madhya Pradesh,MPEZ,High Tension,HT-3,2024-06-01,2024-06-30,30,1156111,1202614,46503,185.9,0.96,11,450,18564,27939,28000,305314.05,55770.0,5569.2,11625.75,32497.56,438776.56,2024-07-15,PAID
ACC-MP-012,MTR-MP-33290,Acme Technologies Pvt Ltd,Bhopal Factory,Bhopal,Madhya Pradesh,MPEZ,High Tension,HT-3,2024-07-01,2024-07-31,31,1202614,1242609,39995,136.7,0.89,11,450,16985,23010,28000,270311.11,41010.0,5095.5,9998.75,28018.9,382434.26,2024-08-15,PAID
ACC-MP-012,MTR-MP-33290,Acme Technologies Pvt Ltd,Bhopal Factory,Bhopal,Madhya Pradesh,MPEZ,High Tension,HT-3,2024-08-01,2024-08-31,31,1242609,1285129,42520,168.6,0.95,11,450,16541,25979,28000,274757.28,50580.0,4962.3,10630.0,29280.36,398209.94,2024-09-15,PAID
ACC-MP-012,MTR-MP-33290,Acme Technologies Pvt Ltd,Bhopal Factory,Bhopal,Madhya Pradesh,MPEZ,High Tension,HT-3,2024-09-01,2024-09-30,30,1285129,1322782,37653,164.0,,11,450,16511,21142,28000,253105.66,49200.0,4953.3,9413.25,27207.51,371879.72,2024-10-15,PAID
ACC-MP-012,MTR-MP-33290,Acme Technologies Pvt Ltd,Bhopal Factory,Bhopal,Madhya Pradesh,MPEZ,High Tension,HT-3,2024-10-01,2024-10-31,31,1322782,1367865,45083,172.1,0.93,11,450,18212,26871,28000,304107.92,51630.0,5463.6,11270.75,32016.41,432488.68,2024-11-15,PAID
ACC-MP-012,MTR-MP-33290,Acme Technologies Pvt Ltd,Bhopal Factory,Bhopal,Madhya Pradesh,MPEZ,High Tension,HT-3,2024-11-01,2024-11-30,30,1367865,1402137,34272,162.6,0.91,11,450,15267,19005,28000,223825.89,48780.0,4580.1,8568.0,24534.53,338288.52,2024-12-15,PAID
ACC-MP-012,MTR-MP-33290,Acme Technologies Pvt Ltd,Bhopal Factory,Bhopal,Madhya Pradesh,MPEZ,High Tension,HT-3,2024-12-01,2024-12-31,31,1402137,1443866,41729,,0.98,11,450,17770,23959,28000,270420.88,,5331.0,10432.25,28104.38,384138.51,2025-01-15,PENDING
